# Blender 5.2.1 LTS
# www.blender.org
mtllib kit_controller.mtl
o kit_controller
v -0.060000 -0.040000 0.004000
v -0.060000 0.040000 0.004000
v -0.060000 -0.040000 -0.004000
v -0.060000 0.040000 -0.004000
v 0.060000 -0.040000 0.004000
v 0.060000 0.040000 0.004000
v 0.060000 -0.040000 -0.004000
v 0.060000 0.040000 -0.004000
v -0.010000 -0.011000 -0.005000
v -0.010000 -0.010000 -0.004000
v -0.011000 -0.010000 -0.005000
v -0.010000 -0.010866 -0.004501
v -0.010499 -0.010866 -0.005000
v -0.010478 -0.010737 -0.004522
v -0.010499 -0.010000 -0.004134
v -0.010000 -0.010499 -0.004134
v -0.010478 -0.010478 -0.004263
v -0.010866 -0.010499 -0.005000
v -0.010866 -0.010000 -0.004501
v -0.010737 -0.010478 -0.004522
v -0.010000 0.010000 -0.004000
v -0.010000 0.011000 -0.005000
v -0.011000 0.010000 -0.005000
v -0.010000 0.010499 -0.004134
v -0.010499 0.010000 -0.004134
v -0.010478 0.010478 -0.004263
v -0.010499 0.010866 -0.005000
v -0.010000 0.010866 -0.004501
v -0.010478 0.010737 -0.004522
v -0.010866 0.010000 -0.004501
v -0.010866 0.010499 -0.005000
v -0.010737 0.010478 -0.004522
v -0.010000 -0.011000 -0.013000
v -0.011000 -0.010000 -0.013000
v -0.010000 -0.010000 -0.014000
v -0.010499 -0.010866 -0.013000
v -0.010000 -0.010866 -0.013499
v -0.010478 -0.010737 -0.013478
v -0.010866 -0.010000 -0.013499
v -0.010866 -0.010499 -0.013000
v -0.010737 -0.010478 -0.013478
v -0.010000 -0.010499 -0.013866
v -0.010499 -0.010000 -0.013866
v -0.010478 -0.010478 -0.013737
v -0.010000 0.011000 -0.013000
v -0.010000 0.010000 -0.014000
v -0.011000 0.010000 -0.013000
v -0.010000 0.010866 -0.013499
v -0.010499 0.010866 -0.013000
v -0.010478 0.010737 -0.013478
v -0.010499 0.010000 -0.013866
v -0.010000 0.010499 -0.013866
v -0.010478 0.010478 -0.013737
v -0.010866 0.010499 -0.013000
v -0.010866 0.010000 -0.013499
v -0.010737 0.010478 -0.013478
v 0.010000 -0.011000 -0.005000
v 0.011000 -0.010000 -0.005000
v 0.010000 -0.010000 -0.004000
v 0.010499 -0.010866 -0.005000
v 0.010000 -0.010866 -0.004501
v 0.010478 -0.010737 -0.004522
v 0.010866 -0.010000 -0.004501
v 0.010866 -0.010499 -0.005000
v 0.010737 -0.010478 -0.004522
v 0.010000 -0.010499 -0.004134
v 0.010499 -0.010000 -0.004134
v 0.010478 -0.010478 -0.004263
v 0.010000 0.011000 -0.005000
v 0.010000 0.010000 -0.004000
v 0.011000 0.010000 -0.005000
v 0.010000 0.010866 -0.004501
v 0.010499 0.010866 -0.005000
v 0.010478 0.010737 -0.004522
v 0.010499 0.010000 -0.004134
v 0.010000 0.010499 -0.004134
v 0.010478 0.010478 -0.004263
v 0.010866 0.010499 -0.005000
v 0.010866 0.010000 -0.004501
v 0.010737 0.010478 -0.004522
v 0.010000 -0.011000 -0.013000
v 0.010000 -0.010000 -0.014000
v 0.011000 -0.010000 -0.013000
v 0.010000 -0.010866 -0.013499
v 0.010499 -0.010866 -0.013000
v 0.010478 -0.010737 -0.013478
v 0.010499 -0.010000 -0.013866
v 0.010000 -0.010499 -0.013866
v 0.010478 -0.010478 -0.013737
v 0.010866 -0.010499 -0.013000
v 0.010866 -0.010000 -0.013499
v 0.010737 -0.010478 -0.013478
v 0.010000 0.011000 -0.013000
v 0.011000 0.010000 -0.013000
v 0.010000 0.010000 -0.014000
v 0.010499 0.010866 -0.013000
v 0.010000 0.010866 -0.013499
v 0.010478 0.010737 -0.013478
v 0.010866 0.010000 -0.013499
v 0.010866 0.010499 -0.013000
v 0.010737 0.010478 -0.013478
v 0.010000 0.010499 -0.013866
v 0.010499 0.010000 -0.013866
v 0.010478 0.010478 -0.013737
v -0.044500 -0.028000 -0.008500
v -0.044500 -0.027500 -0.008000
v -0.045000 -0.027500 -0.008500
v -0.044500 -0.027933 -0.008250
v -0.044750 -0.027933 -0.008500
v -0.044739 -0.027868 -0.008261
v -0.044750 -0.027500 -0.008067
v -0.044500 -0.027750 -0.008067
v -0.044739 -0.027739 -0.008132
v -0.044933 -0.027750 -0.008500
v -0.044933 -0.027500 -0.008250
v -0.044868 -0.027739 -0.008261
v -0.044500 -0.020500 -0.008000
v -0.044500 -0.020000 -0.008500
v -0.045000 -0.020500 -0.008500
v -0.044500 -0.020250 -0.008067
v -0.044750 -0.020500 -0.008067
v -0.044739 -0.020261 -0.008132
v -0.044750 -0.020067 -0.008500
v -0.044500 -0.020067 -0.008250
v -0.044739 -0.020132 -0.008261
v -0.044933 -0.020500 -0.008250
v -0.044933 -0.020250 -0.008500
v -0.044868 -0.020261 -0.008261
v -0.044500 -0.028000 -0.015500
v -0.045000 -0.027500 -0.015500
v -0.044500 -0.027500 -0.016000
v -0.044750 -0.027933 -0.015500
v -0.044500 -0.027933 -0.015750
v -0.044739 -0.027868 -0.015739
v -0.044933 -0.027500 -0.015750
v -0.044933 -0.027750 -0.015500
v -0.044868 -0.027739 -0.015739
v -0.044500 -0.027750 -0.015933
v -0.044750 -0.027500 -0.015933
v -0.044739 -0.027739 -0.015868
v -0.044500 -0.020000 -0.015500
v -0.044500 -0.020500 -0.016000
v -0.045000 -0.020500 -0.015500
v -0.044500 -0.020067 -0.015750
v -0.044750 -0.020067 -0.015500
v -0.044739 -0.020132 -0.015739
v -0.044750 -0.020500 -0.015933
v -0.044500 -0.020250 -0.015933
v -0.044739 -0.020261 -0.015868
v -0.044933 -0.020250 -0.015500
v -0.044933 -0.020500 -0.015750
v -0.044868 -0.020261 -0.015739
v -0.035500 -0.028000 -0.008500
v -0.035000 -0.027500 -0.008500
v -0.035500 -0.027500 -0.008000
v -0.035250 -0.027933 -0.008500
v -0.035500 -0.027933 -0.008250
v -0.035261 -0.027868 -0.008261
v -0.035067 -0.027500 -0.008250
v -0.035067 -0.027750 -0.008500
v -0.035132 -0.027739 -0.008261
v -0.035500 -0.027750 -0.008067
v -0.035250 -0.027500 -0.008067
v -0.035261 -0.027739 -0.008132
v -0.035500 -0.020000 -0.008500
v -0.035500 -0.020500 -0.008000
v -0.035000 -0.020500 -0.008500
v -0.035500 -0.020067 -0.008250
v -0.035250 -0.020067 -0.008500
v -0.035261 -0.020132 -0.008261
v -0.035250 -0.020500 -0.008067
v -0.035500 -0.020250 -0.008067
v -0.035261 -0.020261 -0.008132
v -0.035067 -0.020250 -0.008500
v -0.035067 -0.020500 -0.008250
v -0.035132 -0.020261 -0.008261
v -0.035500 -0.028000 -0.015500
v -0.035500 -0.027500 -0.016000
v -0.035000 -0.027500 -0.015500
v -0.035500 -0.027933 -0.015750
v -0.035250 -0.027933 -0.015500
v -0.035261 -0.027868 -0.015739
v -0.035250 -0.027500 -0.015933
v -0.035500 -0.027750 -0.015933
v -0.035261 -0.027739 -0.015868
v -0.035067 -0.027750 -0.015500
v -0.035067 -0.027500 -0.015750
v -0.035132 -0.027739 -0.015739
v -0.035500 -0.020000 -0.015500
v -0.035000 -0.020500 -0.015500
v -0.035500 -0.020500 -0.016000
v -0.035250 -0.020067 -0.015500
v -0.035500 -0.020067 -0.015750
v -0.035261 -0.020132 -0.015739
v -0.035067 -0.020500 -0.015750
v -0.035067 -0.020250 -0.015500
v -0.035132 -0.020261 -0.015739
v -0.035500 -0.020250 -0.015933
v -0.035250 -0.020500 -0.015933
v -0.035261 -0.020261 -0.015868
v -0.043000 -0.025000 -0.016000
v -0.043000 -0.023000 -0.016000
v -0.043000 -0.025000 -0.016200
v -0.043000 -0.023000 -0.016200
v -0.037000 -0.025000 -0.016000
v -0.037000 -0.023000 -0.016000
v -0.037000 -0.025000 -0.016200
v -0.037000 -0.023000 -0.016200
v -0.044500 -0.016000 -0.008500
v -0.044500 -0.015500 -0.008000
v -0.045000 -0.015500 -0.008500
v -0.044500 -0.015933 -0.008250
v -0.044750 -0.015933 -0.008500
v -0.044739 -0.015868 -0.008261
v -0.044750 -0.015500 -0.008067
v -0.044500 -0.015750 -0.008067
v -0.044739 -0.015739 -0.008132
v -0.044933 -0.015750 -0.008500
v -0.044933 -0.015500 -0.008250
v -0.044868 -0.015739 -0.008261
v -0.044500 -0.008500 -0.008000
v -0.044500 -0.008000 -0.008500
v -0.045000 -0.008500 -0.008500
v -0.044500 -0.008250 -0.008067
v -0.044750 -0.008500 -0.008067
v -0.044739 -0.008261 -0.008132
v -0.044750 -0.008067 -0.008500
v -0.044500 -0.008067 -0.008250
v -0.044739 -0.008132 -0.008261
v -0.044933 -0.008500 -0.008250
v -0.044933 -0.008250 -0.008500
v -0.044868 -0.008261 -0.008261
v -0.044500 -0.016000 -0.015500
v -0.045000 -0.015500 -0.015500
v -0.044500 -0.015500 -0.016000
v -0.044750 -0.015933 -0.015500
v -0.044500 -0.015933 -0.015750
v -0.044739 -0.015868 -0.015739
v -0.044933 -0.015500 -0.015750
v -0.044933 -0.015750 -0.015500
v -0.044868 -0.015739 -0.015739
v -0.044500 -0.015750 -0.015933
v -0.044750 -0.015500 -0.015933
v -0.044739 -0.015739 -0.015868
v -0.044500 -0.008000 -0.015500
v -0.044500 -0.008500 -0.016000
v -0.045000 -0.008500 -0.015500
v -0.044500 -0.008067 -0.015750
v -0.044750 -0.008067 -0.015500
v -0.044739 -0.008132 -0.015739
v -0.044750 -0.008500 -0.015933
v -0.044500 -0.008250 -0.015933
v -0.044739 -0.008261 -0.015868
v -0.044933 -0.008250 -0.015500
v -0.044933 -0.008500 -0.015750
v -0.044868 -0.008261 -0.015739
v -0.035500 -0.016000 -0.008500
v -0.035000 -0.015500 -0.008500
v -0.035500 -0.015500 -0.008000
v -0.035250 -0.015933 -0.008500
v -0.035500 -0.015933 -0.008250
v -0.035261 -0.015868 -0.008261
v -0.035067 -0.015500 -0.008250
v -0.035067 -0.015750 -0.008500
v -0.035132 -0.015739 -0.008261
v -0.035500 -0.015750 -0.008067
v -0.035250 -0.015500 -0.008067
v -0.035261 -0.015739 -0.008132
v -0.035500 -0.008000 -0.008500
v -0.035500 -0.008500 -0.008000
v -0.035000 -0.008500 -0.008500
v -0.035500 -0.008067 -0.008250
v -0.035250 -0.008067 -0.008500
v -0.035261 -0.008132 -0.008261
v -0.035250 -0.008500 -0.008067
v -0.035500 -0.008250 -0.008067
v -0.035261 -0.008261 -0.008132
v -0.035067 -0.008250 -0.008500
v -0.035067 -0.008500 -0.008250
v -0.035132 -0.008261 -0.008261
v -0.035500 -0.016000 -0.015500
v -0.035500 -0.015500 -0.016000
v -0.035000 -0.015500 -0.015500
v -0.035500 -0.015933 -0.015750
v -0.035250 -0.015933 -0.015500
v -0.035261 -0.015868 -0.015739
v -0.035250 -0.015500 -0.015933
v -0.035500 -0.015750 -0.015933
v -0.035261 -0.015739 -0.015868
v -0.035067 -0.015750 -0.015500
v -0.035067 -0.015500 -0.015750
v -0.035132 -0.015739 -0.015739
v -0.035500 -0.008000 -0.015500
v -0.035000 -0.008500 -0.015500
v -0.035500 -0.008500 -0.016000
v -0.035250 -0.008067 -0.015500
v -0.035500 -0.008067 -0.015750
v -0.035261 -0.008132 -0.015739
v -0.035067 -0.008500 -0.015750
v -0.035067 -0.008250 -0.015500
v -0.035132 -0.008261 -0.015739
v -0.035500 -0.008250 -0.015933
v -0.035250 -0.008500 -0.015933
v -0.035261 -0.008261 -0.015868
v -0.043000 -0.013000 -0.016000
v -0.043000 -0.011000 -0.016000
v -0.043000 -0.013000 -0.016200
v -0.043000 -0.011000 -0.016200
v -0.037000 -0.013000 -0.016000
v -0.037000 -0.011000 -0.016000
v -0.037000 -0.013000 -0.016200
v -0.037000 -0.011000 -0.016200
v -0.044500 -0.004000 -0.008500
v -0.044500 -0.003500 -0.008000
v -0.045000 -0.003500 -0.008500
v -0.044500 -0.003933 -0.008250
v -0.044750 -0.003933 -0.008500
v -0.044739 -0.003868 -0.008261
v -0.044750 -0.003500 -0.008067
v -0.044500 -0.003750 -0.008067
v -0.044739 -0.003739 -0.008132
v -0.044933 -0.003750 -0.008500
v -0.044933 -0.003500 -0.008250
v -0.044868 -0.003739 -0.008261
v -0.044500 0.003500 -0.008000
v -0.044500 0.004000 -0.008500
v -0.045000 0.003500 -0.008500
v -0.044500 0.003750 -0.008067
v -0.044750 0.003500 -0.008067
v -0.044739 0.003739 -0.008132
v -0.044750 0.003933 -0.008500
v -0.044500 0.003933 -0.008250
v -0.044739 0.003868 -0.008261
v -0.044933 0.003500 -0.008250
v -0.044933 0.003750 -0.008500
v -0.044868 0.003739 -0.008261
v -0.044500 -0.004000 -0.015500
v -0.045000 -0.003500 -0.015500
v -0.044500 -0.003500 -0.016000
v -0.044750 -0.003933 -0.015500
v -0.044500 -0.003933 -0.015750
v -0.044739 -0.003868 -0.015739
v -0.044933 -0.003500 -0.015750
v -0.044933 -0.003750 -0.015500
v -0.044868 -0.003739 -0.015739
v -0.044500 -0.003750 -0.015933
v -0.044750 -0.003500 -0.015933
v -0.044739 -0.003739 -0.015868
v -0.044500 0.004000 -0.015500
v -0.044500 0.003500 -0.016000
v -0.045000 0.003500 -0.015500
v -0.044500 0.003933 -0.015750
v -0.044750 0.003933 -0.015500
v -0.044739 0.003868 -0.015739
v -0.044750 0.003500 -0.015933
v -0.044500 0.003750 -0.015933
v -0.044739 0.003739 -0.015868
v -0.044933 0.003750 -0.015500
v -0.044933 0.003500 -0.015750
v -0.044868 0.003739 -0.015739
v -0.035500 -0.004000 -0.008500
v -0.035000 -0.003500 -0.008500
v -0.035500 -0.003500 -0.008000
v -0.035250 -0.003933 -0.008500
v -0.035500 -0.003933 -0.008250
v -0.035261 -0.003868 -0.008261
v -0.035067 -0.003500 -0.008250
v -0.035067 -0.003750 -0.008500
v -0.035132 -0.003739 -0.008261
v -0.035500 -0.003750 -0.008067
v -0.035250 -0.003500 -0.008067
v -0.035261 -0.003739 -0.008132
v -0.035500 0.004000 -0.008500
v -0.035500 0.003500 -0.008000
v -0.035000 0.003500 -0.008500
v -0.035500 0.003933 -0.008250
v -0.035250 0.003933 -0.008500
v -0.035261 0.003868 -0.008261
v -0.035250 0.003500 -0.008067
v -0.035500 0.003750 -0.008067
v -0.035261 0.003739 -0.008132
v -0.035067 0.003750 -0.008500
v -0.035067 0.003500 -0.008250
v -0.035132 0.003739 -0.008261
v -0.035500 -0.004000 -0.015500
v -0.035500 -0.003500 -0.016000
v -0.035000 -0.003500 -0.015500
v -0.035500 -0.003933 -0.015750
v -0.035250 -0.003933 -0.015500
v -0.035261 -0.003868 -0.015739
v -0.035250 -0.003500 -0.015933
v -0.035500 -0.003750 -0.015933
v -0.035261 -0.003739 -0.015868
v -0.035067 -0.003750 -0.015500
v -0.035067 -0.003500 -0.015750
v -0.035132 -0.003739 -0.015739
v -0.035500 0.004000 -0.015500
v -0.035000 0.003500 -0.015500
v -0.035500 0.003500 -0.016000
v -0.035250 0.003933 -0.015500
v -0.035500 0.003933 -0.015750
v -0.035261 0.003868 -0.015739
v -0.035067 0.003500 -0.015750
v -0.035067 0.003750 -0.015500
v -0.035132 0.003739 -0.015739
v -0.035500 0.003750 -0.015933
v -0.035250 0.003500 -0.015933
v -0.035261 0.003739 -0.015868
v -0.043000 -0.001000 -0.016000
v -0.043000 0.001000 -0.016000
v -0.043000 -0.001000 -0.016200
v -0.043000 0.001000 -0.016200
v -0.037000 -0.001000 -0.016000
v -0.037000 0.001000 -0.016000
v -0.037000 -0.001000 -0.016200
v -0.037000 0.001000 -0.016200
v -0.044500 0.008000 -0.008500
v -0.044500 0.008500 -0.008000
v -0.045000 0.008500 -0.008500
v -0.044500 0.008067 -0.008250
v -0.044750 0.008067 -0.008500
v -0.044739 0.008132 -0.008261
v -0.044750 0.008500 -0.008067
v -0.044500 0.008250 -0.008067
v -0.044739 0.008261 -0.008132
v -0.044933 0.008250 -0.008500
v -0.044933 0.008500 -0.008250
v -0.044868 0.008261 -0.008261
v -0.044500 0.015500 -0.008000
v -0.044500 0.016000 -0.008500
v -0.045000 0.015500 -0.008500
v -0.044500 0.015750 -0.008067
v -0.044750 0.015500 -0.008067
v -0.044739 0.015739 -0.008132
v -0.044750 0.015933 -0.008500
v -0.044500 0.015933 -0.008250
v -0.044739 0.015868 -0.008261
v -0.044933 0.015500 -0.008250
v -0.044933 0.015750 -0.008500
v -0.044868 0.015739 -0.008261
v -0.044500 0.008000 -0.015500
v -0.045000 0.008500 -0.015500
v -0.044500 0.008500 -0.016000
v -0.044750 0.008067 -0.015500
v -0.044500 0.008067 -0.015750
v -0.044739 0.008132 -0.015739
v -0.044933 0.008500 -0.015750
v -0.044933 0.008250 -0.015500
v -0.044868 0.008261 -0.015739
v -0.044500 0.008250 -0.015933
v -0.044750 0.008500 -0.015933
v -0.044739 0.008261 -0.015868
v -0.044500 0.016000 -0.015500
v -0.044500 0.015500 -0.016000
v -0.045000 0.015500 -0.015500
v -0.044500 0.015933 -0.015750
v -0.044750 0.015933 -0.015500
v -0.044739 0.015868 -0.015739
v -0.044750 0.015500 -0.015933
v -0.044500 0.015750 -0.015933
v -0.044739 0.015739 -0.015868
v -0.044933 0.015750 -0.015500
v -0.044933 0.015500 -0.015750
v -0.044868 0.015739 -0.015739
v -0.035500 0.008000 -0.008500
v -0.035000 0.008500 -0.008500
v -0.035500 0.008500 -0.008000
v -0.035250 0.008067 -0.008500
v -0.035500 0.008067 -0.008250
v -0.035261 0.008132 -0.008261
v -0.035067 0.008500 -0.008250
v -0.035067 0.008250 -0.008500
v -0.035132 0.008261 -0.008261
v -0.035500 0.008250 -0.008067
v -0.035250 0.008500 -0.008067
v -0.035261 0.008261 -0.008132
v -0.035500 0.016000 -0.008500
v -0.035500 0.015500 -0.008000
v -0.035000 0.015500 -0.008500
v -0.035500 0.015933 -0.008250
v -0.035250 0.015933 -0.008500
v -0.035261 0.015868 -0.008261
v -0.035250 0.015500 -0.008067
v -0.035500 0.015750 -0.008067
v -0.035261 0.015739 -0.008132
v -0.035067 0.015750 -0.008500
v -0.035067 0.015500 -0.008250
v -0.035132 0.015739 -0.008261
v -0.035500 0.008000 -0.015500
v -0.035500 0.008500 -0.016000
v -0.035000 0.008500 -0.015500
v -0.035500 0.008067 -0.015750
v -0.035250 0.008067 -0.015500
v -0.035261 0.008132 -0.015739
v -0.035250 0.008500 -0.015933
v -0.035500 0.008250 -0.015933
v -0.035261 0.008261 -0.015868
v -0.035067 0.008250 -0.015500
v -0.035067 0.008500 -0.015750
v -0.035132 0.008261 -0.015739
v -0.035500 0.016000 -0.015500
v -0.035000 0.015500 -0.015500
v -0.035500 0.015500 -0.016000
v -0.035250 0.015933 -0.015500
v -0.035500 0.015933 -0.015750
v -0.035261 0.015868 -0.015739
v -0.035067 0.015500 -0.015750
v -0.035067 0.015750 -0.015500
v -0.035132 0.015739 -0.015739
v -0.035500 0.015750 -0.015933
v -0.035250 0.015500 -0.015933
v -0.035261 0.015739 -0.015868
v -0.043000 0.011000 -0.016000
v -0.043000 0.013000 -0.016000
v -0.043000 0.011000 -0.016200
v -0.043000 0.013000 -0.016200
v -0.037000 0.011000 -0.016000
v -0.037000 0.013000 -0.016000
v -0.037000 0.011000 -0.016200
v -0.037000 0.013000 -0.016200
v -0.044500 0.020000 -0.008500
v -0.044500 0.020500 -0.008000
v -0.045000 0.020500 -0.008500
v -0.044500 0.020067 -0.008250
v -0.044750 0.020067 -0.008500
v -0.044739 0.020132 -0.008261
v -0.044750 0.020500 -0.008067
v -0.044500 0.020250 -0.008067
v -0.044739 0.020261 -0.008132
v -0.044933 0.020250 -0.008500
v -0.044933 0.020500 -0.008250
v -0.044868 0.020261 -0.008261
v -0.044500 0.027500 -0.008000
v -0.044500 0.028000 -0.008500
v -0.045000 0.027500 -0.008500
v -0.044500 0.027750 -0.008067
v -0.044750 0.027500 -0.008067
v -0.044739 0.027739 -0.008132
v -0.044750 0.027933 -0.008500
v -0.044500 0.027933 -0.008250
v -0.044739 0.027868 -0.008261
v -0.044933 0.027500 -0.008250
v -0.044933 0.027750 -0.008500
v -0.044868 0.027739 -0.008261
v -0.044500 0.020000 -0.015500
v -0.045000 0.020500 -0.015500
v -0.044500 0.020500 -0.016000
v -0.044750 0.020067 -0.015500
v -0.044500 0.020067 -0.015750
v -0.044739 0.020132 -0.015739
v -0.044933 0.020500 -0.015750
v -0.044933 0.020250 -0.015500
v -0.044868 0.020261 -0.015739
v -0.044500 0.020250 -0.015933
v -0.044750 0.020500 -0.015933
v -0.044739 0.020261 -0.015868
v -0.044500 0.028000 -0.015500
v -0.044500 0.027500 -0.016000
v -0.045000 0.027500 -0.015500
v -0.044500 0.027933 -0.015750
v -0.044750 0.027933 -0.015500
v -0.044739 0.027868 -0.015739
v -0.044750 0.027500 -0.015933
v -0.044500 0.027750 -0.015933
v -0.044739 0.027739 -0.015868
v -0.044933 0.027750 -0.015500
v -0.044933 0.027500 -0.015750
v -0.044868 0.027739 -0.015739
v -0.035500 0.020000 -0.008500
v -0.035000 0.020500 -0.008500
v -0.035500 0.020500 -0.008000
v -0.035250 0.020067 -0.008500
v -0.035500 0.020067 -0.008250
v -0.035261 0.020132 -0.008261
v -0.035067 0.020500 -0.008250
v -0.035067 0.020250 -0.008500
v -0.035132 0.020261 -0.008261
v -0.035500 0.020250 -0.008067
v -0.035250 0.020500 -0.008067
v -0.035261 0.020261 -0.008132
v -0.035500 0.028000 -0.008500
v -0.035500 0.027500 -0.008000
v -0.035000 0.027500 -0.008500
v -0.035500 0.027933 -0.008250
v -0.035250 0.027933 -0.008500
v -0.035261 0.027868 -0.008261
v -0.035250 0.027500 -0.008067
v -0.035500 0.027750 -0.008067
v -0.035261 0.027739 -0.008132
v -0.035067 0.027750 -0.008500
v -0.035067 0.027500 -0.008250
v -0.035132 0.027739 -0.008261
v -0.035500 0.020000 -0.015500
v -0.035500 0.020500 -0.016000
v -0.035000 0.020500 -0.015500
v -0.035500 0.020067 -0.015750
v -0.035250 0.020067 -0.015500
v -0.035261 0.020132 -0.015739
v -0.035250 0.020500 -0.015933
v -0.035500 0.020250 -0.015933
v -0.035261 0.020261 -0.015868
v -0.035067 0.020250 -0.015500
v -0.035067 0.020500 -0.015750
v -0.035132 0.020261 -0.015739
v -0.035500 0.028000 -0.015500
v -0.035000 0.027500 -0.015500
v -0.035500 0.027500 -0.016000
v -0.035250 0.027933 -0.015500
v -0.035500 0.027933 -0.015750
v -0.035261 0.027868 -0.015739
v -0.035067 0.027500 -0.015750
v -0.035067 0.027750 -0.015500
v -0.035132 0.027739 -0.015739
v -0.035500 0.027750 -0.015933
v -0.035250 0.027500 -0.015933
v -0.035261 0.027739 -0.015868
v -0.043000 0.023000 -0.016000
v -0.043000 0.025000 -0.016000
v -0.043000 0.023000 -0.016200
v -0.043000 0.025000 -0.016200
v -0.037000 0.023000 -0.016000
v -0.037000 0.025000 -0.016000
v -0.037000 0.023000 -0.016200
v -0.037000 0.025000 -0.016200
v 0.035500 -0.028000 -0.008500
v 0.035500 -0.027500 -0.008000
v 0.035000 -0.027500 -0.008500
v 0.035500 -0.027933 -0.008250
v 0.035250 -0.027933 -0.008500
v 0.035261 -0.027868 -0.008261
v 0.035250 -0.027500 -0.008067
v 0.035500 -0.027750 -0.008067
v 0.035261 -0.027739 -0.008132
v 0.035067 -0.027750 -0.008500
v 0.035067 -0.027500 -0.008250
v 0.035132 -0.027739 -0.008261
v 0.035500 -0.020500 -0.008000
v 0.035500 -0.020000 -0.008500
v 0.035000 -0.020500 -0.008500
v 0.035500 -0.020250 -0.008067
v 0.035250 -0.020500 -0.008067
v 0.035261 -0.020261 -0.008132
v 0.035250 -0.020067 -0.008500
v 0.035500 -0.020067 -0.008250
v 0.035261 -0.020132 -0.008261
v 0.035067 -0.020500 -0.008250
v 0.035067 -0.020250 -0.008500
v 0.035132 -0.020261 -0.008261
v 0.035500 -0.028000 -0.015500
v 0.035000 -0.027500 -0.015500
v 0.035500 -0.027500 -0.016000
v 0.035250 -0.027933 -0.015500
v 0.035500 -0.027933 -0.015750
v 0.035261 -0.027868 -0.015739
v 0.035067 -0.027500 -0.015750
v 0.035067 -0.027750 -0.015500
v 0.035132 -0.027739 -0.015739
v 0.035500 -0.027750 -0.015933
v 0.035250 -0.027500 -0.015933
v 0.035261 -0.027739 -0.015868
v 0.035500 -0.020000 -0.015500
v 0.035500 -0.020500 -0.016000
v 0.035000 -0.020500 -0.015500
v 0.035500 -0.020067 -0.015750
v 0.035250 -0.020067 -0.015500
v 0.035261 -0.020132 -0.015739
v 0.035250 -0.020500 -0.015933
v 0.035500 -0.020250 -0.015933
v 0.035261 -0.020261 -0.015868
v 0.035067 -0.020250 -0.015500
v 0.035067 -0.020500 -0.015750
v 0.035132 -0.020261 -0.015739
v 0.044500 -0.028000 -0.008500
v 0.045000 -0.027500 -0.008500
v 0.044500 -0.027500 -0.008000
v 0.044750 -0.027933 -0.008500
v 0.044500 -0.027933 -0.008250
v 0.044739 -0.027868 -0.008261
v 0.044933 -0.027500 -0.008250
v 0.044933 -0.027750 -0.008500
v 0.044868 -0.027739 -0.008261
v 0.044500 -0.027750 -0.008067
v 0.044750 -0.027500 -0.008067
v 0.044739 -0.027739 -0.008132
v 0.044500 -0.020000 -0.008500
v 0.044500 -0.020500 -0.008000
v 0.045000 -0.020500 -0.008500
v 0.044500 -0.020067 -0.008250
v 0.044750 -0.020067 -0.008500
v 0.044739 -0.020132 -0.008261
v 0.044750 -0.020500 -0.008067
v 0.044500 -0.020250 -0.008067
v 0.044739 -0.020261 -0.008132
v 0.044933 -0.020250 -0.008500
v 0.044933 -0.020500 -0.008250
v 0.044868 -0.020261 -0.008261
v 0.044500 -0.028000 -0.015500
v 0.044500 -0.027500 -0.016000
v 0.045000 -0.027500 -0.015500
v 0.044500 -0.027933 -0.015750
v 0.044750 -0.027933 -0.015500
v 0.044739 -0.027868 -0.015739
v 0.044750 -0.027500 -0.015933
v 0.044500 -0.027750 -0.015933
v 0.044739 -0.027739 -0.015868
v 0.044933 -0.027750 -0.015500
v 0.044933 -0.027500 -0.015750
v 0.044868 -0.027739 -0.015739
v 0.044500 -0.020000 -0.015500
v 0.045000 -0.020500 -0.015500
v 0.044500 -0.020500 -0.016000
v 0.044750 -0.020067 -0.015500
v 0.044500 -0.020067 -0.015750
v 0.044739 -0.020132 -0.015739
v 0.044933 -0.020500 -0.015750
v 0.044933 -0.020250 -0.015500
v 0.044868 -0.020261 -0.015739
v 0.044500 -0.020250 -0.015933
v 0.044750 -0.020500 -0.015933
v 0.044739 -0.020261 -0.015868
v 0.037000 -0.025000 -0.016000
v 0.037000 -0.023000 -0.016000
v 0.037000 -0.025000 -0.016200
v 0.037000 -0.023000 -0.016200
v 0.043000 -0.025000 -0.016000
v 0.043000 -0.023000 -0.016000
v 0.043000 -0.025000 -0.016200
v 0.043000 -0.023000 -0.016200
v 0.035500 -0.016000 -0.008500
v 0.035500 -0.015500 -0.008000
v 0.035000 -0.015500 -0.008500
v 0.035500 -0.015933 -0.008250
v 0.035250 -0.015933 -0.008500
v 0.035261 -0.015868 -0.008261
v 0.035250 -0.015500 -0.008067
v 0.035500 -0.015750 -0.008067
v 0.035261 -0.015739 -0.008132
v 0.035067 -0.015750 -0.008500
v 0.035067 -0.015500 -0.008250
v 0.035132 -0.015739 -0.008261
v 0.035500 -0.008500 -0.008000
v 0.035500 -0.008000 -0.008500
v 0.035000 -0.008500 -0.008500
v 0.035500 -0.008250 -0.008067
v 0.035250 -0.008500 -0.008067
v 0.035261 -0.008261 -0.008132
v 0.035250 -0.008067 -0.008500
v 0.035500 -0.008067 -0.008250
v 0.035261 -0.008132 -0.008261
v 0.035067 -0.008500 -0.008250
v 0.035067 -0.008250 -0.008500
v 0.035132 -0.008261 -0.008261
v 0.035500 -0.016000 -0.015500
v 0.035000 -0.015500 -0.015500
v 0.035500 -0.015500 -0.016000
v 0.035250 -0.015933 -0.015500
v 0.035500 -0.015933 -0.015750
v 0.035261 -0.015868 -0.015739
v 0.035067 -0.015500 -0.015750
v 0.035067 -0.015750 -0.015500
v 0.035132 -0.015739 -0.015739
v 0.035500 -0.015750 -0.015933
v 0.035250 -0.015500 -0.015933
v 0.035261 -0.015739 -0.015868
v 0.035500 -0.008000 -0.015500
v 0.035500 -0.008500 -0.016000
v 0.035000 -0.008500 -0.015500
v 0.035500 -0.008067 -0.015750
v 0.035250 -0.008067 -0.015500
v 0.035261 -0.008132 -0.015739
v 0.035250 -0.008500 -0.015933
v 0.035500 -0.008250 -0.015933
v 0.035261 -0.008261 -0.015868
v 0.035067 -0.008250 -0.015500
v 0.035067 -0.008500 -0.015750
v 0.035132 -0.008261 -0.015739
v 0.044500 -0.016000 -0.008500
v 0.045000 -0.015500 -0.008500
v 0.044500 -0.015500 -0.008000
v 0.044750 -0.015933 -0.008500
v 0.044500 -0.015933 -0.008250
v 0.044739 -0.015868 -0.008261
v 0.044933 -0.015500 -0.008250
v 0.044933 -0.015750 -0.008500
v 0.044868 -0.015739 -0.008261
v 0.044500 -0.015750 -0.008067
v 0.044750 -0.015500 -0.008067
v 0.044739 -0.015739 -0.008132
v 0.044500 -0.008000 -0.008500
v 0.044500 -0.008500 -0.008000
v 0.045000 -0.008500 -0.008500
v 0.044500 -0.008067 -0.008250
v 0.044750 -0.008067 -0.008500
v 0.044739 -0.008132 -0.008261
v 0.044750 -0.008500 -0.008067
v 0.044500 -0.008250 -0.008067
v 0.044739 -0.008261 -0.008132
v 0.044933 -0.008250 -0.008500
v 0.044933 -0.008500 -0.008250
v 0.044868 -0.008261 -0.008261
v 0.044500 -0.016000 -0.015500
v 0.044500 -0.015500 -0.016000
v 0.045000 -0.015500 -0.015500
v 0.044500 -0.015933 -0.015750
v 0.044750 -0.015933 -0.015500
v 0.044739 -0.015868 -0.015739
v 0.044750 -0.015500 -0.015933
v 0.044500 -0.015750 -0.015933
v 0.044739 -0.015739 -0.015868
v 0.044933 -0.015750 -0.015500
v 0.044933 -0.015500 -0.015750
v 0.044868 -0.015739 -0.015739
v 0.044500 -0.008000 -0.015500
v 0.045000 -0.008500 -0.015500
v 0.044500 -0.008500 -0.016000
v 0.044750 -0.008067 -0.015500
v 0.044500 -0.008067 -0.015750
v 0.044739 -0.008132 -0.015739
v 0.044933 -0.008500 -0.015750
v 0.044933 -0.008250 -0.015500
v 0.044868 -0.008261 -0.015739
v 0.044500 -0.008250 -0.015933
v 0.044750 -0.008500 -0.015933
v 0.044739 -0.008261 -0.015868
v 0.037000 -0.013000 -0.016000
v 0.037000 -0.011000 -0.016000
v 0.037000 -0.013000 -0.016200
v 0.037000 -0.011000 -0.016200
v 0.043000 -0.013000 -0.016000
v 0.043000 -0.011000 -0.016000
v 0.043000 -0.013000 -0.016200
v 0.043000 -0.011000 -0.016200
v 0.035500 -0.004000 -0.008500
v 0.035500 -0.003500 -0.008000
v 0.035000 -0.003500 -0.008500
v 0.035500 -0.003933 -0.008250
v 0.035250 -0.003933 -0.008500
v 0.035261 -0.003868 -0.008261
v 0.035250 -0.003500 -0.008067
v 0.035500 -0.003750 -0.008067
v 0.035261 -0.003739 -0.008132
v 0.035067 -0.003750 -0.008500
v 0.035067 -0.003500 -0.008250
v 0.035132 -0.003739 -0.008261
v 0.035500 0.003500 -0.008000
v 0.035500 0.004000 -0.008500
v 0.035000 0.003500 -0.008500
v 0.035500 0.003750 -0.008067
v 0.035250 0.003500 -0.008067
v 0.035261 0.003739 -0.008132
v 0.035250 0.003933 -0.008500
v 0.035500 0.003933 -0.008250
v 0.035261 0.003868 -0.008261
v 0.035067 0.003500 -0.008250
v 0.035067 0.003750 -0.008500
v 0.035132 0.003739 -0.008261
v 0.035500 -0.004000 -0.015500
v 0.035000 -0.003500 -0.015500
v 0.035500 -0.003500 -0.016000
v 0.035250 -0.003933 -0.015500
v 0.035500 -0.003933 -0.015750
v 0.035261 -0.003868 -0.015739
v 0.035067 -0.003500 -0.015750
v 0.035067 -0.003750 -0.015500
v 0.035132 -0.003739 -0.015739
v 0.035500 -0.003750 -0.015933
v 0.035250 -0.003500 -0.015933
v 0.035261 -0.003739 -0.015868
v 0.035500 0.004000 -0.015500
v 0.035500 0.003500 -0.016000
v 0.035000 0.003500 -0.015500
v 0.035500 0.003933 -0.015750
v 0.035250 0.003933 -0.015500
v 0.035261 0.003868 -0.015739
v 0.035250 0.003500 -0.015933
v 0.035500 0.003750 -0.015933
v 0.035261 0.003739 -0.015868
v 0.035067 0.003750 -0.015500
v 0.035067 0.003500 -0.015750
v 0.035132 0.003739 -0.015739
v 0.044500 -0.004000 -0.008500
v 0.045000 -0.003500 -0.008500
v 0.044500 -0.003500 -0.008000
v 0.044750 -0.003933 -0.008500
v 0.044500 -0.003933 -0.008250
v 0.044739 -0.003868 -0.008261
v 0.044933 -0.003500 -0.008250
v 0.044933 -0.003750 -0.008500
v 0.044868 -0.003739 -0.008261
v 0.044500 -0.003750 -0.008067
v 0.044750 -0.003500 -0.008067
v 0.044739 -0.003739 -0.008132
v 0.044500 0.004000 -0.008500
v 0.044500 0.003500 -0.008000
v 0.045000 0.003500 -0.008500
v 0.044500 0.003933 -0.008250
v 0.044750 0.003933 -0.008500
v 0.044739 0.003868 -0.008261
v 0.044750 0.003500 -0.008067
v 0.044500 0.003750 -0.008067
v 0.044739 0.003739 -0.008132
v 0.044933 0.003750 -0.008500
v 0.044933 0.003500 -0.008250
v 0.044868 0.003739 -0.008261
v 0.044500 -0.004000 -0.015500
v 0.044500 -0.003500 -0.016000
v 0.045000 -0.003500 -0.015500
v 0.044500 -0.003933 -0.015750
v 0.044750 -0.003933 -0.015500
v 0.044739 -0.003868 -0.015739
v 0.044750 -0.003500 -0.015933
v 0.044500 -0.003750 -0.015933
v 0.044739 -0.003739 -0.015868
v 0.044933 -0.003750 -0.015500
v 0.044933 -0.003500 -0.015750
v 0.044868 -0.003739 -0.015739
v 0.044500 0.004000 -0.015500
v 0.045000 0.003500 -0.015500
v 0.044500 0.003500 -0.016000
v 0.044750 0.003933 -0.015500
v 0.044500 0.003933 -0.015750
v 0.044739 0.003868 -0.015739
v 0.044933 0.003500 -0.015750
v 0.044933 0.003750 -0.015500
v 0.044868 0.003739 -0.015739
v 0.044500 0.003750 -0.015933
v 0.044750 0.003500 -0.015933
v 0.044739 0.003739 -0.015868
v 0.037000 -0.001000 -0.016000
v 0.037000 0.001000 -0.016000
v 0.037000 -0.001000 -0.016200
v 0.037000 0.001000 -0.016200
v 0.043000 -0.001000 -0.016000
v 0.043000 0.001000 -0.016000
v 0.043000 -0.001000 -0.016200
v 0.043000 0.001000 -0.016200
v 0.035500 0.008000 -0.008500
v 0.035500 0.008500 -0.008000
v 0.035000 0.008500 -0.008500
v 0.035500 0.008067 -0.008250
v 0.035250 0.008067 -0.008500
v 0.035261 0.008132 -0.008261
v 0.035250 0.008500 -0.008067
v 0.035500 0.008250 -0.008067
v 0.035261 0.008261 -0.008132
v 0.035067 0.008250 -0.008500
v 0.035067 0.008500 -0.008250
v 0.035132 0.008261 -0.008261
v 0.035500 0.015500 -0.008000
v 0.035500 0.016000 -0.008500
v 0.035000 0.015500 -0.008500
v 0.035500 0.015750 -0.008067
v 0.035250 0.015500 -0.008067
v 0.035261 0.015739 -0.008132
v 0.035250 0.015933 -0.008500
v 0.035500 0.015933 -0.008250
v 0.035261 0.015868 -0.008261
v 0.035067 0.015500 -0.008250
v 0.035067 0.015750 -0.008500
v 0.035132 0.015739 -0.008261
v 0.035500 0.008000 -0.015500
v 0.035000 0.008500 -0.015500
v 0.035500 0.008500 -0.016000
v 0.035250 0.008067 -0.015500
v 0.035500 0.008067 -0.015750
v 0.035261 0.008132 -0.015739
v 0.035067 0.008500 -0.015750
v 0.035067 0.008250 -0.015500
v 0.035132 0.008261 -0.015739
v 0.035500 0.008250 -0.015933
v 0.035250 0.008500 -0.015933
v 0.035261 0.008261 -0.015868
v 0.035500 0.016000 -0.015500
v 0.035500 0.015500 -0.016000
v 0.035000 0.015500 -0.015500
v 0.035500 0.015933 -0.015750
v 0.035250 0.015933 -0.015500
v 0.035261 0.015868 -0.015739
v 0.035250 0.015500 -0.015933
v 0.035500 0.015750 -0.015933
v 0.035261 0.015739 -0.015868
v 0.035067 0.015750 -0.015500
v 0.035067 0.015500 -0.015750
v 0.035132 0.015739 -0.015739
v 0.044500 0.008000 -0.008500
v 0.045000 0.008500 -0.008500
v 0.044500 0.008500 -0.008000
v 0.044750 0.008067 -0.008500
v 0.044500 0.008067 -0.008250
v 0.044739 0.008132 -0.008261
v 0.044933 0.008500 -0.008250
v 0.044933 0.008250 -0.008500
v 0.044868 0.008261 -0.008261
v 0.044500 0.008250 -0.008067
v 0.044750 0.008500 -0.008067
v 0.044739 0.008261 -0.008132
v 0.044500 0.016000 -0.008500
v 0.044500 0.015500 -0.008000
v 0.045000 0.015500 -0.008500
v 0.044500 0.015933 -0.008250
v 0.044750 0.015933 -0.008500
v 0.044739 0.015868 -0.008261
v 0.044750 0.015500 -0.008067
v 0.044500 0.015750 -0.008067
v 0.044739 0.015739 -0.008132
v 0.044933 0.015750 -0.008500
v 0.044933 0.015500 -0.008250
v 0.044868 0.015739 -0.008261
v 0.044500 0.008000 -0.015500
v 0.044500 0.008500 -0.016000
v 0.045000 0.008500 -0.015500
v 0.044500 0.008067 -0.015750
v 0.044750 0.008067 -0.015500
v 0.044739 0.008132 -0.015739
v 0.044750 0.008500 -0.015933
v 0.044500 0.008250 -0.015933
v 0.044739 0.008261 -0.015868
v 0.044933 0.008250 -0.015500
v 0.044933 0.008500 -0.015750
v 0.044868 0.008261 -0.015739
v 0.044500 0.016000 -0.015500
v 0.045000 0.015500 -0.015500
v 0.044500 0.015500 -0.016000
v 0.044750 0.015933 -0.015500
v 0.044500 0.015933 -0.015750
v 0.044739 0.015868 -0.015739
v 0.044933 0.015500 -0.015750
v 0.044933 0.015750 -0.015500
v 0.044868 0.015739 -0.015739
v 0.044500 0.015750 -0.015933
v 0.044750 0.015500 -0.015933
v 0.044739 0.015739 -0.015868
v 0.037000 0.011000 -0.016000
v 0.037000 0.013000 -0.016000
v 0.037000 0.011000 -0.016200
v 0.037000 0.013000 -0.016200
v 0.043000 0.011000 -0.016000
v 0.043000 0.013000 -0.016000
v 0.043000 0.011000 -0.016200
v 0.043000 0.013000 -0.016200
v 0.035500 0.020000 -0.008500
v 0.035500 0.020500 -0.008000
v 0.035000 0.020500 -0.008500
v 0.035500 0.020067 -0.008250
v 0.035250 0.020067 -0.008500
v 0.035261 0.020132 -0.008261
v 0.035250 0.020500 -0.008067
v 0.035500 0.020250 -0.008067
v 0.035261 0.020261 -0.008132
v 0.035067 0.020250 -0.008500
v 0.035067 0.020500 -0.008250
v 0.035132 0.020261 -0.008261
v 0.035500 0.027500 -0.008000
v 0.035500 0.028000 -0.008500
v 0.035000 0.027500 -0.008500
v 0.035500 0.027750 -0.008067
v 0.035250 0.027500 -0.008067
v 0.035261 0.027739 -0.008132
v 0.035250 0.027933 -0.008500
v 0.035500 0.027933 -0.008250
v 0.035261 0.027868 -0.008261
v 0.035067 0.027500 -0.008250
v 0.035067 0.027750 -0.008500
v 0.035132 0.027739 -0.008261
v 0.035500 0.020000 -0.015500
v 0.035000 0.020500 -0.015500
v 0.035500 0.020500 -0.016000
v 0.035250 0.020067 -0.015500
v 0.035500 0.020067 -0.015750
v 0.035261 0.020132 -0.015739
v 0.035067 0.020500 -0.015750
v 0.035067 0.020250 -0.015500
v 0.035132 0.020261 -0.015739
v 0.035500 0.020250 -0.015933
v 0.035250 0.020500 -0.015933
v 0.035261 0.020261 -0.015868
v 0.035500 0.028000 -0.015500
v 0.035500 0.027500 -0.016000
v 0.035000 0.027500 -0.015500
v 0.035500 0.027933 -0.015750
v 0.035250 0.027933 -0.015500
v 0.035261 0.027868 -0.015739
v 0.035250 0.027500 -0.015933
v 0.035500 0.027750 -0.015933
v 0.035261 0.027739 -0.015868
v 0.035067 0.027750 -0.015500
v 0.035067 0.027500 -0.015750
v 0.035132 0.027739 -0.015739
v 0.044500 0.020000 -0.008500
v 0.045000 0.020500 -0.008500
v 0.044500 0.020500 -0.008000
v 0.044750 0.020067 -0.008500
v 0.044500 0.020067 -0.008250
v 0.044739 0.020132 -0.008261
v 0.044933 0.020500 -0.008250
v 0.044933 0.020250 -0.008500
v 0.044868 0.020261 -0.008261
v 0.044500 0.020250 -0.008067
v 0.044750 0.020500 -0.008067
v 0.044739 0.020261 -0.008132
v 0.044500 0.028000 -0.008500
v 0.044500 0.027500 -0.008000
v 0.045000 0.027500 -0.008500
v 0.044500 0.027933 -0.008250
v 0.044750 0.027933 -0.008500
v 0.044739 0.027868 -0.008261
v 0.044750 0.027500 -0.008067
v 0.044500 0.027750 -0.008067
v 0.044739 0.027739 -0.008132
v 0.044933 0.027750 -0.008500
v 0.044933 0.027500 -0.008250
v 0.044868 0.027739 -0.008261
v 0.044500 0.020000 -0.015500
v 0.044500 0.020500 -0.016000
v 0.045000 0.020500 -0.015500
v 0.044500 0.020067 -0.015750
v 0.044750 0.020067 -0.015500
v 0.044739 0.020132 -0.015739
v 0.044750 0.020500 -0.015933
v 0.044500 0.020250 -0.015933
v 0.044739 0.020261 -0.015868
v 0.044933 0.020250 -0.015500
v 0.044933 0.020500 -0.015750
v 0.044868 0.020261 -0.015739
v 0.044500 0.028000 -0.015500
v 0.045000 0.027500 -0.015500
v 0.044500 0.027500 -0.016000
v 0.044750 0.027933 -0.015500
v 0.044500 0.027933 -0.015750
v 0.044739 0.027868 -0.015739
v 0.044933 0.027500 -0.015750
v 0.044933 0.027750 -0.015500
v 0.044868 0.027739 -0.015739
v 0.044500 0.027750 -0.015933
v 0.044750 0.027500 -0.015933
v 0.044739 0.027739 -0.015868
v 0.037000 0.023000 -0.016000
v 0.037000 0.025000 -0.016000
v 0.037000 0.023000 -0.016200
v 0.037000 0.025000 -0.016200
v 0.043000 0.023000 -0.016000
v 0.043000 0.025000 -0.016000
v 0.043000 0.023000 -0.016200
v 0.043000 0.025000 -0.016200
v -0.052000 -0.030000 -0.004000
v -0.051848 -0.030765 -0.004000
v -0.051848 -0.029235 -0.004000
v -0.050765 -0.031848 -0.004000
v -0.051414 -0.031414 -0.004000
v -0.050765 -0.028152 -0.004000
v -0.051414 -0.028586 -0.004000
v -0.049235 -0.031848 -0.004000
v -0.049235 -0.028152 -0.004000
v -0.048000 -0.030000 -0.004000
v -0.048152 -0.029235 -0.004000
v -0.048152 -0.030765 -0.004000
v -0.048586 -0.028586 -0.004000
v -0.048586 -0.031414 -0.004000
v -0.050000 -0.032000 -0.004000
v -0.050000 -0.028000 -0.004000
v -0.052000 -0.030000 0.004000
v -0.051848 -0.030765 0.004000
v -0.051848 -0.029235 0.004000
v -0.050765 -0.028152 0.004000
v -0.050765 -0.031848 0.004000
v -0.051414 -0.028586 0.004000
v -0.051414 -0.031414 0.004000
v -0.049235 -0.031848 0.004000
v -0.049235 -0.028152 0.004000
v -0.048000 -0.030000 0.004000
v -0.048152 -0.029235 0.004000
v -0.048152 -0.030765 0.004000
v -0.048586 -0.028586 0.004000
v -0.048586 -0.031414 0.004000
v -0.050000 -0.032000 0.004000
v -0.050000 -0.028000 0.004000
v -0.052000 0.030000 -0.004000
v -0.051848 0.029235 -0.004000
v -0.051848 0.030765 -0.004000
v -0.050765 0.028152 -0.004000
v -0.050765 0.031848 -0.004000
v -0.051414 0.028586 -0.004000
v -0.051414 0.031414 -0.004000
v -0.048586 0.028586 -0.004000
v -0.049235 0.028152 -0.004000
v -0.049235 0.031848 -0.004000
v -0.048000 0.030000 -0.004000
v -0.048152 0.030765 -0.004000
v -0.048152 0.029235 -0.004000
v -0.048586 0.031414 -0.004000
v -0.050000 0.028000 -0.004000
v -0.050000 0.032000 -0.004000
v -0.052000 0.030000 0.004000
v -0.051848 0.029235 0.004000
v -0.051848 0.030765 0.004000
v -0.050765 0.028152 0.004000
v -0.050765 0.031848 0.004000
v -0.051414 0.028586 0.004000
v -0.051414 0.031414 0.004000
v -0.048586 0.028586 0.004000
v -0.049235 0.028152 0.004000
v -0.049235 0.031848 0.004000
v -0.048000 0.030000 0.004000
v -0.048152 0.030765 0.004000
v -0.048152 0.029235 0.004000
v -0.048586 0.031414 0.004000
v -0.050000 0.028000 0.004000
v -0.050000 0.032000 0.004000
v 0.048000 -0.030000 -0.004000
v 0.048152 -0.030765 -0.004000
v 0.048152 -0.029235 -0.004000
v 0.049235 -0.031848 -0.004000
v 0.049235 -0.028152 -0.004000
v 0.048586 -0.031414 -0.004000
v 0.048586 -0.028586 -0.004000
v 0.050765 -0.031848 -0.004000
v 0.050765 -0.028152 -0.004000
v 0.052000 -0.030000 -0.004000
v 0.051848 -0.030765 -0.004000
v 0.051848 -0.029235 -0.004000
v 0.051414 -0.031414 -0.004000
v 0.051414 -0.028586 -0.004000
v 0.050000 -0.028000 -0.004000
v 0.050000 -0.032000 -0.004000
v 0.048000 -0.030000 0.004000
v 0.048152 -0.030765 0.004000
v 0.048152 -0.029235 0.004000
v 0.049235 -0.031848 0.004000
v 0.049235 -0.028152 0.004000
v 0.048586 -0.031414 0.004000
v 0.048586 -0.028586 0.004000
v 0.050765 -0.031848 0.004000
v 0.050765 -0.028152 0.004000
v 0.052000 -0.030000 0.004000
v 0.051848 -0.030765 0.004000
v 0.051848 -0.029235 0.004000
v 0.051414 -0.031414 0.004000
v 0.051414 -0.028586 0.004000
v 0.050000 -0.028000 0.004000
v 0.050000 -0.032000 0.004000
v 0.048000 0.030000 -0.004000
v 0.048152 0.029235 -0.004000
v 0.048152 0.030765 -0.004000
v 0.049235 0.028152 -0.004000
v 0.048586 0.028586 -0.004000
v 0.049235 0.031848 -0.004000
v 0.048586 0.031414 -0.004000
v 0.050765 0.028152 -0.004000
v 0.050765 0.031848 -0.004000
v 0.052000 0.030000 -0.004000
v 0.051848 0.030765 -0.004000
v 0.051848 0.029235 -0.004000
v 0.051414 0.031414 -0.004000
v 0.051414 0.028586 -0.004000
v 0.050000 0.032000 -0.004000
v 0.050000 0.028000 -0.004000
v 0.048000 0.030000 0.004000
v 0.048152 0.029235 0.004000
v 0.048152 0.030765 0.004000
v 0.049235 0.028152 0.004000
v 0.048586 0.028586 0.004000
v 0.049235 0.031848 0.004000
v 0.048586 0.031414 0.004000
v 0.050765 0.028152 0.004000
v 0.050765 0.031848 0.004000
v 0.052000 0.030000 0.004000
v 0.051848 0.030765 0.004000
v 0.051848 0.029235 0.004000
v 0.051414 0.031414 0.004000
v 0.051414 0.028586 0.004000
v 0.050000 0.032000 0.004000
v 0.050000 0.028000 0.004000
vn -1.0000 -0.0000 -0.0000
vn -0.0000 -0.0000 -1.0000
vn 1.0000 -0.0000 -0.0000
vn -0.0000 -0.0000 1.0000
vn -0.0000 -1.0000 -0.0000
vn -0.0000 1.0000 -0.0000
vn -0.2503 -0.9319 0.2625
vn -0.2166 -0.6903 0.6903
vn -0.2625 -0.2503 0.9319
vn -0.6903 -0.2166 0.6903
vn -0.9319 -0.2625 0.2503
vn -0.6903 -0.6903 0.2166
vn -0.5773 -0.5774 0.5773
vn -0.2503 0.2625 0.9319
vn -0.2166 0.6903 0.6903
vn -0.2625 0.9319 0.2503
vn -0.6903 0.6903 0.2166
vn -0.9319 0.2503 0.2625
vn -0.6903 0.2166 0.6903
vn -0.5773 0.5774 0.5773
vn -0.2625 -0.9319 -0.2503
vn -0.6903 -0.6903 -0.2166
vn -0.9319 -0.2503 -0.2625
vn -0.6903 -0.2166 -0.6903
vn -0.2503 -0.2625 -0.9319
vn -0.2166 -0.6903 -0.6903
vn -0.5773 -0.5774 -0.5773
vn -0.2503 0.9319 -0.2625
vn -0.2166 0.6903 -0.6903
vn -0.2625 0.2503 -0.9319
vn -0.6903 0.2166 -0.6903
vn -0.9319 0.2625 -0.2503
vn -0.6903 0.6903 -0.2166
vn -0.5773 0.5774 -0.5773
vn 0.2625 -0.9319 0.2503
vn 0.6903 -0.6903 0.2166
vn 0.9319 -0.2503 0.2625
vn 0.6903 -0.2166 0.6903
vn 0.2503 -0.2625 0.9319
vn 0.2166 -0.6903 0.6903
vn 0.5773 -0.5774 0.5773
vn 0.2503 0.9319 0.2625
vn 0.2166 0.6903 0.6903
vn 0.2625 0.2503 0.9319
vn 0.6903 0.2166 0.6903
vn 0.9319 0.2625 0.2503
vn 0.6903 0.6903 0.2166
vn 0.5773 0.5774 0.5773
vn 0.2503 -0.9319 -0.2625
vn 0.2166 -0.6903 -0.6903
vn 0.2625 -0.2503 -0.9319
vn 0.6903 -0.2166 -0.6903
vn 0.9319 -0.2625 -0.2503
vn 0.6903 -0.6903 -0.2166
vn 0.5773 -0.5774 -0.5773
vn 0.2625 0.9319 -0.2503
vn 0.6903 0.6903 -0.2166
vn 0.9319 0.2503 -0.2625
vn 0.6903 0.2166 -0.6903
vn 0.2503 0.2625 -0.9319
vn 0.2166 0.6903 -0.6903
vn 0.5773 0.5774 -0.5773
vn -0.2594 -0.9658 -0.0000
vn -0.7071 -0.7071 -0.0000
vn -0.9658 -0.2593 -0.0000
vn -0.2593 -0.0000 0.9658
vn -0.7071 -0.0000 0.7071
vn -0.9658 -0.0000 0.2593
vn -0.2594 0.9658 -0.0000
vn -0.7071 0.7071 -0.0000
vn -0.9658 0.2593 -0.0000
vn -0.2593 -0.0000 -0.9658
vn -0.7071 -0.0000 -0.7071
vn -0.9658 -0.0000 -0.2593
vn -0.0000 -0.9658 -0.2593
vn -0.0000 -0.7071 -0.7071
vn -0.0000 -0.2593 -0.9658
vn -0.0000 0.9658 -0.2593
vn -0.0000 0.7071 -0.7071
vn -0.0000 0.2593 -0.9658
vn 0.9658 -0.0000 -0.2593
vn 0.7071 -0.0000 -0.7071
vn 0.2594 -0.0000 -0.9658
vn 0.2594 -0.9658 -0.0000
vn 0.7071 -0.7071 -0.0000
vn 0.9658 -0.2593 -0.0000
vn 0.2594 0.9658 -0.0000
vn 0.7071 0.7071 -0.0000
vn 0.9658 0.2593 -0.0000
vn 0.2593 -0.0000 0.9658
vn 0.7071 -0.0000 0.7071
vn 0.9658 -0.0000 0.2593
vn -0.0000 -0.9658 0.2593
vn -0.0000 -0.7071 0.7071
vn -0.0000 -0.2593 0.9658
vn -0.0000 0.9658 0.2593
vn -0.0000 0.7071 0.7071
vn -0.0000 0.2593 0.9658
vn -0.2496 -0.9314 0.2648
vn -0.2194 -0.6899 0.6899
vn -0.2648 -0.2496 0.9314
vn -0.6899 -0.2194 0.6899
vn -0.9314 -0.2648 0.2496
vn -0.6899 -0.6899 0.2194
vn -0.5774 -0.5773 0.5774
vn -0.2496 0.2648 0.9314
vn -0.2194 0.6899 0.6899
vn -0.2648 0.9314 0.2496
vn -0.6899 0.6899 0.2194
vn -0.9314 0.2496 0.2648
vn -0.6899 0.2194 0.6899
vn -0.5774 0.5773 0.5774
vn -0.2648 -0.9314 -0.2496
vn -0.6899 -0.6899 -0.2194
vn -0.9314 -0.2496 -0.2648
vn -0.6899 -0.2194 -0.6899
vn -0.2496 -0.2648 -0.9314
vn -0.2194 -0.6899 -0.6899
vn -0.2496 0.9314 -0.2648
vn -0.2194 0.6899 -0.6899
vn -0.2648 0.2496 -0.9314
vn -0.6899 0.2194 -0.6899
vn -0.9314 0.2648 -0.2496
vn -0.6899 0.6899 -0.2194
vn -0.5774 0.5774 -0.5773
vn 0.2648 -0.9314 0.2496
vn 0.6899 -0.6899 0.2193
vn 0.9314 -0.2496 0.2648
vn 0.6899 -0.2194 0.6899
vn 0.2496 -0.2648 0.9314
vn 0.2194 -0.6899 0.6899
vn 0.5773 -0.5773 0.5774
vn 0.2496 0.9314 0.2648
vn 0.2194 0.6899 0.6899
vn 0.2648 0.2496 0.9314
vn 0.6899 0.2194 0.6899
vn 0.9314 0.2648 0.2496
vn 0.6899 0.6899 0.2194
vn 0.5773 0.5773 0.5774
vn 0.2496 -0.9314 -0.2648
vn 0.2194 -0.6899 -0.6899
vn 0.2648 -0.2496 -0.9314
vn 0.6899 -0.2194 -0.6899
vn 0.9314 -0.2648 -0.2496
vn 0.6899 -0.6899 -0.2194
vn 0.5773 -0.5774 -0.5774
vn 0.2648 0.9314 -0.2496
vn 0.6899 0.6899 -0.2193
vn 0.9314 0.2496 -0.2648
vn 0.6899 0.2194 -0.6899
vn 0.2496 0.2648 -0.9314
vn 0.2194 0.6899 -0.6899
vn 0.5773 0.5773 -0.5774
vn -0.2589 -0.9659 -0.0000
vn -0.9659 -0.2589 -0.0000
vn -0.2589 -0.0000 0.9659
vn -0.9659 -0.0000 0.2589
vn -0.2589 0.9659 -0.0000
vn -0.9659 0.2589 -0.0000
vn -0.2589 -0.0000 -0.9659
vn -0.9659 -0.0000 -0.2589
vn -0.0000 -0.9659 -0.2589
vn -0.0000 -0.2589 -0.9659
vn -0.0000 0.9659 -0.2589
vn -0.0000 0.2589 -0.9659
vn 0.9659 -0.0000 -0.2589
vn 0.2589 -0.0000 -0.9659
vn 0.2589 -0.9659 -0.0000
vn 0.9659 -0.2589 -0.0000
vn 0.2589 0.9659 -0.0000
vn 0.9659 0.2589 -0.0000
vn 0.2589 -0.0000 0.9659
vn 0.9659 -0.0000 0.2589
vn -0.0000 -0.9659 0.2589
vn -0.0000 -0.2589 0.9659
vn -0.0000 0.9659 0.2589
vn -0.0000 0.2589 0.9659
vn -0.5774 -0.5773 0.5773
vn -0.5774 0.5774 0.5773
vn -0.5774 -0.5774 -0.5773
vn 0.5773 -0.5773 -0.5774
vn 0.6899 0.6899 -0.2194
vn 0.5773 0.5774 -0.5774
vn 0.6899 -0.6899 0.2194
vn -0.5774 -0.5774 0.5773
vn -0.5774 0.5773 0.5773
vn -0.5773 -0.5773 0.5774
vn -0.6899 0.6899 0.2193
vn -0.5773 0.5773 0.5774
vn -0.6899 -0.6899 -0.2193
vn -0.5773 -0.5774 -0.5774
vn -0.5773 0.5773 -0.5774
vn 0.5774 -0.5773 0.5774
vn 0.5774 0.5773 0.5774
vn 0.5774 0.5774 -0.5773
vn -0.5773 -0.5773 -0.5774
vn -0.5773 0.5774 -0.5774
vn 0.5774 -0.5773 0.5773
vn 0.5774 0.5774 0.5773
vn 0.5774 -0.5774 -0.5773
vn 0.5774 -0.5774 0.5773
vn 0.5774 0.5773 0.5773
vn -0.1949 -0.9808 -0.0000
vn -0.5559 -0.8313 -0.0000
vn -0.8313 -0.5559 -0.0000
vn -0.9808 -0.1949 -0.0000
vn -0.9808 0.1949 -0.0000
vn -0.8313 0.5559 -0.0000
vn -0.5559 0.8313 -0.0000
vn -0.1949 0.9808 -0.0000
vn 0.1949 0.9808 -0.0000
vn 0.5559 0.8313 -0.0000
vn 0.8313 0.5559 -0.0000
vn 0.9808 0.1949 -0.0000
vn 0.9808 -0.1949 -0.0000
vn 0.8313 -0.5559 -0.0000
vn 0.5559 -0.8313 -0.0000
vn 0.1949 -0.9808 -0.0000
vn -0.2625 -0.9319 0.2503
vn -0.2503 -0.2625 0.9319
vn -0.9319 -0.2503 0.2625
vn -0.2625 0.2503 0.9319
vn -0.2503 0.9319 0.2625
vn -0.9319 0.2625 0.2503
vn -0.2503 -0.9319 -0.2625
vn -0.9319 -0.2625 -0.2503
vn -0.2625 -0.2503 -0.9319
vn -0.2625 0.9319 -0.2503
vn -0.2503 0.2625 -0.9319
vn -0.9319 0.2503 -0.2625
vn 0.2503 -0.9319 0.2625
vn 0.9319 -0.2625 0.2503
vn 0.2625 -0.2503 0.9319
vn 0.2625 0.9319 0.2503
vn 0.2503 0.2625 0.9319
vn 0.9319 0.2503 0.2625
vn 0.2625 -0.9319 -0.2503
vn 0.2503 -0.2625 -0.9319
vn 0.9319 -0.2503 -0.2625
vn 0.2503 0.9319 -0.2625
vn 0.9319 0.2625 -0.2503
vn 0.2625 0.2503 -0.9319
vn -0.2593 -0.9658 -0.0000
vn -0.2593 0.9658 -0.0000
vn -0.2594 -0.0000 -0.9658
vn -0.0000 -0.2594 -0.9658
vn -0.0000 0.2594 -0.9658
vn 0.2593 -0.0000 -0.9658
vn 0.2593 -0.9658 -0.0000
vn 0.2593 0.9658 -0.0000
vn -0.2648 -0.9314 0.2496
vn -0.2496 -0.2648 0.9314
vn -0.9314 -0.2496 0.2648
vn -0.2648 0.2496 0.9314
vn -0.2496 0.9314 0.2648
vn -0.9314 0.2648 0.2496
vn -0.2496 -0.9314 -0.2648
vn -0.9314 -0.2648 -0.2496
vn -0.2648 -0.2496 -0.9314
vn -0.2648 0.9314 -0.2496
vn -0.2496 0.2648 -0.9314
vn -0.9314 0.2496 -0.2648
vn 0.2496 -0.9314 0.2648
vn 0.9314 -0.2648 0.2496
vn 0.2648 -0.2496 0.9314
vn 0.2648 0.9314 0.2496
vn 0.2496 0.2648 0.9314
vn 0.9314 0.2496 0.2648
vn 0.2648 -0.9314 -0.2496
vn 0.2496 -0.2648 -0.9314
vn 0.9314 -0.2496 -0.2648
vn 0.2496 0.9314 -0.2648
vn 0.9314 0.2648 -0.2496
vn 0.2648 0.2496 -0.9314
s 0
usemtl BoardBody
f 1//1 4//1 3//1
f 3//2 4//2 1147//2
f 1192//2 4//2 8//2
f 8//2 1213//2 1252//2
f 8//2 7//2 1220//2
f 1153//2 4//2 1178//2
f 7//3 6//3 5//3
f 1175//4 1//4 5//4
f 1229//4 6//4 1268//4
f 5//4 6//4 1236//4
f 2//4 1169//4 1198//4
f 2//4 1//4 1163//4
f 3//5 5//5 1//5
f 8//6 2//6 6//6
f 1160//203 1169//203 1176//203
f 1153//204 1173//204 1169//204
f 1173//205 1155//205 1171//205
f 1171//206 1154//206 1170//206
f 1170//207 1156//207 1172//207
f 1172//208 1158//208 1174//208
f 1174//209 1152//209 1168//209
f 1168//210 1159//210 1175//210
f 1175//211 1148//211 1165//211
f 1165//212 1149//212 1167//212
f 1149//213 1162//213 1167//213
f 1146//214 1161//214 1162//214
f 1145//215 1163//215 1161//215
f 1147//216 1166//216 1163//216
f 1151//217 1164//217 1166//217
f 1150//218 1176//218 1164//218
f 1192//203 1202//203 1208//203
f 1186//204 1206//204 1202//204
f 1206//205 1188//205 1204//205
f 1204//206 1187//206 1203//206
f 1203//207 1189//207 1205//207
f 1205//208 1184//208 1200//208
f 1200//209 1185//209 1201//209
f 1201//210 1191//210 1207//210
f 1207//211 1180//211 1196//211
f 1196//212 1182//212 1198//212
f 1182//213 1194//213 1198//213
f 1178//214 1193//214 1194//214
f 1177//215 1195//215 1193//215
f 1179//216 1199//216 1195//216
f 1183//217 1197//217 1199//217
f 1181//218 1208//218 1197//218
f 1223//203 1233//203 1239//203
f 1217//204 1238//204 1233//204
f 1238//205 1220//205 1236//205
f 1236//206 1218//206 1234//206
f 1234//207 1219//207 1235//207
f 1235//208 1221//208 1237//208
f 1237//209 1216//209 1232//209
f 1232//210 1224//210 1240//210
f 1240//211 1212//211 1228//211
f 1228//212 1214//212 1230//212
f 1214//213 1226//213 1230//213
f 1210//214 1225//214 1226//214
f 1209//215 1227//215 1225//215
f 1211//216 1231//216 1227//216
f 1215//217 1229//217 1231//217
f 1213//218 1239//218 1229//218
f 1255//203 1265//203 1271//203
f 1249//204 1269//204 1265//204
f 1269//205 1251//205 1267//205
f 1267//206 1250//206 1266//206
f 1266//207 1252//207 1268//207
f 1268//208 1254//208 1270//208
f 1270//209 1248//209 1264//209
f 1264//210 1256//210 1272//210
f 1272//211 1244//211 1260//211
f 1260//212 1245//212 1261//212
f 1245//213 1258//213 1261//213
f 1242//214 1257//214 1258//214
f 1241//215 1259//215 1257//215
f 1243//216 1263//216 1259//216
f 1247//217 1262//217 1263//217
f 1246//218 1271//218 1262//218
f 1//1 2//1 4//1
f 1146//2 1149//2 3//2
f 4//2 1160//2 1150//2
f 4//2 1150//2 1151//2
f 1145//2 1146//2 3//2
f 4//2 1151//2 1147//2
f 1147//2 1145//2 3//2
f 1216//2 1221//2 7//2
f 3//2 1149//2 1148//2
f 3//2 1148//2 1159//2
f 1224//2 1216//2 7//2
f 1212//2 1224//2 7//2
f 7//2 3//2 1159//2
f 7//2 1159//2 1152//2
f 1214//2 1212//2 7//2
f 1214//2 7//2 1152//2
f 1214//2 1152//2 1158//2
f 1210//2 1214//2 1158//2
f 1210//2 1158//2 1156//2
f 1209//2 1210//2 1156//2
f 1209//2 1156//2 1154//2
f 1211//2 1209//2 1154//2
f 1211//2 1154//2 1155//2
f 1256//2 1213//2 1215//2
f 1215//2 1211//2 1155//2
f 1157//2 1153//2 1191//2
f 1215//2 1155//2 1157//2
f 1244//2 1256//2 1215//2
f 1245//2 1244//2 1215//2
f 1215//2 1157//2 1191//2
f 1215//2 1191//2 1185//2
f 1242//2 1245//2 1215//2
f 1241//2 1242//2 1215//2
f 1215//2 1185//2 1184//2
f 1215//2 1184//2 1189//2
f 1241//2 1215//2 1189//2
f 1241//2 1189//2 1187//2
f 1243//2 1241//2 1187//2
f 1243//2 1187//2 1188//2
f 1247//2 1243//2 1188//2
f 1247//2 1188//2 1190//2
f 1246//2 1247//2 1190//2
f 1246//2 1190//2 1186//2
f 1255//2 1246//2 1186//2
f 1255//2 1186//2 1192//2
f 8//2 1253//2 1249//2
f 8//2 1249//2 1255//2
f 1181//2 1183//2 4//2
f 8//2 1255//2 1192//2
f 1192//2 1181//2 4//2
f 1251//2 1253//2 8//2
f 8//2 1223//2 1213//2
f 1213//2 1256//2 1248//2
f 1213//2 1248//2 1254//2
f 1250//2 1251//2 8//2
f 1213//2 1254//2 1252//2
f 1252//2 1250//2 8//2
f 1217//2 1223//2 8//2
f 7//2 1221//2 1219//2
f 7//2 1219//2 1218//2
f 1222//2 1217//2 8//2
f 7//2 1218//2 1220//2
f 1220//2 1222//2 8//2
f 1180//2 1191//2 1153//2
f 1153//2 1160//2 4//2
f 4//2 1183//2 1179//2
f 4//2 1179//2 1177//2
f 1182//2 1180//2 1153//2
f 4//2 1177//2 1178//2
f 1178//2 1182//2 1153//2
f 7//3 8//3 6//3
f 1265//4 1269//4 6//4
f 2//4 1199//4 1197//4
f 2//4 1197//4 1208//4
f 1271//4 1265//4 6//4
f 1262//4 1271//4 6//4
f 6//4 2//4 1208//4
f 6//4 1208//4 1202//4
f 1263//4 1262//4 6//4
f 1263//4 6//4 1202//4
f 1263//4 1202//4 1206//4
f 1259//4 1263//4 1206//4
f 1259//4 1206//4 1204//4
f 1257//4 1259//4 1204//4
f 1257//4 1204//4 1203//4
f 1258//4 1257//4 1203//4
f 1258//4 1203//4 1205//4
f 1261//4 1258//4 1205//4
f 1261//4 1205//4 1200//4
f 1229//4 1272//4 1260//4
f 1260//4 1261//4 1200//4
f 1201//4 1207//4 1173//4
f 1260//4 1200//4 1201//4
f 1231//4 1229//4 1260//4
f 1227//4 1231//4 1260//4
f 1260//4 1201//4 1173//4
f 1260//4 1173//4 1171//4
f 1225//4 1227//4 1260//4
f 1225//4 1260//4 1171//4
f 1225//4 1171//4 1170//4
f 1226//4 1225//4 1170//4
f 1226//4 1170//4 1172//4
f 1230//4 1226//4 1172//4
f 1230//4 1172//4 1174//4
f 1228//4 1230//4 1174//4
f 1228//4 1174//4 1168//4
f 1240//4 1228//4 1168//4
f 1240//4 1168//4 1175//4
f 5//4 1237//4 1232//4
f 5//4 1232//4 1240//4
f 1165//4 1167//4 1//4
f 5//4 1240//4 1175//4
f 1175//4 1165//4 1//4
f 1264//4 1272//4 1229//4
f 1229//4 1239//4 6//4
f 6//4 1269//4 1267//4
f 6//4 1267//4 1266//4
f 1270//4 1264//4 1229//4
f 6//4 1266//4 1268//4
f 1268//4 1270//4 1229//4
f 1235//4 1237//4 5//4
f 6//4 1239//4 1233//4
f 6//4 1233//4 1238//4
f 1234//4 1235//4 5//4
f 6//4 1238//4 1236//4
f 1236//4 1234//4 5//4
f 1195//4 1199//4 2//4
f 2//4 1176//4 1169//4
f 1169//4 1173//4 1207//4
f 1169//4 1207//4 1196//4
f 1193//4 1195//4 2//4
f 1194//4 1193//4 2//4
f 1169//4 1196//4 1198//4
f 1198//4 1194//4 2//4
f 1164//4 1176//4 2//4
f 1//4 1167//4 1162//4
f 1//4 1162//4 1161//4
f 1166//4 1164//4 2//4
f 1//4 1161//4 1163//4
f 1163//4 1166//4 2//4
f 3//5 7//5 5//5
f 8//6 4//6 2//6
f 1160//203 1153//203 1169//203
f 1153//204 1157//204 1173//204
f 1173//205 1157//205 1155//205
f 1171//206 1155//206 1154//206
f 1170//207 1154//207 1156//207
f 1172//208 1156//208 1158//208
f 1174//209 1158//209 1152//209
f 1168//210 1152//210 1159//210
f 1175//211 1159//211 1148//211
f 1165//212 1148//212 1149//212
f 1149//213 1146//213 1162//213
f 1146//214 1145//214 1161//214
f 1145//215 1147//215 1163//215
f 1147//216 1151//216 1166//216
f 1151//217 1150//217 1164//217
f 1150//218 1160//218 1176//218
f 1192//203 1186//203 1202//203
f 1186//204 1190//204 1206//204
f 1206//205 1190//205 1188//205
f 1204//206 1188//206 1187//206
f 1203//207 1187//207 1189//207
f 1205//208 1189//208 1184//208
f 1200//209 1184//209 1185//209
f 1201//210 1185//210 1191//210
f 1207//211 1191//211 1180//211
f 1196//212 1180//212 1182//212
f 1182//213 1178//213 1194//213
f 1178//214 1177//214 1193//214
f 1177//215 1179//215 1195//215
f 1179//216 1183//216 1199//216
f 1183//217 1181//217 1197//217
f 1181//218 1192//218 1208//218
f 1223//203 1217//203 1233//203
f 1217//204 1222//204 1238//204
f 1238//205 1222//205 1220//205
f 1236//206 1220//206 1218//206
f 1234//207 1218//207 1219//207
f 1235//208 1219//208 1221//208
f 1237//209 1221//209 1216//209
f 1232//210 1216//210 1224//210
f 1240//211 1224//211 1212//211
f 1228//212 1212//212 1214//212
f 1214//213 1210//213 1226//213
f 1210//214 1209//214 1225//214
f 1209//215 1211//215 1227//215
f 1211//216 1215//216 1231//216
f 1215//217 1213//217 1229//217
f 1213//218 1223//218 1239//218
f 1255//203 1249//203 1265//203
f 1249//204 1253//204 1269//204
f 1269//205 1253//205 1251//205
f 1267//206 1251//206 1250//206
f 1266//207 1250//207 1252//207
f 1268//208 1252//208 1254//208
f 1270//209 1254//209 1248//209
f 1264//210 1248//210 1256//210
f 1272//211 1256//211 1244//211
f 1260//212 1244//212 1245//212
f 1245//213 1242//213 1258//213
f 1242//214 1241//214 1257//214
f 1241//215 1243//215 1259//215
f 1243//216 1247//216 1263//216
f 1247//217 1246//217 1262//217
f 1246//218 1255//218 1271//218
usemtl Black
f 9//7 14//7 13//7
f 12//8 17//8 14//8
f 10//9 17//9 16//9
f 15//10 20//10 17//10
f 11//11 20//11 19//11
f 18//12 14//12 20//12
f 14//13 17//13 20//13
f 21//14 26//14 25//14
f 24//15 29//15 26//15
f 22//16 29//16 28//16
f 27//17 32//17 29//17
f 23//18 32//18 31//18
f 30//19 26//19 32//19
f 26//20 29//20 32//20
f 33//21 38//21 37//21
f 36//22 41//22 38//22
f 34//23 41//23 40//23
f 39//24 44//24 41//24
f 35//25 44//25 43//25
f 42//26 38//26 44//26
f 38//27 41//27 44//27
f 45//28 50//28 49//28
f 48//29 53//29 50//29
f 46//30 53//30 52//30
f 51//31 56//31 53//31
f 47//32 56//32 55//32
f 54//33 50//33 56//33
f 50//34 53//34 56//34
f 57//35 62//35 61//35
f 60//36 65//36 62//36
f 58//37 65//37 64//37
f 63//38 68//38 65//38
f 59//39 68//39 67//39
f 66//40 62//40 68//40
f 62//41 65//41 68//41
f 69//42 74//42 73//42
f 72//43 77//43 74//43
f 70//44 77//44 76//44
f 75//45 80//45 77//45
f 71//46 80//46 79//46
f 78//47 74//47 80//47
f 74//48 77//48 80//48
f 81//49 86//49 85//49
f 84//50 89//50 86//50
f 82//51 89//51 88//51
f 87//52 92//52 89//52
f 83//53 92//53 91//53
f 90//54 86//54 92//54
f 86//55 89//55 92//55
f 93//56 98//56 97//56
f 96//57 101//57 98//57
f 94//58 101//58 100//58
f 99//59 104//59 101//59
f 95//60 104//60 103//60
f 102//61 98//61 104//61
f 98//62 101//62 104//62
f 33//63 13//63 36//63
f 36//64 18//64 40//64
f 40//65 11//65 34//65
f 10//66 25//66 15//66
f 15//67 30//67 19//67
f 19//68 23//68 11//68
f 22//69 49//69 27//69
f 27//70 54//70 31//70
f 31//71 47//71 23//71
f 46//72 43//72 51//72
f 51//73 39//73 55//73
f 55//74 34//74 47//74
f 81//75 37//75 84//75
f 84//76 42//76 88//76
f 88//77 35//77 82//77
f 45//78 97//78 48//78
f 48//79 102//79 52//79
f 52//80 95//80 46//80
f 94//81 91//81 99//81
f 99//82 87//82 103//82
f 103//83 82//83 95//83
f 57//84 85//84 60//84
f 60//85 90//85 64//85
f 64//86 83//86 58//86
f 93//87 73//87 96//87
f 96//88 78//88 100//88
f 100//89 71//89 94//89
f 70//90 67//90 75//90
f 75//91 63//91 79//91
f 79//92 58//92 71//92
f 9//93 61//93 12//93
f 12//94 66//94 16//94
f 16//95 59//95 10//95
f 69//96 28//96 72//96
f 72//97 24//97 76//97
f 76//98 21//98 70//98
f 33//5 57//5 9//5
f 11//1 47//1 34//1
f 59//4 21//4 10//4
f 93//6 22//6 69//6
f 35//2 95//2 82//2
f 83//3 71//3 58//3
f 105//99 110//99 109//99
f 108//100 113//100 110//100
f 106//101 113//101 112//101
f 111//102 116//102 113//102
f 107//103 116//103 115//103
f 114//104 110//104 116//104
f 110//105 113//105 116//105
f 117//106 122//106 121//106
f 120//107 125//107 122//107
f 118//108 125//108 124//108
f 123//109 128//109 125//109
f 119//110 128//110 127//110
f 126//111 122//111 128//111
f 122//112 125//112 128//112
f 129//113 134//113 133//113
f 132//114 137//114 134//114
f 130//115 137//115 136//115
f 135//116 140//116 137//116
f 131//117 140//117 139//117
f 138//118 134//118 140//118
f 134//27 137//27 140//27
f 141//119 146//119 145//119
f 144//120 149//120 146//120
f 142//121 149//121 148//121
f 147//122 152//122 149//122
f 143//123 152//123 151//123
f 150//124 146//124 152//124
f 146//125 149//125 152//125
f 153//126 158//126 157//126
f 156//127 161//127 158//127
f 154//128 161//128 160//128
f 159//129 164//129 161//129
f 155//130 164//130 163//130
f 162//131 158//131 164//131
f 158//132 161//132 164//132
f 165//133 170//133 169//133
f 168//134 173//134 170//134
f 166//135 173//135 172//135
f 171//136 176//136 173//136
f 167//137 176//137 175//137
f 174//138 170//138 176//138
f 170//139 173//139 176//139
f 177//140 182//140 181//140
f 180//141 185//141 182//141
f 178//142 185//142 184//142
f 183//143 188//143 185//143
f 179//144 188//144 187//144
f 186//145 182//145 188//145
f 182//146 185//146 188//146
f 189//147 194//147 193//147
f 192//148 197//148 194//148
f 190//149 197//149 196//149
f 195//150 200//150 197//150
f 191//151 200//151 199//151
f 198//152 194//152 200//152
f 194//153 197//153 200//153
f 129//154 109//154 132//154
f 132//64 114//64 136//64
f 136//155 107//155 130//155
f 106//156 121//156 111//156
f 111//67 126//67 115//67
f 115//157 119//157 107//157
f 118//158 145//158 123//158
f 123//70 150//70 127//70
f 127//159 143//159 119//159
f 142//160 139//160 147//160
f 147//73 135//73 151//73
f 151//161 130//161 143//161
f 177//162 133//162 180//162
f 180//76 138//76 184//76
f 184//163 131//163 178//163
f 141//164 193//164 144//164
f 144//79 198//79 148//79
f 148//165 191//165 142//165
f 190//166 187//166 195//166
f 195//82 183//82 199//82
f 199//167 178//167 191//167
f 153//168 181//168 156//168
f 156//85 186//85 160//85
f 160//169 179//169 154//169
f 189//170 169//170 192//170
f 192//88 174//88 196//88
f 196//171 167//171 190//171
f 166//172 163//172 171//172
f 171//91 159//91 175//91
f 175//173 154//173 167//173
f 105//174 157//174 108//174
f 108//94 162//94 112//94
f 112//175 155//175 106//175
f 165//176 124//176 168//176
f 168//97 120//97 172//97
f 172//177 117//177 166//177
f 129//5 153//5 105//5
f 107//1 143//1 130//1
f 155//4 117//4 106//4
f 189//6 118//6 165//6
f 131//2 191//2 178//2
f 179//3 167//3 154//3
f 209//99 214//99 213//99
f 212//100 217//100 214//100
f 210//101 217//101 216//101
f 215//102 220//102 217//102
f 211//103 220//103 219//103
f 218//104 214//104 220//104
f 214//178 217//178 220//178
f 221//106 226//106 225//106
f 224//107 229//107 226//107
f 222//108 229//108 228//108
f 227//109 232//109 229//109
f 223//110 232//110 231//110
f 230//111 226//111 232//111
f 226//179 229//179 232//179
f 233//113 238//113 237//113
f 236//114 241//114 238//114
f 234//115 241//115 240//115
f 239//116 244//116 241//116
f 235//117 244//117 243//117
f 242//118 238//118 244//118
f 238//180 241//180 244//180
f 245//119 250//119 249//119
f 248//120 253//120 250//120
f 246//121 253//121 252//121
f 251//122 256//122 253//122
f 247//123 256//123 255//123
f 254//124 250//124 256//124
f 250//125 253//125 256//125
f 257//126 262//126 261//126
f 260//127 265//127 262//127
f 258//128 265//128 264//128
f 263//129 268//129 265//129
f 259//130 268//130 267//130
f 266//131 262//131 268//131
f 262//132 265//132 268//132
f 269//133 274//133 273//133
f 272//134 277//134 274//134
f 270//135 277//135 276//135
f 275//136 280//136 277//136
f 271//137 280//137 279//137
f 278//138 274//138 280//138
f 274//139 277//139 280//139
f 281//140 286//140 285//140
f 284//141 289//141 286//141
f 282//142 289//142 288//142
f 287//143 292//143 289//143
f 283//144 292//144 291//144
f 290//145 286//145 292//145
f 286//181 289//181 292//181
f 293//147 298//147 297//147
f 296//182 301//182 298//182
f 294//149 301//149 300//149
f 299//150 304//150 301//150
f 295//151 304//151 303//151
f 302//152 298//152 304//152
f 298//183 301//183 304//183
f 233//154 213//154 236//154
f 236//64 218//64 240//64
f 240//155 211//155 234//155
f 210//156 225//156 215//156
f 215//67 230//67 219//67
f 219//157 223//157 211//157
f 222//158 249//158 227//158
f 227//70 254//70 231//70
f 231//159 247//159 223//159
f 246//160 243//160 251//160
f 251//73 239//73 255//73
f 255//161 234//161 247//161
f 281//162 237//162 284//162
f 284//76 242//76 288//76
f 288//163 235//163 282//163
f 245//164 297//164 248//164
f 248//79 302//79 252//79
f 252//165 295//165 246//165
f 294//166 291//166 299//166
f 299//82 287//82 303//82
f 303//167 282//167 295//167
f 257//168 285//168 260//168
f 260//85 290//85 264//85
f 264//169 283//169 258//169
f 293//170 273//170 296//170
f 296//88 278//88 300//88
f 300//171 271//171 294//171
f 270//172 267//172 275//172
f 275//91 263//91 279//91
f 279//173 258//173 271//173
f 209//174 261//174 212//174
f 212//94 266//94 216//94
f 216//175 259//175 210//175
f 269//176 228//176 272//176
f 272//97 224//97 276//97
f 276//177 221//177 270//177
f 233//5 257//5 209//5
f 211//1 247//1 234//1
f 259//4 221//4 210//4
f 293//6 222//6 269//6
f 235//2 295//2 282//2
f 283//3 271//3 258//3
f 313//99 318//99 317//99
f 316//100 321//100 318//100
f 314//101 321//101 320//101
f 319//102 324//102 321//102
f 315//103 324//103 323//103
f 322//104 318//104 324//104
f 318//105 321//105 324//105
f 325//106 330//106 329//106
f 328//107 333//107 330//107
f 326//108 333//108 332//108
f 331//109 336//109 333//109
f 327//110 336//110 335//110
f 334//111 330//111 336//111
f 330//112 333//112 336//112
f 337//113 342//113 341//113
f 340//114 345//114 342//114
f 338//115 345//115 344//115
f 343//116 348//116 345//116
f 339//117 348//117 347//117
f 346//118 342//118 348//118
f 342//27 345//27 348//27
f 349//119 354//119 353//119
f 352//120 357//120 354//120
f 350//121 357//121 356//121
f 355//122 360//122 357//122
f 351//123 360//123 359//123
f 358//124 354//124 360//124
f 354//34 357//34 360//34
f 361//126 366//126 365//126
f 364//184 369//184 366//184
f 362//128 369//128 368//128
f 367//129 372//129 369//129
f 363//130 372//130 371//130
f 370//131 366//131 372//131
f 366//132 369//132 372//132
f 373//133 378//133 377//133
f 376//134 381//134 378//134
f 374//135 381//135 380//135
f 379//136 384//136 381//136
f 375//137 384//137 383//137
f 382//138 378//138 384//138
f 378//139 381//139 384//139
f 385//140 390//140 389//140
f 388//141 393//141 390//141
f 386//142 393//142 392//142
f 391//143 396//143 393//143
f 387//144 396//144 395//144
f 394//145 390//145 396//145
f 390//146 393//146 396//146
f 397//147 402//147 401//147
f 400//182 405//182 402//182
f 398//149 405//149 404//149
f 403//150 408//150 405//150
f 399//151 408//151 407//151
f 406//152 402//152 408//152
f 402//183 405//183 408//183
f 337//154 317//154 340//154
f 340//64 322//64 344//64
f 344//155 315//155 338//155
f 314//156 329//156 319//156
f 319//67 334//67 323//67
f 323//157 327//157 315//157
f 326//158 353//158 331//158
f 331//70 358//70 335//70
f 335//159 351//159 327//159
f 350//160 347//160 355//160
f 355//73 343//73 359//73
f 359//161 338//161 351//161
f 385//162 341//162 388//162
f 388//76 346//76 392//76
f 392//163 339//163 386//163
f 349//164 401//164 352//164
f 352//79 406//79 356//79
f 356//165 399//165 350//165
f 398//166 395//166 403//166
f 403//82 391//82 407//82
f 407//167 386//167 399//167
f 361//168 389//168 364//168
f 364//85 394//85 368//85
f 368//169 387//169 362//169
f 397//170 377//170 400//170
f 400//88 382//88 404//88
f 404//171 375//171 398//171
f 374//172 371//172 379//172
f 379//91 367//91 383//91
f 383//173 362//173 375//173
f 313//174 365//174 316//174
f 316//94 370//94 320//94
f 320//175 363//175 314//175
f 373//176 332//176 376//176
f 376//97 328//97 380//97
f 380//177 325//177 374//177
f 337//5 361//5 313//5
f 315//1 351//1 338//1
f 363//4 325//4 314//4
f 397//6 326//6 373//6
f 339//2 399//2 386//2
f 387//3 375//3 362//3
f 417//99 422//99 421//99
f 420//100 425//100 422//100
f 418//101 425//101 424//101
f 423//102 428//102 425//102
f 419//103 428//103 427//103
f 426//104 422//104 428//104
f 422//185 425//185 428//185
f 429//106 434//106 433//106
f 432//107 437//107 434//107
f 430//108 437//108 436//108
f 435//109 440//109 437//109
f 431//110 440//110 439//110
f 438//111 434//111 440//111
f 434//186 437//186 440//186
f 441//113 446//113 445//113
f 444//114 449//114 446//114
f 442//115 449//115 448//115
f 447//116 452//116 449//116
f 443//117 452//117 451//117
f 450//118 446//118 452//118
f 446//180 449//180 452//180
f 453//119 458//119 457//119
f 456//120 461//120 458//120
f 454//121 461//121 460//121
f 459//122 464//122 461//122
f 455//123 464//123 463//123
f 462//124 458//124 464//124
f 458//125 461//125 464//125
f 465//126 470//126 469//126
f 468//184 473//184 470//184
f 466//128 473//128 472//128
f 471//129 476//129 473//129
f 467//130 476//130 475//130
f 474//131 470//131 476//131
f 470//132 473//132 476//132
f 477//133 482//133 481//133
f 480//134 485//134 482//134
f 478//135 485//135 484//135
f 483//136 488//136 485//136
f 479//137 488//137 487//137
f 486//138 482//138 488//138
f 482//139 485//139 488//139
f 489//140 494//140 493//140
f 492//141 497//141 494//141
f 490//142 497//142 496//142
f 495//143 500//143 497//143
f 491//144 500//144 499//144
f 498//145 494//145 500//145
f 494//146 497//146 500//146
f 501//147 506//147 505//147
f 504//148 509//148 506//148
f 502//149 509//149 508//149
f 507//150 512//150 509//150
f 503//151 512//151 511//151
f 510//152 506//152 512//152
f 506//153 509//153 512//153
f 441//154 421//154 444//154
f 444//64 426//64 448//64
f 448//155 419//155 442//155
f 418//156 433//156 423//156
f 423//67 438//67 427//67
f 427//157 431//157 419//157
f 430//158 457//158 435//158
f 435//70 462//70 439//70
f 439//159 455//159 431//159
f 454//160 451//160 459//160
f 459//73 447//73 463//73
f 463//161 442//161 455//161
f 489//162 445//162 492//162
f 492//76 450//76 496//76
f 496//163 443//163 490//163
f 453//164 505//164 456//164
f 456//79 510//79 460//79
f 460//165 503//165 454//165
f 502//166 499//166 507//166
f 507//82 495//82 511//82
f 511//167 490//167 503//167
f 465//168 493//168 468//168
f 468//85 498//85 472//85
f 472//169 491//169 466//169
f 501//170 481//170 504//170
f 504//88 486//88 508//88
f 508//171 479//171 502//171
f 478//172 475//172 483//172
f 483//91 471//91 487//91
f 487//173 466//173 479//173
f 417//174 469//174 420//174
f 420//94 474//94 424//94
f 424//175 467//175 418//175
f 477//176 436//176 480//176
f 480//97 432//97 484//97
f 484//177 429//177 478//177
f 441//5 465//5 417//5
f 419//1 455//1 442//1
f 467//4 429//4 418//4
f 501//6 430//6 477//6
f 443//2 503//2 490//2
f 491//3 479//3 466//3
f 521//99 526//99 525//99
f 524//100 529//100 526//100
f 522//101 529//101 528//101
f 527//102 532//102 529//102
f 523//103 532//103 531//103
f 530//104 526//104 532//104
f 526//105 529//105 532//105
f 533//106 538//106 537//106
f 536//107 541//107 538//107
f 534//108 541//108 540//108
f 539//109 544//109 541//109
f 535//110 544//110 543//110
f 542//111 538//111 544//111
f 538//112 541//112 544//112
f 545//113 550//113 549//113
f 548//114 553//114 550//114
f 546//115 553//115 552//115
f 551//116 556//116 553//116
f 547//117 556//117 555//117
f 554//118 550//118 556//118
f 550//180 553//180 556//180
f 557//119 562//119 561//119
f 560//120 565//120 562//120
f 558//121 565//121 564//121
f 563//122 568//122 565//122
f 559//123 568//123 567//123
f 566//124 562//124 568//124
f 562//34 565//34 568//34
f 569//126 574//126 573//126
f 572//127 577//127 574//127
f 570//128 577//128 576//128
f 575//129 580//129 577//129
f 571//130 580//130 579//130
f 578//131 574//131 580//131
f 574//132 577//132 580//132
f 581//133 586//133 585//133
f 584//134 589//134 586//134
f 582//135 589//135 588//135
f 587//136 592//136 589//136
f 583//137 592//137 591//137
f 590//138 586//138 592//138
f 586//139 589//139 592//139
f 593//140 598//140 597//140
f 596//141 601//141 598//141
f 594//142 601//142 600//142
f 599//143 604//143 601//143
f 595//144 604//144 603//144
f 602//145 598//145 604//145
f 598//181 601//181 604//181
f 605//147 610//147 609//147
f 608//148 613//148 610//148
f 606//149 613//149 612//149
f 611//150 616//150 613//150
f 607//151 616//151 615//151
f 614//152 610//152 616//152
f 610//183 613//183 616//183
f 545//154 525//154 548//154
f 548//64 530//64 552//64
f 552//155 523//155 546//155
f 522//156 537//156 527//156
f 527//67 542//67 531//67
f 531//157 535//157 523//157
f 534//158 561//158 539//158
f 539//70 566//70 543//70
f 543//159 559//159 535//159
f 558//160 555//160 563//160
f 563//73 551//73 567//73
f 567//161 546//161 559//161
f 593//162 549//162 596//162
f 596//76 554//76 600//76
f 600//163 547//163 594//163
f 557//164 609//164 560//164
f 560//79 614//79 564//79
f 564//165 607//165 558//165
f 606//166 603//166 611//166
f 611//82 599//82 615//82
f 615//167 594//167 607//167
f 569//168 597//168 572//168
f 572//85 602//85 576//85
f 576//169 595//169 570//169
f 605//170 585//170 608//170
f 608//88 590//88 612//88
f 612//171 583//171 606//171
f 582//172 579//172 587//172
f 587//91 575//91 591//91
f 591//173 570//173 583//173
f 521//174 573//174 524//174
f 524//94 578//94 528//94
f 528//175 571//175 522//175
f 581//176 540//176 584//176
f 584//97 536//97 588//97
f 588//177 533//177 582//177
f 545//5 569//5 521//5
f 523//1 559//1 546//1
f 571//4 533//4 522//4
f 605//6 534//6 581//6
f 547//2 607//2 594//2
f 595//3 583//3 570//3
f 625//99 630//99 629//99
f 628//100 633//100 630//100
f 626//101 633//101 632//101
f 631//102 636//102 633//102
f 627//103 636//103 635//103
f 634//104 630//104 636//104
f 630//187 633//187 636//187
f 637//106 642//106 641//106
f 640//107 645//107 642//107
f 638//108 645//108 644//108
f 643//188 648//188 645//188
f 639//110 648//110 647//110
f 646//111 642//111 648//111
f 642//189 645//189 648//189
f 649//113 654//113 653//113
f 652//190 657//190 654//190
f 650//115 657//115 656//115
f 655//116 660//116 657//116
f 651//117 660//117 659//117
f 658//118 654//118 660//118
f 654//191 657//191 660//191
f 661//119 666//119 665//119
f 664//120 669//120 666//120
f 662//121 669//121 668//121
f 667//122 672//122 669//122
f 663//123 672//123 671//123
f 670//124 666//124 672//124
f 666//192 669//192 672//192
f 673//126 678//126 677//126
f 676//184 681//184 678//184
f 674//128 681//128 680//128
f 679//129 684//129 681//129
f 675//130 684//130 683//130
f 682//131 678//131 684//131
f 678//193 681//193 684//193
f 685//133 690//133 689//133
f 688//134 693//134 690//134
f 686//135 693//135 692//135
f 691//136 696//136 693//136
f 687//137 696//137 695//137
f 694//138 690//138 696//138
f 690//194 693//194 696//194
f 697//140 702//140 701//140
f 700//141 705//141 702//141
f 698//142 705//142 704//142
f 703//143 708//143 705//143
f 699//144 708//144 707//144
f 706//145 702//145 708//145
f 702//55 705//55 708//55
f 709//147 714//147 713//147
f 712//182 717//182 714//182
f 710//149 717//149 716//149
f 715//150 720//150 717//150
f 711//151 720//151 719//151
f 718//152 714//152 720//152
f 714//195 717//195 720//195
f 649//154 629//154 652//154
f 652//64 634//64 656//64
f 656//155 627//155 650//155
f 626//156 641//156 631//156
f 631//67 646//67 635//67
f 635//157 639//157 627//157
f 638//158 665//158 643//158
f 643//70 670//70 647//70
f 647//159 663//159 639//159
f 662//160 659//160 667//160
f 667//73 655//73 671//73
f 671//161 650//161 663//161
f 697//162 653//162 700//162
f 700//76 658//76 704//76
f 704//163 651//163 698//163
f 661//164 713//164 664//164
f 664//79 718//79 668//79
f 668//165 711//165 662//165
f 710//166 707//166 715//166
f 715//82 703//82 719//82
f 719//167 698//167 711//167
f 673//168 701//168 676//168
f 676//85 706//85 680//85
f 680//169 699//169 674//169
f 709//170 689//170 712//170
f 712//88 694//88 716//88
f 716//171 687//171 710//171
f 686//172 683//172 691//172
f 691//91 679//91 695//91
f 695//173 674//173 687//173
f 625//174 677//174 628//174
f 628//94 682//94 632//94
f 632//175 675//175 626//175
f 685//176 644//176 688//176
f 688//97 640//97 692//97
f 692//177 637//177 686//177
f 649//5 673//5 625//5
f 627//1 663//1 650//1
f 675//4 637//4 626//4
f 709//6 638//6 685//6
f 651//2 711//2 698//2
f 699//3 687//3 674//3
f 729//99 734//99 733//99
f 732//100 737//100 734//100
f 730//101 737//101 736//101
f 735//102 740//102 737//102
f 731//103 740//103 739//103
f 738//104 734//104 740//104
f 734//187 737//187 740//187
f 741//106 746//106 745//106
f 744//107 749//107 746//107
f 742//108 749//108 748//108
f 747//109 752//109 749//109
f 743//110 752//110 751//110
f 750//111 746//111 752//111
f 746//189 749//189 752//189
f 753//113 758//113 757//113
f 756//190 761//190 758//190
f 754//115 761//115 760//115
f 759//116 764//116 761//116
f 755//117 764//117 763//117
f 762//118 758//118 764//118
f 758//196 761//196 764//196
f 765//119 770//119 769//119
f 768//120 773//120 770//120
f 766//121 773//121 772//121
f 771//122 776//122 773//122
f 767//123 776//123 775//123
f 774//124 770//124 776//124
f 770//197 773//197 776//197
f 777//126 782//126 781//126
f 780//184 785//184 782//184
f 778//128 785//128 784//128
f 783//129 788//129 785//129
f 779//130 788//130 787//130
f 786//131 782//131 788//131
f 782//198 785//198 788//198
f 789//133 794//133 793//133
f 792//134 797//134 794//134
f 790//135 797//135 796//135
f 795//136 800//136 797//136
f 791//137 800//137 799//137
f 798//138 794//138 800//138
f 794//199 797//199 800//199
f 801//140 806//140 805//140
f 804//141 809//141 806//141
f 802//142 809//142 808//142
f 807//143 812//143 809//143
f 803//144 812//144 811//144
f 810//145 806//145 812//145
f 806//200 809//200 812//200
f 813//147 818//147 817//147
f 816//182 821//182 818//182
f 814//149 821//149 820//149
f 819//150 824//150 821//150
f 815//151 824//151 823//151
f 822//152 818//152 824//152
f 818//195 821//195 824//195
f 753//154 733//154 756//154
f 756//64 738//64 760//64
f 760//155 731//155 754//155
f 730//156 745//156 735//156
f 735//67 750//67 739//67
f 739//157 743//157 731//157
f 742//158 769//158 747//158
f 747//70 774//70 751//70
f 751//159 767//159 743//159
f 766//160 763//160 771//160
f 771//73 759//73 775//73
f 775//161 754//161 767//161
f 801//162 757//162 804//162
f 804//76 762//76 808//76
f 808//163 755//163 802//163
f 765//164 817//164 768//164
f 768//79 822//79 772//79
f 772//165 815//165 766//165
f 814//166 811//166 819//166
f 819//82 807//82 823//82
f 823//167 802//167 815//167
f 777//168 805//168 780//168
f 780//85 810//85 784//85
f 784//169 803//169 778//169
f 813//170 793//170 816//170
f 816//88 798//88 820//88
f 820//171 791//171 814//171
f 790//172 787//172 795//172
f 795//91 783//91 799//91
f 799//173 778//173 791//173
f 729//174 781//174 732//174
f 732//94 786//94 736//94
f 736//175 779//175 730//175
f 789//176 748//176 792//176
f 792//97 744//97 796//97
f 796//177 741//177 790//177
f 753//5 777//5 729//5
f 731//1 767//1 754//1
f 779//4 741//4 730//4
f 813//6 742//6 789//6
f 755//2 815//2 802//2
f 803//3 791//3 778//3
f 833//99 838//99 837//99
f 836//100 841//100 838//100
f 834//101 841//101 840//101
f 839//102 844//102 841//102
f 835//103 844//103 843//103
f 842//104 838//104 844//104
f 838//187 841//187 844//187
f 845//106 850//106 849//106
f 848//107 853//107 850//107
f 846//108 853//108 852//108
f 851//109 856//109 853//109
f 847//110 856//110 855//110
f 854//111 850//111 856//111
f 850//189 853//189 856//189
f 857//113 862//113 861//113
f 860//114 865//114 862//114
f 858//115 865//115 864//115
f 863//116 868//116 865//116
f 859//117 868//117 867//117
f 866//118 862//118 868//118
f 862//191 865//191 868//191
f 869//119 874//119 873//119
f 872//120 877//120 874//120
f 870//121 877//121 876//121
f 875//122 880//122 877//122
f 871//123 880//123 879//123
f 878//124 874//124 880//124
f 874//197 877//197 880//197
f 881//126 886//126 885//126
f 884//184 889//184 886//184
f 882//128 889//128 888//128
f 887//129 892//129 889//129
f 883//130 892//130 891//130
f 890//131 886//131 892//131
f 886//193 889//193 892//193
f 893//133 898//133 897//133
f 896//134 901//134 898//134
f 894//135 901//135 900//135
f 899//136 904//136 901//136
f 895//137 904//137 903//137
f 902//138 898//138 904//138
f 898//194 901//194 904//194
f 905//140 910//140 909//140
f 908//141 913//141 910//141
f 906//142 913//142 912//142
f 911//143 916//143 913//143
f 907//144 916//144 915//144
f 914//145 910//145 916//145
f 910//55 913//55 916//55
f 917//147 922//147 921//147
f 920//182 925//182 922//182
f 918//149 925//149 924//149
f 923//150 928//150 925//150
f 919//151 928//151 927//151
f 926//152 922//152 928//152
f 922//62 925//62 928//62
f 857//154 837//154 860//154
f 860//64 842//64 864//64
f 864//155 835//155 858//155
f 834//156 849//156 839//156
f 839//67 854//67 843//67
f 843//157 847//157 835//157
f 846//158 873//158 851//158
f 851//70 878//70 855//70
f 855//159 871//159 847//159
f 870//160 867//160 875//160
f 875//73 863//73 879//73
f 879//161 858//161 871//161
f 905//162 861//162 908//162
f 908//76 866//76 912//76
f 912//163 859//163 906//163
f 869//164 921//164 872//164
f 872//79 926//79 876//79
f 876//165 919//165 870//165
f 918//166 915//166 923//166
f 923//82 911//82 927//82
f 927//167 906//167 919//167
f 881//168 909//168 884//168
f 884//85 914//85 888//85
f 888//169 907//169 882//169
f 917//170 897//170 920//170
f 920//88 902//88 924//88
f 924//171 895//171 918//171
f 894//172 891//172 899//172
f 899//91 887//91 903//91
f 903//173 882//173 895//173
f 833//174 885//174 836//174
f 836//94 890//94 840//94
f 840//175 883//175 834//175
f 893//176 852//176 896//176
f 896//97 848//97 900//97
f 900//177 845//177 894//177
f 857//5 881//5 833//5
f 835//1 871//1 858//1
f 883//4 845//4 834//4
f 917//6 846//6 893//6
f 859//2 919//2 906//2
f 907//3 895//3 882//3
f 937//99 942//99 941//99
f 940//100 945//100 942//100
f 938//101 945//101 944//101
f 943//102 948//102 945//102
f 939//103 948//103 947//103
f 946//104 942//104 948//104
f 942//187 945//187 948//187
f 949//106 954//106 953//106
f 952//107 957//107 954//107
f 950//108 957//108 956//108
f 955//188 960//188 957//188
f 951//110 960//110 959//110
f 958//111 954//111 960//111
f 954//189 957//189 960//189
f 961//113 966//113 965//113
f 964//114 969//114 966//114
f 962//115 969//115 968//115
f 967//116 972//116 969//116
f 963//117 972//117 971//117
f 970//118 966//118 972//118
f 966//191 969//191 972//191
f 973//119 978//119 977//119
f 976//120 981//120 978//120
f 974//121 981//121 980//121
f 979//122 984//122 981//122
f 975//123 984//123 983//123
f 982//124 978//124 984//124
f 978//192 981//192 984//192
f 985//126 990//126 989//126
f 988//184 993//184 990//184
f 986//128 993//128 992//128
f 991//129 996//129 993//129
f 987//130 996//130 995//130
f 994//131 990//131 996//131
f 990//201 993//201 996//201
f 997//133 1002//133 1001//133
f 1000//134 1005//134 1002//134
f 998//135 1005//135 1004//135
f 1003//136 1008//136 1005//136
f 999//137 1008//137 1007//137
f 1006//138 1002//138 1008//138
f 1002//202 1005//202 1008//202
f 1009//140 1014//140 1013//140
f 1012//141 1017//141 1014//141
f 1010//142 1017//142 1016//142
f 1015//143 1020//143 1017//143
f 1011//144 1020//144 1019//144
f 1018//145 1014//145 1020//145
f 1014//200 1017//200 1020//200
f 1021//147 1026//147 1025//147
f 1024//182 1029//182 1026//182
f 1022//149 1029//149 1028//149
f 1027//150 1032//150 1029//150
f 1023//151 1032//151 1031//151
f 1030//152 1026//152 1032//152
f 1026//195 1029//195 1032//195
f 961//154 941//154 964//154
f 964//64 946//64 968//64
f 968//155 939//155 962//155
f 938//156 953//156 943//156
f 943//67 958//67 947//67
f 947//157 951//157 939//157
f 950//158 977//158 955//158
f 955//70 982//70 959//70
f 959//159 975//159 951//159
f 974//160 971//160 979//160
f 979//73 967//73 983//73
f 983//161 962//161 975//161
f 1009//162 965//162 1012//162
f 1012//76 970//76 1016//76
f 1016//163 963//163 1010//163
f 973//164 1025//164 976//164
f 976//79 1030//79 980//79
f 980//165 1023//165 974//165
f 1022//166 1019//166 1027//166
f 1027//82 1015//82 1031//82
f 1031//167 1010//167 1023//167
f 985//168 1013//168 988//168
f 988//85 1018//85 992//85
f 992//169 1011//169 986//169
f 1021//170 1001//170 1024//170
f 1024//88 1006//88 1028//88
f 1028//171 999//171 1022//171
f 998//172 995//172 1003//172
f 1003//91 991//91 1007//91
f 1007//173 986//173 999//173
f 937//174 989//174 940//174
f 940//94 994//94 944//94
f 944//175 987//175 938//175
f 997//176 956//176 1000//176
f 1000//97 952//97 1004//97
f 1004//177 949//177 998//177
f 961//5 985//5 937//5
f 939//1 975//1 962//1
f 987//4 949//4 938//4
f 1021//6 950//6 997//6
f 963//2 1023//2 1010//2
f 1011//3 999//3 986//3
f 1041//99 1046//99 1045//99
f 1044//100 1049//100 1046//100
f 1042//101 1049//101 1048//101
f 1047//102 1052//102 1049//102
f 1043//103 1052//103 1051//103
f 1050//104 1046//104 1052//104
f 1046//187 1049//187 1052//187
f 1053//106 1058//106 1057//106
f 1056//107 1061//107 1058//107
f 1054//108 1061//108 1060//108
f 1059//188 1064//188 1061//188
f 1055//110 1064//110 1063//110
f 1062//111 1058//111 1064//111
f 1058//189 1061//189 1064//189
f 1065//113 1070//113 1069//113
f 1068//190 1073//190 1070//190
f 1066//115 1073//115 1072//115
f 1071//116 1076//116 1073//116
f 1067//117 1076//117 1075//117
f 1074//118 1070//118 1076//118
f 1070//196 1073//196 1076//196
f 1077//119 1082//119 1081//119
f 1080//120 1085//120 1082//120
f 1078//121 1085//121 1084//121
f 1083//122 1088//122 1085//122
f 1079//123 1088//123 1087//123
f 1086//124 1082//124 1088//124
f 1082//197 1085//197 1088//197
f 1089//126 1094//126 1093//126
f 1092//184 1097//184 1094//184
f 1090//128 1097//128 1096//128
f 1095//129 1100//129 1097//129
f 1091//130 1100//130 1099//130
f 1098//131 1094//131 1100//131
f 1094//193 1097//193 1100//193
f 1101//133 1106//133 1105//133
f 1104//134 1109//134 1106//134
f 1102//135 1109//135 1108//135
f 1107//136 1112//136 1109//136
f 1103//137 1112//137 1111//137
f 1110//138 1106//138 1112//138
f 1106//194 1109//194 1112//194
f 1113//140 1118//140 1117//140
f 1116//141 1121//141 1118//141
f 1114//142 1121//142 1120//142
f 1119//143 1124//143 1121//143
f 1115//144 1124//144 1123//144
f 1122//145 1118//145 1124//145
f 1118//200 1121//200 1124//200
f 1125//147 1130//147 1129//147
f 1128//182 1133//182 1130//182
f 1126//149 1133//149 1132//149
f 1131//150 1136//150 1133//150
f 1127//151 1136//151 1135//151
f 1134//152 1130//152 1136//152
f 1130//62 1133//62 1136//62
f 1065//154 1045//154 1068//154
f 1068//64 1050//64 1072//64
f 1072//155 1043//155 1066//155
f 1042//156 1057//156 1047//156
f 1047//67 1062//67 1051//67
f 1051//157 1055//157 1043//157
f 1054//158 1081//158 1059//158
f 1059//70 1086//70 1063//70
f 1063//159 1079//159 1055//159
f 1078//160 1075//160 1083//160
f 1083//73 1071//73 1087//73
f 1087//161 1066//161 1079//161
f 1113//162 1069//162 1116//162
f 1116//76 1074//76 1120//76
f 1120//163 1067//163 1114//163
f 1077//164 1129//164 1080//164
f 1080//79 1134//79 1084//79
f 1084//165 1127//165 1078//165
f 1126//166 1123//166 1131//166
f 1131//82 1119//82 1135//82
f 1135//167 1114//167 1127//167
f 1089//168 1117//168 1092//168
f 1092//85 1122//85 1096//85
f 1096//169 1115//169 1090//169
f 1125//170 1105//170 1128//170
f 1128//88 1110//88 1132//88
f 1132//171 1103//171 1126//171
f 1102//172 1099//172 1107//172
f 1107//91 1095//91 1111//91
f 1111//173 1090//173 1103//173
f 1041//174 1093//174 1044//174
f 1044//94 1098//94 1048//94
f 1048//175 1091//175 1042//175
f 1101//176 1060//176 1104//176
f 1104//97 1056//97 1108//97
f 1108//177 1053//177 1102//177
f 1065//5 1089//5 1041//5
f 1043//1 1079//1 1066//1
f 1091//4 1053//4 1042//4
f 1125//6 1054//6 1101//6
f 1067//2 1127//2 1114//2
f 1115//3 1103//3 1090//3
f 9//219 12//219 14//219
f 12//8 16//8 17//8
f 10//220 15//220 17//220
f 15//10 19//10 20//10
f 11//221 18//221 20//221
f 18//12 13//12 14//12
f 21//222 24//222 26//222
f 24//15 28//15 29//15
f 22//223 27//223 29//223
f 27//17 31//17 32//17
f 23//224 30//224 32//224
f 30//19 25//19 26//19
f 33//225 36//225 38//225
f 36//22 40//22 41//22
f 34//226 39//226 41//226
f 39//24 43//24 44//24
f 35//227 42//227 44//227
f 42//26 37//26 38//26
f 45//228 48//228 50//228
f 48//29 52//29 53//29
f 46//229 51//229 53//229
f 51//31 55//31 56//31
f 47//230 54//230 56//230
f 54//33 49//33 50//33
f 57//231 60//231 62//231
f 60//36 64//36 65//36
f 58//232 63//232 65//232
f 63//38 67//38 68//38
f 59//233 66//233 68//233
f 66//40 61//40 62//40
f 69//234 72//234 74//234
f 72//43 76//43 77//43
f 70//235 75//235 77//235
f 75//45 79//45 80//45
f 71//236 78//236 80//236
f 78//47 73//47 74//47
f 81//237 84//237 86//237
f 84//50 88//50 89//50
f 82//238 87//238 89//238
f 87//52 91//52 92//52
f 83//239 90//239 92//239
f 90//54 85//54 86//54
f 93//240 96//240 98//240
f 96//57 100//57 101//57
f 94//241 99//241 101//241
f 99//59 103//59 104//59
f 95//242 102//242 104//242
f 102//61 97//61 98//61
f 33//243 9//243 13//243
f 36//64 13//64 18//64
f 40//65 18//65 11//65
f 10//66 21//66 25//66
f 15//67 25//67 30//67
f 19//68 30//68 23//68
f 22//244 45//244 49//244
f 27//70 49//70 54//70
f 31//71 54//71 47//71
f 46//245 35//245 43//245
f 51//73 43//73 39//73
f 55//74 39//74 34//74
f 81//75 33//75 37//75
f 84//76 37//76 42//76
f 88//246 42//246 35//246
f 45//78 93//78 97//78
f 48//79 97//79 102//79
f 52//247 102//247 95//247
f 94//81 83//81 91//81
f 99//82 91//82 87//82
f 103//248 87//248 82//248
f 57//249 81//249 85//249
f 60//85 85//85 90//85
f 64//86 90//86 83//86
f 93//250 69//250 73//250
f 96//88 73//88 78//88
f 100//89 78//89 71//89
f 70//90 59//90 67//90
f 75//91 67//91 63//91
f 79//92 63//92 58//92
f 9//93 57//93 61//93
f 12//94 61//94 66//94
f 16//95 66//95 59//95
f 69//96 22//96 28//96
f 72//97 28//97 24//97
f 76//98 24//98 21//98
f 33//5 81//5 57//5
f 11//1 23//1 47//1
f 59//4 70//4 21//4
f 93//6 45//6 22//6
f 35//2 46//2 95//2
f 83//3 94//3 71//3
f 105//251 108//251 110//251
f 108//100 112//100 113//100
f 106//252 111//252 113//252
f 111//102 115//102 116//102
f 107//253 114//253 116//253
f 114//104 109//104 110//104
f 117//254 120//254 122//254
f 120//107 124//107 125//107
f 118//255 123//255 125//255
f 123//109 127//109 128//109
f 119//256 126//256 128//256
f 126//111 121//111 122//111
f 129//257 132//257 134//257
f 132//114 136//114 137//114
f 130//258 135//258 137//258
f 135//116 139//116 140//116
f 131//259 138//259 140//259
f 138//118 133//118 134//118
f 141//260 144//260 146//260
f 144//120 148//120 149//120
f 142//261 147//261 149//261
f 147//122 151//122 152//122
f 143//262 150//262 152//262
f 150//124 145//124 146//124
f 153//263 156//263 158//263
f 156//184 160//184 161//184
f 154//264 159//264 161//264
f 159//129 163//129 164//129
f 155//265 162//265 164//265
f 162//131 157//131 158//131
f 165//266 168//266 170//266
f 168//134 172//134 173//134
f 166//267 171//267 173//267
f 171//136 175//136 176//136
f 167//268 174//268 176//268
f 174//138 169//138 170//138
f 177//269 180//269 182//269
f 180//141 184//141 185//141
f 178//270 183//270 185//270
f 183//143 187//143 188//143
f 179//271 186//271 188//271
f 186//145 181//145 182//145
f 189//272 192//272 194//272
f 192//182 196//182 197//182
f 190//273 195//273 197//273
f 195//150 199//150 200//150
f 191//274 198//274 200//274
f 198//152 193//152 194//152
f 129//154 105//154 109//154
f 132//64 109//64 114//64
f 136//155 114//155 107//155
f 106//156 117//156 121//156
f 111//67 121//67 126//67
f 115//157 126//157 119//157
f 118//158 141//158 145//158
f 123//70 145//70 150//70
f 127//159 150//159 143//159
f 142//160 131//160 139//160
f 147//73 139//73 135//73
f 151//161 135//161 130//161
f 177//162 129//162 133//162
f 180//76 133//76 138//76
f 184//163 138//163 131//163
f 141//164 189//164 193//164
f 144//79 193//79 198//79
f 148//165 198//165 191//165
f 190//166 179//166 187//166
f 195//82 187//82 183//82
f 199//167 183//167 178//167
f 153//168 177//168 181//168
f 156//85 181//85 186//85
f 160//169 186//169 179//169
f 189//170 165//170 169//170
f 192//88 169//88 174//88
f 196//171 174//171 167//171
f 166//172 155//172 163//172
f 171//91 163//91 159//91
f 175//173 159//173 154//173
f 105//174 153//174 157//174
f 108//94 157//94 162//94
f 112//175 162//175 155//175
f 165//176 118//176 124//176
f 168//97 124//97 120//97
f 172//177 120//177 117//177
f 129//5 177//5 153//5
f 107//1 119//1 143//1
f 155//4 166//4 117//4
f 189//6 141//6 118//6
f 131//2 142//2 191//2
f 179//3 190//3 167//3
f 209//251 212//251 214//251
f 212//100 216//100 217//100
f 210//252 215//252 217//252
f 215//102 219//102 220//102
f 211//253 218//253 220//253
f 218//104 213//104 214//104
f 221//254 224//254 226//254
f 224//107 228//107 229//107
f 222//255 227//255 229//255
f 227//109 231//109 232//109
f 223//256 230//256 232//256
f 230//111 225//111 226//111
f 233//257 236//257 238//257
f 236//114 240//114 241//114
f 234//258 239//258 241//258
f 239//116 243//116 244//116
f 235//259 242//259 244//259
f 242//118 237//118 238//118
f 245//260 248//260 250//260
f 248//120 252//120 253//120
f 246//261 251//261 253//261
f 251//122 255//122 256//122
f 247//262 254//262 256//262
f 254//124 249//124 250//124
f 257//263 260//263 262//263
f 260//184 264//184 265//184
f 258//264 263//264 265//264
f 263//129 267//129 268//129
f 259//265 266//265 268//265
f 266//131 261//131 262//131
f 269//266 272//266 274//266
f 272//134 276//134 277//134
f 270//267 275//267 277//267
f 275//136 279//136 280//136
f 271//268 278//268 280//268
f 278//138 273//138 274//138
f 281//269 284//269 286//269
f 284//141 288//141 289//141
f 282//270 287//270 289//270
f 287//143 291//143 292//143
f 283//271 290//271 292//271
f 290//145 285//145 286//145
f 293//272 296//272 298//272
f 296//182 300//182 301//182
f 294//273 299//273 301//273
f 299//150 303//150 304//150
f 295//274 302//274 304//274
f 302//152 297//152 298//152
f 233//154 209//154 213//154
f 236//64 213//64 218//64
f 240//155 218//155 211//155
f 210//156 221//156 225//156
f 215//67 225//67 230//67
f 219//157 230//157 223//157
f 222//158 245//158 249//158
f 227//70 249//70 254//70
f 231//159 254//159 247//159
f 246//160 235//160 243//160
f 251//73 243//73 239//73
f 255//161 239//161 234//161
f 281//162 233//162 237//162
f 284//76 237//76 242//76
f 288//163 242//163 235//163
f 245//164 293//164 297//164
f 248//79 297//79 302//79
f 252//165 302//165 295//165
f 294//166 283//166 291//166
f 299//82 291//82 287//82
f 303//167 287//167 282//167
f 257//168 281//168 285//168
f 260//85 285//85 290//85
f 264//169 290//169 283//169
f 293//170 269//170 273//170
f 296//88 273//88 278//88
f 300//171 278//171 271//171
f 270//172 259//172 267//172
f 275//91 267//91 263//91
f 279//173 263//173 258//173
f 209//174 257//174 261//174
f 212//94 261//94 266//94
f 216//175 266//175 259//175
f 269//176 222//176 228//176
f 272//97 228//97 224//97
f 276//177 224//177 221//177
f 233//5 281//5 257//5
f 211//1 223//1 247//1
f 259//4 270//4 221//4
f 293//6 245//6 222//6
f 235//2 246//2 295//2
f 283//3 294//3 271//3
f 313//251 316//251 318//251
f 316//100 320//100 321//100
f 314//252 319//252 321//252
f 319//102 323//102 324//102
f 315//253 322//253 324//253
f 322//104 317//104 318//104
f 325//254 328//254 330//254
f 328//107 332//107 333//107
f 326//255 331//255 333//255
f 331//109 335//109 336//109
f 327//256 334//256 336//256
f 334//111 329//111 330//111
f 337//257 340//257 342//257
f 340//114 344//114 345//114
f 338//258 343//258 345//258
f 343//116 347//116 348//116
f 339//259 346//259 348//259
f 346//118 341//118 342//118
f 349//260 352//260 354//260
f 352//120 356//120 357//120
f 350//261 355//261 357//261
f 355//122 359//122 360//122
f 351//262 358//262 360//262
f 358//124 353//124 354//124
f 361//263 364//263 366//263
f 364//184 368//184 369//184
f 362//264 367//264 369//264
f 367//129 371//129 372//129
f 363//265 370//265 372//265
f 370//131 365//131 366//131
f 373//266 376//266 378//266
f 376//134 380//134 381//134
f 374//267 379//267 381//267
f 379//136 383//136 384//136
f 375//268 382//268 384//268
f 382//138 377//138 378//138
f 385//269 388//269 390//269
f 388//141 392//141 393//141
f 386//270 391//270 393//270
f 391//143 395//143 396//143
f 387//271 394//271 396//271
f 394//145 389//145 390//145
f 397//272 400//272 402//272
f 400//182 404//182 405//182
f 398//273 403//273 405//273
f 403//150 407//150 408//150
f 399//274 406//274 408//274
f 406//152 401//152 402//152
f 337//154 313//154 317//154
f 340//64 317//64 322//64
f 344//155 322//155 315//155
f 314//156 325//156 329//156
f 319//67 329//67 334//67
f 323//157 334//157 327//157
f 326//158 349//158 353//158
f 331//70 353//70 358//70
f 335//159 358//159 351//159
f 350//160 339//160 347//160
f 355//73 347//73 343//73
f 359//161 343//161 338//161
f 385//162 337//162 341//162
f 388//76 341//76 346//76
f 392//163 346//163 339//163
f 349//164 397//164 401//164
f 352//79 401//79 406//79
f 356//165 406//165 399//165
f 398//166 387//166 395//166
f 403//82 395//82 391//82
f 407//167 391//167 386//167
f 361//168 385//168 389//168
f 364//85 389//85 394//85
f 368//169 394//169 387//169
f 397//170 373//170 377//170
f 400//88 377//88 382//88
f 404//171 382//171 375//171
f 374//172 363//172 371//172
f 379//91 371//91 367//91
f 383//173 367//173 362//173
f 313//174 361//174 365//174
f 316//94 365//94 370//94
f 320//175 370//175 363//175
f 373//176 326//176 332//176
f 376//97 332//97 328//97
f 380//177 328//177 325//177
f 337//5 385//5 361//5
f 315//1 327//1 351//1
f 363//4 374//4 325//4
f 397//6 349//6 326//6
f 339//2 350//2 399//2
f 387//3 398//3 375//3
f 417//251 420//251 422//251
f 420//100 424//100 425//100
f 418//252 423//252 425//252
f 423//102 427//102 428//102
f 419//253 426//253 428//253
f 426//104 421//104 422//104
f 429//254 432//254 434//254
f 432//107 436//107 437//107
f 430//255 435//255 437//255
f 435//109 439//109 440//109
f 431//256 438//256 440//256
f 438//111 433//111 434//111
f 441//257 444//257 446//257
f 444//114 448//114 449//114
f 442//258 447//258 449//258
f 447//116 451//116 452//116
f 443//259 450//259 452//259
f 450//118 445//118 446//118
f 453//260 456//260 458//260
f 456//120 460//120 461//120
f 454//261 459//261 461//261
f 459//122 463//122 464//122
f 455//262 462//262 464//262
f 462//124 457//124 458//124
f 465//263 468//263 470//263
f 468//184 472//184 473//184
f 466//264 471//264 473//264
f 471//129 475//129 476//129
f 467//265 474//265 476//265
f 474//131 469//131 470//131
f 477//266 480//266 482//266
f 480//134 484//134 485//134
f 478//267 483//267 485//267
f 483//136 487//136 488//136
f 479//268 486//268 488//268
f 486//138 481//138 482//138
f 489//269 492//269 494//269
f 492//141 496//141 497//141
f 490//270 495//270 497//270
f 495//143 499//143 500//143
f 491//271 498//271 500//271
f 498//145 493//145 494//145
f 501//272 504//272 506//272
f 504//182 508//182 509//182
f 502//273 507//273 509//273
f 507//150 511//150 512//150
f 503//274 510//274 512//274
f 510//152 505//152 506//152
f 441//154 417//154 421//154
f 444//64 421//64 426//64
f 448//155 426//155 419//155
f 418//156 429//156 433//156
f 423//67 433//67 438//67
f 427//157 438//157 431//157
f 430//158 453//158 457//158
f 435//70 457//70 462//70
f 439//159 462//159 455//159
f 454//160 443//160 451//160
f 459//73 451//73 447//73
f 463//161 447//161 442//161
f 489//162 441//162 445//162
f 492//76 445//76 450//76
f 496//163 450//163 443//163
f 453//164 501//164 505//164
f 456//79 505//79 510//79
f 460//165 510//165 503//165
f 502//166 491//166 499//166
f 507//82 499//82 495//82
f 511//167 495//167 490//167
f 465//168 489//168 493//168
f 468//85 493//85 498//85
f 472//169 498//169 491//169
f 501//170 477//170 481//170
f 504//88 481//88 486//88
f 508//171 486//171 479//171
f 478//172 467//172 475//172
f 483//91 475//91 471//91
f 487//173 471//173 466//173
f 417//174 465//174 469//174
f 420//94 469//94 474//94
f 424//175 474//175 467//175
f 477//176 430//176 436//176
f 480//97 436//97 432//97
f 484//177 432//177 429//177
f 441//5 489//5 465//5
f 419//1 431//1 455//1
f 467//4 478//4 429//4
f 501//6 453//6 430//6
f 443//2 454//2 503//2
f 491//3 502//3 479//3
f 521//251 524//251 526//251
f 524//100 528//100 529//100
f 522//252 527//252 529//252
f 527//102 531//102 532//102
f 523//253 530//253 532//253
f 530//104 525//104 526//104
f 533//254 536//254 538//254
f 536//107 540//107 541//107
f 534//255 539//255 541//255
f 539//109 543//109 544//109
f 535//256 542//256 544//256
f 542//111 537//111 538//111
f 545//257 548//257 550//257
f 548//114 552//114 553//114
f 546//258 551//258 553//258
f 551//116 555//116 556//116
f 547//259 554//259 556//259
f 554//118 549//118 550//118
f 557//260 560//260 562//260
f 560//120 564//120 565//120
f 558//261 563//261 565//261
f 563//122 567//122 568//122
f 559//262 566//262 568//262
f 566//124 561//124 562//124
f 569//263 572//263 574//263
f 572//184 576//184 577//184
f 570//264 575//264 577//264
f 575//129 579//129 580//129
f 571//265 578//265 580//265
f 578//131 573//131 574//131
f 581//266 584//266 586//266
f 584//134 588//134 589//134
f 582//267 587//267 589//267
f 587//136 591//136 592//136
f 583//268 590//268 592//268
f 590//138 585//138 586//138
f 593//269 596//269 598//269
f 596//141 600//141 601//141
f 594//270 599//270 601//270
f 599//143 603//143 604//143
f 595//271 602//271 604//271
f 602//145 597//145 598//145
f 605//272 608//272 610//272
f 608//182 612//182 613//182
f 606//273 611//273 613//273
f 611//150 615//150 616//150
f 607//274 614//274 616//274
f 614//152 609//152 610//152
f 545//154 521//154 525//154
f 548//64 525//64 530//64
f 552//155 530//155 523//155
f 522//156 533//156 537//156
f 527//67 537//67 542//67
f 531//157 542//157 535//157
f 534//158 557//158 561//158
f 539//70 561//70 566//70
f 543//159 566//159 559//159
f 558//160 547//160 555//160
f 563//73 555//73 551//73
f 567//161 551//161 546//161
f 593//162 545//162 549//162
f 596//76 549//76 554//76
f 600//163 554//163 547//163
f 557//164 605//164 609//164
f 560//79 609//79 614//79
f 564//165 614//165 607//165
f 606//166 595//166 603//166
f 611//82 603//82 599//82
f 615//167 599//167 594//167
f 569//168 593//168 597//168
f 572//85 597//85 602//85
f 576//169 602//169 595//169
f 605//170 581//170 585//170
f 608//88 585//88 590//88
f 612//171 590//171 583//171
f 582//172 571//172 579//172
f 587//91 579//91 575//91
f 591//173 575//173 570//173
f 521//174 569//174 573//174
f 524//94 573//94 578//94
f 528//175 578//175 571//175
f 581//176 534//176 540//176
f 584//97 540//97 536//97
f 588//177 536//177 533//177
f 545//5 593//5 569//5
f 523//1 535//1 559//1
f 571//4 582//4 533//4
f 605//6 557//6 534//6
f 547//2 558//2 607//2
f 595//3 606//3 583//3
f 625//251 628//251 630//251
f 628//100 632//100 633//100
f 626//252 631//252 633//252
f 631//102 635//102 636//102
f 627//253 634//253 636//253
f 634//104 629//104 630//104
f 637//254 640//254 642//254
f 640//107 644//107 645//107
f 638//255 643//255 645//255
f 643//109 647//109 648//109
f 639//256 646//256 648//256
f 646//111 641//111 642//111
f 649//257 652//257 654//257
f 652//114 656//114 657//114
f 650//258 655//258 657//258
f 655//116 659//116 660//116
f 651//259 658//259 660//259
f 658//118 653//118 654//118
f 661//260 664//260 666//260
f 664//120 668//120 669//120
f 662//261 667//261 669//261
f 667//122 671//122 672//122
f 663//262 670//262 672//262
f 670//124 665//124 666//124
f 673//263 676//263 678//263
f 676//184 680//184 681//184
f 674//264 679//264 681//264
f 679//129 683//129 684//129
f 675//265 682//265 684//265
f 682//131 677//131 678//131
f 685//266 688//266 690//266
f 688//134 692//134 693//134
f 686//267 691//267 693//267
f 691//136 695//136 696//136
f 687//268 694//268 696//268
f 694//138 689//138 690//138
f 697//269 700//269 702//269
f 700//141 704//141 705//141
f 698//270 703//270 705//270
f 703//143 707//143 708//143
f 699//271 706//271 708//271
f 706//145 701//145 702//145
f 709//272 712//272 714//272
f 712//182 716//182 717//182
f 710//273 715//273 717//273
f 715//150 719//150 720//150
f 711//274 718//274 720//274
f 718//152 713//152 714//152
f 649//154 625//154 629//154
f 652//64 629//64 634//64
f 656//155 634//155 627//155
f 626//156 637//156 641//156
f 631//67 641//67 646//67
f 635//157 646//157 639//157
f 638//158 661//158 665//158
f 643//70 665//70 670//70
f 647//159 670//159 663//159
f 662//160 651//160 659//160
f 667//73 659//73 655//73
f 671//161 655//161 650//161
f 697//162 649//162 653//162
f 700//76 653//76 658//76
f 704//163 658//163 651//163
f 661//164 709//164 713//164
f 664//79 713//79 718//79
f 668//165 718//165 711//165
f 710//166 699//166 707//166
f 715//82 707//82 703//82
f 719//167 703//167 698//167
f 673//168 697//168 701//168
f 676//85 701//85 706//85
f 680//169 706//169 699//169
f 709//170 685//170 689//170
f 712//88 689//88 694//88
f 716//171 694//171 687//171
f 686//172 675//172 683//172
f 691//91 683//91 679//91
f 695//173 679//173 674//173
f 625//174 673//174 677//174
f 628//94 677//94 682//94
f 632//175 682//175 675//175
f 685//176 638//176 644//176
f 688//97 644//97 640//97
f 692//177 640//177 637//177
f 649//5 697//5 673//5
f 627//1 639//1 663//1
f 675//4 686//4 637//4
f 709//6 661//6 638//6
f 651//2 662//2 711//2
f 699//3 710//3 687//3
f 729//251 732//251 734//251
f 732//100 736//100 737//100
f 730//252 735//252 737//252
f 735//102 739//102 740//102
f 731//253 738//253 740//253
f 738//104 733//104 734//104
f 741//254 744//254 746//254
f 744//107 748//107 749//107
f 742//255 747//255 749//255
f 747//109 751//109 752//109
f 743//256 750//256 752//256
f 750//111 745//111 746//111
f 753//257 756//257 758//257
f 756//114 760//114 761//114
f 754//258 759//258 761//258
f 759//116 763//116 764//116
f 755//259 762//259 764//259
f 762//118 757//118 758//118
f 765//260 768//260 770//260
f 768//120 772//120 773//120
f 766//261 771//261 773//261
f 771//122 775//122 776//122
f 767//262 774//262 776//262
f 774//124 769//124 770//124
f 777//263 780//263 782//263
f 780//184 784//184 785//184
f 778//264 783//264 785//264
f 783//129 787//129 788//129
f 779//265 786//265 788//265
f 786//131 781//131 782//131
f 789//266 792//266 794//266
f 792//134 796//134 797//134
f 790//267 795//267 797//267
f 795//136 799//136 800//136
f 791//268 798//268 800//268
f 798//138 793//138 794//138
f 801//269 804//269 806//269
f 804//141 808//141 809//141
f 802//270 807//270 809//270
f 807//143 811//143 812//143
f 803//271 810//271 812//271
f 810//145 805//145 806//145
f 813//272 816//272 818//272
f 816//182 820//182 821//182
f 814//273 819//273 821//273
f 819//150 823//150 824//150
f 815//274 822//274 824//274
f 822//152 817//152 818//152
f 753//154 729//154 733//154
f 756//64 733//64 738//64
f 760//155 738//155 731//155
f 730//156 741//156 745//156
f 735//67 745//67 750//67
f 739//157 750//157 743//157
f 742//158 765//158 769//158
f 747//70 769//70 774//70
f 751//159 774//159 767//159
f 766//160 755//160 763//160
f 771//73 763//73 759//73
f 775//161 759//161 754//161
f 801//162 753//162 757//162
f 804//76 757//76 762//76
f 808//163 762//163 755//163
f 765//164 813//164 817//164
f 768//79 817//79 822//79
f 772//165 822//165 815//165
f 814//166 803//166 811//166
f 819//82 811//82 807//82
f 823//167 807//167 802//167
f 777//168 801//168 805//168
f 780//85 805//85 810//85
f 784//169 810//169 803//169
f 813//170 789//170 793//170
f 816//88 793//88 798//88
f 820//171 798//171 791//171
f 790//172 779//172 787//172
f 795//91 787//91 783//91
f 799//173 783//173 778//173
f 729//174 777//174 781//174
f 732//94 781//94 786//94
f 736//175 786//175 779//175
f 789//176 742//176 748//176
f 792//97 748//97 744//97
f 796//177 744//177 741//177
f 753//5 801//5 777//5
f 731//1 743//1 767//1
f 779//4 790//4 741//4
f 813//6 765//6 742//6
f 755//2 766//2 815//2
f 803//3 814//3 791//3
f 833//251 836//251 838//251
f 836//100 840//100 841//100
f 834//252 839//252 841//252
f 839//102 843//102 844//102
f 835//253 842//253 844//253
f 842//104 837//104 838//104
f 845//254 848//254 850//254
f 848//107 852//107 853//107
f 846//255 851//255 853//255
f 851//109 855//109 856//109
f 847//256 854//256 856//256
f 854//111 849//111 850//111
f 857//257 860//257 862//257
f 860//114 864//114 865//114
f 858//258 863//258 865//258
f 863//116 867//116 868//116
f 859//259 866//259 868//259
f 866//118 861//118 862//118
f 869//260 872//260 874//260
f 872//120 876//120 877//120
f 870//261 875//261 877//261
f 875//122 879//122 880//122
f 871//262 878//262 880//262
f 878//124 873//124 874//124
f 881//263 884//263 886//263
f 884//184 888//184 889//184
f 882//264 887//264 889//264
f 887//129 891//129 892//129
f 883//265 890//265 892//265
f 890//131 885//131 886//131
f 893//266 896//266 898//266
f 896//134 900//134 901//134
f 894//267 899//267 901//267
f 899//136 903//136 904//136
f 895//268 902//268 904//268
f 902//138 897//138 898//138
f 905//269 908//269 910//269
f 908//141 912//141 913//141
f 906//270 911//270 913//270
f 911//143 915//143 916//143
f 907//271 914//271 916//271
f 914//145 909//145 910//145
f 917//272 920//272 922//272
f 920//182 924//182 925//182
f 918//273 923//273 925//273
f 923//150 927//150 928//150
f 919//274 926//274 928//274
f 926//152 921//152 922//152
f 857//154 833//154 837//154
f 860//64 837//64 842//64
f 864//155 842//155 835//155
f 834//156 845//156 849//156
f 839//67 849//67 854//67
f 843//157 854//157 847//157
f 846//158 869//158 873//158
f 851//70 873//70 878//70
f 855//159 878//159 871//159
f 870//160 859//160 867//160
f 875//73 867//73 863//73
f 879//161 863//161 858//161
f 905//162 857//162 861//162
f 908//76 861//76 866//76
f 912//163 866//163 859//163
f 869//164 917//164 921//164
f 872//79 921//79 926//79
f 876//165 926//165 919//165
f 918//166 907//166 915//166
f 923//82 915//82 911//82
f 927//167 911//167 906//167
f 881//168 905//168 909//168
f 884//85 909//85 914//85
f 888//169 914//169 907//169
f 917//170 893//170 897//170
f 920//88 897//88 902//88
f 924//171 902//171 895//171
f 894//172 883//172 891//172
f 899//91 891//91 887//91
f 903//173 887//173 882//173
f 833//174 881//174 885//174
f 836//94 885//94 890//94
f 840//175 890//175 883//175
f 893//176 846//176 852//176
f 896//97 852//97 848//97
f 900//177 848//177 845//177
f 857//5 905//5 881//5
f 835//1 847//1 871//1
f 883//4 894//4 845//4
f 917//6 869//6 846//6
f 859//2 870//2 919//2
f 907//3 918//3 895//3
f 937//251 940//251 942//251
f 940//100 944//100 945//100
f 938//252 943//252 945//252
f 943//102 947//102 948//102
f 939//253 946//253 948//253
f 946//104 941//104 942//104
f 949//254 952//254 954//254
f 952//107 956//107 957//107
f 950//255 955//255 957//255
f 955//109 959//109 960//109
f 951//256 958//256 960//256
f 958//111 953//111 954//111
f 961//257 964//257 966//257
f 964//114 968//114 969//114
f 962//258 967//258 969//258
f 967//116 971//116 972//116
f 963//259 970//259 972//259
f 970//118 965//118 966//118
f 973//260 976//260 978//260
f 976//120 980//120 981//120
f 974//261 979//261 981//261
f 979//122 983//122 984//122
f 975//262 982//262 984//262
f 982//124 977//124 978//124
f 985//263 988//263 990//263
f 988//184 992//184 993//184
f 986//264 991//264 993//264
f 991//129 995//129 996//129
f 987//265 994//265 996//265
f 994//131 989//131 990//131
f 997//266 1000//266 1002//266
f 1000//134 1004//134 1005//134
f 998//267 1003//267 1005//267
f 1003//136 1007//136 1008//136
f 999//268 1006//268 1008//268
f 1006//138 1001//138 1002//138
f 1009//269 1012//269 1014//269
f 1012//141 1016//141 1017//141
f 1010//270 1015//270 1017//270
f 1015//143 1019//143 1020//143
f 1011//271 1018//271 1020//271
f 1018//145 1013//145 1014//145
f 1021//272 1024//272 1026//272
f 1024//182 1028//182 1029//182
f 1022//273 1027//273 1029//273
f 1027//150 1031//150 1032//150
f 1023//274 1030//274 1032//274
f 1030//152 1025//152 1026//152
f 961//154 937//154 941//154
f 964//64 941//64 946//64
f 968//155 946//155 939//155
f 938//156 949//156 953//156
f 943//67 953//67 958//67
f 947//157 958//157 951//157
f 950//158 973//158 977//158
f 955//70 977//70 982//70
f 959//159 982//159 975//159
f 974//160 963//160 971//160
f 979//73 971//73 967//73
f 983//161 967//161 962//161
f 1009//162 961//162 965//162
f 1012//76 965//76 970//76
f 1016//163 970//163 963//163
f 973//164 1021//164 1025//164
f 976//79 1025//79 1030//79
f 980//165 1030//165 1023//165
f 1022//166 1011//166 1019//166
f 1027//82 1019//82 1015//82
f 1031//167 1015//167 1010//167
f 985//168 1009//168 1013//168
f 988//85 1013//85 1018//85
f 992//169 1018//169 1011//169
f 1021//170 997//170 1001//170
f 1024//88 1001//88 1006//88
f 1028//171 1006//171 999//171
f 998//172 987//172 995//172
f 1003//91 995//91 991//91
f 1007//173 991//173 986//173
f 937//174 985//174 989//174
f 940//94 989//94 994//94
f 944//175 994//175 987//175
f 997//176 950//176 956//176
f 1000//97 956//97 952//97
f 1004//177 952//177 949//177
f 961//5 1009//5 985//5
f 939//1 951//1 975//1
f 987//4 998//4 949//4
f 1021//6 973//6 950//6
f 963//2 974//2 1023//2
f 1011//3 1022//3 999//3
f 1041//251 1044//251 1046//251
f 1044//100 1048//100 1049//100
f 1042//252 1047//252 1049//252
f 1047//102 1051//102 1052//102
f 1043//253 1050//253 1052//253
f 1050//104 1045//104 1046//104
f 1053//254 1056//254 1058//254
f 1056//107 1060//107 1061//107
f 1054//255 1059//255 1061//255
f 1059//109 1063//109 1064//109
f 1055//256 1062//256 1064//256
f 1062//111 1057//111 1058//111
f 1065//257 1068//257 1070//257
f 1068//114 1072//114 1073//114
f 1066//258 1071//258 1073//258
f 1071//116 1075//116 1076//116
f 1067//259 1074//259 1076//259
f 1074//118 1069//118 1070//118
f 1077//260 1080//260 1082//260
f 1080//120 1084//120 1085//120
f 1078//261 1083//261 1085//261
f 1083//122 1087//122 1088//122
f 1079//262 1086//262 1088//262
f 1086//124 1081//124 1082//124
f 1089//263 1092//263 1094//263
f 1092//184 1096//184 1097//184
f 1090//264 1095//264 1097//264
f 1095//129 1099//129 1100//129
f 1091//265 1098//265 1100//265
f 1098//131 1093//131 1094//131
f 1101//266 1104//266 1106//266
f 1104//134 1108//134 1109//134
f 1102//267 1107//267 1109//267
f 1107//136 1111//136 1112//136
f 1103//268 1110//268 1112//268
f 1110//138 1105//138 1106//138
f 1113//269 1116//269 1118//269
f 1116//141 1120//141 1121//141
f 1114//270 1119//270 1121//270
f 1119//143 1123//143 1124//143
f 1115//271 1122//271 1124//271
f 1122//145 1117//145 1118//145
f 1125//272 1128//272 1130//272
f 1128//182 1132//182 1133//182
f 1126//273 1131//273 1133//273
f 1131//150 1135//150 1136//150
f 1127//274 1134//274 1136//274
f 1134//152 1129//152 1130//152
f 1065//154 1041//154 1045//154
f 1068//64 1045//64 1050//64
f 1072//155 1050//155 1043//155
f 1042//156 1053//156 1057//156
f 1047//67 1057//67 1062//67
f 1051//157 1062//157 1055//157
f 1054//158 1077//158 1081//158
f 1059//70 1081//70 1086//70
f 1063//159 1086//159 1079//159
f 1078//160 1067//160 1075//160
f 1083//73 1075//73 1071//73
f 1087//161 1071//161 1066//161
f 1113//162 1065//162 1069//162
f 1116//76 1069//76 1074//76
f 1120//163 1074//163 1067//163
f 1077//164 1125//164 1129//164
f 1080//79 1129//79 1134//79
f 1084//165 1134//165 1127//165
f 1126//166 1115//166 1123//166
f 1131//82 1123//82 1119//82
f 1135//167 1119//167 1114//167
f 1089//168 1113//168 1117//168
f 1092//85 1117//85 1122//85
f 1096//169 1122//169 1115//169
f 1125//170 1101//170 1105//170
f 1128//88 1105//88 1110//88
f 1132//171 1110//171 1103//171
f 1102//172 1091//172 1099//172
f 1107//91 1099//91 1095//91
f 1111//173 1095//173 1090//173
f 1041//174 1089//174 1093//174
f 1044//94 1093//94 1098//94
f 1048//175 1098//175 1091//175
f 1101//176 1054//176 1060//176
f 1104//97 1060//97 1056//97
f 1108//177 1056//177 1053//177
f 1065//5 1113//5 1089//5
f 1043//1 1055//1 1079//1
f 1091//4 1102//4 1053//4
f 1125//6 1077//6 1054//6
f 1067//2 1078//2 1127//2
f 1115//3 1126//3 1103//3
usemtl Gold
f 201//1 204//1 203//1
f 203//2 208//2 207//2
f 207//3 206//3 205//3
f 205//4 202//4 201//4
f 203//5 205//5 201//5
f 208//6 202//6 206//6
f 305//1 308//1 307//1
f 307//2 312//2 311//2
f 311//3 310//3 309//3
f 309//4 306//4 305//4
f 307//5 309//5 305//5
f 312//6 306//6 310//6
f 409//1 412//1 411//1
f 411//2 416//2 415//2
f 415//3 414//3 413//3
f 413//4 410//4 409//4
f 411//5 413//5 409//5
f 416//6 410//6 414//6
f 513//1 516//1 515//1
f 515//2 520//2 519//2
f 519//3 518//3 517//3
f 517//4 514//4 513//4
f 515//5 517//5 513//5
f 520//6 514//6 518//6
f 617//1 620//1 619//1
f 619//2 624//2 623//2
f 623//3 622//3 621//3
f 621//4 618//4 617//4
f 619//5 621//5 617//5
f 624//6 618//6 622//6
f 721//1 724//1 723//1
f 723//2 728//2 727//2
f 727//3 726//3 725//3
f 725//4 722//4 721//4
f 723//5 725//5 721//5
f 728//6 722//6 726//6
f 825//1 828//1 827//1
f 827//2 832//2 831//2
f 831//3 830//3 829//3
f 829//4 826//4 825//4
f 827//5 829//5 825//5
f 832//6 826//6 830//6
f 929//1 932//1 931//1
f 931//2 936//2 935//2
f 935//3 934//3 933//3
f 933//4 930//4 929//4
f 931//5 933//5 929//5
f 936//6 930//6 934//6
f 1033//1 1036//1 1035//1
f 1035//2 1040//2 1039//2
f 1039//3 1038//3 1037//3
f 1037//4 1034//4 1033//4
f 1035//5 1037//5 1033//5
f 1040//6 1034//6 1038//6
f 1137//1 1140//1 1139//1
f 1139//2 1144//2 1143//2
f 1143//3 1142//3 1141//3
f 1141//4 1138//4 1137//4
f 1139//5 1141//5 1137//5
f 1144//6 1138//6 1142//6
f 201//1 202//1 204//1
f 203//2 204//2 208//2
f 207//3 208//3 206//3
f 205//4 206//4 202//4
f 203//5 207//5 205//5
f 208//6 204//6 202//6
f 305//1 306//1 308//1
f 307//2 308//2 312//2
f 311//3 312//3 310//3
f 309//4 310//4 306//4
f 307//5 311//5 309//5
f 312//6 308//6 306//6
f 409//1 410//1 412//1
f 411//2 412//2 416//2
f 415//3 416//3 414//3
f 413//4 414//4 410//4
f 411//5 415//5 413//5
f 416//6 412//6 410//6
f 513//1 514//1 516//1
f 515//2 516//2 520//2
f 519//3 520//3 518//3
f 517//4 518//4 514//4
f 515//5 519//5 517//5
f 520//6 516//6 514//6
f 617//1 618//1 620//1
f 619//2 620//2 624//2
f 623//3 624//3 622//3
f 621//4 622//4 618//4
f 619//5 623//5 621//5
f 624//6 620//6 618//6
f 721//1 722//1 724//1
f 723//2 724//2 728//2
f 727//3 728//3 726//3
f 725//4 726//4 722//4
f 723//5 727//5 725//5
f 728//6 724//6 722//6
f 825//1 826//1 828//1
f 827//2 828//2 832//2
f 831//3 832//3 830//3
f 829//4 830//4 826//4
f 827//5 831//5 829//5
f 832//6 828//6 826//6
f 929//1 930//1 932//1
f 931//2 932//2 936//2
f 935//3 936//3 934//3
f 933//4 934//4 930//4
f 931//5 935//5 933//5
f 936//6 932//6 930//6
f 1033//1 1034//1 1036//1
f 1035//2 1036//2 1040//2
f 1039//3 1040//3 1038//3
f 1037//4 1038//4 1034//4
f 1035//5 1039//5 1037//5
f 1040//6 1036//6 1034//6
f 1137//1 1138//1 1140//1
f 1139//2 1140//2 1144//2
f 1143//3 1144//3 1142//3
f 1141//4 1142//4 1138//4
f 1139//5 1143//5 1141//5
f 1144//6 1140//6 1138//6
