# Blender 5.2.1 LTS
# www.blender.org
mtllib modular_head_shell.mtl
o modular_head_shell
v -0.053000 -0.065000 0.042000
v -0.053000 -0.038000 0.069000
v -0.080000 -0.038000 0.042000
v -0.053000 -0.061393 0.055482
v -0.066482 -0.061393 0.042000
v -0.065912 -0.057889 0.054912
v -0.066482 -0.038000 0.065393
v -0.053000 -0.051482 0.065393
v -0.065912 -0.050912 0.061889
v -0.076393 -0.051482 0.042000
v -0.076393 -0.038000 0.055482
v -0.072889 -0.050912 0.054912
v -0.053000 0.054000 0.069000
v -0.053000 0.081000 0.042000
v -0.080000 0.054000 0.042000
v -0.053000 0.067482 0.065393
v -0.066482 0.054000 0.065393
v -0.065912 0.066912 0.061889
v -0.066482 0.077393 0.042000
v -0.053000 0.077393 0.055482
v -0.065912 0.073889 0.054912
v -0.076393 0.054000 0.055482
v -0.076393 0.067482 0.042000
v -0.072889 0.066912 0.054912
v -0.053000 -0.065000 -0.042000
v -0.080000 -0.038000 -0.042000
v -0.053000 -0.038000 -0.069000
v -0.066482 -0.061393 -0.042000
v -0.053000 -0.061393 -0.055482
v -0.065912 -0.057889 -0.054912
v -0.076393 -0.038000 -0.055482
v -0.076393 -0.051482 -0.042000
v -0.072889 -0.050912 -0.054912
v -0.053000 -0.051482 -0.065393
v -0.066482 -0.038000 -0.065393
v -0.065912 -0.050912 -0.061889
v -0.053000 0.081000 -0.042000
v -0.053000 0.054000 -0.069000
v -0.080000 0.054000 -0.042000
v -0.053000 0.077393 -0.055482
v -0.066482 0.077393 -0.042000
v -0.065912 0.073889 -0.054912
v -0.066482 0.054000 -0.065393
v -0.053000 0.067482 -0.065393
v -0.065912 0.066912 -0.061889
v -0.076393 0.067482 -0.042000
v -0.076393 0.054000 -0.055482
v -0.072889 0.066912 -0.054912
v 0.053000 -0.065000 0.042000
v 0.080000 -0.038000 0.042000
v 0.053000 -0.038000 0.069000
v 0.066482 -0.061393 0.042000
v 0.053000 -0.061393 0.055482
v 0.065912 -0.057889 0.054912
v 0.076393 -0.038000 0.055482
v 0.076393 -0.051482 0.042000
v 0.072889 -0.050912 0.054912
v 0.053000 -0.051482 0.065393
v 0.066482 -0.038000 0.065393
v 0.065912 -0.050912 0.061889
v 0.053000 0.081000 0.042000
v 0.053000 0.054000 0.069000
v 0.080000 0.054000 0.042000
v 0.053000 0.077393 0.055482
v 0.066482 0.077393 0.042000
v 0.065912 0.073889 0.054912
v 0.066482 0.054000 0.065393
v 0.053000 0.067482 0.065393
v 0.065912 0.066912 0.061889
v 0.076393 0.067482 0.042000
v 0.076393 0.054000 0.055482
v 0.072889 0.066912 0.054912
v 0.053000 -0.065000 -0.042000
v 0.053000 -0.038000 -0.069000
v 0.080000 -0.038000 -0.042000
v 0.053000 -0.061393 -0.055482
v 0.066482 -0.061393 -0.042000
v 0.065912 -0.057889 -0.054912
v 0.066482 -0.038000 -0.065393
v 0.053000 -0.051482 -0.065393
v 0.065912 -0.050912 -0.061889
v 0.076393 -0.051482 -0.042000
v 0.076393 -0.038000 -0.055482
v 0.072889 -0.050912 -0.054912
v 0.053000 0.081000 -0.042000
v 0.080000 0.054000 -0.042000
v 0.053000 0.054000 -0.069000
v 0.066482 0.077393 -0.042000
v 0.053000 0.077393 -0.055482
v 0.065912 0.073889 -0.054912
v 0.076393 0.054000 -0.055482
v 0.076393 0.067482 -0.042000
v 0.072889 0.066912 -0.054912
v 0.053000 0.067482 -0.065393
v 0.066482 0.054000 -0.065393
v 0.065912 0.066912 -0.061889
v -0.055500 -0.005000 0.063000
v -0.055500 0.006500 0.074500
v -0.067000 0.006500 0.063000
v -0.055500 -0.003464 0.068742
v -0.061242 -0.003464 0.063000
v -0.060999 -0.001971 0.068499
v -0.061242 0.006500 0.072964
v -0.055500 0.000758 0.072964
v -0.060999 0.001001 0.071471
v -0.065464 0.000758 0.063000
v -0.065464 0.006500 0.068742
v -0.063971 0.001001 0.068499
v -0.055500 0.037500 0.074500
v -0.055500 0.049000 0.063000
v -0.067000 0.037500 0.063000
v -0.055500 0.043242 0.072964
v -0.061242 0.037500 0.072964
v -0.060999 0.042999 0.071471
v -0.061242 0.047464 0.063000
v -0.055500 0.047464 0.068742
v -0.060999 0.045971 0.068499
v -0.065464 0.037500 0.068742
v -0.065464 0.043242 0.063000
v -0.063971 0.042999 0.068499
v -0.055500 0.006500 0.051500
v -0.055500 -0.003464 0.057258
v -0.060999 -0.001971 0.057501
v -0.065464 0.006500 0.057258
v -0.063971 0.001001 0.057501
v -0.055500 0.000758 0.053036
v -0.061242 0.006500 0.053036
v -0.060999 0.001001 0.054529
v -0.055500 0.037500 0.051500
v -0.055500 0.047464 0.057258
v -0.060999 0.045971 0.057501
v -0.061242 0.037500 0.053036
v -0.055500 0.043242 0.053036
v -0.060999 0.042999 0.054529
v -0.065464 0.037500 0.057258
v -0.063971 0.042999 0.057501
v 0.055500 -0.005000 0.063000
v 0.067000 0.006500 0.063000
v 0.055500 0.006500 0.074500
v 0.061242 -0.003464 0.063000
v 0.055500 -0.003464 0.068742
v 0.060999 -0.001971 0.068499
v 0.065464 0.006500 0.068742
v 0.065464 0.000758 0.063000
v 0.063971 0.001001 0.068499
v 0.055500 0.000758 0.072964
v 0.061242 0.006500 0.072964
v 0.060999 0.001001 0.071471
v 0.055500 0.049000 0.063000
v 0.055500 0.037500 0.074500
v 0.067000 0.037500 0.063000
v 0.055500 0.047464 0.068742
v 0.061242 0.047464 0.063000
v 0.060999 0.045971 0.068499
v 0.061242 0.037500 0.072964
v 0.055500 0.043242 0.072964
v 0.060999 0.042999 0.071471
v 0.065464 0.043242 0.063000
v 0.065464 0.037500 0.068742
v 0.063971 0.042999 0.068499
v 0.055500 0.006500 0.051500
v 0.055500 -0.003464 0.057258
v 0.060999 -0.001971 0.057501
v 0.061242 0.006500 0.053036
v 0.055500 0.000758 0.053036
v 0.060999 0.001001 0.054529
v 0.065464 0.006500 0.057258
v 0.063971 0.001001 0.057501
v 0.055500 0.037500 0.051500
v 0.055500 0.047464 0.057258
v 0.060999 0.045971 0.057501
v 0.065464 0.037500 0.057258
v 0.063971 0.042999 0.057501
v 0.055500 0.043242 0.053036
v 0.061242 0.037500 0.053036
v 0.060999 0.042999 0.054529
v 0.000000 -0.085000 -0.033193
v 0.000000 -0.084200 -0.034000
v 0.000000 -0.084766 -0.033764
v 0.000000 -0.049000 -0.033193
v 0.000000 -0.049800 -0.034000
v 0.000000 -0.049234 -0.033764
v 0.008591 -0.085000 -0.032062
v 0.008800 -0.084200 -0.032841
v 0.008739 -0.084766 -0.032613
v 0.008591 -0.049000 -0.032062
v 0.008800 -0.049800 -0.032841
v 0.008739 -0.049234 -0.032613
v 0.016597 -0.085000 -0.028746
v 0.017000 -0.084200 -0.029445
v 0.016882 -0.084766 -0.029240
v 0.016597 -0.049000 -0.028746
v 0.017000 -0.049800 -0.029445
v 0.016882 -0.049234 -0.029240
v 0.023471 -0.085000 -0.023471
v 0.024042 -0.084200 -0.024042
v 0.023875 -0.084766 -0.023875
v 0.023471 -0.049000 -0.023471
v 0.024042 -0.049800 -0.024042
v 0.023875 -0.049234 -0.023875
v 0.028746 -0.085000 -0.016597
v 0.029445 -0.084200 -0.017000
v 0.029240 -0.084766 -0.016882
v 0.028746 -0.049000 -0.016597
v 0.029445 -0.049800 -0.017000
v 0.029240 -0.049234 -0.016882
v 0.032062 -0.085000 -0.008591
v 0.032841 -0.084200 -0.008800
v 0.032613 -0.084766 -0.008739
v 0.032062 -0.049000 -0.008591
v 0.032841 -0.049800 -0.008800
v 0.032613 -0.049234 -0.008739
v 0.033193 -0.085000 0.000000
v 0.034000 -0.084200 0.000000
v 0.033764 -0.084766 0.000000
v 0.033193 -0.049000 0.000000
v 0.034000 -0.049800 0.000000
v 0.033764 -0.049234 0.000000
v 0.032062 -0.085000 0.008591
v 0.032841 -0.084200 0.008800
v 0.032613 -0.084766 0.008739
v 0.032062 -0.049000 0.008591
v 0.032841 -0.049800 0.008800
v 0.032613 -0.049234 0.008739
v 0.028746 -0.085000 0.016597
v 0.029445 -0.084200 0.017000
v 0.029240 -0.084766 0.016882
v 0.028746 -0.049000 0.016597
v 0.029445 -0.049800 0.017000
v 0.029240 -0.049234 0.016882
v 0.023471 -0.085000 0.023471
v 0.024042 -0.084200 0.024042
v 0.023875 -0.084766 0.023875
v 0.023471 -0.049000 0.023471
v 0.024042 -0.049800 0.024042
v 0.023875 -0.049234 0.023875
v 0.016597 -0.085000 0.028746
v 0.017000 -0.084200 0.029445
v 0.016882 -0.084766 0.029240
v 0.016597 -0.049000 0.028746
v 0.017000 -0.049800 0.029445
v 0.016882 -0.049234 0.029240
v 0.008591 -0.085000 0.032062
v 0.008800 -0.084200 0.032841
v 0.008739 -0.084766 0.032613
v 0.008591 -0.049000 0.032062
v 0.008800 -0.049800 0.032841
v 0.008739 -0.049234 0.032613
v 0.000000 -0.085000 0.033193
v 0.000000 -0.084200 0.034000
v 0.000000 -0.084766 0.033764
v 0.000000 -0.049000 0.033193
v 0.000000 -0.049800 0.034000
v 0.000000 -0.049234 0.033764
v -0.008591 -0.085000 0.032062
v -0.008800 -0.084200 0.032841
v -0.008739 -0.084766 0.032613
v -0.008591 -0.049000 0.032062
v -0.008800 -0.049800 0.032841
v -0.008739 -0.049234 0.032613
v -0.016597 -0.085000 0.028746
v -0.017000 -0.084200 0.029445
v -0.016882 -0.084766 0.029240
v -0.016597 -0.049000 0.028746
v -0.017000 -0.049800 0.029445
v -0.016882 -0.049234 0.029240
v -0.023471 -0.085000 0.023471
v -0.024042 -0.084200 0.024042
v -0.023875 -0.084766 0.023875
v -0.023471 -0.049000 0.023471
v -0.024042 -0.049800 0.024042
v -0.023875 -0.049234 0.023875
v -0.028746 -0.085000 0.016597
v -0.029445 -0.084200 0.017000
v -0.029240 -0.084766 0.016882
v -0.028746 -0.049000 0.016597
v -0.029445 -0.049800 0.017000
v -0.029240 -0.049234 0.016882
v -0.032062 -0.085000 0.008591
v -0.032841 -0.084200 0.008800
v -0.032613 -0.084766 0.008739
v -0.032062 -0.049000 0.008591
v -0.032841 -0.049800 0.008800
v -0.032613 -0.049234 0.008739
v -0.033193 -0.085000 0.000000
v -0.034000 -0.084200 0.000000
v -0.033764 -0.084766 0.000000
v -0.033193 -0.049000 0.000000
v -0.034000 -0.049800 0.000000
v -0.033764 -0.049234 0.000000
v -0.032062 -0.085000 -0.008591
v -0.032841 -0.084200 -0.008800
v -0.032613 -0.084766 -0.008739
v -0.032062 -0.049000 -0.008591
v -0.032841 -0.049800 -0.008800
v -0.032613 -0.049234 -0.008739
v -0.028746 -0.085000 -0.016597
v -0.029445 -0.084200 -0.017000
v -0.029240 -0.084766 -0.016882
v -0.028746 -0.049000 -0.016597
v -0.029445 -0.049800 -0.017000
v -0.029240 -0.049234 -0.016882
v -0.023471 -0.085000 -0.023471
v -0.024042 -0.084200 -0.024042
v -0.023875 -0.084766 -0.023875
v -0.023471 -0.049000 -0.023471
v -0.024042 -0.049800 -0.024042
v -0.023875 -0.049234 -0.023875
v -0.016597 -0.085000 -0.028746
v -0.017000 -0.084200 -0.029445
v -0.016882 -0.084766 -0.029240
v -0.016597 -0.049000 -0.028746
v -0.017000 -0.049800 -0.029445
v -0.016882 -0.049234 -0.029240
v -0.008591 -0.085000 -0.032062
v -0.008800 -0.084200 -0.032841
v -0.008739 -0.084766 -0.032613
v -0.008591 -0.049000 -0.032062
v -0.008800 -0.049800 -0.032841
v -0.008739 -0.049234 -0.032613
v -0.036000 0.032196 0.074000
v -0.036000 0.033000 0.074800
v -0.036000 0.032765 0.074234
v -0.036000 0.032196 0.082000
v -0.036000 0.033000 0.081200
v -0.036000 0.032765 0.081766
v -0.033816 0.031981 0.074000
v -0.033659 0.032769 0.074800
v -0.033705 0.032538 0.074234
v -0.033816 0.031981 0.082000
v -0.033659 0.032769 0.081200
v -0.033705 0.032538 0.081766
v -0.031715 0.031344 0.074000
v -0.031408 0.032087 0.074800
v -0.031498 0.031869 0.074234
v -0.031715 0.031344 0.082000
v -0.031408 0.032087 0.081200
v -0.031498 0.031869 0.081766
v -0.029780 0.030309 0.074000
v -0.029333 0.030978 0.074800
v -0.029464 0.030782 0.074234
v -0.029780 0.030309 0.082000
v -0.029333 0.030978 0.081200
v -0.029464 0.030782 0.081766
v -0.028083 0.028917 0.074000
v -0.027515 0.029485 0.074800
v -0.027681 0.029319 0.074234
v -0.028083 0.028917 0.082000
v -0.027515 0.029485 0.081200
v -0.027681 0.029319 0.081766
v -0.026691 0.027220 0.074000
v -0.026022 0.027667 0.074800
v -0.026218 0.027536 0.074234
v -0.026691 0.027220 0.082000
v -0.026022 0.027667 0.081200
v -0.026218 0.027536 0.081766
v -0.025656 0.025285 0.074000
v -0.024913 0.025592 0.074800
v -0.025131 0.025502 0.074234
v -0.025656 0.025285 0.082000
v -0.024913 0.025592 0.081200
v -0.025131 0.025502 0.081766
v -0.025019 0.023184 0.074000
v -0.024231 0.023341 0.074800
v -0.024462 0.023295 0.074234
v -0.025019 0.023184 0.082000
v -0.024231 0.023341 0.081200
v -0.024462 0.023295 0.081766
v -0.024804 0.021000 0.074000
v -0.024000 0.021000 0.074800
v -0.024235 0.021000 0.074234
v -0.024804 0.021000 0.082000
v -0.024000 0.021000 0.081200
v -0.024235 0.021000 0.081766
v -0.025019 0.018816 0.074000
v -0.024231 0.018659 0.074800
v -0.024462 0.018705 0.074234
v -0.025019 0.018816 0.082000
v -0.024231 0.018659 0.081200
v -0.024462 0.018705 0.081766
v -0.025656 0.016715 0.074000
v -0.024913 0.016408 0.074800
v -0.025131 0.016498 0.074234
v -0.025656 0.016715 0.082000
v -0.024913 0.016408 0.081200
v -0.025131 0.016498 0.081766
v -0.026691 0.014780 0.074000
v -0.026022 0.014333 0.074800
v -0.026218 0.014464 0.074234
v -0.026691 0.014780 0.082000
v -0.026022 0.014333 0.081200
v -0.026218 0.014464 0.081766
v -0.028083 0.013083 0.074000
v -0.027515 0.012515 0.074800
v -0.027681 0.012681 0.074234
v -0.028083 0.013083 0.082000
v -0.027515 0.012515 0.081200
v -0.027681 0.012681 0.081766
v -0.029780 0.011691 0.074000
v -0.029333 0.011022 0.074800
v -0.029464 0.011218 0.074234
v -0.029780 0.011691 0.082000
v -0.029333 0.011022 0.081200
v -0.029464 0.011218 0.081766
v -0.031715 0.010656 0.074000
v -0.031408 0.009913 0.074800
v -0.031498 0.010131 0.074234
v -0.031715 0.010656 0.082000
v -0.031408 0.009913 0.081200
v -0.031498 0.010131 0.081766
v -0.033816 0.010019 0.074000
v -0.033659 0.009231 0.074800
v -0.033705 0.009462 0.074234
v -0.033816 0.010019 0.082000
v -0.033659 0.009231 0.081200
v -0.033705 0.009462 0.081766
v -0.036000 0.009804 0.074000
v -0.036000 0.009000 0.074800
v -0.036000 0.009235 0.074234
v -0.036000 0.009804 0.082000
v -0.036000 0.009000 0.081200
v -0.036000 0.009235 0.081766
v -0.038184 0.010019 0.074000
v -0.038341 0.009231 0.074800
v -0.038295 0.009462 0.074234
v -0.038184 0.010019 0.082000
v -0.038341 0.009231 0.081200
v -0.038295 0.009462 0.081766
v -0.040285 0.010656 0.074000
v -0.040592 0.009913 0.074800
v -0.040502 0.010131 0.074234
v -0.040285 0.010656 0.082000
v -0.040592 0.009913 0.081200
v -0.040502 0.010131 0.081766
v -0.042220 0.011691 0.074000
v -0.042667 0.011022 0.074800
v -0.042536 0.011218 0.074234
v -0.042220 0.011691 0.082000
v -0.042667 0.011022 0.081200
v -0.042536 0.011218 0.081766
v -0.043917 0.013083 0.074000
v -0.044485 0.012515 0.074800
v -0.044319 0.012681 0.074234
v -0.043917 0.013083 0.082000
v -0.044485 0.012515 0.081200
v -0.044319 0.012681 0.081766
v -0.045309 0.014780 0.074000
v -0.045978 0.014333 0.074800
v -0.045782 0.014464 0.074234
v -0.045309 0.014780 0.082000
v -0.045978 0.014333 0.081200
v -0.045782 0.014464 0.081766
v -0.046344 0.016715 0.074000
v -0.047087 0.016408 0.074800
v -0.046869 0.016498 0.074234
v -0.046344 0.016715 0.082000
v -0.047087 0.016408 0.081200
v -0.046869 0.016498 0.081766
v -0.046981 0.018816 0.074000
v -0.047769 0.018659 0.074800
v -0.047538 0.018705 0.074234
v -0.046981 0.018816 0.082000
v -0.047769 0.018659 0.081200
v -0.047538 0.018705 0.081766
v -0.047196 0.021000 0.074000
v -0.048000 0.021000 0.074800
v -0.047765 0.021000 0.074234
v -0.047196 0.021000 0.082000
v -0.048000 0.021000 0.081200
v -0.047765 0.021000 0.081766
v -0.046981 0.023184 0.074000
v -0.047769 0.023341 0.074800
v -0.047538 0.023295 0.074234
v -0.046981 0.023184 0.082000
v -0.047769 0.023341 0.081200
v -0.047538 0.023295 0.081766
v -0.046344 0.025285 0.074000
v -0.047087 0.025592 0.074800
v -0.046869 0.025502 0.074234
v -0.046344 0.025285 0.082000
v -0.047087 0.025592 0.081200
v -0.046869 0.025502 0.081766
v -0.045309 0.027220 0.074000
v -0.045978 0.027667 0.074800
v -0.045782 0.027536 0.074234
v -0.045309 0.027220 0.082000
v -0.045978 0.027667 0.081200
v -0.045782 0.027536 0.081766
v -0.043917 0.028917 0.074000
v -0.044485 0.029485 0.074800
v -0.044319 0.029319 0.074234
v -0.043917 0.028917 0.082000
v -0.044485 0.029485 0.081200
v -0.044319 0.029319 0.081766
v -0.042220 0.030309 0.074000
v -0.042667 0.030978 0.074800
v -0.042536 0.030782 0.074234
v -0.042220 0.030309 0.082000
v -0.042667 0.030978 0.081200
v -0.042536 0.030782 0.081766
v -0.040285 0.031344 0.074000
v -0.040592 0.032087 0.074800
v -0.040502 0.031869 0.074234
v -0.040285 0.031344 0.082000
v -0.040592 0.032087 0.081200
v -0.040502 0.031869 0.081766
v -0.038184 0.031981 0.074000
v -0.038341 0.032769 0.074800
v -0.038295 0.032538 0.074234
v -0.038184 0.031981 0.082000
v -0.038341 0.032769 0.081200
v -0.038295 0.032538 0.081766
v -0.036000 0.027193 0.081500
v -0.036000 0.028000 0.082300
v -0.036000 0.027764 0.081734
v -0.036000 0.027193 0.084500
v -0.036000 0.028000 0.083700
v -0.036000 0.027764 0.084266
v -0.034397 0.026982 0.081500
v -0.034188 0.027761 0.082300
v -0.034249 0.027533 0.081734
v -0.034397 0.026982 0.084500
v -0.034188 0.027761 0.083700
v -0.034249 0.027533 0.084266
v -0.032903 0.026363 0.081500
v -0.032500 0.027062 0.082300
v -0.032618 0.026858 0.081734
v -0.032903 0.026363 0.084500
v -0.032500 0.027062 0.083700
v -0.032618 0.026858 0.084266
v -0.031621 0.025379 0.081500
v -0.031050 0.025950 0.082300
v -0.031217 0.025783 0.081734
v -0.031621 0.025379 0.084500
v -0.031050 0.025950 0.083700
v -0.031217 0.025783 0.084266
v -0.030637 0.024097 0.081500
v -0.029938 0.024500 0.082300
v -0.030142 0.024382 0.081734
v -0.030637 0.024097 0.084500
v -0.029938 0.024500 0.083700
v -0.030142 0.024382 0.084266
v -0.030018 0.022603 0.081500
v -0.029239 0.022812 0.082300
v -0.029467 0.022751 0.081734
v -0.030018 0.022603 0.084500
v -0.029239 0.022812 0.083700
v -0.029467 0.022751 0.084266
v -0.029807 0.021000 0.081500
v -0.029000 0.021000 0.082300
v -0.029236 0.021000 0.081734
v -0.029807 0.021000 0.084500
v -0.029000 0.021000 0.083700
v -0.029236 0.021000 0.084266
v -0.030018 0.019397 0.081500
v -0.029239 0.019188 0.082300
v -0.029467 0.019249 0.081734
v -0.030018 0.019397 0.084500
v -0.029239 0.019188 0.083700
v -0.029467 0.019249 0.084266
v -0.030637 0.017903 0.081500
v -0.029938 0.017500 0.082300
v -0.030142 0.017618 0.081734
v -0.030637 0.017903 0.084500
v -0.029938 0.017500 0.083700
v -0.030142 0.017618 0.084266
v -0.031621 0.016621 0.081500
v -0.031050 0.016050 0.082300
v -0.031217 0.016217 0.081734
v -0.031621 0.016621 0.084500
v -0.031050 0.016050 0.083700
v -0.031217 0.016217 0.084266
v -0.032903 0.015637 0.081500
v -0.032500 0.014938 0.082300
v -0.032618 0.015142 0.081734
v -0.032903 0.015637 0.084500
v -0.032500 0.014938 0.083700
v -0.032618 0.015142 0.084266
v -0.034397 0.015018 0.081500
v -0.034188 0.014239 0.082300
v -0.034249 0.014467 0.081734
v -0.034397 0.015018 0.084500
v -0.034188 0.014239 0.083700
v -0.034249 0.014467 0.084266
v -0.036000 0.014807 0.081500
v -0.036000 0.014000 0.082300
v -0.036000 0.014236 0.081734
v -0.036000 0.014807 0.084500
v -0.036000 0.014000 0.083700
v -0.036000 0.014236 0.084266
v -0.037603 0.015018 0.081500
v -0.037812 0.014239 0.082300
v -0.037751 0.014467 0.081734
v -0.037603 0.015018 0.084500
v -0.037812 0.014239 0.083700
v -0.037751 0.014467 0.084266
v -0.039097 0.015637 0.081500
v -0.039500 0.014938 0.082300
v -0.039382 0.015142 0.081734
v -0.039097 0.015637 0.084500
v -0.039500 0.014938 0.083700
v -0.039382 0.015142 0.084266
v -0.040379 0.016621 0.081500
v -0.040950 0.016050 0.082300
v -0.040783 0.016217 0.081734
v -0.040379 0.016621 0.084500
v -0.040950 0.016050 0.083700
v -0.040783 0.016217 0.084266
v -0.041363 0.017903 0.081500
v -0.042062 0.017500 0.082300
v -0.041858 0.017618 0.081734
v -0.041363 0.017903 0.084500
v -0.042062 0.017500 0.083700
v -0.041858 0.017618 0.084266
v -0.041982 0.019397 0.081500
v -0.042761 0.019188 0.082300
v -0.042533 0.019249 0.081734
v -0.041982 0.019397 0.084500
v -0.042761 0.019188 0.083700
v -0.042533 0.019249 0.084266
v -0.042193 0.021000 0.081500
v -0.043000 0.021000 0.082300
v -0.042764 0.021000 0.081734
v -0.042193 0.021000 0.084500
v -0.043000 0.021000 0.083700
v -0.042764 0.021000 0.084266
v -0.041982 0.022603 0.081500
v -0.042761 0.022812 0.082300
v -0.042533 0.022751 0.081734
v -0.041982 0.022603 0.084500
v -0.042761 0.022812 0.083700
v -0.042533 0.022751 0.084266
v -0.041363 0.024097 0.081500
v -0.042062 0.024500 0.082300
v -0.041858 0.024382 0.081734
v -0.041363 0.024097 0.084500
v -0.042062 0.024500 0.083700
v -0.041858 0.024382 0.084266
v -0.040379 0.025379 0.081500
v -0.040950 0.025950 0.082300
v -0.040783 0.025783 0.081734
v -0.040379 0.025379 0.084500
v -0.040950 0.025950 0.083700
v -0.040783 0.025783 0.084266
v -0.039097 0.026363 0.081500
v -0.039500 0.027062 0.082300
v -0.039382 0.026858 0.081734
v -0.039097 0.026363 0.084500
v -0.039500 0.027062 0.083700
v -0.039382 0.026858 0.084266
v -0.037603 0.026982 0.081500
v -0.037812 0.027761 0.082300
v -0.037751 0.027533 0.081734
v -0.037603 0.026982 0.084500
v -0.037812 0.027761 0.083700
v -0.037751 0.027533 0.084266
v 0.036000 0.032196 0.074000
v 0.036000 0.033000 0.074800
v 0.036000 0.032765 0.074234
v 0.036000 0.032196 0.082000
v 0.036000 0.033000 0.081200
v 0.036000 0.032765 0.081766
v 0.038184 0.031981 0.074000
v 0.038341 0.032769 0.074800
v 0.038295 0.032538 0.074234
v 0.038184 0.031981 0.082000
v 0.038341 0.032769 0.081200
v 0.038295 0.032538 0.081766
v 0.040285 0.031344 0.074000
v 0.040592 0.032087 0.074800
v 0.040502 0.031869 0.074234
v 0.040285 0.031344 0.082000
v 0.040592 0.032087 0.081200
v 0.040502 0.031869 0.081766
v 0.042220 0.030309 0.074000
v 0.042667 0.030978 0.074800
v 0.042536 0.030782 0.074234
v 0.042220 0.030309 0.082000
v 0.042667 0.030978 0.081200
v 0.042536 0.030782 0.081766
v 0.043917 0.028917 0.074000
v 0.044485 0.029485 0.074800
v 0.044319 0.029319 0.074234
v 0.043917 0.028917 0.082000
v 0.044485 0.029485 0.081200
v 0.044319 0.029319 0.081766
v 0.045309 0.027220 0.074000
v 0.045978 0.027667 0.074800
v 0.045782 0.027536 0.074234
v 0.045309 0.027220 0.082000
v 0.045978 0.027667 0.081200
v 0.045782 0.027536 0.081766
v 0.046344 0.025285 0.074000
v 0.047087 0.025592 0.074800
v 0.046869 0.025502 0.074234
v 0.046344 0.025285 0.082000
v 0.047087 0.025592 0.081200
v 0.046869 0.025502 0.081766
v 0.046981 0.023184 0.074000
v 0.047769 0.023341 0.074800
v 0.047538 0.023295 0.074234
v 0.046981 0.023184 0.082000
v 0.047769 0.023341 0.081200
v 0.047538 0.023295 0.081766
v 0.047196 0.021000 0.074000
v 0.048000 0.021000 0.074800
v 0.047765 0.021000 0.074234
v 0.047196 0.021000 0.082000
v 0.048000 0.021000 0.081200
v 0.047765 0.021000 0.081766
v 0.046981 0.018816 0.074000
v 0.047769 0.018659 0.074800
v 0.047538 0.018705 0.074234
v 0.046981 0.018816 0.082000
v 0.047769 0.018659 0.081200
v 0.047538 0.018705 0.081766
v 0.046344 0.016715 0.074000
v 0.047087 0.016408 0.074800
v 0.046869 0.016498 0.074234
v 0.046344 0.016715 0.082000
v 0.047087 0.016408 0.081200
v 0.046869 0.016498 0.081766
v 0.045309 0.014780 0.074000
v 0.045978 0.014333 0.074800
v 0.045782 0.014464 0.074234
v 0.045309 0.014780 0.082000
v 0.045978 0.014333 0.081200
v 0.045782 0.014464 0.081766
v 0.043917 0.013083 0.074000
v 0.044485 0.012515 0.074800
v 0.044319 0.012681 0.074234
v 0.043917 0.013083 0.082000
v 0.044485 0.012515 0.081200
v 0.044319 0.012681 0.081766
v 0.042220 0.011691 0.074000
v 0.042667 0.011022 0.074800
v 0.042536 0.011218 0.074234
v 0.042220 0.011691 0.082000
v 0.042667 0.011022 0.081200
v 0.042536 0.011218 0.081766
v 0.040285 0.010656 0.074000
v 0.040592 0.009913 0.074800
v 0.040502 0.010131 0.074234
v 0.040285 0.010656 0.082000
v 0.040592 0.009913 0.081200
v 0.040502 0.010131 0.081766
v 0.038184 0.010019 0.074000
v 0.038341 0.009231 0.074800
v 0.038295 0.009462 0.074234
v 0.038184 0.010019 0.082000
v 0.038341 0.009231 0.081200
v 0.038295 0.009462 0.081766
v 0.036000 0.009804 0.074000
v 0.036000 0.009000 0.074800
v 0.036000 0.009235 0.074234
v 0.036000 0.009804 0.082000
v 0.036000 0.009000 0.081200
v 0.036000 0.009235 0.081766
v 0.033816 0.010019 0.074000
v 0.033659 0.009231 0.074800
v 0.033705 0.009462 0.074234
v 0.033816 0.010019 0.082000
v 0.033659 0.009231 0.081200
v 0.033705 0.009462 0.081766
v 0.031715 0.010656 0.074000
v 0.031408 0.009913 0.074800
v 0.031498 0.010131 0.074234
v 0.031715 0.010656 0.082000
v 0.031408 0.009913 0.081200
v 0.031498 0.010131 0.081766
v 0.029780 0.011691 0.074000
v 0.029333 0.011022 0.074800
v 0.029464 0.011218 0.074234
v 0.029780 0.011691 0.082000
v 0.029333 0.011022 0.081200
v 0.029464 0.011218 0.081766
v 0.028083 0.013083 0.074000
v 0.027515 0.012515 0.074800
v 0.027681 0.012681 0.074234
v 0.028083 0.013083 0.082000
v 0.027515 0.012515 0.081200
v 0.027681 0.012681 0.081766
v 0.026691 0.014780 0.074000
v 0.026022 0.014333 0.074800
v 0.026218 0.014464 0.074234
v 0.026691 0.014780 0.082000
v 0.026022 0.014333 0.081200
v 0.026218 0.014464 0.081766
v 0.025656 0.016715 0.074000
v 0.024913 0.016408 0.074800
v 0.025131 0.016498 0.074234
v 0.025656 0.016715 0.082000
v 0.024913 0.016408 0.081200
v 0.025131 0.016498 0.081766
v 0.025019 0.018816 0.074000
v 0.024231 0.018659 0.074800
v 0.024462 0.018705 0.074234
v 0.025019 0.018816 0.082000
v 0.024231 0.018659 0.081200
v 0.024462 0.018705 0.081766
v 0.024804 0.021000 0.074000
v 0.024000 0.021000 0.074800
v 0.024235 0.021000 0.074234
v 0.024804 0.021000 0.082000
v 0.024000 0.021000 0.081200
v 0.024235 0.021000 0.081766
v 0.025019 0.023184 0.074000
v 0.024231 0.023341 0.074800
v 0.024462 0.023295 0.074234
v 0.025019 0.023184 0.082000
v 0.024231 0.023341 0.081200
v 0.024462 0.023295 0.081766
v 0.025656 0.025285 0.074000
v 0.024913 0.025592 0.074800
v 0.025131 0.025502 0.074234
v 0.025656 0.025285 0.082000
v 0.024913 0.025592 0.081200
v 0.025131 0.025502 0.081766
v 0.026691 0.027220 0.074000
v 0.026022 0.027667 0.074800
v 0.026218 0.027536 0.074234
v 0.026691 0.027220 0.082000
v 0.026022 0.027667 0.081200
v 0.026218 0.027536 0.081766
v 0.028083 0.028917 0.074000
v 0.027515 0.029485 0.074800
v 0.027681 0.029319 0.074234
v 0.028083 0.028917 0.082000
v 0.027515 0.029485 0.081200
v 0.027681 0.029319 0.081766
v 0.029780 0.030309 0.074000
v 0.029333 0.030978 0.074800
v 0.029464 0.030782 0.074234
v 0.029780 0.030309 0.082000
v 0.029333 0.030978 0.081200
v 0.029464 0.030782 0.081766
v 0.031715 0.031344 0.074000
v 0.031408 0.032087 0.074800
v 0.031498 0.031869 0.074234
v 0.031715 0.031344 0.082000
v 0.031408 0.032087 0.081200
v 0.031498 0.031869 0.081766
v 0.033816 0.031981 0.074000
v 0.033659 0.032769 0.074800
v 0.033705 0.032538 0.074234
v 0.033816 0.031981 0.082000
v 0.033659 0.032769 0.081200
v 0.033705 0.032538 0.081766
v 0.036000 0.027193 0.081500
v 0.036000 0.028000 0.082300
v 0.036000 0.027764 0.081734
v 0.036000 0.027193 0.084500
v 0.036000 0.028000 0.083700
v 0.036000 0.027764 0.084266
v 0.037603 0.026982 0.081500
v 0.037812 0.027761 0.082300
v 0.037751 0.027533 0.081734
v 0.037603 0.026982 0.084500
v 0.037812 0.027761 0.083700
v 0.037751 0.027533 0.084266
v 0.039097 0.026363 0.081500
v 0.039500 0.027062 0.082300
v 0.039382 0.026858 0.081734
v 0.039097 0.026363 0.084500
v 0.039500 0.027062 0.083700
v 0.039382 0.026858 0.084266
v 0.040379 0.025379 0.081500
v 0.040950 0.025950 0.082300
v 0.040783 0.025783 0.081734
v 0.040379 0.025379 0.084500
v 0.040950 0.025950 0.083700
v 0.040783 0.025783 0.084266
v 0.041363 0.024097 0.081500
v 0.042062 0.024500 0.082300
v 0.041858 0.024382 0.081734
v 0.041363 0.024097 0.084500
v 0.042062 0.024500 0.083700
v 0.041858 0.024382 0.084266
v 0.041982 0.022603 0.081500
v 0.042761 0.022812 0.082300
v 0.042533 0.022751 0.081734
v 0.041982 0.022603 0.084500
v 0.042761 0.022812 0.083700
v 0.042533 0.022751 0.084266
v 0.042193 0.021000 0.081500
v 0.043000 0.021000 0.082300
v 0.042764 0.021000 0.081734
v 0.042193 0.021000 0.084500
v 0.043000 0.021000 0.083700
v 0.042764 0.021000 0.084266
v 0.041982 0.019397 0.081500
v 0.042761 0.019188 0.082300
v 0.042533 0.019249 0.081734
v 0.041982 0.019397 0.084500
v 0.042761 0.019188 0.083700
v 0.042533 0.019249 0.084266
v 0.041363 0.017903 0.081500
v 0.042062 0.017500 0.082300
v 0.041858 0.017618 0.081734
v 0.041363 0.017903 0.084500
v 0.042062 0.017500 0.083700
v 0.041858 0.017618 0.084266
v 0.040379 0.016621 0.081500
v 0.040950 0.016050 0.082300
v 0.040783 0.016217 0.081734
v 0.040379 0.016621 0.084500
v 0.040950 0.016050 0.083700
v 0.040783 0.016217 0.084266
v 0.039097 0.015637 0.081500
v 0.039500 0.014938 0.082300
v 0.039382 0.015142 0.081734
v 0.039097 0.015637 0.084500
v 0.039500 0.014938 0.083700
v 0.039382 0.015142 0.084266
v 0.037603 0.015018 0.081500
v 0.037812 0.014239 0.082300
v 0.037751 0.014467 0.081734
v 0.037603 0.015018 0.084500
v 0.037812 0.014239 0.083700
v 0.037751 0.014467 0.084266
v 0.036000 0.014807 0.081500
v 0.036000 0.014000 0.082300
v 0.036000 0.014236 0.081734
v 0.036000 0.014807 0.084500
v 0.036000 0.014000 0.083700
v 0.036000 0.014236 0.084266
v 0.034397 0.015018 0.081500
v 0.034188 0.014239 0.082300
v 0.034249 0.014467 0.081734
v 0.034397 0.015018 0.084500
v 0.034188 0.014239 0.083700
v 0.034249 0.014467 0.084266
v 0.032903 0.015637 0.081500
v 0.032500 0.014938 0.082300
v 0.032618 0.015142 0.081734
v 0.032903 0.015637 0.084500
v 0.032500 0.014938 0.083700
v 0.032618 0.015142 0.084266
v 0.031621 0.016621 0.081500
v 0.031050 0.016050 0.082300
v 0.031217 0.016217 0.081734
v 0.031621 0.016621 0.084500
v 0.031050 0.016050 0.083700
v 0.031217 0.016217 0.084266
v 0.030637 0.017903 0.081500
v 0.029938 0.017500 0.082300
v 0.030142 0.017618 0.081734
v 0.030637 0.017903 0.084500
v 0.029938 0.017500 0.083700
v 0.030142 0.017618 0.084266
v 0.030018 0.019397 0.081500
v 0.029239 0.019188 0.082300
v 0.029467 0.019249 0.081734
v 0.030018 0.019397 0.084500
v 0.029239 0.019188 0.083700
v 0.029467 0.019249 0.084266
v 0.029807 0.021000 0.081500
v 0.029000 0.021000 0.082300
v 0.029236 0.021000 0.081734
v 0.029807 0.021000 0.084500
v 0.029000 0.021000 0.083700
v 0.029236 0.021000 0.084266
v 0.030018 0.022603 0.081500
v 0.029239 0.022812 0.082300
v 0.029467 0.022751 0.081734
v 0.030018 0.022603 0.084500
v 0.029239 0.022812 0.083700
v 0.029467 0.022751 0.084266
v 0.030637 0.024097 0.081500
v 0.029938 0.024500 0.082300
v 0.030142 0.024382 0.081734
v 0.030637 0.024097 0.084500
v 0.029938 0.024500 0.083700
v 0.030142 0.024382 0.084266
v 0.031621 0.025379 0.081500
v 0.031050 0.025950 0.082300
v 0.031217 0.025783 0.081734
v 0.031621 0.025379 0.084500
v 0.031050 0.025950 0.083700
v 0.031217 0.025783 0.084266
v 0.032903 0.026363 0.081500
v 0.032500 0.027062 0.082300
v 0.032618 0.026858 0.081734
v 0.032903 0.026363 0.084500
v 0.032500 0.027062 0.083700
v 0.032618 0.026858 0.084266
v 0.034397 0.026982 0.081500
v 0.034188 0.027761 0.082300
v 0.034249 0.027533 0.081734
v 0.034397 0.026982 0.084500
v 0.034188 0.027761 0.083700
v 0.034249 0.027533 0.084266
v -0.082000 0.012000 -0.034193
v -0.081200 0.012000 -0.035000
v -0.081766 0.012000 -0.034764
v -0.076000 0.012000 -0.034193
v -0.076800 0.012000 -0.035000
v -0.076234 0.012000 -0.034764
v -0.082000 0.006256 -0.033437
v -0.081200 0.006047 -0.034216
v -0.081766 0.006108 -0.033988
v -0.076000 0.006256 -0.033437
v -0.076800 0.006047 -0.034216
v -0.076234 0.006108 -0.033988
v -0.082000 0.000903 -0.031220
v -0.081200 0.000500 -0.031919
v -0.081766 0.000618 -0.031714
v -0.076000 0.000903 -0.031220
v -0.076800 0.000500 -0.031919
v -0.076234 0.000618 -0.031714
v -0.082000 -0.003693 -0.027693
v -0.081200 -0.004263 -0.028263
v -0.081766 -0.004096 -0.028096
v -0.076000 -0.003693 -0.027693
v -0.076800 -0.004263 -0.028263
v -0.076234 -0.004096 -0.028096
v -0.082000 -0.007220 -0.023097
v -0.081200 -0.007919 -0.023500
v -0.081766 -0.007714 -0.023382
v -0.076000 -0.007220 -0.023097
v -0.076800 -0.007919 -0.023500
v -0.076234 -0.007714 -0.023382
v -0.082000 -0.009437 -0.017744
v -0.081200 -0.010216 -0.017953
v -0.081766 -0.009988 -0.017892
v -0.076000 -0.009437 -0.017744
v -0.076800 -0.010216 -0.017953
v -0.076234 -0.009988 -0.017892
v -0.082000 -0.010193 -0.012000
v -0.081200 -0.011000 -0.012000
v -0.081766 -0.010764 -0.012000
v -0.076000 -0.010193 -0.012000
v -0.076800 -0.011000 -0.012000
v -0.076234 -0.010764 -0.012000
v -0.082000 -0.009437 -0.006256
v -0.081200 -0.010216 -0.006047
v -0.081766 -0.009988 -0.006108
v -0.076000 -0.009437 -0.006256
v -0.076800 -0.010216 -0.006047
v -0.076234 -0.009988 -0.006108
v -0.082000 -0.007220 -0.000903
v -0.081200 -0.007919 -0.000500
v -0.081766 -0.007714 -0.000618
v -0.076000 -0.007220 -0.000903
v -0.076800 -0.007919 -0.000500
v -0.076234 -0.007714 -0.000618
v -0.082000 -0.003693 0.003693
v -0.081200 -0.004263 0.004263
v -0.081766 -0.004096 0.004096
v -0.076000 -0.003693 0.003693
v -0.076800 -0.004263 0.004263
v -0.076234 -0.004096 0.004096
v -0.082000 0.000903 0.007220
v -0.081200 0.000500 0.007919
v -0.081766 0.000618 0.007714
v -0.076000 0.000903 0.007220
v -0.076800 0.000500 0.007919
v -0.076234 0.000618 0.007714
v -0.082000 0.006256 0.009437
v -0.081200 0.006047 0.010216
v -0.081766 0.006108 0.009988
v -0.076000 0.006256 0.009437
v -0.076800 0.006047 0.010216
v -0.076234 0.006108 0.009988
v -0.082000 0.012000 0.010193
v -0.081200 0.012000 0.011000
v -0.081766 0.012000 0.010764
v -0.076000 0.012000 0.010193
v -0.076800 0.012000 0.011000
v -0.076234 0.012000 0.010764
v -0.082000 0.017744 0.009437
v -0.081200 0.017953 0.010216
v -0.081766 0.017892 0.009988
v -0.076000 0.017744 0.009437
v -0.076800 0.017953 0.010216
v -0.076234 0.017892 0.009988
v -0.082000 0.023097 0.007220
v -0.081200 0.023500 0.007919
v -0.081766 0.023382 0.007714
v -0.076000 0.023097 0.007220
v -0.076800 0.023500 0.007919
v -0.076234 0.023382 0.007714
v -0.082000 0.027693 0.003693
v -0.081200 0.028263 0.004263
v -0.081766 0.028096 0.004096
v -0.076000 0.027693 0.003693
v -0.076800 0.028263 0.004263
v -0.076234 0.028096 0.004096
v -0.082000 0.031220 -0.000903
v -0.081200 0.031919 -0.000500
v -0.081766 0.031714 -0.000618
v -0.076000 0.031220 -0.000903
v -0.076800 0.031919 -0.000500
v -0.076234 0.031714 -0.000618
v -0.082000 0.033437 -0.006256
v -0.081200 0.034216 -0.006047
v -0.081766 0.033988 -0.006108
v -0.076000 0.033437 -0.006256
v -0.076800 0.034216 -0.006047
v -0.076234 0.033988 -0.006108
v -0.082000 0.034193 -0.012000
v -0.081200 0.035000 -0.012000
v -0.081766 0.034764 -0.012000
v -0.076000 0.034193 -0.012000
v -0.076800 0.035000 -0.012000
v -0.076234 0.034764 -0.012000
v -0.082000 0.033437 -0.017744
v -0.081200 0.034216 -0.017953
v -0.081766 0.033988 -0.017892
v -0.076000 0.033437 -0.017744
v -0.076800 0.034216 -0.017953
v -0.076234 0.033988 -0.017892
v -0.082000 0.031220 -0.023097
v -0.081200 0.031919 -0.023500
v -0.081766 0.031714 -0.023382
v -0.076000 0.031220 -0.023097
v -0.076800 0.031919 -0.023500
v -0.076234 0.031714 -0.023382
v -0.082000 0.027693 -0.027693
v -0.081200 0.028263 -0.028263
v -0.081766 0.028096 -0.028096
v -0.076000 0.027693 -0.027693
v -0.076800 0.028263 -0.028263
v -0.076234 0.028096 -0.028096
v -0.082000 0.023097 -0.031220
v -0.081200 0.023500 -0.031919
v -0.081766 0.023382 -0.031714
v -0.076000 0.023097 -0.031220
v -0.076800 0.023500 -0.031919
v -0.076234 0.023382 -0.031714
v -0.082000 0.017744 -0.033437
v -0.081200 0.017953 -0.034216
v -0.081766 0.017892 -0.033988
v -0.076000 0.017744 -0.033437
v -0.076800 0.017953 -0.034216
v -0.076234 0.017892 -0.033988
v 0.076000 0.012000 -0.034193
v 0.076800 0.012000 -0.035000
v 0.076234 0.012000 -0.034764
v 0.082000 0.012000 -0.034193
v 0.081200 0.012000 -0.035000
v 0.081766 0.012000 -0.034764
v 0.076000 0.006256 -0.033437
v 0.076800 0.006047 -0.034216
v 0.076234 0.006108 -0.033988
v 0.082000 0.006256 -0.033437
v 0.081200 0.006047 -0.034216
v 0.081766 0.006108 -0.033988
v 0.076000 0.000903 -0.031220
v 0.076800 0.000500 -0.031919
v 0.076234 0.000618 -0.031714
v 0.082000 0.000903 -0.031220
v 0.081200 0.000500 -0.031919
v 0.081766 0.000618 -0.031714
v 0.076000 -0.003693 -0.027693
v 0.076800 -0.004263 -0.028263
v 0.076234 -0.004096 -0.028096
v 0.082000 -0.003693 -0.027693
v 0.081200 -0.004263 -0.028263
v 0.081766 -0.004096 -0.028096
v 0.076000 -0.007220 -0.023097
v 0.076800 -0.007919 -0.023500
v 0.076234 -0.007714 -0.023382
v 0.082000 -0.007220 -0.023097
v 0.081200 -0.007919 -0.023500
v 0.081766 -0.007714 -0.023382
v 0.076000 -0.009437 -0.017744
v 0.076800 -0.010216 -0.017953
v 0.076234 -0.009988 -0.017892
v 0.082000 -0.009437 -0.017744
v 0.081200 -0.010216 -0.017953
v 0.081766 -0.009988 -0.017892
v 0.076000 -0.010193 -0.012000
v 0.076800 -0.011000 -0.012000
v 0.076234 -0.010764 -0.012000
v 0.082000 -0.010193 -0.012000
v 0.081200 -0.011000 -0.012000
v 0.081766 -0.010764 -0.012000
v 0.076000 -0.009437 -0.006256
v 0.076800 -0.010216 -0.006047
v 0.076234 -0.009988 -0.006108
v 0.082000 -0.009437 -0.006256
v 0.081200 -0.010216 -0.006047
v 0.081766 -0.009988 -0.006108
v 0.076000 -0.007220 -0.000903
v 0.076800 -0.007919 -0.000500
v 0.076234 -0.007714 -0.000618
v 0.082000 -0.007220 -0.000903
v 0.081200 -0.007919 -0.000500
v 0.081766 -0.007714 -0.000618
v 0.076000 -0.003693 0.003693
v 0.076800 -0.004263 0.004263
v 0.076234 -0.004096 0.004096
v 0.082000 -0.003693 0.003693
v 0.081200 -0.004263 0.004263
v 0.081766 -0.004096 0.004096
v 0.076000 0.000903 0.007220
v 0.076800 0.000500 0.007919
v 0.076234 0.000618 0.007714
v 0.082000 0.000903 0.007220
v 0.081200 0.000500 0.007919
v 0.081766 0.000618 0.007714
v 0.076000 0.006256 0.009437
v 0.076800 0.006047 0.010216
v 0.076234 0.006108 0.009988
v 0.082000 0.006256 0.009437
v 0.081200 0.006047 0.010216
v 0.081766 0.006108 0.009988
v 0.076000 0.012000 0.010193
v 0.076800 0.012000 0.011000
v 0.076234 0.012000 0.010764
v 0.082000 0.012000 0.010193
v 0.081200 0.012000 0.011000
v 0.081766 0.012000 0.010764
v 0.076000 0.017744 0.009437
v 0.076800 0.017953 0.010216
v 0.076234 0.017892 0.009988
v 0.082000 0.017744 0.009437
v 0.081200 0.017953 0.010216
v 0.081766 0.017892 0.009988
v 0.076000 0.023097 0.007220
v 0.076800 0.023500 0.007919
v 0.076234 0.023382 0.007714
v 0.082000 0.023097 0.007220
v 0.081200 0.023500 0.007919
v 0.081766 0.023382 0.007714
v 0.076000 0.027693 0.003693
v 0.076800 0.028263 0.004263
v 0.076234 0.028096 0.004096
v 0.082000 0.027693 0.003693
v 0.081200 0.028263 0.004263
v 0.081766 0.028096 0.004096
v 0.076000 0.031220 -0.000903
v 0.076800 0.031919 -0.000500
v 0.076234 0.031714 -0.000618
v 0.082000 0.031220 -0.000903
v 0.081200 0.031919 -0.000500
v 0.081766 0.031714 -0.000618
v 0.076000 0.033437 -0.006256
v 0.076800 0.034216 -0.006047
v 0.076234 0.033988 -0.006108
v 0.082000 0.033437 -0.006256
v 0.081200 0.034216 -0.006047
v 0.081766 0.033988 -0.006108
v 0.076000 0.034193 -0.012000
v 0.076800 0.035000 -0.012000
v 0.076234 0.034764 -0.012000
v 0.082000 0.034193 -0.012000
v 0.081200 0.035000 -0.012000
v 0.081766 0.034764 -0.012000
v 0.076000 0.033437 -0.017744
v 0.076800 0.034216 -0.017953
v 0.076234 0.033988 -0.017892
v 0.082000 0.033437 -0.017744
v 0.081200 0.034216 -0.017953
v 0.081766 0.033988 -0.017892
v 0.076000 0.031220 -0.023097
v 0.076800 0.031919 -0.023500
v 0.076234 0.031714 -0.023382
v 0.082000 0.031220 -0.023097
v 0.081200 0.031919 -0.023500
v 0.081766 0.031714 -0.023382
v 0.076000 0.027693 -0.027693
v 0.076800 0.028263 -0.028263
v 0.076234 0.028096 -0.028096
v 0.082000 0.027693 -0.027693
v 0.081200 0.028263 -0.028263
v 0.081766 0.028096 -0.028096
v 0.076000 0.023097 -0.031220
v 0.076800 0.023500 -0.031919
v 0.076234 0.023382 -0.031714
v 0.082000 0.023097 -0.031220
v 0.081200 0.023500 -0.031919
v 0.081766 0.023382 -0.031714
v 0.076000 0.017744 -0.033437
v 0.076800 0.017953 -0.034216
v 0.076234 0.017892 -0.033988
v 0.082000 0.017744 -0.033437
v 0.081200 0.017953 -0.034216
v 0.081766 0.017892 -0.033988
v -0.026000 -0.029500 0.071000
v -0.026000 -0.027500 0.073000
v -0.028000 -0.027500 0.071000
v -0.026000 -0.029233 0.071999
v -0.026999 -0.029233 0.071000
v -0.026956 -0.028973 0.071956
v -0.026999 -0.027500 0.072733
v -0.026000 -0.028499 0.072733
v -0.026956 -0.028456 0.072473
v -0.027733 -0.028499 0.071000
v -0.027733 -0.027500 0.071999
v -0.027473 -0.028456 0.071956
v -0.026000 -0.022500 0.073000
v -0.026000 -0.020500 0.071000
v -0.028000 -0.022500 0.071000
v -0.026000 -0.021501 0.072733
v -0.026999 -0.022500 0.072733
v -0.026956 -0.021544 0.072473
v -0.026999 -0.020767 0.071000
v -0.026000 -0.020767 0.071999
v -0.026956 -0.021027 0.071956
v -0.027733 -0.022500 0.071999
v -0.027733 -0.021501 0.071000
v -0.027473 -0.021544 0.071956
v -0.026000 -0.029500 0.069000
v -0.028000 -0.027500 0.069000
v -0.026000 -0.027500 0.067000
v -0.026999 -0.029233 0.069000
v -0.026000 -0.029233 0.068001
v -0.026956 -0.028973 0.068044
v -0.027733 -0.027500 0.068001
v -0.027733 -0.028499 0.069000
v -0.027473 -0.028456 0.068044
v -0.026000 -0.028499 0.067267
v -0.026999 -0.027500 0.067267
v -0.026956 -0.028456 0.067527
v -0.026000 -0.020500 0.069000
v -0.026000 -0.022500 0.067000
v -0.028000 -0.022500 0.069000
v -0.026000 -0.020767 0.068001
v -0.026999 -0.020767 0.069000
v -0.026956 -0.021027 0.068044
v -0.026999 -0.022500 0.067267
v -0.026000 -0.021501 0.067267
v -0.026956 -0.021544 0.067527
v -0.027733 -0.021501 0.069000
v -0.027733 -0.022500 0.068001
v -0.027473 -0.021544 0.068044
v 0.026000 -0.029500 0.071000
v 0.028000 -0.027500 0.071000
v 0.026000 -0.027500 0.073000
v 0.026999 -0.029233 0.071000
v 0.026000 -0.029233 0.071999
v 0.026956 -0.028973 0.071956
v 0.027733 -0.027500 0.071999
v 0.027733 -0.028499 0.071000
v 0.027473 -0.028456 0.071956
v 0.026000 -0.028499 0.072733
v 0.026999 -0.027500 0.072733
v 0.026956 -0.028456 0.072473
v 0.026000 -0.020500 0.071000
v 0.026000 -0.022500 0.073000
v 0.028000 -0.022500 0.071000
v 0.026000 -0.020767 0.071999
v 0.026999 -0.020767 0.071000
v 0.026956 -0.021027 0.071956
v 0.026999 -0.022500 0.072733
v 0.026000 -0.021501 0.072733
v 0.026956 -0.021544 0.072473
v 0.027733 -0.021501 0.071000
v 0.027733 -0.022500 0.071999
v 0.027473 -0.021544 0.071956
v 0.026000 -0.029500 0.069000
v 0.026000 -0.027500 0.067000
v 0.028000 -0.027500 0.069000
v 0.026000 -0.029233 0.068001
v 0.026999 -0.029233 0.069000
v 0.026956 -0.028973 0.068044
v 0.026999 -0.027500 0.067267
v 0.026000 -0.028499 0.067267
v 0.026956 -0.028456 0.067527
v 0.027733 -0.028499 0.069000
v 0.027733 -0.027500 0.068001
v 0.027473 -0.028456 0.068044
v 0.026000 -0.020500 0.069000
v 0.028000 -0.022500 0.069000
v 0.026000 -0.022500 0.067000
v 0.026999 -0.020767 0.069000
v 0.026000 -0.020767 0.068001
v 0.026956 -0.021027 0.068044
v 0.027733 -0.022500 0.068001
v 0.027733 -0.021501 0.069000
v 0.027473 -0.021544 0.068044
v 0.026000 -0.021501 0.067267
v 0.026999 -0.022500 0.067267
v 0.026956 -0.021544 0.067527
vn -0.2493 -0.9318 0.2639
vn -0.2178 -0.6901 0.6901
vn -0.2639 -0.2493 0.9318
vn -0.6901 -0.2178 0.6901
vn -0.9318 -0.2639 0.2493
vn -0.6901 -0.6901 0.2178
vn -0.5774 -0.5774 0.5774
vn -0.2493 0.2639 0.9318
vn -0.2178 0.6901 0.6901
vn -0.2639 0.9318 0.2493
vn -0.6901 0.6901 0.2178
vn -0.9318 0.2493 0.2639
vn -0.6901 0.2178 0.6901
vn -0.5774 0.5774 0.5774
vn -0.2639 -0.9318 -0.2493
vn -0.6901 -0.6901 -0.2178
vn -0.9318 -0.2493 -0.2639
vn -0.6901 -0.2178 -0.6901
vn -0.2493 -0.2639 -0.9318
vn -0.2178 -0.6901 -0.6901
vn -0.5774 -0.5774 -0.5774
vn -0.2493 0.9318 -0.2639
vn -0.2178 0.6901 -0.6901
vn -0.2639 0.2493 -0.9318
vn -0.6901 0.2178 -0.6901
vn -0.9318 0.2639 -0.2493
vn -0.6901 0.6901 -0.2178
vn -0.5774 0.5774 -0.5774
vn 0.2639 -0.9318 0.2493
vn 0.6901 -0.6901 0.2178
vn 0.9318 -0.2493 0.2639
vn 0.6901 -0.2178 0.6901
vn 0.2493 -0.2639 0.9318
vn 0.2178 -0.6901 0.6901
vn 0.5774 -0.5774 0.5774
vn 0.2493 0.9318 0.2639
vn 0.2178 0.6901 0.6901
vn 0.2639 0.2493 0.9318
vn 0.6901 0.2178 0.6901
vn 0.9318 0.2639 0.2493
vn 0.6901 0.6901 0.2178
vn 0.5774 0.5774 0.5774
vn 0.2493 -0.9318 -0.2639
vn 0.2178 -0.6901 -0.6901
vn 0.2639 -0.2493 -0.9318
vn 0.6901 -0.2178 -0.6901
vn 0.9318 -0.2639 -0.2493
vn 0.6901 -0.6901 -0.2178
vn 0.5774 -0.5774 -0.5774
vn 0.2639 0.9318 -0.2493
vn 0.6901 0.6901 -0.2178
vn 0.9318 0.2493 -0.2639
vn 0.6901 0.2178 -0.6901
vn 0.2493 0.2639 -0.9318
vn 0.2178 0.6901 -0.6901
vn 0.5774 0.5774 -0.5774
vn -0.2585 -0.9660 -0.0000
vn -0.7071 -0.7071 -0.0000
vn -0.9660 -0.2585 -0.0000
vn -0.2585 -0.0000 0.9660
vn -0.7071 -0.0000 0.7071
vn -0.9660 -0.0000 0.2585
vn -0.2585 0.9660 -0.0000
vn -0.7071 0.7071 -0.0000
vn -0.9660 0.2585 -0.0000
vn -0.2585 -0.0000 -0.9660
vn -0.7071 -0.0000 -0.7071
vn -0.9660 -0.0000 -0.2585
vn -0.0000 -0.9660 -0.2585
vn -0.0000 -0.7071 -0.7071
vn -0.0000 -0.2585 -0.9660
vn -0.0000 0.9660 -0.2585
vn -0.0000 0.7071 -0.7071
vn -0.0000 0.2585 -0.9660
vn 0.9660 -0.0000 -0.2585
vn 0.7071 -0.0000 -0.7071
vn 0.2585 -0.0000 -0.9660
vn 0.2585 -0.9660 -0.0000
vn 0.7071 -0.7071 -0.0000
vn 0.9660 -0.2585 -0.0000
vn 0.2585 0.9660 -0.0000
vn 0.7071 0.7071 -0.0000
vn 0.9660 0.2585 -0.0000
vn 0.2585 -0.0000 0.9660
vn 0.7071 -0.0000 0.7071
vn 0.9660 -0.0000 0.2585
vn -0.0000 -0.9660 0.2585
vn -0.0000 -0.7071 0.7071
vn -0.0000 -0.2585 0.9660
vn -0.0000 0.9660 0.2585
vn -0.0000 0.7071 0.7071
vn -0.0000 0.2585 0.9660
vn -0.0000 -1.0000 -0.0000
vn -1.0000 -0.0000 -0.0000
vn -0.0000 -0.0000 1.0000
vn -0.0000 1.0000 -0.0000
vn -0.0000 -0.0000 -1.0000
vn 1.0000 -0.0000 -0.0000
vn -0.2492 -0.9318 0.2640
vn -0.2179 -0.6901 0.6901
vn -0.2640 -0.2493 0.9318
vn -0.6901 -0.2179 0.6901
vn -0.9318 -0.2640 0.2492
vn -0.6901 -0.6901 0.2179
vn -0.5773 -0.5774 0.5773
vn -0.2493 0.2640 0.9318
vn -0.2179 0.6901 0.6901
vn -0.2640 0.9318 0.2492
vn -0.6901 0.6901 0.2179
vn -0.9318 0.2492 0.2640
vn -0.6901 0.2179 0.6901
vn -0.5773 0.5774 0.5773
vn -0.2640 -0.9318 -0.2492
vn -0.6901 -0.6901 -0.2179
vn -0.9318 -0.2493 -0.2640
vn -0.6901 -0.2179 -0.6901
vn -0.2492 -0.2640 -0.9318
vn -0.2179 -0.6901 -0.6901
vn -0.2493 0.9318 -0.2640
vn -0.2179 0.6901 -0.6901
vn -0.2640 0.2492 -0.9318
vn -0.6901 0.2179 -0.6901
vn -0.9318 0.2640 -0.2492
vn -0.6901 0.6901 -0.2179
vn 0.2640 -0.9318 0.2492
vn 0.6901 -0.6901 0.2179
vn 0.9318 -0.2492 0.2640
vn 0.6901 -0.2179 0.6901
vn 0.2493 -0.2640 0.9318
vn 0.2179 -0.6901 0.6901
vn 0.5773 -0.5774 0.5773
vn 0.2492 0.9318 0.2640
vn 0.2179 0.6901 0.6901
vn 0.2640 0.2493 0.9318
vn 0.6901 0.2179 0.6901
vn 0.9318 0.2640 0.2492
vn 0.6901 0.6901 0.2179
vn 0.5773 0.5774 0.5773
vn 0.2492 -0.9318 -0.2640
vn 0.2179 -0.6901 -0.6901
vn 0.2640 -0.2492 -0.9318
vn 0.6901 -0.2179 -0.6901
vn 0.9318 -0.2640 -0.2492
vn 0.6901 -0.6901 -0.2179
vn 0.2640 0.9318 -0.2492
vn 0.6901 0.6901 -0.2179
vn 0.9318 0.2493 -0.2640
vn 0.6901 0.2179 -0.6901
vn 0.2492 0.2640 -0.9318
vn 0.2179 0.6901 -0.6901
vn -0.9318 -0.2639 -0.2493
vn -0.2584 -0.0000 0.9660
vn -0.9660 -0.0000 0.2584
vn -0.2493 -0.9318 -0.2639
vn -0.9318 0.2639 0.2493
vn -0.2584 -0.0000 -0.9660
vn -0.9660 -0.0000 -0.2584
vn -0.0000 -0.9660 -0.2584
vn -0.0000 -0.2584 -0.9660
vn -0.0000 0.9660 -0.2584
vn -0.0000 0.2584 -0.9660
vn 0.9660 -0.0000 -0.2584
vn 0.2584 -0.0000 -0.9660
vn -0.2493 0.9318 0.2639
vn -0.2639 0.2493 0.9318
vn -0.9318 -0.2493 0.2639
vn 0.2584 -0.0000 0.9660
vn 0.9660 -0.0000 0.2584
vn -0.0000 -0.9660 0.2584
vn -0.0000 -0.2584 0.9660
vn -0.0000 0.9660 0.2584
vn -0.0000 0.2584 0.9660
vn -0.2493 -0.2639 0.9318
vn -0.2639 -0.9318 0.2493
vn 0.1207 -0.3820 -0.9162
vn 0.0499 -0.9242 -0.3787
vn 0.1207 0.3821 -0.9162
vn 0.0499 0.9240 -0.3790
vn 0.3537 -0.3821 -0.8538
vn 0.1463 -0.9241 -0.3531
vn 0.3535 0.3828 -0.8535
vn 0.1463 0.9240 -0.3533
vn 0.5624 -0.3827 -0.7330
vn 0.2328 -0.9240 -0.3034
vn 0.5625 0.3823 -0.7331
vn 0.2324 0.9242 -0.3029
vn 0.7332 -0.3823 -0.5625
vn 0.3029 -0.9243 -0.2324
vn 0.7330 0.3827 -0.5624
vn 0.3034 0.9240 -0.2328
vn 0.8535 -0.3828 -0.3535
vn 0.3533 -0.9240 -0.1463
vn 0.8538 0.3820 -0.3537
vn 0.3531 0.9241 -0.1463
vn 0.9162 -0.3821 -0.1207
vn 0.3790 -0.9240 -0.0499
vn 0.9162 0.3820 -0.1207
vn 0.3787 0.9242 -0.0499
vn 0.9162 -0.3820 0.1207
vn 0.3787 -0.9242 0.0499
vn 0.9162 0.3821 0.1207
vn 0.3790 0.9240 0.0499
vn 0.8538 -0.3820 0.3537
vn 0.3531 -0.9241 0.1463
vn 0.8535 0.3828 0.3535
vn 0.3533 0.9240 0.1463
vn 0.7330 -0.3827 0.5624
vn 0.3034 -0.9240 0.2328
vn 0.7331 0.3823 0.5625
vn 0.3029 0.9242 0.2324
vn 0.5625 -0.3823 0.7331
vn 0.2324 -0.9242 0.3029
vn 0.5623 0.3827 0.7330
vn 0.2328 0.9240 0.3034
vn 0.3535 -0.3828 0.8535
vn 0.1463 -0.9240 0.3533
vn 0.3537 0.3821 0.8538
vn 0.1463 0.9241 0.3531
vn 0.1207 -0.3821 0.9162
vn 0.0499 -0.9240 0.3790
vn 0.1207 0.3820 0.9162
vn 0.0499 0.9242 0.3787
vn -0.1207 -0.3820 0.9162
vn -0.0499 -0.9242 0.3787
vn -0.1207 0.3821 0.9162
vn -0.0499 0.9240 0.3790
vn -0.3537 -0.3821 0.8538
vn -0.1463 -0.9241 0.3531
vn -0.3535 0.3828 0.8535
vn -0.1463 0.9240 0.3533
vn -0.5624 -0.3827 0.7330
vn -0.2328 -0.9240 0.3034
vn -0.5625 0.3823 0.7331
vn -0.2324 0.9242 0.3029
vn -0.7332 -0.3823 0.5625
vn -0.3029 -0.9243 0.2324
vn -0.7330 0.3827 0.5624
vn -0.3034 0.9240 0.2328
vn -0.8535 -0.3828 0.3535
vn -0.3533 -0.9240 0.1463
vn -0.8538 0.3820 0.3537
vn -0.3531 0.9241 0.1463
vn -0.9162 -0.3821 0.1207
vn -0.3790 -0.9240 0.0499
vn -0.9162 0.3820 0.1207
vn -0.3787 0.9242 0.0499
vn -0.9162 -0.3820 -0.1207
vn -0.3787 -0.9242 -0.0499
vn -0.9162 0.3821 -0.1207
vn -0.3790 0.9240 -0.0499
vn -0.8538 -0.3820 -0.3537
vn -0.3531 -0.9241 -0.1463
vn -0.8535 0.3828 -0.3535
vn -0.3533 0.9240 -0.1463
vn -0.7330 -0.3827 -0.5624
vn -0.3034 -0.9240 -0.2328
vn -0.7331 0.3823 -0.5625
vn -0.3029 0.9242 -0.2324
vn -0.5625 -0.3823 -0.7331
vn -0.2324 -0.9242 -0.3029
vn -0.5623 0.3827 -0.7330
vn -0.2328 0.9240 -0.3034
vn -0.3535 -0.3828 -0.8535
vn -0.1463 -0.9240 -0.3533
vn -0.3537 0.3821 -0.8538
vn -0.1463 0.9241 -0.3531
vn -0.1207 -0.3821 -0.9162
vn -0.0499 -0.9240 -0.3790
vn -0.1207 0.3820 -0.9162
vn -0.0499 0.9242 -0.3787
vn 0.1306 -0.0000 -0.9914
vn -0.1306 -0.0000 -0.9914
vn 0.3826 -0.0000 -0.9239
vn 0.6087 -0.0000 -0.7934
vn 0.7934 -0.0000 -0.6087
vn 0.9239 -0.0000 -0.3826
vn 0.9914 -0.0000 -0.1306
vn 0.9914 -0.0000 0.1306
vn 0.9239 -0.0000 0.3826
vn 0.7934 -0.0000 0.6087
vn 0.6087 -0.0000 0.7934
vn 0.3826 -0.0000 0.9239
vn 0.1306 -0.0000 0.9914
vn -0.1306 -0.0000 0.9914
vn -0.3826 -0.0000 0.9239
vn -0.6087 -0.0000 0.7934
vn -0.7934 -0.0000 0.6087
vn -0.9239 -0.0000 0.3826
vn -0.9914 -0.0000 0.1306
vn -0.9914 -0.0000 -0.1306
vn -0.9239 -0.0000 -0.3826
vn -0.7934 -0.0000 -0.6087
vn -0.6087 -0.0000 -0.7934
vn -0.3826 -0.0000 -0.9239
vn 0.0910 0.9197 -0.3819
vn 0.0374 0.3801 -0.9242
vn 0.0909 0.9194 0.3826
vn 0.0375 0.3807 0.9239
vn 0.2680 0.8842 -0.3826
vn 0.1110 0.3661 -0.9240
vn 0.2680 0.8840 0.3831
vn 0.1110 0.3660 0.9240
vn 0.4354 0.8147 -0.3830
vn 0.1804 0.3373 -0.9240
vn 0.4354 0.8147 0.3829
vn 0.1802 0.3368 0.9242
vn 0.5860 0.7141 -0.3829
vn 0.2423 0.2954 -0.9242
vn 0.5863 0.7146 0.3815
vn 0.2424 0.2955 0.9241
vn 0.7146 0.5863 -0.3815
vn 0.2955 0.2424 -0.9241
vn 0.7142 0.5860 0.3829
vn 0.2953 0.2423 0.9242
vn 0.8147 0.4354 -0.3829
vn 0.3368 0.1802 -0.9242
vn 0.8147 0.4354 0.3830
vn 0.3373 0.1804 0.9240
vn 0.8840 0.2680 -0.3831
vn 0.3660 0.1110 -0.9240
vn 0.8842 0.2680 0.3826
vn 0.3660 0.1110 0.9240
vn 0.9194 0.0909 -0.3826
vn 0.3807 0.0375 -0.9239
vn 0.9197 0.0910 0.3819
vn 0.3801 0.0374 0.9242
vn 0.9197 -0.0910 -0.3819
vn 0.3801 -0.0374 -0.9242
vn 0.9194 -0.0909 0.3826
vn 0.3807 -0.0375 0.9239
vn 0.8842 -0.2680 -0.3826
vn 0.3660 -0.1110 -0.9240
vn 0.8840 -0.2680 0.3831
vn 0.3660 -0.1110 0.9240
vn 0.8147 -0.4354 -0.3830
vn 0.3373 -0.1804 -0.9240
vn 0.8147 -0.4354 0.3829
vn 0.3368 -0.1802 0.9242
vn 0.7142 -0.5860 -0.3829
vn 0.2953 -0.2423 -0.9242
vn 0.7146 -0.5863 0.3815
vn 0.2955 -0.2424 0.9241
vn 0.5863 -0.7146 -0.3815
vn 0.2424 -0.2955 -0.9241
vn 0.5860 -0.7141 0.3829
vn 0.2423 -0.2954 0.9242
vn 0.4354 -0.8147 -0.3829
vn 0.1802 -0.3369 -0.9242
vn 0.4354 -0.8147 0.3830
vn 0.1804 -0.3373 0.9240
vn 0.2680 -0.8840 -0.3831
vn 0.1110 -0.3660 -0.9240
vn 0.2680 -0.8842 0.3826
vn 0.1110 -0.3661 0.9240
vn 0.0909 -0.9194 -0.3826
vn 0.0375 -0.3807 -0.9239
vn 0.0910 -0.9197 0.3819
vn 0.0374 -0.3801 0.9242
vn -0.0910 -0.9197 -0.3819
vn -0.0374 -0.3801 -0.9242
vn -0.0909 -0.9194 0.3826
vn -0.0375 -0.3807 0.9239
vn -0.2680 -0.8842 -0.3826
vn -0.1110 -0.3661 -0.9240
vn -0.2680 -0.8840 0.3831
vn -0.1110 -0.3660 0.9240
vn -0.4354 -0.8147 -0.3830
vn -0.1804 -0.3373 -0.9240
vn -0.4354 -0.8147 0.3829
vn -0.1802 -0.3369 0.9242
vn -0.5860 -0.7141 -0.3829
vn -0.2423 -0.2954 -0.9242
vn -0.5863 -0.7146 0.3816
vn -0.2424 -0.2955 0.9241
vn -0.7146 -0.5863 -0.3815
vn -0.2955 -0.2424 -0.9241
vn -0.7141 -0.5860 0.3829
vn -0.2953 -0.2423 0.9242
vn -0.8147 -0.4354 -0.3829
vn -0.3368 -0.1802 -0.9242
vn -0.8147 -0.4354 0.3830
vn -0.3373 -0.1804 0.9240
vn -0.8840 -0.2680 -0.3831
vn -0.3660 -0.1110 -0.9240
vn -0.8842 -0.2680 0.3826
vn -0.3660 -0.1110 0.9240
vn -0.9194 -0.0909 -0.3826
vn -0.3807 -0.0375 -0.9239
vn -0.9197 -0.0910 0.3819
vn -0.3801 -0.0374 0.9242
vn -0.9197 0.0910 -0.3819
vn -0.3801 0.0374 -0.9242
vn -0.9194 0.0909 0.3826
vn -0.3807 0.0375 0.9239
vn -0.8842 0.2680 -0.3826
vn -0.3660 0.1110 -0.9240
vn -0.8840 0.2680 0.3831
vn -0.3660 0.1110 0.9240
vn -0.8147 0.4354 -0.3830
vn -0.3373 0.1804 -0.9240
vn -0.8147 0.4354 0.3829
vn -0.3368 0.1802 0.9242
vn -0.7141 0.5860 -0.3829
vn -0.2953 0.2423 -0.9242
vn -0.7146 0.5863 0.3815
vn -0.2955 0.2424 0.9241
vn -0.5863 0.7146 -0.3816
vn -0.2424 0.2955 -0.9241
vn -0.5860 0.7141 0.3829
vn -0.2423 0.2954 0.9242
vn -0.4354 0.8147 -0.3829
vn -0.1802 0.3369 -0.9242
vn -0.4354 0.8147 0.3830
vn -0.1804 0.3373 0.9240
vn -0.2680 0.8840 -0.3831
vn -0.1110 0.3660 -0.9240
vn -0.2680 0.8842 0.3826
vn -0.1110 0.3661 0.9240
vn -0.0909 0.9194 -0.3826
vn -0.0375 0.3807 -0.9239
vn -0.0910 0.9197 0.3819
vn -0.0374 0.3801 0.9242
vn 0.0982 0.9952 -0.0000
vn -0.0982 0.9952 -0.0000
vn 0.2900 0.9570 -0.0000
vn 0.4714 0.8819 -0.0000
vn 0.6346 0.7728 -0.0000
vn 0.7728 0.6346 -0.0000
vn 0.8819 0.4714 -0.0000
vn 0.9570 0.2900 -0.0000
vn 0.9952 0.0982 -0.0000
vn 0.9952 -0.0982 -0.0000
vn 0.9570 -0.2900 -0.0000
vn 0.8819 -0.4714 -0.0000
vn 0.7728 -0.6346 -0.0000
vn 0.6346 -0.7728 -0.0000
vn 0.4714 -0.8819 -0.0000
vn 0.2900 -0.9570 -0.0000
vn 0.0982 -0.9952 -0.0000
vn -0.0982 -0.9952 -0.0000
vn -0.2900 -0.9570 -0.0000
vn -0.4714 -0.8819 -0.0000
vn -0.6346 -0.7728 -0.0000
vn -0.7728 -0.6346 -0.0000
vn -0.8819 -0.4714 -0.0000
vn -0.9570 -0.2900 -0.0000
vn -0.9952 -0.0982 -0.0000
vn -0.9952 0.0982 -0.0000
vn -0.9570 0.2900 -0.0000
vn -0.8819 0.4714 -0.0000
vn -0.7728 0.6346 -0.0000
vn -0.6346 0.7728 -0.0000
vn -0.4714 0.8819 -0.0000
vn -0.2900 0.9570 -0.0000
vn 0.1209 0.9162 -0.3820
vn 0.0499 0.3787 -0.9242
vn 0.1209 0.9162 0.3821
vn 0.0499 0.3790 0.9240
vn 0.3534 0.8539 -0.3821
vn 0.1463 0.3531 -0.9241
vn 0.3535 0.8541 0.3815
vn 0.1462 0.3528 0.9242
vn 0.5627 0.7333 -0.3816
vn 0.2326 0.3030 -0.9242
vn 0.5625 0.7331 0.3823
vn 0.2325 0.3029 0.9242
vn 0.7331 0.5625 -0.3823
vn 0.3029 0.2324 -0.9243
vn 0.7333 0.5627 0.3816
vn 0.3030 0.2326 0.9242
vn 0.8541 0.3535 -0.3815
vn 0.3528 0.1462 -0.9242
vn 0.8539 0.3534 0.3821
vn 0.3531 0.1463 0.9241
vn 0.9162 0.1209 -0.3821
vn 0.3790 0.0499 -0.9240
vn 0.9162 0.1209 0.3820
vn 0.3787 0.0499 0.9242
vn 0.9162 -0.1209 -0.3820
vn 0.3787 -0.0498 -0.9242
vn 0.9162 -0.1209 0.3821
vn 0.3790 -0.0499 0.9240
vn 0.8539 -0.3534 -0.3821
vn 0.3531 -0.1463 -0.9241
vn 0.8541 -0.3535 0.3815
vn 0.3528 -0.1462 0.9242
vn 0.7333 -0.5627 -0.3816
vn 0.3030 -0.2325 -0.9242
vn 0.7331 -0.5625 0.3823
vn 0.3029 -0.2325 0.9242
vn 0.5625 -0.7331 -0.3823
vn 0.2325 -0.3029 -0.9243
vn 0.5627 -0.7333 0.3816
vn 0.2326 -0.3030 0.9242
vn 0.3535 -0.8541 -0.3815
vn 0.1462 -0.3527 -0.9242
vn 0.3534 -0.8539 0.3821
vn 0.1463 -0.3532 0.9241
vn 0.1209 -0.9162 -0.3821
vn 0.0499 -0.3790 -0.9240
vn 0.1209 -0.9162 0.3820
vn 0.0499 -0.3787 0.9242
vn -0.1209 -0.9162 -0.3820
vn -0.0499 -0.3787 -0.9242
vn -0.1209 -0.9162 0.3821
vn -0.0499 -0.3790 0.9240
vn -0.3534 -0.8539 -0.3821
vn -0.1463 -0.3531 -0.9241
vn -0.3535 -0.8541 0.3815
vn -0.1462 -0.3528 0.9242
vn -0.5627 -0.7333 -0.3816
vn -0.2326 -0.3030 -0.9242
vn -0.5625 -0.7331 0.3823
vn -0.2325 -0.3029 0.9242
vn -0.7331 -0.5625 -0.3823
vn -0.3029 -0.2325 -0.9242
vn -0.7333 -0.5627 0.3816
vn -0.3030 -0.2326 0.9242
vn -0.8541 -0.3535 -0.3815
vn -0.3528 -0.1461 -0.9242
vn -0.8539 -0.3534 0.3821
vn -0.3531 -0.1463 0.9241
vn -0.9162 -0.1209 -0.3821
vn -0.3790 -0.0499 -0.9240
vn -0.9162 -0.1209 0.3820
vn -0.3787 -0.0499 0.9242
vn -0.9162 0.1209 -0.3820
vn -0.3787 0.0498 -0.9242
vn -0.9162 0.1209 0.3821
vn -0.3790 0.0499 0.9240
vn -0.8539 0.3534 -0.3821
vn -0.3531 0.1463 -0.9241
vn -0.8541 0.3535 0.3815
vn -0.3528 0.1462 0.9242
vn -0.7333 0.5627 -0.3816
vn -0.3030 0.2325 -0.9242
vn -0.7331 0.5625 0.3823
vn -0.3029 0.2325 0.9242
vn -0.5625 0.7331 -0.3823
vn -0.2325 0.3029 -0.9243
vn -0.5627 0.7333 0.3816
vn -0.2326 0.3030 0.9242
vn -0.3535 0.8541 -0.3815
vn -0.1462 0.3527 -0.9242
vn -0.3534 0.8539 0.3821
vn -0.1463 0.3531 0.9241
vn -0.1209 0.9162 -0.3821
vn -0.0499 0.3790 -0.9240
vn -0.1209 0.9162 0.3820
vn -0.0499 0.3787 0.9242
vn 0.1308 0.9914 -0.0000
vn -0.1308 0.9914 -0.0000
vn 0.3826 0.9239 -0.0000
vn 0.6085 0.7935 -0.0000
vn 0.7935 0.6085 -0.0000
vn 0.9239 0.3826 -0.0000
vn 0.9914 0.1308 -0.0000
vn 0.9914 -0.1308 -0.0000
vn 0.9239 -0.3826 -0.0000
vn 0.7935 -0.6085 -0.0000
vn 0.6085 -0.7935 -0.0000
vn 0.3826 -0.9239 -0.0000
vn 0.1308 -0.9914 -0.0000
vn -0.1308 -0.9914 -0.0000
vn -0.3826 -0.9239 -0.0000
vn -0.6085 -0.7935 -0.0000
vn -0.7935 -0.6085 -0.0000
vn -0.9239 -0.3826 -0.0000
vn -0.9914 -0.1308 -0.0000
vn -0.9914 0.1308 -0.0000
vn -0.9239 0.3826 -0.0000
vn -0.7935 0.6085 -0.0000
vn -0.6085 0.7935 -0.0000
vn -0.3826 0.9239 -0.0000
vn 0.1802 0.3369 0.9242
vn 0.5863 0.7146 0.3816
vn 0.7141 0.5860 0.3829
vn 0.5863 -0.7146 -0.3816
vn -0.1802 -0.3368 0.9242
vn -0.5863 -0.7146 0.3815
vn -0.7142 -0.5860 0.3829
vn -0.7142 0.5860 -0.3829
vn -0.5863 0.7146 -0.3815
vn 0.6347 0.7728 -0.0000
vn 0.3528 0.1461 -0.9242
vn 0.1463 -0.3531 0.9241
vn -0.3029 -0.2324 -0.9243
vn -0.3528 -0.1462 -0.9242
vn -0.1463 0.3532 0.9241
vn -0.3820 -0.1207 -0.9162
vn -0.9242 -0.0498 -0.3787
vn 0.3821 -0.1207 -0.9162
vn 0.9240 -0.0499 -0.3790
vn -0.3821 -0.3537 -0.8538
vn -0.9241 -0.1463 -0.3532
vn 0.3828 -0.3535 -0.8535
vn 0.9240 -0.1463 -0.3533
vn -0.3827 -0.5625 -0.7329
vn -0.9240 -0.2328 -0.3034
vn 0.3823 -0.5626 -0.7330
vn 0.9239 -0.2329 -0.3035
vn -0.3823 -0.7330 -0.5626
vn -0.9239 -0.3035 -0.2329
vn 0.3827 -0.7329 -0.5625
vn 0.9240 -0.3034 -0.2328
vn -0.3828 -0.8535 -0.3535
vn -0.9240 -0.3533 -0.1463
vn 0.3820 -0.8538 -0.3536
vn 0.9241 -0.3531 -0.1463
vn -0.3821 -0.9162 -0.1207
vn -0.9240 -0.3790 -0.0499
vn 0.3820 -0.9162 -0.1207
vn 0.9242 -0.3787 -0.0498
vn -0.3820 -0.9162 0.1207
vn -0.9242 -0.3787 0.0498
vn 0.3821 -0.9162 0.1207
vn 0.9240 -0.3790 0.0499
vn -0.3820 -0.8538 0.3536
vn -0.9241 -0.3531 0.1463
vn 0.3828 -0.8535 0.3535
vn 0.9240 -0.3533 0.1463
vn -0.3827 -0.7329 0.5625
vn -0.9240 -0.3034 0.2328
vn 0.3823 -0.7330 0.5626
vn 0.9239 -0.3035 0.2329
vn -0.3823 -0.5626 0.7330
vn -0.9239 -0.2329 0.3035
vn 0.3827 -0.5625 0.7329
vn 0.9240 -0.2328 0.3034
vn -0.3828 -0.3535 0.8535
vn -0.9240 -0.1463 0.3533
vn 0.3820 -0.3536 0.8538
vn 0.9241 -0.1463 0.3531
vn -0.3821 -0.1207 0.9162
vn -0.9240 -0.0499 0.3790
vn 0.3820 -0.1207 0.9162
vn 0.9242 -0.0498 0.3787
vn -0.3820 0.1207 0.9162
vn -0.9242 0.0498 0.3787
vn 0.3821 0.1207 0.9162
vn 0.9240 0.0499 0.3790
vn -0.3821 0.3537 0.8538
vn -0.9241 0.1463 0.3532
vn 0.3828 0.3535 0.8535
vn 0.9240 0.1463 0.3533
vn -0.3827 0.5625 0.7329
vn -0.9240 0.2328 0.3034
vn 0.3823 0.5626 0.7330
vn 0.9239 0.2329 0.3035
vn -0.3823 0.7330 0.5626
vn -0.9239 0.3035 0.2329
vn 0.3827 0.7329 0.5625
vn 0.9240 0.3034 0.2328
vn -0.3828 0.8535 0.3535
vn -0.9240 0.3533 0.1463
vn 0.3820 0.8538 0.3537
vn 0.9241 0.3531 0.1463
vn -0.3821 0.9162 0.1207
vn -0.9240 0.3790 0.0499
vn 0.3820 0.9162 0.1207
vn 0.9242 0.3787 0.0498
vn -0.3820 0.9162 -0.1207
vn -0.9242 0.3787 -0.0498
vn 0.3821 0.9162 -0.1207
vn 0.9240 0.3790 -0.0499
vn -0.3820 0.8538 -0.3536
vn -0.9241 0.3531 -0.1463
vn 0.3828 0.8535 -0.3535
vn 0.9240 0.3533 -0.1463
vn -0.3827 0.7329 -0.5625
vn -0.9240 0.3034 -0.2328
vn 0.3823 0.7330 -0.5626
vn 0.9239 0.3035 -0.2329
vn -0.3823 0.5626 -0.7330
vn -0.9239 0.2329 -0.3035
vn 0.3827 0.5625 -0.7329
vn 0.9240 0.2328 -0.3034
vn -0.3828 0.3535 -0.8535
vn -0.9240 0.1463 -0.3533
vn 0.3821 0.3537 -0.8538
vn 0.9241 0.1463 -0.3531
vn -0.3821 0.1207 -0.9162
vn -0.9240 0.0499 -0.3790
vn 0.3820 0.1207 -0.9162
vn 0.9242 0.0498 -0.3787
vn -0.0000 -0.1306 -0.9914
vn -0.0000 0.1306 -0.9914
vn -0.0000 -0.3826 -0.9239
vn -0.0000 -0.6089 -0.7933
vn -0.0000 -0.7933 -0.6089
vn -0.0000 -0.9239 -0.3826
vn -0.0000 -0.9914 -0.1306
vn -0.0000 -0.9914 0.1306
vn -0.0000 -0.9239 0.3826
vn -0.0000 -0.7933 0.6089
vn -0.0000 -0.6089 0.7933
vn -0.0000 -0.3826 0.9239
vn -0.0000 -0.1306 0.9914
vn -0.0000 0.1306 0.9914
vn -0.0000 0.3826 0.9239
vn -0.0000 0.6089 0.7933
vn -0.0000 0.7933 0.6089
vn -0.0000 0.9239 0.3826
vn -0.0000 0.9914 0.1306
vn -0.0000 0.9914 -0.1306
vn -0.0000 0.9239 -0.3826
vn -0.0000 0.7933 -0.6089
vn -0.0000 0.6089 -0.7933
vn -0.0000 0.3826 -0.9239
vn -0.3820 -0.3536 -0.8538
vn -0.9241 -0.1463 -0.3531
vn -0.9241 -0.3532 0.1463
vn 0.3821 -0.3537 0.8538
vn 0.9241 -0.1463 0.3532
vn -0.3820 0.3537 0.8538
vn -0.9241 0.1463 0.3531
vn 0.3820 0.8538 0.3536
vn -0.3820 0.8538 -0.3537
vn 0.9241 0.1463 -0.3532
vn -0.2490 -0.9317 0.2646
vn -0.2187 -0.6900 0.6900
vn -0.2646 -0.2490 0.9317
vn -0.6900 -0.2187 0.6900
vn -0.9317 -0.2646 0.2490
vn -0.6900 -0.6900 0.2187
vn -0.5773 -0.5773 0.5774
vn -0.2490 0.2646 0.9317
vn -0.2187 0.6900 0.6900
vn -0.2646 0.9317 0.2490
vn -0.6900 0.6900 0.2187
vn -0.9317 0.2490 0.2646
vn -0.6900 0.2187 0.6900
vn -0.5773 0.5773 0.5774
vn -0.2646 -0.9317 -0.2490
vn -0.6900 -0.6900 -0.2187
vn -0.9317 -0.2490 -0.2646
vn -0.6900 -0.2187 -0.6900
vn -0.2490 -0.2646 -0.9317
vn -0.2187 -0.6900 -0.6900
vn -0.5773 -0.5773 -0.5774
vn -0.2490 0.9317 -0.2646
vn -0.2187 0.6900 -0.6900
vn -0.2646 0.2490 -0.9317
vn -0.6900 0.2187 -0.6900
vn -0.9317 0.2646 -0.2490
vn -0.6900 0.6900 -0.2187
vn -0.5773 0.5773 -0.5774
vn 0.2646 -0.9317 0.2490
vn 0.6900 -0.6900 0.2187
vn 0.9317 -0.2490 0.2646
vn 0.6900 -0.2187 0.6900
vn 0.2490 -0.2646 0.9317
vn 0.2187 -0.6900 0.6900
vn 0.5773 -0.5773 0.5774
vn 0.2490 0.9317 0.2646
vn 0.2187 0.6900 0.6900
vn 0.2646 0.2490 0.9317
vn 0.6900 0.2187 0.6900
vn 0.9317 0.2646 0.2490
vn 0.6900 0.6900 0.2187
vn 0.5773 0.5773 0.5774
vn 0.2490 -0.9317 -0.2646
vn 0.2187 -0.6900 -0.6900
vn 0.2646 -0.2490 -0.9317
vn 0.6900 -0.2187 -0.6900
vn 0.9317 -0.2646 -0.2490
vn 0.6900 -0.6900 -0.2187
vn 0.5773 -0.5773 -0.5774
vn 0.2646 0.9317 -0.2490
vn 0.6900 0.6900 -0.2187
vn 0.9317 0.2490 -0.2646
vn 0.6900 0.2187 -0.6900
vn 0.2490 0.2646 -0.9317
vn 0.2187 0.6900 -0.6900
vn 0.5773 0.5773 -0.5774
vn -0.2582 -0.9661 -0.0000
vn -0.9661 -0.2582 -0.0000
vn -0.2582 -0.0000 0.9661
vn -0.9661 -0.0000 0.2582
vn -0.2582 0.9661 -0.0000
vn -0.9661 0.2582 -0.0000
vn -0.2582 -0.0000 -0.9661
vn -0.9661 -0.0000 -0.2582
vn -0.0000 -0.9661 -0.2582
vn -0.0000 -0.2582 -0.9661
vn -0.0000 0.9661 -0.2582
vn -0.0000 0.2582 -0.9661
vn 0.9661 -0.0000 -0.2582
vn 0.2582 -0.0000 -0.9661
vn 0.2582 -0.9661 -0.0000
vn 0.9661 -0.2582 -0.0000
vn 0.2582 0.9661 -0.0000
vn 0.9661 0.2582 -0.0000
vn 0.2582 -0.0000 0.9661
vn 0.9661 -0.0000 0.2582
vn -0.0000 -0.9661 0.2582
vn -0.0000 -0.2582 0.9661
vn -0.0000 0.9661 0.2582
vn -0.0000 0.2582 0.9661
vn -0.2639 -0.2493 -0.9318
vn -0.2639 0.9318 -0.2493
vn -0.2493 0.2639 -0.9318
vn -0.9318 0.2493 -0.2639
vn 0.2493 -0.9318 0.2639
vn 0.9318 -0.2639 0.2493
vn 0.2639 -0.2493 0.9318
vn 0.2639 0.9318 0.2493
vn 0.2493 0.2639 0.9318
vn 0.9318 0.2493 0.2639
vn 0.2639 -0.9318 -0.2493
vn 0.2493 -0.2639 -0.9318
vn 0.9318 -0.2493 -0.2639
vn 0.2493 0.9318 -0.2639
vn 0.9318 0.2639 -0.2493
vn 0.2639 0.2493 -0.9318
vn -0.2640 -0.9318 0.2492
vn -0.2493 -0.2640 0.9318
vn -0.9318 -0.2492 0.2640
vn -0.2640 0.2493 0.9318
vn -0.2492 0.9318 0.2640
vn -0.9318 0.2640 0.2492
vn -0.2492 -0.9318 -0.2640
vn -0.9318 -0.2640 -0.2492
vn -0.2640 -0.2492 -0.9318
vn -0.2640 0.9318 -0.2492
vn -0.2492 0.2640 -0.9318
vn -0.9318 0.2493 -0.2640
vn 0.2492 -0.9318 0.2640
vn 0.9318 -0.2640 0.2492
vn 0.2640 -0.2493 0.9318
vn 0.2640 0.9318 0.2492
vn 0.2493 0.2640 0.9318
vn 0.9318 0.2492 0.2640
vn 0.2640 -0.9318 -0.2492
vn 0.2492 -0.2640 -0.9318
vn 0.9318 -0.2493 -0.2640
vn 0.2493 0.9318 -0.2640
vn 0.9318 0.2640 -0.2492
vn 0.2640 0.2492 -0.9318
vn 0.1207 -0.3821 -0.9162
vn 0.0499 -0.9240 -0.3790
vn 0.1207 0.3820 -0.9162
vn 0.0499 0.9242 -0.3787
vn 0.3535 -0.3828 -0.8535
vn 0.1463 -0.9240 -0.3533
vn 0.3536 0.3821 -0.8538
vn 0.1463 0.9241 -0.3531
vn 0.5625 -0.3823 -0.7331
vn 0.2324 -0.9242 -0.3029
vn 0.5624 0.3827 -0.7330
vn 0.2328 0.9240 -0.3034
vn 0.7330 -0.3827 -0.5624
vn 0.3034 -0.9240 -0.2328
vn 0.7331 0.3823 -0.5625
vn 0.3029 0.9242 -0.2324
vn 0.8538 -0.3821 -0.3536
vn 0.3532 -0.9241 -0.1463
vn 0.8535 0.3828 -0.3535
vn 0.3533 0.9240 -0.1463
vn 0.9162 -0.3820 -0.1207
vn 0.3788 -0.9242 -0.0499
vn 0.9162 0.3821 -0.1207
vn 0.3790 0.9240 -0.0499
vn 0.9162 -0.3821 0.1207
vn 0.3790 -0.9240 0.0499
vn 0.9162 0.3820 0.1207
vn 0.3787 0.9242 0.0499
vn 0.8535 -0.3828 0.3535
vn 0.3533 -0.9240 0.1463
vn 0.8538 0.3820 0.3536
vn 0.3531 0.9241 0.1463
vn 0.7331 -0.3823 0.5625
vn 0.3029 -0.9242 0.2324
vn 0.7330 0.3827 0.5624
vn 0.3034 0.9240 0.2328
vn 0.5624 -0.3827 0.7330
vn 0.2328 -0.9240 0.3034
vn 0.5625 0.3823 0.7331
vn 0.2324 0.9242 0.3029
vn 0.3536 -0.3821 0.8538
vn 0.1463 -0.9241 0.3531
vn 0.3535 0.3828 0.8535
vn 0.1463 0.9240 0.3533
vn 0.1207 -0.3820 0.9162
vn 0.0499 -0.9242 0.3787
vn 0.1207 0.3821 0.9162
vn 0.0499 0.9240 0.3790
vn -0.1207 -0.3821 0.9162
vn -0.0499 -0.9240 0.3790
vn -0.1207 0.3820 0.9162
vn -0.0499 0.9242 0.3787
vn -0.3535 -0.3828 0.8535
vn -0.1463 -0.9240 0.3533
vn -0.3536 0.3821 0.8538
vn -0.1463 0.9241 0.3531
vn -0.5625 -0.3823 0.7331
vn -0.2324 -0.9242 0.3029
vn -0.5624 0.3827 0.7330
vn -0.2328 0.9240 0.3034
vn -0.7330 -0.3827 0.5624
vn -0.3034 -0.9240 0.2328
vn -0.7331 0.3823 0.5625
vn -0.3029 0.9242 0.2324
vn -0.8538 -0.3821 0.3536
vn -0.3532 -0.9241 0.1463
vn -0.8535 0.3828 0.3535
vn -0.3533 0.9240 0.1463
vn -0.9162 -0.3820 0.1207
vn -0.3788 -0.9242 0.0499
vn -0.9162 0.3821 0.1207
vn -0.3790 0.9240 0.0499
vn -0.9162 -0.3821 -0.1207
vn -0.3790 -0.9240 -0.0499
vn -0.9162 0.3820 -0.1207
vn -0.3787 0.9242 -0.0499
vn -0.8535 -0.3828 -0.3535
vn -0.3533 -0.9240 -0.1463
vn -0.8538 0.3820 -0.3536
vn -0.3531 0.9241 -0.1463
vn -0.7331 -0.3823 -0.5625
vn -0.3029 -0.9242 -0.2324
vn -0.7330 0.3827 -0.5624
vn -0.3034 0.9240 -0.2328
vn -0.5624 -0.3827 -0.7330
vn -0.2328 -0.9240 -0.3034
vn -0.5625 0.3823 -0.7331
vn -0.2324 0.9242 -0.3029
vn -0.3536 -0.3821 -0.8538
vn -0.1463 -0.9241 -0.3531
vn -0.3535 0.3828 -0.8535
vn -0.1463 0.9240 -0.3533
vn -0.1207 -0.3820 -0.9162
vn -0.0499 -0.9242 -0.3787
vn -0.1207 0.3821 -0.9162
vn -0.0499 0.9240 -0.3790
vn 0.0907 0.9194 -0.3826
vn 0.0377 0.3806 -0.9240
vn 0.0908 0.9197 0.3819
vn 0.0376 0.3801 0.9242
vn 0.2678 0.8840 -0.3831
vn 0.1109 0.3660 -0.9240
vn 0.2679 0.8842 0.3826
vn 0.1110 0.3661 0.9240
vn 0.4354 0.8147 -0.3829
vn 0.1801 0.3369 -0.9242
vn 0.4354 0.8147 0.3830
vn 0.1803 0.3373 0.9240
vn 0.5866 0.7143 -0.3816
vn 0.2424 0.2955 -0.9241
vn 0.5863 0.7139 0.3829
vn 0.2423 0.2953 0.9242
vn 0.7139 0.5863 -0.3829
vn 0.2953 0.2423 -0.9242
vn 0.7143 0.5866 0.3816
vn 0.2955 0.2424 0.9241
vn 0.8147 0.4354 -0.3830
vn 0.3373 0.1803 -0.9240
vn 0.8147 0.4354 0.3829
vn 0.3369 0.1801 0.9242
vn 0.8842 0.2679 -0.3826
vn 0.8840 0.2678 0.3831
vn 0.3660 0.1109 0.9240
vn 0.9197 0.0908 -0.3819
vn 0.3801 0.0376 -0.9242
vn 0.9194 0.0907 0.3826
vn 0.3807 0.0376 0.9240
vn 0.9194 -0.0907 -0.3826
vn 0.3807 -0.0376 -0.9240
vn 0.9197 -0.0908 0.3819
vn 0.3801 -0.0376 0.9242
vn 0.8840 -0.2678 -0.3831
vn 0.3660 -0.1109 -0.9240
vn 0.8842 -0.2679 0.3826
vn 0.8147 -0.4354 -0.3829
vn 0.3369 -0.1800 -0.9242
vn 0.8147 -0.4354 0.3830
vn 0.3373 -0.1803 0.9240
vn 0.7143 -0.5866 -0.3816
vn 0.2955 -0.2424 -0.9241
vn 0.7139 -0.5863 0.3829
vn 0.2953 -0.2423 0.9242
vn 0.5863 -0.7139 -0.3829
vn 0.2423 -0.2953 -0.9242
vn 0.5866 -0.7143 0.3816
vn 0.2424 -0.2955 0.9241
vn 0.4354 -0.8147 -0.3830
vn 0.1803 -0.3373 -0.9240
vn 0.4354 -0.8147 0.3829
vn 0.1801 -0.3369 0.9242
vn 0.2679 -0.8842 -0.3826
vn 0.2678 -0.8840 0.3831
vn 0.1109 -0.3660 0.9240
vn 0.0908 -0.9197 -0.3819
vn 0.0376 -0.3801 -0.9242
vn 0.0907 -0.9194 0.3826
vn 0.0377 -0.3807 0.9239
vn -0.0907 -0.9194 -0.3826
vn -0.0377 -0.3806 -0.9240
vn -0.0908 -0.9198 0.3819
vn -0.0376 -0.3801 0.9242
vn -0.2678 -0.8840 -0.3831
vn -0.1109 -0.3660 -0.9240
vn -0.2679 -0.8842 0.3826
vn -0.1110 -0.3661 0.9240
vn -0.4354 -0.8147 -0.3829
vn -0.1801 -0.3369 -0.9242
vn -0.4354 -0.8147 0.3830
vn -0.1803 -0.3373 0.9240
vn -0.5866 -0.7143 -0.3815
vn -0.2424 -0.2955 -0.9241
vn -0.5863 -0.7139 0.3829
vn -0.2423 -0.2953 0.9242
vn -0.7139 -0.5863 -0.3829
vn -0.2953 -0.2423 -0.9242
vn -0.7143 -0.5866 0.3816
vn -0.2955 -0.2424 0.9241
vn -0.8147 -0.4354 -0.3830
vn -0.3373 -0.1803 -0.9240
vn -0.8147 -0.4354 0.3829
vn -0.3369 -0.1800 0.9242
vn -0.8842 -0.2679 -0.3826
vn -0.8840 -0.2678 0.3831
vn -0.3660 -0.1109 0.9240
vn -0.9197 -0.0908 -0.3819
vn -0.3801 -0.0376 -0.9242
vn -0.9194 -0.0907 0.3826
vn -0.3807 -0.0377 0.9239
vn -0.9194 0.0907 -0.3826
vn -0.3807 0.0376 -0.9239
vn -0.9197 0.0908 0.3819
vn -0.3801 0.0376 0.9242
vn -0.8840 0.2678 -0.3831
vn -0.3660 0.1109 -0.9240
vn -0.8842 0.2679 0.3826
vn -0.8147 0.4354 -0.3829
vn -0.3369 0.1800 -0.9242
vn -0.8147 0.4354 0.3830
vn -0.3373 0.1803 0.9240
vn -0.7143 0.5866 -0.3816
vn -0.2955 0.2424 -0.9241
vn -0.7139 0.5863 0.3829
vn -0.2953 0.2423 0.9242
vn -0.5863 0.7139 -0.3829
vn -0.2423 0.2953 -0.9242
vn -0.5866 0.7143 0.3816
vn -0.2424 0.2955 0.9241
vn -0.4354 0.8147 -0.3830
vn -0.1803 0.3373 -0.9240
vn -0.4354 0.8147 0.3829
vn -0.1801 0.3369 0.9242
vn -0.2679 0.8842 -0.3826
vn -0.2678 0.8840 0.3831
vn -0.1109 0.3660 0.9240
vn -0.0908 0.9197 -0.3819
vn -0.0376 0.3800 -0.9242
vn -0.0907 0.9194 0.3826
vn -0.0377 0.3807 0.9240
vn -0.6347 0.7728 -0.0000
vn 0.1208 0.9162 -0.3821
vn 0.0500 0.3790 -0.9240
vn 0.1208 0.9162 0.3820
vn 0.0500 0.3787 0.9242
vn 0.3537 0.8540 -0.3815
vn 0.1460 0.3528 -0.9242
vn 0.3536 0.8538 0.3821
vn 0.1462 0.3532 0.9241
vn 0.5623 0.7332 -0.3823
vn 0.2324 0.3029 -0.9242
vn 0.5625 0.7335 0.3816
vn 0.2325 0.3030 0.9242
vn 0.7335 0.5625 -0.3816
vn 0.3030 0.2325 -0.9242
vn 0.7333 0.5623 0.3823
vn 0.3029 0.2324 0.9242
vn 0.8538 0.3536 -0.3821
vn 0.3532 0.1462 -0.9241
vn 0.8540 0.3537 0.3815
vn 0.3528 0.1460 0.9242
vn 0.9162 0.1208 -0.3820
vn 0.3787 0.0500 -0.9242
vn 0.9162 0.1208 0.3821
vn 0.3790 0.0500 0.9240
vn 0.9162 -0.1208 -0.3821
vn 0.3790 -0.0500 -0.9240
vn 0.9162 -0.1209 0.3820
vn 0.3787 -0.0500 0.9242
vn 0.8540 -0.3536 -0.3815
vn 0.3528 -0.1460 -0.9242
vn 0.8538 -0.3536 0.3821
vn 0.3532 -0.1462 0.9241
vn 0.7333 -0.5623 -0.3823
vn 0.3029 -0.2324 -0.9242
vn 0.7335 -0.5625 0.3816
vn 0.3030 -0.2325 0.9242
vn 0.5625 -0.7335 -0.3816
vn 0.2325 -0.3030 -0.9242
vn 0.5623 -0.7333 0.3823
vn 0.2324 -0.3029 0.9242
vn 0.3536 -0.8538 -0.3821
vn 0.1462 -0.3532 -0.9241
vn 0.3536 -0.8540 0.3815
vn 0.1460 -0.3528 0.9242
vn 0.1208 -0.9162 -0.3820
vn 0.0500 -0.3787 -0.9242
vn 0.1208 -0.9162 0.3821
vn 0.0500 -0.3790 0.9240
vn -0.1208 -0.9162 -0.3821
vn -0.0500 -0.3790 -0.9240
vn -0.1208 -0.9162 0.3820
vn -0.0500 -0.3787 0.9242
vn -0.3537 -0.8540 -0.3815
vn -0.1460 -0.3528 -0.9242
vn -0.3536 -0.8538 0.3820
vn -0.1462 -0.3532 0.9241
vn -0.5623 -0.7332 -0.3823
vn -0.2324 -0.3029 -0.9242
vn -0.5625 -0.7335 0.3816
vn -0.2325 -0.3030 0.9242
vn -0.7335 -0.5625 -0.3816
vn -0.3030 -0.2325 -0.9242
vn -0.7333 -0.5623 0.3823
vn -0.3029 -0.2324 0.9242
vn -0.8538 -0.3536 -0.3820
vn -0.3532 -0.1462 -0.9241
vn -0.8540 -0.3537 0.3815
vn -0.3528 -0.1460 0.9242
vn -0.9162 -0.1208 -0.3820
vn -0.3787 -0.0500 -0.9242
vn -0.9162 -0.1208 0.3821
vn -0.3790 -0.0500 0.9240
vn -0.9162 0.1208 -0.3821
vn -0.3790 0.0500 -0.9240
vn -0.9162 0.1208 0.3820
vn -0.3787 0.0500 0.9242
vn -0.8540 0.3537 -0.3815
vn -0.3528 0.1460 -0.9242
vn -0.8538 0.3536 0.3820
vn -0.3532 0.1462 0.9241
vn -0.7333 0.5623 -0.3823
vn -0.3029 0.2324 -0.9242
vn -0.7335 0.5625 0.3816
vn -0.3030 0.2325 0.9242
vn -0.5625 0.7335 -0.3816
vn -0.2325 0.3030 -0.9242
vn -0.5623 0.7333 0.3823
vn -0.2324 0.3029 0.9242
vn -0.3536 0.8538 -0.3821
vn -0.1462 0.3532 -0.9241
vn -0.3536 0.8540 0.3815
vn -0.1460 0.3528 0.9242
vn -0.1208 0.9162 -0.3820
vn -0.0500 0.3787 -0.9242
vn -0.1208 0.9162 0.3821
vn -0.0500 0.3790 0.9241
vn 0.0908 0.9198 0.3819
vn 0.1800 0.3369 -0.9242
vn 0.5866 0.7143 -0.3815
vn 0.3369 0.1800 0.9242
vn 0.3807 0.0377 0.9239
vn 0.3807 -0.0376 -0.9239
vn 0.5866 -0.7143 0.3815
vn 0.0377 -0.3807 0.9240
vn -0.0908 -0.9197 0.3819
vn -0.5866 -0.7143 -0.3816
vn -0.3369 -0.1801 0.9242
vn -0.3807 -0.0376 0.9240
vn -0.3807 0.0376 -0.9240
vn 0.3536 0.8538 0.3820
vn 0.8538 0.3536 -0.3820
vn 0.9162 -0.1208 0.3820
vn 0.8540 -0.3537 -0.3815
vn 0.8538 -0.3536 0.3820
vn 0.0500 -0.3790 0.9241
vn -0.3536 -0.8538 0.3821
vn -0.7332 -0.5623 0.3823
vn -0.8538 -0.3536 -0.3821
vn -0.9162 0.1209 0.3820
vn -0.8540 0.3536 -0.3815
vn -0.8538 0.3536 0.3821
vn -0.0500 0.3790 0.9240
vn -0.3821 -0.1207 -0.9162
vn -0.9240 -0.0499 -0.3790
vn 0.3820 -0.1207 -0.9162
vn 0.9242 -0.0499 -0.3787
vn -0.3828 -0.3534 -0.8535
vn -0.9240 -0.1463 -0.3533
vn 0.3821 -0.3536 -0.8538
vn 0.9241 -0.1463 -0.3532
vn -0.3823 -0.5626 -0.7330
vn -0.9239 -0.2330 -0.3035
vn 0.3827 -0.5625 -0.7329
vn 0.9240 -0.2328 -0.3034
vn -0.3827 -0.7329 -0.5625
vn -0.9240 -0.3034 -0.2328
vn 0.3823 -0.7330 -0.5626
vn 0.9239 -0.3035 -0.2330
vn -0.3820 -0.8538 -0.3536
vn -0.9241 -0.3531 -0.1463
vn 0.3828 -0.8535 -0.3534
vn 0.9240 -0.3533 -0.1463
vn -0.3820 -0.9162 -0.1207
vn -0.9242 -0.3787 -0.0499
vn 0.3821 -0.9162 -0.1207
vn 0.9240 -0.3790 -0.0499
vn -0.3821 -0.9162 0.1207
vn -0.9240 -0.3790 0.0499
vn 0.3820 -0.9162 0.1207
vn 0.9242 -0.3787 0.0499
vn -0.3828 -0.8535 0.3534
vn -0.9240 -0.3533 0.1463
vn 0.3820 -0.8538 0.3536
vn 0.9241 -0.3531 0.1463
vn -0.3823 -0.7330 0.5626
vn -0.9239 -0.3035 0.2329
vn 0.3827 -0.7329 0.5625
vn 0.9240 -0.3034 0.2328
vn -0.3827 -0.5625 0.7329
vn -0.9240 -0.2328 0.3034
vn 0.3823 -0.5626 0.7330
vn 0.9239 -0.2329 0.3035
vn -0.3821 -0.3536 0.8538
vn -0.9241 -0.1463 0.3531
vn 0.3828 -0.3534 0.8535
vn 0.9240 -0.1463 0.3533
vn -0.3820 -0.1207 0.9162
vn -0.9242 -0.0499 0.3787
vn 0.3821 -0.1207 0.9162
vn 0.9240 -0.0499 0.3790
vn -0.3821 0.1207 0.9162
vn -0.9240 0.0499 0.3790
vn 0.3820 0.1207 0.9162
vn 0.9242 0.0499 0.3787
vn -0.3828 0.3534 0.8535
vn -0.9240 0.1463 0.3533
vn 0.3821 0.3536 0.8538
vn 0.9241 0.1463 0.3532
vn -0.3823 0.5626 0.7330
vn -0.9239 0.2330 0.3035
vn 0.3827 0.5625 0.7329
vn 0.9240 0.2328 0.3034
vn -0.3827 0.7329 0.5625
vn -0.9240 0.3034 0.2328
vn 0.3823 0.7330 0.5626
vn 0.9239 0.3035 0.2330
vn -0.3821 0.8538 0.3536
vn -0.9241 0.3531 0.1463
vn 0.3828 0.8535 0.3534
vn 0.9240 0.3533 0.1463
vn -0.3820 0.9162 0.1207
vn -0.9242 0.3787 0.0499
vn 0.3821 0.9162 0.1207
vn 0.9240 0.3790 0.0499
vn -0.3821 0.9162 -0.1207
vn -0.9240 0.3790 -0.0499
vn 0.3820 0.9162 -0.1207
vn 0.9242 0.3787 -0.0499
vn -0.3828 0.8535 -0.3534
vn -0.9240 0.3533 -0.1463
vn 0.3821 0.8538 -0.3536
vn 0.9241 0.3531 -0.1463
vn -0.3823 0.7330 -0.5626
vn -0.9239 0.3035 -0.2329
vn 0.3827 0.7329 -0.5625
vn 0.9240 0.3034 -0.2328
vn -0.3827 0.5625 -0.7329
vn -0.9240 0.2328 -0.3033
vn 0.3823 0.5626 -0.7330
vn 0.9239 0.2329 -0.3035
vn -0.3821 0.3536 -0.8538
vn -0.9241 0.1463 -0.3531
vn 0.3828 0.3534 -0.8535
vn 0.9240 0.1463 -0.3533
vn -0.3820 0.1207 -0.9162
vn -0.9242 0.0499 -0.3787
vn 0.3821 0.1207 -0.9162
vn 0.9240 0.0499 -0.3790
vn -0.3828 -0.3535 -0.8535
vn 0.9241 -0.1463 -0.3531
vn -0.9239 -0.2329 -0.3035
vn 0.9239 -0.3035 -0.2329
vn -0.9239 -0.3035 0.2330
vn 0.9239 -0.2330 0.3035
vn -0.9241 -0.1463 0.3532
vn 0.9241 0.1463 0.3531
vn -0.9239 0.2329 0.3035
vn 0.9240 0.2328 0.3033
vn 0.9239 0.3035 0.2329
vn -0.9239 0.3035 -0.2330
vn -0.9240 0.2328 -0.3034
vn 0.9239 0.2330 -0.3035
vn -0.9241 0.1463 -0.3532
vn -0.2646 -0.9317 0.2490
vn -0.2490 -0.2646 0.9317
vn -0.9317 -0.2490 0.2646
vn -0.2646 0.2490 0.9317
vn -0.2490 0.9317 0.2646
vn -0.9317 0.2646 0.2490
vn -0.2490 -0.9317 -0.2646
vn -0.9317 -0.2646 -0.2490
vn -0.2646 -0.2490 -0.9317
vn -0.2646 0.9317 -0.2490
vn -0.2490 0.2646 -0.9317
vn -0.9317 0.2490 -0.2646
vn 0.2490 -0.9317 0.2646
vn 0.9317 -0.2646 0.2490
vn 0.2646 -0.2490 0.9317
vn 0.2646 0.9317 0.2490
vn 0.2490 0.2646 0.9317
vn 0.9317 0.2490 0.2646
vn 0.2646 -0.9317 -0.2490
vn 0.2490 -0.2646 -0.9317
vn 0.9317 -0.2490 -0.2646
vn 0.2490 0.9317 -0.2646
vn 0.9317 0.2646 -0.2490
vn 0.2646 0.2490 -0.9317
s 0
usemtl Shell
f 1//1 6//1 5//1
f 4//2 9//2 6//2
f 2//3 9//3 8//3
f 7//4 12//4 9//4
f 3//5 12//5 11//5
f 10//6 6//6 12//6
f 6//7 9//7 12//7
f 13//8 18//8 17//8
f 16//9 21//9 18//9
f 14//10 21//10 20//10
f 19//11 24//11 21//11
f 15//12 24//12 23//12
f 22//13 18//13 24//13
f 18//14 21//14 24//14
f 25//15 30//15 29//15
f 28//16 33//16 30//16
f 26//17 33//17 32//17
f 31//18 36//18 33//18
f 27//19 36//19 35//19
f 34//20 30//20 36//20
f 30//21 33//21 36//21
f 37//22 42//22 41//22
f 40//23 45//23 42//23
f 38//24 45//24 44//24
f 43//25 48//25 45//25
f 39//26 48//26 47//26
f 46//27 42//27 48//27
f 42//28 45//28 48//28
f 49//29 54//29 53//29
f 52//30 57//30 54//30
f 50//31 57//31 56//31
f 55//32 60//32 57//32
f 51//33 60//33 59//33
f 58//34 54//34 60//34
f 54//35 57//35 60//35
f 61//36 66//36 65//36
f 64//37 69//37 66//37
f 62//38 69//38 68//38
f 67//39 72//39 69//39
f 63//40 72//40 71//40
f 70//41 66//41 72//41
f 66//42 69//42 72//42
f 73//43 78//43 77//43
f 76//44 81//44 78//44
f 74//45 81//45 80//45
f 79//46 84//46 81//46
f 75//47 84//47 83//47
f 82//48 78//48 84//48
f 78//49 81//49 84//49
f 85//50 90//50 89//50
f 88//51 93//51 90//51
f 86//52 93//52 92//52
f 91//53 96//53 93//53
f 87//54 96//54 95//54
f 94//55 90//55 96//55
f 90//56 93//56 96//56
f 25//57 5//57 28//57
f 28//58 10//58 32//58
f 32//59 3//59 26//59
f 2//60 17//60 7//60
f 7//61 22//61 11//61
f 11//62 15//62 3//62
f 14//63 41//63 19//63
f 19//64 46//64 23//64
f 23//65 39//65 15//65
f 38//66 35//66 43//66
f 43//67 31//67 47//67
f 47//68 26//68 39//68
f 73//69 29//69 76//69
f 76//70 34//70 80//70
f 80//71 27//71 74//71
f 37//72 89//72 40//72
f 40//73 94//73 44//73
f 44//74 87//74 38//74
f 86//75 83//75 91//75
f 91//76 79//76 95//76
f 95//77 74//77 87//77
f 49//78 77//78 52//78
f 52//79 82//79 56//79
f 56//80 75//80 50//80
f 85//81 65//81 88//81
f 88//82 70//82 92//82
f 92//83 63//83 86//83
f 62//84 59//84 67//84
f 67//85 55//85 71//85
f 71//86 50//86 63//86
f 1//87 53//87 4//87
f 4//88 58//88 8//88
f 8//89 51//89 2//89
f 61//90 20//90 64//90
f 64//91 16//91 68//91
f 68//92 13//92 62//92
f 25//93 49//93 1//93
f 3//94 39//94 26//94
f 51//95 13//95 2//95
f 85//96 14//96 61//96
f 27//97 87//97 74//97
f 75//98 63//98 50//98
f 31//18 35//18 36//18
f 26//151 31//151 33//151
f 28//16 32//16 33//16
f 25//154 28//154 30//154
f 22//13 17//13 18//13
f 15//155 22//155 24//155
f 19//11 23//11 24//11
f 14//164 19//164 21//164
f 16//9 20//9 21//9
f 13//165 16//165 18//165
f 10//6 5//6 6//6
f 3//166 10//166 12//166
f 7//4 11//4 12//4
f 2//173 7//173 9//173
f 4//2 8//2 9//2
f 1//174 4//174 6//174
f 27//800 34//800 36//800
f 34//20 29//20 30//20
f 37//801 40//801 42//801
f 40//23 44//23 45//23
f 38//802 43//802 45//802
f 43//25 47//25 48//25
f 39//803 46//803 48//803
f 46//27 41//27 42//27
f 49//804 52//804 54//804
f 52//30 56//30 57//30
f 50//805 55//805 57//805
f 55//32 59//32 60//32
f 51//806 58//806 60//806
f 58//34 53//34 54//34
f 61//807 64//807 66//807
f 64//37 68//37 69//37
f 62//808 67//808 69//808
f 67//39 71//39 72//39
f 63//809 70//809 72//809
f 70//41 65//41 66//41
f 73//810 76//810 78//810
f 76//44 80//44 81//44
f 74//811 79//811 81//811
f 79//46 83//46 84//46
f 75//812 82//812 84//812
f 82//48 77//48 78//48
f 85//813 88//813 90//813
f 88//51 92//51 93//51
f 86//814 91//814 93//814
f 91//53 95//53 96//53
f 87//815 94//815 96//815
f 94//55 89//55 90//55
f 25//57 1//57 5//57
f 28//58 5//58 10//58
f 32//59 10//59 3//59
f 2//60 13//60 17//60
f 7//61 17//61 22//61
f 11//62 22//62 15//62
f 14//63 37//63 41//63
f 19//64 41//64 46//64
f 23//65 46//65 39//65
f 38//66 27//66 35//66
f 43//67 35//67 31//67
f 47//68 31//68 26//68
f 73//69 25//69 29//69
f 76//70 29//70 34//70
f 80//71 34//71 27//71
f 37//72 85//72 89//72
f 40//73 89//73 94//73
f 44//74 94//74 87//74
f 86//75 75//75 83//75
f 91//76 83//76 79//76
f 95//77 79//77 74//77
f 49//78 73//78 77//78
f 52//79 77//79 82//79
f 56//80 82//80 75//80
f 85//81 61//81 65//81
f 88//82 65//82 70//82
f 92//83 70//83 63//83
f 62//84 51//84 59//84
f 67//85 59//85 55//85
f 71//86 55//86 50//86
f 1//87 49//87 53//87
f 4//88 53//88 58//88
f 8//89 58//89 51//89
f 61//90 14//90 20//90
f 64//91 20//91 16//91
f 68//92 16//92 13//92
f 25//93 73//93 49//93
f 3//94 15//94 39//94
f 51//95 62//95 13//95
f 85//96 37//96 14//96
f 27//97 38//97 87//97
f 75//98 86//98 63//98
usemtl DetailGraphite
f 97//99 102//99 101//99
f 100//100 105//100 102//100
f 98//101 105//101 104//101
f 103//102 108//102 105//102
f 99//103 108//103 107//103
f 106//104 102//104 108//104
f 102//105 105//105 108//105
f 109//106 114//106 113//106
f 112//107 117//107 114//107
f 110//108 117//108 116//108
f 115//109 120//109 117//109
f 111//110 120//110 119//110
f 118//111 114//111 120//111
f 114//112 117//112 120//112
f 97//113 123//113 122//113
f 101//114 125//114 123//114
f 99//115 125//115 106//115
f 124//116 128//116 125//116
f 121//117 128//117 127//117
f 126//118 123//118 128//118
f 123//21 125//21 128//21
f 110//119 131//119 115//119
f 130//120 134//120 131//120
f 129//121 134//121 133//121
f 132//122 136//122 134//122
f 111//123 136//123 135//123
f 119//124 131//124 136//124
f 131//28 134//28 136//28
f 137//125 142//125 141//125
f 140//126 145//126 142//126
f 138//127 145//127 144//127
f 143//128 148//128 145//128
f 139//129 148//129 147//129
f 146//130 142//130 148//130
f 142//131 145//131 148//131
f 149//132 154//132 153//132
f 152//133 157//133 154//133
f 150//134 157//134 156//134
f 155//135 160//135 157//135
f 151//136 160//136 159//136
f 158//137 154//137 160//137
f 154//138 157//138 160//138
f 137//139 163//139 140//139
f 162//140 166//140 163//140
f 161//141 166//141 165//141
f 164//142 168//142 166//142
f 138//143 168//143 167//143
f 144//144 163//144 168//144
f 163//49 166//49 168//49
f 149//145 171//145 170//145
f 153//146 173//146 171//146
f 151//147 173//147 158//147
f 172//148 176//148 173//148
f 169//149 176//149 175//149
f 174//150 171//150 176//150
f 171//56 173//56 176//56
f 98//152 113//152 103//152
f 103//61 118//61 107//61
f 107//153 111//153 99//153
f 129//156 127//156 132//156
f 132//67 124//67 135//67
f 135//157 99//157 111//157
f 137//158 122//158 162//158
f 162//70 126//70 165//70
f 165//159 121//159 161//159
f 110//160 170//160 130//160
f 130//73 174//73 133//73
f 133//161 169//161 129//161
f 151//162 167//162 172//162
f 172//76 164//76 175//76
f 175//163 161//163 169//163
f 150//167 147//167 155//167
f 155//85 143//85 159//85
f 159//168 138//168 151//168
f 97//169 141//169 100//169
f 100//88 146//88 104//88
f 104//170 139//170 98//170
f 149//171 116//171 152//171
f 152//91 112//91 156//91
f 156//172 109//172 150//172
f 139//95 109//95 98//95
f 121//97 169//97 161//97
f 1281//720 1286//720 1285//720
f 1284//721 1289//721 1286//721
f 1282//722 1289//722 1288//722
f 1287//723 1292//723 1289//723
f 1283//724 1292//724 1291//724
f 1290//725 1286//725 1292//725
f 1286//726 1289//726 1292//726
f 1293//727 1298//727 1297//727
f 1296//728 1301//728 1298//728
f 1294//729 1301//729 1300//729
f 1299//730 1304//730 1301//730
f 1295//731 1304//731 1303//731
f 1302//732 1298//732 1304//732
f 1298//733 1301//733 1304//733
f 1305//734 1310//734 1309//734
f 1308//735 1313//735 1310//735
f 1306//736 1313//736 1312//736
f 1311//737 1316//737 1313//737
f 1307//738 1316//738 1315//738
f 1314//739 1310//739 1316//739
f 1310//740 1313//740 1316//740
f 1317//741 1322//741 1321//741
f 1320//742 1325//742 1322//742
f 1318//743 1325//743 1324//743
f 1323//744 1328//744 1325//744
f 1319//745 1328//745 1327//745
f 1326//746 1322//746 1328//746
f 1322//747 1325//747 1328//747
f 1329//748 1334//748 1333//748
f 1332//749 1337//749 1334//749
f 1330//750 1337//750 1336//750
f 1335//751 1340//751 1337//751
f 1331//752 1340//752 1339//752
f 1338//753 1334//753 1340//753
f 1334//754 1337//754 1340//754
f 1341//755 1346//755 1345//755
f 1344//756 1349//756 1346//756
f 1342//757 1349//757 1348//757
f 1347//758 1352//758 1349//758
f 1343//759 1352//759 1351//759
f 1350//760 1346//760 1352//760
f 1346//761 1349//761 1352//761
f 1353//762 1358//762 1357//762
f 1356//763 1361//763 1358//763
f 1354//764 1361//764 1360//764
f 1359//765 1364//765 1361//765
f 1355//766 1364//766 1363//766
f 1362//767 1358//767 1364//767
f 1358//768 1361//768 1364//768
f 1365//769 1370//769 1369//769
f 1368//770 1373//770 1370//770
f 1366//771 1373//771 1372//771
f 1371//772 1376//772 1373//772
f 1367//773 1376//773 1375//773
f 1374//774 1370//774 1376//774
f 1370//775 1373//775 1376//775
f 1305//776 1285//776 1308//776
f 1308//58 1290//58 1312//58
f 1312//777 1283//777 1306//777
f 1282//778 1297//778 1287//778
f 1287//61 1302//61 1291//61
f 1291//779 1295//779 1283//779
f 1294//780 1321//780 1299//780
f 1299//64 1326//64 1303//64
f 1303//781 1319//781 1295//781
f 1318//782 1315//782 1323//782
f 1323//67 1311//67 1327//67
f 1327//783 1306//783 1319//783
f 1353//784 1309//784 1356//784
f 1356//70 1314//70 1360//70
f 1360//785 1307//785 1354//785
f 1317//786 1369//786 1320//786
f 1320//73 1374//73 1324//73
f 1324//787 1367//787 1318//787
f 1366//788 1363//788 1371//788
f 1371//76 1359//76 1375//76
f 1375//789 1354//789 1367//789
f 1329//790 1357//790 1332//790
f 1332//79 1362//79 1336//79
f 1336//791 1355//791 1330//791
f 1365//792 1345//792 1368//792
f 1368//82 1350//82 1372//82
f 1372//793 1343//793 1366//793
f 1342//794 1339//794 1347//794
f 1347//85 1335//85 1351//85
f 1351//795 1330//795 1343//795
f 1281//796 1333//796 1284//796
f 1284//88 1338//88 1288//88
f 1288//797 1331//797 1282//797
f 1341//798 1300//798 1344//798
f 1344//91 1296//91 1348//91
f 1348//799 1293//799 1342//799
f 1305//93 1329//93 1281//93
f 1283//94 1319//94 1306//94
f 1331//95 1293//95 1282//95
f 1365//96 1294//96 1341//96
f 1307//97 1367//97 1354//97
f 1355//98 1343//98 1330//98
f 97//816 100//816 102//816
f 100//100 104//100 105//100
f 98//817 103//817 105//817
f 103//102 107//102 108//102
f 99//818 106//818 108//818
f 106//104 101//104 102//104
f 109//819 112//819 114//819
f 112//107 116//107 117//107
f 110//820 115//820 117//820
f 115//109 119//109 120//109
f 111//821 118//821 120//821
f 118//111 113//111 114//111
f 97//822 101//822 123//822
f 101//114 106//114 125//114
f 99//823 124//823 125//823
f 124//116 127//116 128//116
f 121//824 126//824 128//824
f 126//118 122//118 123//118
f 110//825 130//825 131//825
f 130//120 133//120 134//120
f 129//826 132//826 134//826
f 132//122 135//122 136//122
f 111//827 119//827 136//827
f 119//124 115//124 131//124
f 137//828 140//828 142//828
f 140//126 144//126 145//126
f 138//829 143//829 145//829
f 143//128 147//128 148//128
f 139//830 146//830 148//830
f 146//130 141//130 142//130
f 149//831 152//831 154//831
f 152//133 156//133 157//133
f 150//832 155//832 157//832
f 155//135 159//135 160//135
f 151//833 158//833 160//833
f 158//137 153//137 154//137
f 137//834 162//834 163//834
f 162//140 165//140 166//140
f 161//835 164//835 166//835
f 164//142 167//142 168//142
f 138//836 144//836 168//836
f 144//144 140//144 163//144
f 149//837 153//837 171//837
f 153//146 158//146 173//146
f 151//838 172//838 173//838
f 172//148 175//148 176//148
f 169//839 174//839 176//839
f 174//150 170//150 171//150
f 98//152 109//152 113//152
f 103//61 113//61 118//61
f 107//153 118//153 111//153
f 129//156 121//156 127//156
f 132//67 127//67 124//67
f 135//157 124//157 99//157
f 137//158 97//158 122//158
f 162//70 122//70 126//70
f 165//159 126//159 121//159
f 110//160 149//160 170//160
f 130//73 170//73 174//73
f 133//161 174//161 169//161
f 151//162 138//162 167//162
f 172//76 167//76 164//76
f 175//163 164//163 161//163
f 150//167 139//167 147//167
f 155//85 147//85 143//85
f 159//168 143//168 138//168
f 97//169 137//169 141//169
f 100//88 141//88 146//88
f 104//170 146//170 139//170
f 149//171 110//171 116//171
f 152//91 116//91 112//91
f 156//172 112//172 109//172
f 139//95 150//95 109//95
f 121//97 129//97 169//97
f 1281//1292 1284//1292 1286//1292
f 1284//721 1288//721 1289//721
f 1282//1293 1287//1293 1289//1293
f 1287//723 1291//723 1292//723
f 1283//1294 1290//1294 1292//1294
f 1290//725 1285//725 1286//725
f 1293//1295 1296//1295 1298//1295
f 1296//728 1300//728 1301//728
f 1294//1296 1299//1296 1301//1296
f 1299//730 1303//730 1304//730
f 1295//1297 1302//1297 1304//1297
f 1302//732 1297//732 1298//732
f 1305//1298 1308//1298 1310//1298
f 1308//735 1312//735 1313//735
f 1306//1299 1311//1299 1313//1299
f 1311//737 1315//737 1316//737
f 1307//1300 1314//1300 1316//1300
f 1314//739 1309//739 1310//739
f 1317//1301 1320//1301 1322//1301
f 1320//742 1324//742 1325//742
f 1318//1302 1323//1302 1325//1302
f 1323//744 1327//744 1328//744
f 1319//1303 1326//1303 1328//1303
f 1326//746 1321//746 1322//746
f 1329//1304 1332//1304 1334//1304
f 1332//749 1336//749 1337//749
f 1330//1305 1335//1305 1337//1305
f 1335//751 1339//751 1340//751
f 1331//1306 1338//1306 1340//1306
f 1338//753 1333//753 1334//753
f 1341//1307 1344//1307 1346//1307
f 1344//756 1348//756 1349//756
f 1342//1308 1347//1308 1349//1308
f 1347//758 1351//758 1352//758
f 1343//1309 1350//1309 1352//1309
f 1350//760 1345//760 1346//760
f 1353//1310 1356//1310 1358//1310
f 1356//763 1360//763 1361//763
f 1354//1311 1359//1311 1361//1311
f 1359//765 1363//765 1364//765
f 1355//1312 1362//1312 1364//1312
f 1362//767 1357//767 1358//767
f 1365//1313 1368//1313 1370//1313
f 1368//770 1372//770 1373//770
f 1366//1314 1371//1314 1373//1314
f 1371//772 1375//772 1376//772
f 1367//1315 1374//1315 1376//1315
f 1374//774 1369//774 1370//774
f 1305//776 1281//776 1285//776
f 1308//58 1285//58 1290//58
f 1312//777 1290//777 1283//777
f 1282//778 1293//778 1297//778
f 1287//61 1297//61 1302//61
f 1291//779 1302//779 1295//779
f 1294//780 1317//780 1321//780
f 1299//64 1321//64 1326//64
f 1303//781 1326//781 1319//781
f 1318//782 1307//782 1315//782
f 1323//67 1315//67 1311//67
f 1327//783 1311//783 1306//783
f 1353//784 1305//784 1309//784
f 1356//70 1309//70 1314//70
f 1360//785 1314//785 1307//785
f 1317//786 1365//786 1369//786
f 1320//73 1369//73 1374//73
f 1324//787 1374//787 1367//787
f 1366//788 1355//788 1363//788
f 1371//76 1363//76 1359//76
f 1375//789 1359//789 1354//789
f 1329//790 1353//790 1357//790
f 1332//79 1357//79 1362//79
f 1336//791 1362//791 1355//791
f 1365//792 1341//792 1345//792
f 1368//82 1345//82 1350//82
f 1372//793 1350//793 1343//793
f 1342//794 1331//794 1339//794
f 1347//85 1339//85 1335//85
f 1351//795 1335//795 1330//795
f 1281//796 1329//796 1333//796
f 1284//88 1333//88 1338//88
f 1288//797 1338//797 1331//797
f 1341//798 1294//798 1300//798
f 1344//91 1300//91 1296//91
f 1348//799 1296//799 1293//799
f 1305//93 1353//93 1329//93
f 1283//94 1295//94 1319//94
f 1331//95 1342//95 1293//95
f 1365//96 1317//96 1294//96
f 1307//97 1318//97 1367//97
f 1355//98 1366//98 1343//98
usemtl BracketMetal
f 178//175 185//175 179//175
f 179//176 183//176 177//176
f 187//177 182//177 188//177
f 188//178 180//178 186//178
f 184//179 191//179 185//179
f 185//180 189//180 183//180
f 193//181 188//181 194//181
f 194//182 186//182 192//182
f 190//183 197//183 191//183
f 191//184 195//184 189//184
f 199//185 194//185 200//185
f 200//186 192//186 198//186
f 196//187 203//187 197//187
f 197//188 201//188 195//188
f 205//189 200//189 206//189
f 206//190 198//190 204//190
f 202//191 209//191 203//191
f 203//192 207//192 201//192
f 211//193 206//193 212//193
f 212//194 204//194 210//194
f 208//195 215//195 209//195
f 209//196 213//196 207//196
f 217//197 212//197 218//197
f 218//198 210//198 216//198
f 214//199 221//199 215//199
f 215//200 219//200 213//200
f 223//201 218//201 224//201
f 224//202 216//202 222//202
f 220//203 227//203 221//203
f 221//204 225//204 219//204
f 229//205 224//205 230//205
f 230//206 222//206 228//206
f 226//207 233//207 227//207
f 227//208 231//208 225//208
f 235//209 230//209 236//209
f 236//210 228//210 234//210
f 232//211 239//211 233//211
f 233//212 237//212 231//212
f 241//213 236//213 242//213
f 242//214 234//214 240//214
f 238//215 245//215 239//215
f 239//216 243//216 237//216
f 247//217 242//217 248//217
f 248//218 240//218 246//218
f 244//219 251//219 245//219
f 245//220 249//220 243//220
f 253//221 248//221 254//221
f 254//222 246//222 252//222
f 250//223 257//223 251//223
f 251//224 255//224 249//224
f 259//225 254//225 260//225
f 260//226 252//226 258//226
f 256//227 263//227 257//227
f 257//228 261//228 255//228
f 265//229 260//229 266//229
f 266//230 258//230 264//230
f 262//231 269//231 263//231
f 263//232 267//232 261//232
f 271//233 266//233 272//233
f 272//234 264//234 270//234
f 268//235 275//235 269//235
f 269//236 273//236 267//236
f 277//237 272//237 278//237
f 278//238 270//238 276//238
f 274//239 281//239 275//239
f 275//240 279//240 273//240
f 283//241 278//241 284//241
f 284//242 276//242 282//242
f 280//243 287//243 281//243
f 281//244 285//244 279//244
f 289//245 284//245 290//245
f 290//246 282//246 288//246
f 286//247 293//247 287//247
f 287//248 291//248 285//248
f 295//249 290//249 296//249
f 296//250 288//250 294//250
f 292//251 299//251 293//251
f 293//252 297//252 291//252
f 301//253 296//253 302//253
f 302//254 294//254 300//254
f 298//255 305//255 299//255
f 299//256 303//256 297//256
f 307//257 302//257 308//257
f 308//258 300//258 306//258
f 304//259 311//259 305//259
f 305//260 309//260 303//260
f 313//261 308//261 314//261
f 314//262 306//262 312//262
f 310//263 317//263 311//263
f 311//264 315//264 309//264
f 319//265 314//265 320//265
f 320//266 312//266 318//266
f 316//267 179//267 317//267
f 317//268 177//268 315//268
f 181//269 320//269 182//269
f 182//270 318//270 180//270
f 219//93 267//93 315//93
f 178//271 187//271 184//271
f 316//272 181//272 178//272
f 288//96 240//96 192//96
f 184//273 193//273 190//273
f 190//274 199//274 196//274
f 196//275 205//275 202//275
f 202//276 211//276 208//276
f 208//277 217//277 214//277
f 214//278 223//278 220//278
f 220//279 229//279 226//279
f 226//280 235//280 232//280
f 232//281 241//281 238//281
f 238//282 247//282 244//282
f 244//283 253//283 250//283
f 250//284 259//284 256//284
f 256//285 265//285 262//285
f 262//286 271//286 268//286
f 268//287 277//287 274//287
f 274//288 283//288 280//288
f 280//289 289//289 286//289
f 286//290 295//290 292//290
f 292//291 301//291 298//291
f 298//292 307//292 304//292
f 304//293 313//293 310//293
f 310//294 319//294 316//294
f 178//840 184//840 185//840
f 179//841 185//841 183//841
f 187//842 181//842 182//842
f 188//843 182//843 180//843
f 184//844 190//844 191//844
f 185//845 191//845 189//845
f 193//846 187//846 188//846
f 194//847 188//847 186//847
f 190//848 196//848 197//848
f 191//849 197//849 195//849
f 199//850 193//850 194//850
f 200//851 194//851 192//851
f 196//852 202//852 203//852
f 197//853 203//853 201//853
f 205//854 199//854 200//854
f 206//855 200//855 198//855
f 202//856 208//856 209//856
f 203//857 209//857 207//857
f 211//858 205//858 206//858
f 212//859 206//859 204//859
f 208//860 214//860 215//860
f 209//861 215//861 213//861
f 217//862 211//862 212//862
f 218//863 212//863 210//863
f 214//864 220//864 221//864
f 215//865 221//865 219//865
f 223//866 217//866 218//866
f 224//867 218//867 216//867
f 220//868 226//868 227//868
f 221//869 227//869 225//869
f 229//870 223//870 224//870
f 230//871 224//871 222//871
f 226//872 232//872 233//872
f 227//873 233//873 231//873
f 235//874 229//874 230//874
f 236//875 230//875 228//875
f 232//876 238//876 239//876
f 233//877 239//877 237//877
f 241//878 235//878 236//878
f 242//879 236//879 234//879
f 238//880 244//880 245//880
f 239//881 245//881 243//881
f 247//882 241//882 242//882
f 248//883 242//883 240//883
f 244//884 250//884 251//884
f 245//885 251//885 249//885
f 253//886 247//886 248//886
f 254//887 248//887 246//887
f 250//888 256//888 257//888
f 251//889 257//889 255//889
f 259//890 253//890 254//890
f 260//891 254//891 252//891
f 256//892 262//892 263//892
f 257//893 263//893 261//893
f 265//894 259//894 260//894
f 266//895 260//895 258//895
f 262//896 268//896 269//896
f 263//897 269//897 267//897
f 271//898 265//898 266//898
f 272//899 266//899 264//899
f 268//900 274//900 275//900
f 269//901 275//901 273//901
f 277//902 271//902 272//902
f 278//903 272//903 270//903
f 274//904 280//904 281//904
f 275//905 281//905 279//905
f 283//906 277//906 278//906
f 284//907 278//907 276//907
f 280//908 286//908 287//908
f 281//909 287//909 285//909
f 289//910 283//910 284//910
f 290//911 284//911 282//911
f 286//912 292//912 293//912
f 287//913 293//913 291//913
f 295//914 289//914 290//914
f 296//915 290//915 288//915
f 292//916 298//916 299//916
f 293//917 299//917 297//917
f 301//918 295//918 296//918
f 302//919 296//919 294//919
f 298//920 304//920 305//920
f 299//921 305//921 303//921
f 307//922 301//922 302//922
f 308//923 302//923 300//923
f 304//924 310//924 311//924
f 305//925 311//925 309//925
f 313//926 307//926 308//926
f 314//927 308//927 306//927
f 310//928 316//928 317//928
f 311//929 317//929 315//929
f 319//930 313//930 314//930
f 320//931 314//931 312//931
f 316//932 178//932 179//932
f 317//933 179//933 177//933
f 181//934 319//934 320//934
f 182//935 320//935 318//935
f 315//93 177//93 183//93
f 183//93 189//93 195//93
f 195//93 201//93 207//93
f 207//93 213//93 219//93
f 219//93 225//93 231//93
f 231//93 237//93 243//93
f 243//93 249//93 255//93
f 255//93 261//93 267//93
f 267//93 273//93 279//93
f 279//93 285//93 291//93
f 291//93 297//93 303//93
f 303//93 309//93 315//93
f 315//93 183//93 195//93
f 195//93 207//93 219//93
f 219//93 231//93 243//93
f 243//93 255//93 267//93
f 267//93 279//93 291//93
f 291//93 303//93 315//93
f 315//93 195//93 219//93
f 219//93 243//93 267//93
f 267//93 291//93 315//93
f 178//271 181//271 187//271
f 316//272 319//272 181//272
f 192//96 186//96 180//96
f 180//96 318//96 312//96
f 312//96 306//96 300//96
f 300//96 294//96 288//96
f 288//96 282//96 276//96
f 276//96 270//96 264//96
f 264//96 258//96 252//96
f 252//96 246//96 240//96
f 240//96 234//96 228//96
f 228//96 222//96 216//96
f 216//96 210//96 204//96
f 204//96 198//96 192//96
f 192//96 180//96 312//96
f 312//96 300//96 288//96
f 288//96 276//96 264//96
f 264//96 252//96 240//96
f 240//96 228//96 216//96
f 216//96 204//96 192//96
f 192//96 312//96 288//96
f 288//96 264//96 240//96
f 240//96 216//96 192//96
f 184//273 187//273 193//273
f 190//274 193//274 199//274
f 196//275 199//275 205//275
f 202//276 205//276 211//276
f 208//277 211//277 217//277
f 214//278 217//278 223//278
f 220//279 223//279 229//279
f 226//280 229//280 235//280
f 232//281 235//281 241//281
f 238//282 241//282 247//282
f 244//283 247//283 253//283
f 250//284 253//284 259//284
f 256//285 259//285 265//285
f 262//286 265//286 271//286
f 268//287 271//287 277//287
f 274//288 277//288 283//288
f 280//289 283//289 289//289
f 286//290 289//290 295//290
f 292//291 295//291 301//291
f 298//292 301//292 307//292
f 304//293 307//293 313//293
f 310//294 313//294 319//294
usemtl DetailTeal
f 322//295 329//295 323//295
f 323//296 327//296 321//296
f 331//297 326//297 332//297
f 332//298 324//298 330//298
f 328//299 335//299 329//299
f 329//300 333//300 327//300
f 337//301 332//301 338//301
f 338//302 330//302 336//302
f 334//303 341//303 335//303
f 335//304 339//304 333//304
f 343//305 338//305 344//305
f 344//306 336//306 342//306
f 340//307 347//307 341//307
f 341//308 345//308 339//308
f 349//309 344//309 350//309
f 350//310 342//310 348//310
f 346//311 353//311 347//311
f 347//312 351//312 345//312
f 355//313 350//313 356//313
f 356//314 348//314 354//314
f 352//315 359//315 353//315
f 353//316 357//316 351//316
f 361//317 356//317 362//317
f 362//318 354//318 360//318
f 358//319 365//319 359//319
f 359//320 363//320 357//320
f 367//321 362//321 368//321
f 368//322 360//322 366//322
f 364//323 371//323 365//323
f 365//324 369//324 363//324
f 373//325 368//325 374//325
f 374//326 366//326 372//326
f 370//327 377//327 371//327
f 371//328 375//328 369//328
f 379//329 374//329 380//329
f 380//330 372//330 378//330
f 376//331 383//331 377//331
f 377//332 381//332 375//332
f 385//333 380//333 386//333
f 386//334 378//334 384//334
f 382//335 389//335 383//335
f 383//336 387//336 381//336
f 391//337 386//337 392//337
f 392//338 384//338 390//338
f 388//339 395//339 389//339
f 389//340 393//340 387//340
f 397//341 392//341 398//341
f 398//342 390//342 396//342
f 394//343 401//343 395//343
f 395//344 399//344 393//344
f 403//345 398//345 404//345
f 404//346 396//346 402//346
f 400//347 407//347 401//347
f 401//348 405//348 399//348
f 409//349 404//349 410//349
f 410//350 402//350 408//350
f 406//351 413//351 407//351
f 407//352 411//352 405//352
f 415//353 410//353 416//353
f 416//354 408//354 414//354
f 412//355 419//355 413//355
f 413//356 417//356 411//356
f 421//357 416//357 422//357
f 422//358 414//358 420//358
f 418//359 425//359 419//359
f 419//360 423//360 417//360
f 427//361 422//361 428//361
f 428//362 420//362 426//362
f 424//363 431//363 425//363
f 425//364 429//364 423//364
f 433//365 428//365 434//365
f 434//366 426//366 432//366
f 430//367 437//367 431//367
f 431//368 435//368 429//368
f 439//369 434//369 440//369
f 440//370 432//370 438//370
f 436//371 443//371 437//371
f 437//372 441//372 435//372
f 445//373 440//373 446//373
f 446//374 438//374 444//374
f 442//375 449//375 443//375
f 443//376 447//376 441//376
f 451//377 446//377 452//377
f 452//378 444//378 450//378
f 448//379 455//379 449//379
f 449//380 453//380 447//380
f 457//381 452//381 458//381
f 458//382 450//382 456//382
f 454//383 461//383 455//383
f 455//384 459//384 453//384
f 463//385 458//385 464//385
f 464//386 456//386 462//386
f 460//387 467//387 461//387
f 461//388 465//388 459//388
f 469//389 464//389 470//389
f 470//390 462//390 468//390
f 466//391 473//391 467//391
f 467//392 471//392 465//392
f 475//393 470//393 476//393
f 476//394 468//394 474//394
f 472//395 479//395 473//395
f 473//396 477//396 471//396
f 481//397 476//397 482//397
f 482//398 474//398 480//398
f 478//399 485//399 479//399
f 479//400 483//400 477//400
f 487//401 482//401 488//401
f 488//402 480//402 486//402
f 484//403 491//403 485//403
f 485//404 489//404 483//404
f 493//405 488//405 494//405
f 494//406 486//406 492//406
f 490//407 497//407 491//407
f 491//408 495//408 489//408
f 499//409 494//409 500//409
f 500//410 492//410 498//410
f 496//411 503//411 497//411
f 497//412 501//412 495//412
f 505//413 500//413 506//413
f 506//414 498//414 504//414
f 502//415 509//415 503//415
f 503//416 507//416 501//416
f 511//417 506//417 512//417
f 512//418 504//418 510//418
f 508//419 323//419 509//419
f 509//420 321//420 507//420
f 325//421 512//421 326//421
f 326//422 510//422 324//422
f 411//97 459//97 507//97
f 322//423 331//423 328//423
f 508//424 325//424 322//424
f 432//95 384//95 336//95
f 328//425 337//425 334//425
f 334//426 343//426 340//426
f 340//427 349//427 346//427
f 346//428 355//428 352//428
f 352//429 361//429 358//429
f 358//430 367//430 364//430
f 364//431 373//431 370//431
f 370//432 379//432 376//432
f 376//433 385//433 382//433
f 382//434 391//434 388//434
f 388//435 397//435 394//435
f 394//436 403//436 400//436
f 400//437 409//437 406//437
f 406//438 415//438 412//438
f 412//439 421//439 418//439
f 418//440 427//440 424//440
f 424//441 433//441 430//441
f 430//442 439//442 436//442
f 436//443 445//443 442//443
f 442//444 451//444 448//444
f 448//445 457//445 454//445
f 454//446 463//446 460//446
f 460//447 469//447 466//447
f 466//448 475//448 472//448
f 472//449 481//449 478//449
f 478//450 487//450 484//450
f 484//451 493//451 490//451
f 490//452 499//452 496//452
f 496//453 505//453 502//453
f 502//454 511//454 508//454
f 658//295 665//295 659//295
f 659//296 663//296 657//296
f 667//297 662//297 668//297
f 668//298 660//298 666//298
f 664//299 671//299 665//299
f 665//300 669//300 663//300
f 673//301 668//301 674//301
f 674//302 666//302 672//302
f 670//303 677//303 671//303
f 671//304 675//304 669//304
f 679//305 674//305 680//305
f 680//575 672//575 678//575
f 676//307 683//307 677//307
f 677//308 681//308 675//308
f 685//576 680//576 686//576
f 686//310 678//310 684//310
f 682//311 689//311 683//311
f 683//312 687//312 681//312
f 691//577 686//577 692//577
f 692//314 684//314 690//314
f 688//315 695//315 689//315
f 689//316 693//316 687//316
f 697//317 692//317 698//317
f 698//318 690//318 696//318
f 694//319 701//319 695//319
f 695//320 699//320 693//320
f 703//321 698//321 704//321
f 704//322 696//322 702//322
f 700//323 707//323 701//323
f 701//324 705//324 699//324
f 709//325 704//325 710//325
f 710//326 702//326 708//326
f 706//327 713//327 707//327
f 707//328 711//328 705//328
f 715//329 710//329 716//329
f 716//330 708//330 714//330
f 712//331 719//331 713//331
f 713//332 717//332 711//332
f 721//333 716//333 722//333
f 722//334 714//334 720//334
f 718//335 725//335 719//335
f 719//336 723//336 717//336
f 727//337 722//337 728//337
f 728//338 720//338 726//338
f 724//339 731//339 725//339
f 725//340 729//340 723//340
f 733//341 728//341 734//341
f 734//342 726//342 732//342
f 730//578 737//578 731//578
f 731//344 735//344 729//344
f 739//345 734//345 740//345
f 740//346 732//346 738//346
f 736//347 743//347 737//347
f 737//348 741//348 735//348
f 745//349 740//349 746//349
f 746//350 738//350 744//350
f 742//351 749//351 743//351
f 743//352 747//352 741//352
f 751//353 746//353 752//353
f 752//354 744//354 750//354
f 748//355 755//355 749//355
f 749//356 753//356 747//356
f 757//357 752//357 758//357
f 758//358 750//358 756//358
f 754//359 761//359 755//359
f 755//360 759//360 753//360
f 763//361 758//361 764//361
f 764//362 756//362 762//362
f 760//363 767//363 761//363
f 761//364 765//364 759//364
f 769//365 764//365 770//365
f 770//366 762//366 768//366
f 766//367 773//367 767//367
f 767//368 771//368 765//368
f 775//369 770//369 776//369
f 776//579 768//579 774//579
f 772//371 779//371 773//371
f 773//372 777//372 771//372
f 781//580 776//580 782//580
f 782//374 774//374 780//374
f 778//375 785//375 779//375
f 779//376 783//376 777//376
f 787//581 782//581 788//581
f 788//378 780//378 786//378
f 784//379 791//379 785//379
f 785//380 789//380 783//380
f 793//381 788//381 794//381
f 794//382 786//382 792//382
f 790//383 797//383 791//383
f 791//384 795//384 789//384
f 799//385 794//385 800//385
f 800//386 792//386 798//386
f 796//387 803//387 797//387
f 797//388 801//388 795//388
f 805//389 800//389 806//389
f 806//390 798//390 804//390
f 802//391 809//391 803//391
f 803//392 807//392 801//392
f 811//393 806//393 812//393
f 812//394 804//394 810//394
f 808//395 815//395 809//395
f 809//396 813//396 807//396
f 817//397 812//397 818//397
f 818//398 810//398 816//398
f 814//399 821//399 815//399
f 815//400 819//400 813//400
f 823//401 818//401 824//401
f 824//402 816//402 822//402
f 820//582 827//582 821//582
f 821//404 825//404 819//404
f 829//405 824//405 830//405
f 830//406 822//406 828//406
f 826//583 833//583 827//583
f 827//408 831//408 825//408
f 835//409 830//409 836//409
f 836//410 828//410 834//410
f 832//411 839//411 833//411
f 833//412 837//412 831//412
f 841//413 836//413 842//413
f 842//414 834//414 840//414
f 838//415 845//415 839//415
f 839//416 843//416 837//416
f 847//417 842//417 848//417
f 848//418 840//418 846//418
f 844//419 659//419 845//419
f 845//420 657//420 843//420
f 661//421 848//421 662//421
f 662//422 846//422 660//422
f 747//97 795//97 843//97
f 658//423 667//423 664//423
f 844//424 661//424 658//424
f 768//95 720//95 672//95
f 664//425 673//425 670//425
f 670//426 679//426 676//426
f 676//584 685//584 682//584
f 682//428 691//428 688//428
f 688//429 697//429 694//429
f 694//430 703//430 700//430
f 700//431 709//431 706//431
f 706//432 715//432 712//432
f 712//433 721//433 718//433
f 718//434 727//434 724//434
f 724//435 733//435 730//435
f 730//436 739//436 736//436
f 736//437 745//437 742//437
f 742//438 751//438 748//438
f 748//439 757//439 754//439
f 754//440 763//440 760//440
f 760//441 769//441 766//441
f 766//442 775//442 772//442
f 772//443 781//443 778//443
f 778//444 787//444 784//444
f 784//445 793//445 790//445
f 790//446 799//446 796//446
f 796//447 805//447 802//447
f 802//448 811//448 808//448
f 808//449 817//449 814//449
f 814//450 823//450 820//450
f 820//451 829//451 826//451
f 826//452 835//452 832//452
f 832//453 841//453 838//453
f 838//454 847//454 844//454
f 994//590 1001//590 995//590
f 995//591 999//591 993//591
f 1003//592 998//592 1004//592
f 1004//593 996//593 1002//593
f 1000//594 1007//594 1001//594
f 1001//595 1005//595 999//595
f 1009//596 1004//596 1010//596
f 1010//597 1002//597 1008//597
f 1006//598 1013//598 1007//598
f 1007//599 1011//599 1005//599
f 1015//600 1010//600 1016//600
f 1016//601 1008//601 1014//601
f 1012//602 1019//602 1013//602
f 1013//603 1017//603 1011//603
f 1021//604 1016//604 1022//604
f 1022//605 1014//605 1020//605
f 1018//606 1025//606 1019//606
f 1019//607 1023//607 1017//607
f 1027//608 1022//608 1028//608
f 1028//609 1020//609 1026//609
f 1024//610 1031//610 1025//610
f 1025//611 1029//611 1023//611
f 1033//612 1028//612 1034//612
f 1034//613 1026//613 1032//613
f 1030//614 1037//614 1031//614
f 1031//615 1035//615 1029//615
f 1039//616 1034//616 1040//616
f 1040//617 1032//617 1038//617
f 1036//618 1043//618 1037//618
f 1037//619 1041//619 1035//619
f 1045//620 1040//620 1046//620
f 1046//621 1038//621 1044//621
f 1042//622 1049//622 1043//622
f 1043//623 1047//623 1041//623
f 1051//624 1046//624 1052//624
f 1052//625 1044//625 1050//625
f 1048//626 1055//626 1049//626
f 1049//627 1053//627 1047//627
f 1057//628 1052//628 1058//628
f 1058//629 1050//629 1056//629
f 1054//630 1061//630 1055//630
f 1055//631 1059//631 1053//631
f 1063//632 1058//632 1064//632
f 1064//633 1056//633 1062//633
f 1060//634 1067//634 1061//634
f 1061//635 1065//635 1059//635
f 1069//636 1064//636 1070//636
f 1070//637 1062//637 1068//637
f 1066//638 1073//638 1067//638
f 1067//639 1071//639 1065//639
f 1075//640 1070//640 1076//640
f 1076//641 1068//641 1074//641
f 1072//642 1079//642 1073//642
f 1073//643 1077//643 1071//643
f 1081//644 1076//644 1082//644
f 1082//645 1074//645 1080//645
f 1078//646 1085//646 1079//646
f 1079//647 1083//647 1077//647
f 1087//648 1082//648 1088//648
f 1088//649 1080//649 1086//649
f 1084//650 1091//650 1085//650
f 1085//651 1089//651 1083//651
f 1093//652 1088//652 1094//652
f 1094//653 1086//653 1092//653
f 1090//654 1097//654 1091//654
f 1091//655 1095//655 1089//655
f 1099//656 1094//656 1100//656
f 1100//657 1092//657 1098//657
f 1096//658 1103//658 1097//658
f 1097//659 1101//659 1095//659
f 1105//660 1100//660 1106//660
f 1106//661 1098//661 1104//661
f 1102//662 1109//662 1103//662
f 1103//663 1107//663 1101//663
f 1111//664 1106//664 1112//664
f 1112//665 1104//665 1110//665
f 1108//666 1115//666 1109//666
f 1109//667 1113//667 1107//667
f 1117//668 1112//668 1118//668
f 1118//669 1110//669 1116//669
f 1114//670 1121//670 1115//670
f 1115//671 1119//671 1113//671
f 1123//672 1118//672 1124//672
f 1124//673 1116//673 1122//673
f 1120//674 1127//674 1121//674
f 1121//675 1125//675 1119//675
f 1129//676 1124//676 1130//676
f 1130//677 1122//677 1128//677
f 1126//678 1133//678 1127//678
f 1127//679 1131//679 1125//679
f 1135//680 1130//680 1136//680
f 1136//681 1128//681 1134//681
f 1132//682 995//682 1133//682
f 1133//683 993//683 1131//683
f 997//684 1136//684 998//684
f 998//685 1134//685 996//685
f 1035//94 1083//94 1131//94
f 994//686 1003//686 1000//686
f 1132//687 997//687 994//687
f 1104//98 1056//98 1008//98
f 1000//688 1009//688 1006//688
f 1006//689 1015//689 1012//689
f 1012//690 1021//690 1018//690
f 1018//691 1027//691 1024//691
f 1024//692 1033//692 1030//692
f 1030//693 1039//693 1036//693
f 1036//694 1045//694 1042//694
f 1042//695 1051//695 1048//695
f 1048//696 1057//696 1054//696
f 1054//697 1063//697 1060//697
f 1060//698 1069//698 1066//698
f 1066//699 1075//699 1072//699
f 1072//700 1081//700 1078//700
f 1078//701 1087//701 1084//701
f 1084//702 1093//702 1090//702
f 1090//703 1099//703 1096//703
f 1096//704 1105//704 1102//704
f 1102//705 1111//705 1108//705
f 1108//706 1117//706 1114//706
f 1114//707 1123//707 1120//707
f 1120//708 1129//708 1126//708
f 1126//709 1135//709 1132//709
f 1138//590 1145//590 1139//590
f 1139//591 1143//591 1137//591
f 1147//592 1142//592 1148//592
f 1148//593 1140//593 1146//593
f 1144//710 1151//710 1145//710
f 1145//711 1149//711 1143//711
f 1153//596 1148//596 1154//596
f 1154//597 1146//597 1152//597
f 1150//598 1157//598 1151//598
f 1151//599 1155//599 1149//599
f 1159//600 1154//600 1160//600
f 1160//601 1152//601 1158//601
f 1156//602 1163//602 1157//602
f 1157//603 1161//603 1155//603
f 1165//604 1160//604 1166//604
f 1166//605 1158//605 1164//605
f 1162//606 1169//606 1163//606
f 1163//607 1167//607 1161//607
f 1171//608 1166//608 1172//608
f 1172//609 1164//609 1170//609
f 1168//610 1175//610 1169//610
f 1169//611 1173//611 1167//611
f 1177//612 1172//612 1178//612
f 1178//613 1170//613 1176//613
f 1174//614 1181//614 1175//614
f 1175//615 1179//615 1173//615
f 1183//616 1178//616 1184//616
f 1184//617 1176//617 1182//617
f 1180//618 1187//618 1181//618
f 1181//712 1185//712 1179//712
f 1189//620 1184//620 1190//620
f 1190//621 1182//621 1188//621
f 1186//622 1193//622 1187//622
f 1187//623 1191//623 1185//623
f 1195//624 1190//624 1196//624
f 1196//625 1188//625 1194//625
f 1192//626 1199//626 1193//626
f 1193//627 1197//627 1191//627
f 1201//628 1196//628 1202//628
f 1202//629 1194//629 1200//629
f 1198//630 1205//630 1199//630
f 1199//631 1203//631 1197//631
f 1207//713 1202//713 1208//713
f 1208//714 1200//714 1206//714
f 1204//634 1211//634 1205//634
f 1205//635 1209//635 1203//635
f 1213//636 1208//636 1214//636
f 1214//637 1206//637 1212//637
f 1210//638 1217//638 1211//638
f 1211//639 1215//639 1209//639
f 1219//640 1214//640 1220//640
f 1220//641 1212//641 1218//641
f 1216//715 1223//715 1217//715
f 1217//716 1221//716 1215//716
f 1225//644 1220//644 1226//644
f 1226//645 1218//645 1224//645
f 1222//646 1229//646 1223//646
f 1223//647 1227//647 1221//647
f 1231//648 1226//648 1232//648
f 1232//649 1224//649 1230//649
f 1228//650 1235//650 1229//650
f 1229//651 1233//651 1227//651
f 1237//652 1232//652 1238//652
f 1238//653 1230//653 1236//653
f 1234//654 1241//654 1235//654
f 1235//655 1239//655 1233//655
f 1243//717 1238//717 1244//717
f 1244//657 1236//657 1242//657
f 1240//658 1247//658 1241//658
f 1241//659 1245//659 1239//659
f 1249//660 1244//660 1250//660
f 1250//661 1242//661 1248//661
f 1246//662 1253//662 1247//662
f 1247//663 1251//663 1245//663
f 1255//664 1250//664 1256//664
f 1256//665 1248//665 1254//665
f 1252//718 1259//718 1253//718
f 1253//667 1257//667 1251//667
f 1261//668 1256//668 1262//668
f 1262//669 1254//669 1260//669
f 1258//670 1265//670 1259//670
f 1259//671 1263//671 1257//671
f 1267//672 1262//672 1268//672
f 1268//673 1260//673 1266//673
f 1264//674 1271//674 1265//674
f 1265//675 1269//675 1263//675
f 1273//676 1268//676 1274//676
f 1274//677 1266//677 1272//677
f 1270//678 1277//678 1271//678
f 1271//679 1275//679 1269//679
f 1279//680 1274//680 1280//680
f 1280//719 1272//719 1278//719
f 1276//682 1139//682 1277//682
f 1277//683 1137//683 1275//683
f 1141//684 1280//684 1142//684
f 1142//685 1278//685 1140//685
f 1179//94 1227//94 1275//94
f 1138//686 1147//686 1144//686
f 1276//687 1141//687 1138//687
f 1248//98 1200//98 1152//98
f 1144//688 1153//688 1150//688
f 1150//689 1159//689 1156//689
f 1156//690 1165//690 1162//690
f 1162//691 1171//691 1168//691
f 1168//692 1177//692 1174//692
f 1174//693 1183//693 1180//693
f 1180//694 1189//694 1186//694
f 1186//695 1195//695 1192//695
f 1192//696 1201//696 1198//696
f 1198//697 1207//697 1204//697
f 1204//698 1213//698 1210//698
f 1210//699 1219//699 1216//699
f 1216//700 1225//700 1222//700
f 1222//701 1231//701 1228//701
f 1228//702 1237//702 1234//702
f 1234//703 1243//703 1240//703
f 1240//704 1249//704 1246//704
f 1246//705 1255//705 1252//705
f 1252//706 1261//706 1258//706
f 1258//707 1267//707 1264//707
f 1264//708 1273//708 1270//708
f 1270//709 1279//709 1276//709
f 322//936 328//936 329//936
f 323//937 329//937 327//937
f 331//938 325//938 326//938
f 332//939 326//939 324//939
f 328//940 334//940 335//940
f 329//941 335//941 333//941
f 337//942 331//942 332//942
f 338//943 332//943 330//943
f 334//944 340//944 341//944
f 335//945 341//945 339//945
f 343//946 337//946 338//946
f 344//947 338//947 336//947
f 340//948 346//948 347//948
f 341//949 347//949 345//949
f 349//950 343//950 344//950
f 350//951 344//951 342//951
f 346//952 352//952 353//952
f 347//953 353//953 351//953
f 355//954 349//954 350//954
f 356//955 350//955 348//955
f 352//956 358//956 359//956
f 353//957 359//957 357//957
f 361//958 355//958 356//958
f 362//959 356//959 354//959
f 358//960 364//960 365//960
f 359//320 365//320 363//320
f 367//961 361//961 362//961
f 368//962 362//962 360//962
f 364//963 370//963 371//963
f 365//964 371//964 369//964
f 373//965 367//965 368//965
f 374//966 368//966 366//966
f 370//967 376//967 377//967
f 371//968 377//968 375//968
f 379//969 373//969 374//969
f 380//970 374//970 372//970
f 376//971 382//971 383//971
f 377//972 383//972 381//972
f 385//973 379//973 380//973
f 386//334 380//334 378//334
f 382//974 388//974 389//974
f 383//975 389//975 387//975
f 391//976 385//976 386//976
f 392//977 386//977 384//977
f 388//978 394//978 395//978
f 389//979 395//979 393//979
f 397//980 391//980 392//980
f 398//981 392//981 390//981
f 394//982 400//982 401//982
f 395//983 401//983 399//983
f 403//984 397//984 398//984
f 404//985 398//985 396//985
f 400//986 406//986 407//986
f 401//987 407//987 405//987
f 409//988 403//988 404//988
f 410//989 404//989 402//989
f 406//990 412//990 413//990
f 407//352 413//352 411//352
f 415//991 409//991 410//991
f 416//992 410//992 408//992
f 412//993 418//993 419//993
f 413//994 419//994 417//994
f 421//995 415//995 416//995
f 422//996 416//996 414//996
f 418//997 424//997 425//997
f 419//998 425//998 423//998
f 427//999 421//999 422//999
f 428//1000 422//1000 420//1000
f 424//1001 430//1001 431//1001
f 425//1002 431//1002 429//1002
f 433//1003 427//1003 428//1003
f 434//1004 428//1004 426//1004
f 430//1005 436//1005 437//1005
f 431//1006 437//1006 435//1006
f 439//1007 433//1007 434//1007
f 440//1008 434//1008 432//1008
f 436//1009 442//1009 443//1009
f 437//1010 443//1010 441//1010
f 445//1011 439//1011 440//1011
f 446//1012 440//1012 438//1012
f 442//1013 448//1013 449//1013
f 443//1014 449//1014 447//1014
f 451//1015 445//1015 446//1015
f 452//1016 446//1016 444//1016
f 448//1017 454//1017 455//1017
f 449//1018 455//1018 453//1018
f 457//1019 451//1019 452//1019
f 458//1020 452//1020 450//1020
f 454//1021 460//1021 461//1021
f 455//384 461//384 459//384
f 463//1022 457//1022 458//1022
f 464//1023 458//1023 456//1023
f 460//1024 466//1024 467//1024
f 461//1025 467//1025 465//1025
f 469//1026 463//1026 464//1026
f 470//1027 464//1027 462//1027
f 466//1028 472//1028 473//1028
f 467//1029 473//1029 471//1029
f 475//1030 469//1030 470//1030
f 476//1031 470//1031 468//1031
f 472//1032 478//1032 479//1032
f 473//1033 479//1033 477//1033
f 481//1034 475//1034 476//1034
f 482//398 476//398 474//398
f 478//1035 484//1035 485//1035
f 479//1036 485//1036 483//1036
f 487//1037 481//1037 482//1037
f 488//1038 482//1038 480//1038
f 484//1039 490//1039 491//1039
f 485//1040 491//1040 489//1040
f 493//1041 487//1041 488//1041
f 494//1042 488//1042 486//1042
f 490//1043 496//1043 497//1043
f 491//1044 497//1044 495//1044
f 499//1045 493//1045 494//1045
f 500//1046 494//1046 492//1046
f 496//1047 502//1047 503//1047
f 497//1048 503//1048 501//1048
f 505//1049 499//1049 500//1049
f 506//1050 500//1050 498//1050
f 502//1051 508//1051 509//1051
f 503//416 509//416 507//416
f 511//1052 505//1052 506//1052
f 512//1053 506//1053 504//1053
f 508//1054 322//1054 323//1054
f 509//1055 323//1055 321//1055
f 325//1056 511//1056 512//1056
f 326//1057 512//1057 510//1057
f 507//97 321//97 327//97
f 327//97 333//97 339//97
f 339//97 345//97 351//97
f 351//97 357//97 363//97
f 363//97 369//97 375//97
f 375//97 381//97 387//97
f 387//97 393//97 399//97
f 399//97 405//97 411//97
f 411//97 417//97 423//97
f 423//97 429//97 435//97
f 435//97 441//97 447//97
f 447//97 453//97 459//97
f 459//97 465//97 471//97
f 471//97 477//97 483//97
f 483//97 489//97 495//97
f 495//97 501//97 507//97
f 507//97 327//97 339//97
f 339//97 351//97 363//97
f 363//97 375//97 387//97
f 387//97 399//97 411//97
f 411//97 423//97 435//97
f 435//97 447//97 459//97
f 459//97 471//97 483//97
f 483//97 495//97 507//97
f 507//97 339//97 363//97
f 363//97 387//97 411//97
f 411//97 435//97 459//97
f 459//97 483//97 507//97
f 507//97 363//97 411//97
f 322//423 325//423 331//423
f 508//424 511//424 325//424
f 336//95 330//95 324//95
f 324//95 510//95 504//95
f 504//95 498//95 492//95
f 492//95 486//95 480//95
f 480//95 474//95 468//95
f 468//95 462//95 456//95
f 456//95 450//95 444//95
f 444//95 438//95 432//95
f 432//95 426//95 420//95
f 420//95 414//95 408//95
f 408//95 402//95 396//95
f 396//95 390//95 384//95
f 384//95 378//95 372//95
f 372//95 366//95 360//95
f 360//95 354//95 348//95
f 348//95 342//95 336//95
f 336//95 324//95 504//95
f 504//95 492//95 480//95
f 480//95 468//95 456//95
f 456//95 444//95 432//95
f 432//95 420//95 408//95
f 408//95 396//95 384//95
f 384//95 372//95 360//95
f 360//95 348//95 336//95
f 336//95 504//95 480//95
f 480//95 456//95 432//95
f 432//95 408//95 384//95
f 384//95 360//95 336//95
f 336//95 480//95 432//95
f 328//425 331//425 337//425
f 334//426 337//426 343//426
f 340//427 343//427 349//427
f 346//428 349//428 355//428
f 352//429 355//429 361//429
f 358//430 361//430 367//430
f 364//431 367//431 373//431
f 370//432 373//432 379//432
f 376//433 379//433 385//433
f 382//434 385//434 391//434
f 388//435 391//435 397//435
f 394//436 397//436 403//436
f 400//437 403//437 409//437
f 406//438 409//438 415//438
f 412//439 415//439 421//439
f 418//440 421//440 427//440
f 424//441 427//441 433//441
f 430//442 433//442 439//442
f 436//443 439//443 445//443
f 442//444 445//444 451//444
f 448//445 451//445 457//445
f 454//446 457//446 463//446
f 460//447 463//447 469//447
f 466//448 469//448 475//448
f 472//449 475//449 481//449
f 478//450 481//450 487//450
f 484//451 487//451 493//451
f 490//1058 493//1058 499//1058
f 496//453 499//453 505//453
f 502//454 505//454 511//454
f 658//936 664//936 665//936
f 659//937 665//937 663//937
f 667//1155 661//1155 662//1155
f 668//939 662//939 660//939
f 664//940 670//940 671//940
f 665//941 671//941 669//941
f 673//942 667//942 668//942
f 674//943 668//943 666//943
f 670//944 676//944 677//944
f 671//1156 677//1156 675//1156
f 679//946 673//946 674//946
f 680//947 674//947 672//947
f 676//1157 682//1157 683//1157
f 677//949 683//949 681//949
f 685//950 679//950 680//950
f 686//951 680//951 678//951
f 682//952 688//952 689//952
f 683//953 689//953 687//953
f 691//954 685//954 686//954
f 692//955 686//955 684//955
f 688//956 694//956 695//956
f 689//957 695//957 693//957
f 697//958 691//958 692//958
f 698//1158 692//1158 690//1158
f 694//960 700//960 701//960
f 695//320 701//320 699//320
f 703//961 697//961 698//961
f 704//962 698//962 696//962
f 700//963 706//963 707//963
f 701//964 707//964 705//964
f 709//965 703//965 704//965
f 710//1159 704//1159 702//1159
f 706//967 712//967 713//967
f 707//1160 713//1160 711//1160
f 715//969 709//969 710//969
f 716//970 710//970 708//970
f 712//971 718//971 719//971
f 713//972 719//972 717//972
f 721//973 715//973 716//973
f 722//334 716//334 714//334
f 718//974 724//974 725//974
f 719//975 725//975 723//975
f 727//976 721//976 722//976
f 728//977 722//977 720//977
f 724//978 730//978 731//978
f 725//979 731//979 729//979
f 733//980 727//980 728//980
f 734//981 728//981 726//981
f 730//982 736//982 737//982
f 731//983 737//983 735//983
f 739//1161 733//1161 734//1161
f 740//985 734//985 732//985
f 736//986 742//986 743//986
f 737//987 743//987 741//987
f 745//988 739//988 740//988
f 746//989 740//989 738//989
f 742//990 748//990 749//990
f 743//352 749//352 747//352
f 751//991 745//991 746//991
f 752//992 746//992 744//992
f 748//993 754//993 755//993
f 749//994 755//994 753//994
f 757//995 751//995 752//995
f 758//1162 752//1162 750//1162
f 754//997 760//997 761//997
f 755//998 761//998 759//998
f 763//1163 757//1163 758//1163
f 764//1000 758//1000 756//1000
f 760//1001 766//1001 767//1001
f 761//1002 767//1002 765//1002
f 769//1003 763//1003 764//1003
f 770//1004 764//1004 762//1004
f 766//1005 772//1005 773//1005
f 767//1006 773//1006 771//1006
f 775//1007 769//1007 770//1007
f 776//1008 770//1008 768//1008
f 772//1164 778//1164 779//1164
f 773//1010 779//1010 777//1010
f 781//1011 775//1011 776//1011
f 782//1012 776//1012 774//1012
f 778//1013 784//1013 785//1013
f 779//1014 785//1014 783//1014
f 787//1015 781//1015 782//1015
f 788//1016 782//1016 780//1016
f 784//1017 790//1017 791//1017
f 785//1018 791//1018 789//1018
f 793//1019 787//1019 788//1019
f 794//1165 788//1165 786//1165
f 790//1021 796//1021 797//1021
f 791//384 797//384 795//384
f 799//1022 793//1022 794//1022
f 800//1023 794//1023 792//1023
f 796//1024 802//1024 803//1024
f 797//1025 803//1025 801//1025
f 805//1026 799//1026 800//1026
f 806//1166 800//1166 798//1166
f 802//1028 808//1028 809//1028
f 803//1167 809//1167 807//1167
f 811//1030 805//1030 806//1030
f 812//1031 806//1031 804//1031
f 808//1032 814//1032 815//1032
f 809//1033 815//1033 813//1033
f 817//1034 811//1034 812//1034
f 818//398 812//398 810//398
f 814//1035 820//1035 821//1035
f 815//1036 821//1036 819//1036
f 823//1037 817//1037 818//1037
f 824//1038 818//1038 816//1038
f 820//1039 826//1039 827//1039
f 821//1040 827//1040 825//1040
f 829//1041 823//1041 824//1041
f 830//1042 824//1042 822//1042
f 826//1043 832//1043 833//1043
f 827//1044 833//1044 831//1044
f 835//1045 829//1045 830//1045
f 836//1046 830//1046 828//1046
f 832//1047 838//1047 839//1047
f 833//1048 839//1048 837//1048
f 841//1049 835//1049 836//1049
f 842//1050 836//1050 834//1050
f 838//1051 844//1051 845//1051
f 839//416 845//416 843//416
f 847//1052 841//1052 842//1052
f 848//1053 842//1053 840//1053
f 844//1054 658//1054 659//1054
f 845//1055 659//1055 657//1055
f 661//1056 847//1056 848//1056
f 662//1057 848//1057 846//1057
f 843//97 657//97 663//97
f 663//97 669//97 675//97
f 675//97 681//97 687//97
f 687//97 693//97 699//97
f 699//97 705//97 711//97
f 711//97 717//97 723//97
f 723//97 729//97 735//97
f 735//97 741//97 747//97
f 747//97 753//97 759//97
f 759//97 765//97 771//97
f 771//97 777//97 783//97
f 783//97 789//97 795//97
f 795//97 801//97 807//97
f 807//97 813//97 819//97
f 819//97 825//97 831//97
f 831//97 837//97 843//97
f 843//97 663//97 675//97
f 675//97 687//97 699//97
f 699//97 711//97 723//97
f 723//97 735//97 747//97
f 747//97 759//97 771//97
f 771//97 783//97 795//97
f 795//97 807//97 819//97
f 819//97 831//97 843//97
f 843//97 675//97 699//97
f 699//97 723//97 747//97
f 747//97 771//97 795//97
f 795//97 819//97 843//97
f 843//97 699//97 747//97
f 658//423 661//423 667//423
f 844//424 847//424 661//424
f 672//95 666//95 660//95
f 660//95 846//95 840//95
f 840//95 834//95 828//95
f 828//95 822//95 816//95
f 816//95 810//95 804//95
f 804//95 798//95 792//95
f 792//95 786//95 780//95
f 780//95 774//95 768//95
f 768//95 762//95 756//95
f 756//95 750//95 744//95
f 744//95 738//95 732//95
f 732//95 726//95 720//95
f 720//95 714//95 708//95
f 708//95 702//95 696//95
f 696//95 690//95 684//95
f 684//95 678//95 672//95
f 672//95 660//95 840//95
f 840//95 828//95 816//95
f 816//95 804//95 792//95
f 792//95 780//95 768//95
f 768//95 756//95 744//95
f 744//95 732//95 720//95
f 720//95 708//95 696//95
f 696//95 684//95 672//95
f 672//95 840//95 816//95
f 816//95 792//95 768//95
f 768//95 744//95 720//95
f 720//95 696//95 672//95
f 672//95 816//95 768//95
f 664//425 667//425 673//425
f 670//426 673//426 679//426
f 676//427 679//427 685//427
f 682//428 685//428 691//428
f 688//429 691//429 697//429
f 694//430 697//430 703//430
f 700//431 703//431 709//431
f 706//432 709//432 715//432
f 712//433 715//433 721//433
f 718//434 721//434 727//434
f 724//435 727//435 733//435
f 730//436 733//436 739//436
f 736//437 739//437 745//437
f 742//438 745//438 751//438
f 748//439 751//439 757//439
f 754//440 757//440 763//440
f 760//441 763//441 769//441
f 766//442 769//442 775//442
f 772//443 775//443 781//443
f 778//444 781//444 787//444
f 784//445 787//445 793//445
f 790//446 793//446 799//446
f 796//447 799//447 805//447
f 802//448 805//448 811//448
f 808//449 811//449 817//449
f 814//450 817//450 823//450
f 820//451 823//451 829//451
f 826//1058 829//1058 835//1058
f 832//453 835//453 841//453
f 838//454 841//454 847//454
f 994//1181 1000//1181 1001//1181
f 995//1182 1001//1182 999//1182
f 1003//1183 997//1183 998//1183
f 1004//1184 998//1184 996//1184
f 1000//1185 1006//1185 1007//1185
f 1001//1186 1007//1186 1005//1186
f 1009//1187 1003//1187 1004//1187
f 1010//1188 1004//1188 1002//1188
f 1006//1189 1012//1189 1013//1189
f 1007//1190 1013//1190 1011//1190
f 1015//1191 1009//1191 1010//1191
f 1016//1192 1010//1192 1008//1192
f 1012//1193 1018//1193 1019//1193
f 1013//1194 1019//1194 1017//1194
f 1021//1195 1015//1195 1016//1195
f 1022//1196 1016//1196 1014//1196
f 1018//1197 1024//1197 1025//1197
f 1019//1198 1025//1198 1023//1198
f 1027//1199 1021//1199 1022//1199
f 1028//1200 1022//1200 1020//1200
f 1024//1201 1030//1201 1031//1201
f 1025//1202 1031//1202 1029//1202
f 1033//1203 1027//1203 1028//1203
f 1034//1204 1028//1204 1026//1204
f 1030//1205 1036//1205 1037//1205
f 1031//1206 1037//1206 1035//1206
f 1039//1207 1033//1207 1034//1207
f 1040//1208 1034//1208 1032//1208
f 1036//1209 1042//1209 1043//1209
f 1037//1210 1043//1210 1041//1210
f 1045//1211 1039//1211 1040//1211
f 1046//1212 1040//1212 1038//1212
f 1042//1213 1048//1213 1049//1213
f 1043//1214 1049//1214 1047//1214
f 1051//1215 1045//1215 1046//1215
f 1052//1216 1046//1216 1044//1216
f 1048//1217 1054//1217 1055//1217
f 1049//1218 1055//1218 1053//1218
f 1057//1219 1051//1219 1052//1219
f 1058//1220 1052//1220 1050//1220
f 1054//1221 1060//1221 1061//1221
f 1055//1222 1061//1222 1059//1222
f 1063//1223 1057//1223 1058//1223
f 1064//1224 1058//1224 1056//1224
f 1060//1225 1066//1225 1067//1225
f 1061//1226 1067//1226 1065//1226
f 1069//1227 1063//1227 1064//1227
f 1070//1228 1064//1228 1062//1228
f 1066//1229 1072//1229 1073//1229
f 1067//1230 1073//1230 1071//1230
f 1075//1231 1069//1231 1070//1231
f 1076//1232 1070//1232 1068//1232
f 1072//1233 1078//1233 1079//1233
f 1073//1234 1079//1234 1077//1234
f 1081//1235 1075//1235 1076//1235
f 1082//1236 1076//1236 1074//1236
f 1078//1237 1084//1237 1085//1237
f 1079//1238 1085//1238 1083//1238
f 1087//1239 1081//1239 1082//1239
f 1088//1240 1082//1240 1080//1240
f 1084//1241 1090//1241 1091//1241
f 1085//1242 1091//1242 1089//1242
f 1093//1243 1087//1243 1088//1243
f 1094//1244 1088//1244 1086//1244
f 1090//1245 1096//1245 1097//1245
f 1091//1246 1097//1246 1095//1246
f 1099//1247 1093//1247 1094//1247
f 1100//1248 1094//1248 1092//1248
f 1096//1249 1102//1249 1103//1249
f 1097//1250 1103//1250 1101//1250
f 1105//1251 1099//1251 1100//1251
f 1106//1252 1100//1252 1098//1252
f 1102//1253 1108//1253 1109//1253
f 1103//1254 1109//1254 1107//1254
f 1111//1255 1105//1255 1106//1255
f 1112//1256 1106//1256 1104//1256
f 1108//1257 1114//1257 1115//1257
f 1109//1258 1115//1258 1113//1258
f 1117//1259 1111//1259 1112//1259
f 1118//1260 1112//1260 1110//1260
f 1114//1261 1120//1261 1121//1261
f 1115//1262 1121//1262 1119//1262
f 1123//1263 1117//1263 1118//1263
f 1124//1264 1118//1264 1116//1264
f 1120//1265 1126//1265 1127//1265
f 1121//1266 1127//1266 1125//1266
f 1129//1267 1123//1267 1124//1267
f 1130//1268 1124//1268 1122//1268
f 1126//1269 1132//1269 1133//1269
f 1127//1270 1133//1270 1131//1270
f 1135//1271 1129//1271 1130//1271
f 1136//1272 1130//1272 1128//1272
f 1132//1273 994//1273 995//1273
f 1133//1274 995//1274 993//1274
f 997//1275 1135//1275 1136//1275
f 998//1276 1136//1276 1134//1276
f 1131//94 993//94 999//94
f 999//94 1005//94 1011//94
f 1011//94 1017//94 1023//94
f 1023//94 1029//94 1035//94
f 1035//94 1041//94 1047//94
f 1047//94 1053//94 1059//94
f 1059//94 1065//94 1071//94
f 1071//94 1077//94 1083//94
f 1083//94 1089//94 1095//94
f 1095//94 1101//94 1107//94
f 1107//94 1113//94 1119//94
f 1119//94 1125//94 1131//94
f 1131//94 999//94 1011//94
f 1011//94 1023//94 1035//94
f 1035//94 1047//94 1059//94
f 1059//94 1071//94 1083//94
f 1083//94 1095//94 1107//94
f 1107//94 1119//94 1131//94
f 1131//94 1011//94 1035//94
f 1035//94 1059//94 1083//94
f 1083//94 1107//94 1131//94
f 994//686 997//686 1003//686
f 1132//687 1135//687 997//687
f 1008//98 1002//98 996//98
f 996//98 1134//98 1128//98
f 1128//98 1122//98 1116//98
f 1116//98 1110//98 1104//98
f 1104//98 1098//98 1092//98
f 1092//98 1086//98 1080//98
f 1080//98 1074//98 1068//98
f 1068//98 1062//98 1056//98
f 1056//98 1050//98 1044//98
f 1044//98 1038//98 1032//98
f 1032//98 1026//98 1020//98
f 1020//98 1014//98 1008//98
f 1008//98 996//98 1128//98
f 1128//98 1116//98 1104//98
f 1104//98 1092//98 1080//98
f 1080//98 1068//98 1056//98
f 1056//98 1044//98 1032//98
f 1032//98 1020//98 1008//98
f 1008//98 1128//98 1104//98
f 1104//98 1080//98 1056//98
f 1056//98 1032//98 1008//98
f 1000//688 1003//688 1009//688
f 1006//689 1009//689 1015//689
f 1012//690 1015//690 1021//690
f 1018//691 1021//691 1027//691
f 1024//692 1027//692 1033//692
f 1030//693 1033//693 1039//693
f 1036//694 1039//694 1045//694
f 1042//695 1045//695 1051//695
f 1048//696 1051//696 1057//696
f 1054//697 1057//697 1063//697
f 1060//698 1063//698 1069//698
f 1066//699 1069//699 1075//699
f 1072//700 1075//700 1081//700
f 1078//701 1081//701 1087//701
f 1084//702 1087//702 1093//702
f 1090//703 1093//703 1099//703
f 1096//704 1099//704 1105//704
f 1102//705 1105//705 1111//705
f 1108//706 1111//706 1117//706
f 1114//707 1117//707 1123//707
f 1120//708 1123//708 1129//708
f 1126//709 1129//709 1135//709
f 1138//1181 1144//1181 1145//1181
f 1139//1182 1145//1182 1143//1182
f 1147//1183 1141//1183 1142//1183
f 1148//1184 1142//1184 1140//1184
f 1144//1277 1150//1277 1151//1277
f 1145//1186 1151//1186 1149//1186
f 1153//1187 1147//1187 1148//1187
f 1154//1278 1148//1278 1146//1278
f 1150//1189 1156//1189 1157//1189
f 1151//1279 1157//1279 1155//1279
f 1159//1191 1153//1191 1154//1191
f 1160//1192 1154//1192 1152//1192
f 1156//1193 1162//1193 1163//1193
f 1157//1194 1163//1194 1161//1194
f 1165//1195 1159//1195 1160//1195
f 1166//1280 1160//1280 1158//1280
f 1162//1197 1168//1197 1169//1197
f 1163//1198 1169//1198 1167//1198
f 1171//1199 1165//1199 1166//1199
f 1172//1200 1166//1200 1164//1200
f 1168//1201 1174//1201 1175//1201
f 1169//1202 1175//1202 1173//1202
f 1177//1203 1171//1203 1172//1203
f 1178//1204 1172//1204 1170//1204
f 1174//1205 1180//1205 1181//1205
f 1175//1206 1181//1206 1179//1206
f 1183//1207 1177//1207 1178//1207
f 1184//1208 1178//1208 1176//1208
f 1180//1209 1186//1209 1187//1209
f 1181//1210 1187//1210 1185//1210
f 1189//1211 1183//1211 1184//1211
f 1190//1212 1184//1212 1182//1212
f 1186//1213 1192//1213 1193//1213
f 1187//1281 1193//1281 1191//1281
f 1195//1215 1189//1215 1190//1215
f 1196//1216 1190//1216 1188//1216
f 1192//1217 1198//1217 1199//1217
f 1193//1218 1199//1218 1197//1218
f 1201//1219 1195//1219 1196//1219
f 1202//1282 1196//1282 1194//1282
f 1198//1221 1204//1221 1205//1221
f 1199//1283 1205//1283 1203//1283
f 1207//1223 1201//1223 1202//1223
f 1208//1224 1202//1224 1200//1224
f 1204//1225 1210//1225 1211//1225
f 1205//1226 1211//1226 1209//1226
f 1213//1227 1207//1227 1208//1227
f 1214//1228 1208//1228 1206//1228
f 1210//1229 1216//1229 1217//1229
f 1211//1230 1217//1230 1215//1230
f 1219//1231 1213//1231 1214//1231
f 1220//1232 1214//1232 1212//1232
f 1216//1233 1222//1233 1223//1233
f 1217//1234 1223//1234 1221//1234
f 1225//1235 1219//1235 1220//1235
f 1226//1284 1220//1284 1218//1284
f 1222//1237 1228//1237 1229//1237
f 1223//1285 1229//1285 1227//1285
f 1231//1239 1225//1239 1226//1239
f 1232//1286 1226//1286 1224//1286
f 1228//1241 1234//1241 1235//1241
f 1229//1242 1235//1242 1233//1242
f 1237//1243 1231//1243 1232//1243
f 1238//1287 1232//1287 1230//1287
f 1234//1245 1240//1245 1241//1245
f 1235//1246 1241//1246 1239//1246
f 1243//1247 1237//1247 1238//1247
f 1244//1248 1238//1248 1236//1248
f 1240//1249 1246//1249 1247//1249
f 1241//1250 1247//1250 1245//1250
f 1249//1251 1243//1251 1244//1251
f 1250//1252 1244//1252 1242//1252
f 1246//1253 1252//1253 1253//1253
f 1247//1254 1253//1254 1251//1254
f 1255//1255 1249//1255 1250//1255
f 1256//1256 1250//1256 1248//1256
f 1252//1257 1258//1257 1259//1257
f 1253//1258 1259//1258 1257//1258
f 1261//1259 1255//1259 1256//1259
f 1262//1260 1256//1260 1254//1260
f 1258//1261 1264//1261 1265//1261
f 1259//1288 1265//1288 1263//1288
f 1267//1263 1261//1263 1262//1263
f 1268//1264 1262//1264 1260//1264
f 1264//1265 1270//1265 1271//1265
f 1265//1289 1271//1289 1269//1289
f 1273//1267 1267//1267 1268//1267
f 1274//1290 1268//1290 1266//1290
f 1270//1269 1276//1269 1277//1269
f 1271//1291 1277//1291 1275//1291
f 1279//1271 1273//1271 1274//1271
f 1280//1272 1274//1272 1272//1272
f 1276//1273 1138//1273 1139//1273
f 1277//1274 1139//1274 1137//1274
f 1141//1275 1279//1275 1280//1275
f 1142//1276 1280//1276 1278//1276
f 1275//94 1137//94 1143//94
f 1143//94 1149//94 1155//94
f 1155//94 1161//94 1167//94
f 1167//94 1173//94 1179//94
f 1179//94 1185//94 1191//94
f 1191//94 1197//94 1203//94
f 1203//94 1209//94 1215//94
f 1215//94 1221//94 1227//94
f 1227//94 1233//94 1239//94
f 1239//94 1245//94 1251//94
f 1251//94 1257//94 1263//94
f 1263//94 1269//94 1275//94
f 1275//94 1143//94 1155//94
f 1155//94 1167//94 1179//94
f 1179//94 1191//94 1203//94
f 1203//94 1215//94 1227//94
f 1227//94 1239//94 1251//94
f 1251//94 1263//94 1275//94
f 1275//94 1155//94 1179//94
f 1179//94 1203//94 1227//94
f 1227//94 1251//94 1275//94
f 1138//686 1141//686 1147//686
f 1276//687 1279//687 1141//687
f 1152//98 1146//98 1140//98
f 1140//98 1278//98 1272//98
f 1272//98 1266//98 1260//98
f 1260//98 1254//98 1248//98
f 1248//98 1242//98 1236//98
f 1236//98 1230//98 1224//98
f 1224//98 1218//98 1212//98
f 1212//98 1206//98 1200//98
f 1200//98 1194//98 1188//98
f 1188//98 1182//98 1176//98
f 1176//98 1170//98 1164//98
f 1164//98 1158//98 1152//98
f 1152//98 1140//98 1272//98
f 1272//98 1260//98 1248//98
f 1248//98 1236//98 1224//98
f 1224//98 1212//98 1200//98
f 1200//98 1188//98 1176//98
f 1176//98 1164//98 1152//98
f 1152//98 1272//98 1248//98
f 1248//98 1224//98 1200//98
f 1200//98 1176//98 1152//98
f 1144//688 1147//688 1153//688
f 1150//689 1153//689 1159//689
f 1156//690 1159//690 1165//690
f 1162//691 1165//691 1171//691
f 1168//692 1171//692 1177//692
f 1174//693 1177//693 1183//693
f 1180//694 1183//694 1189//694
f 1186//695 1189//695 1195//695
f 1192//696 1195//696 1201//696
f 1198//697 1201//697 1207//697
f 1204//698 1207//698 1213//698
f 1210//699 1213//699 1219//699
f 1216//700 1219//700 1225//700
f 1222//701 1225//701 1231//701
f 1228//702 1231//702 1237//702
f 1234//703 1237//703 1243//703
f 1240//704 1243//704 1249//704
f 1246//705 1249//705 1255//705
f 1252//706 1255//706 1261//706
f 1258//707 1261//707 1267//707
f 1264//708 1267//708 1273//708
f 1270//709 1273//709 1279//709
usemtl Black
f 514//455 521//455 515//455
f 515//456 519//456 513//456
f 523//457 518//457 524//457
f 524//458 516//458 522//458
f 520//459 527//459 521//459
f 521//460 525//460 519//460
f 529//461 524//461 530//461
f 530//462 522//462 528//462
f 526//463 533//463 527//463
f 527//464 531//464 525//464
f 535//465 530//465 536//465
f 536//466 528//466 534//466
f 532//467 539//467 533//467
f 533//468 537//468 531//468
f 541//469 536//469 542//469
f 542//470 534//470 540//470
f 538//471 545//471 539//471
f 539//472 543//472 537//472
f 547//473 542//473 548//473
f 548//474 540//474 546//474
f 544//475 551//475 545//475
f 545//476 549//476 543//476
f 553//477 548//477 554//477
f 554//478 546//478 552//478
f 550//479 557//479 551//479
f 551//480 555//480 549//480
f 559//481 554//481 560//481
f 560//482 552//482 558//482
f 556//483 563//483 557//483
f 557//484 561//484 555//484
f 565//485 560//485 566//485
f 566//486 558//486 564//486
f 562//487 569//487 563//487
f 563//488 567//488 561//488
f 571//489 566//489 572//489
f 572//490 564//490 570//490
f 568//491 575//491 569//491
f 569//492 573//492 567//492
f 577//493 572//493 578//493
f 578//494 570//494 576//494
f 574//495 581//495 575//495
f 575//496 579//496 573//496
f 583//497 578//497 584//497
f 584//498 576//498 582//498
f 580//499 587//499 581//499
f 581//500 585//500 579//500
f 589//501 584//501 590//501
f 590//502 582//502 588//502
f 586//503 593//503 587//503
f 587//504 591//504 585//504
f 595//505 590//505 596//505
f 596//506 588//506 594//506
f 592//507 599//507 593//507
f 593//508 597//508 591//508
f 601//509 596//509 602//509
f 602//510 594//510 600//510
f 598//511 605//511 599//511
f 599//512 603//512 597//512
f 607//513 602//513 608//513
f 608//514 600//514 606//514
f 604//515 611//515 605//515
f 605//516 609//516 603//516
f 613//517 608//517 614//517
f 614//518 606//518 612//518
f 610//519 617//519 611//519
f 611//520 615//520 609//520
f 619//521 614//521 620//521
f 620//522 612//522 618//522
f 616//523 623//523 617//523
f 617//524 621//524 615//524
f 625//525 620//525 626//525
f 626//526 618//526 624//526
f 622//527 629//527 623//527
f 623//528 627//528 621//528
f 631//529 626//529 632//529
f 632//530 624//530 630//530
f 628//531 635//531 629//531
f 629//532 633//532 627//532
f 637//533 632//533 638//533
f 638//534 630//534 636//534
f 634//535 641//535 635//535
f 635//536 639//536 633//536
f 643//537 638//537 644//537
f 644//538 636//538 642//538
f 640//539 647//539 641//539
f 641//540 645//540 639//540
f 649//541 644//541 650//541
f 650//542 642//542 648//542
f 646//543 653//543 647//543
f 647//544 651//544 645//544
f 655//545 650//545 656//545
f 656//546 648//546 654//546
f 652//547 515//547 653//547
f 653//548 513//548 651//548
f 517//549 656//549 518//549
f 518//550 654//550 516//550
f 555//97 603//97 651//97
f 514//551 523//551 520//551
f 652//552 517//552 514//552
f 624//95 576//95 528//95
f 520//553 529//553 526//553
f 526//554 535//554 532//554
f 532//555 541//555 538//555
f 538//556 547//556 544//556
f 544//557 553//557 550//557
f 550//558 559//558 556//558
f 556//559 565//559 562//559
f 562//560 571//560 568//560
f 568//561 577//561 574//561
f 574//562 583//562 580//562
f 580//563 589//563 586//563
f 586//564 595//564 592//564
f 592//565 601//565 598//565
f 598//566 607//566 604//566
f 604//567 613//567 610//567
f 610//568 619//568 616//568
f 616//569 625//569 622//569
f 622//570 631//570 628//570
f 628//571 637//571 634//571
f 634//572 643//572 640//572
f 640//573 649//573 646//573
f 646//574 655//574 652//574
f 850//455 857//455 851//455
f 851//456 855//456 849//456
f 859//457 854//457 860//457
f 860//458 852//458 858//458
f 856//459 863//459 857//459
f 857//460 861//460 855//460
f 865//461 860//461 866//461
f 866//462 858//462 864//462
f 862//463 869//463 863//463
f 863//464 867//464 861//464
f 871//465 866//465 872//465
f 872//466 864//466 870//466
f 868//467 875//467 869//467
f 869//468 873//468 867//468
f 877//469 872//469 878//469
f 878//470 870//470 876//470
f 874//471 881//471 875//471
f 875//585 879//585 873//585
f 883//473 878//473 884//473
f 884//474 876//474 882//474
f 880//475 887//475 881//475
f 881//476 885//476 879//476
f 889//477 884//477 890//477
f 890//478 882//478 888//478
f 886//479 893//479 887//479
f 887//480 891//480 885//480
f 895//481 890//481 896//481
f 896//482 888//482 894//482
f 892//483 899//483 893//483
f 893//484 897//484 891//484
f 901//485 896//485 902//485
f 902//486 894//486 900//486
f 898//487 905//487 899//487
f 899//488 903//488 897//488
f 907//489 902//489 908//489
f 908//490 900//490 906//490
f 904//491 911//491 905//491
f 905//492 909//492 903//492
f 913//493 908//493 914//493
f 914//494 906//494 912//494
f 910//495 917//495 911//495
f 911//496 915//496 909//496
f 919//497 914//497 920//497
f 920//586 912//586 918//586
f 916//499 923//499 917//499
f 917//500 921//500 915//500
f 925//501 920//501 926//501
f 926//502 918//502 924//502
f 922//503 929//503 923//503
f 923//504 927//504 921//504
f 931//505 926//505 932//505
f 932//506 924//506 930//506
f 928//507 935//507 929//507
f 929//508 933//508 927//508
f 937//509 932//509 938//509
f 938//510 930//510 936//510
f 934//511 941//511 935//511
f 935//512 939//512 933//512
f 943//513 938//513 944//513
f 944//514 936//514 942//514
f 940//515 947//515 941//515
f 941//587 945//587 939//587
f 949//517 944//517 950//517
f 950//518 942//518 948//518
f 946//519 953//519 947//519
f 947//588 951//588 945//588
f 955//521 950//521 956//521
f 956//522 948//522 954//522
f 952//523 959//523 953//523
f 953//524 957//524 951//524
f 961//525 956//525 962//525
f 962//526 954//526 960//526
f 958//527 965//527 959//527
f 959//528 963//528 957//528
f 967//529 962//529 968//529
f 968//530 960//530 966//530
f 964//531 971//531 965//531
f 965//532 969//532 963//532
f 973//533 968//533 974//533
f 974//534 966//534 972//534
f 970//535 977//535 971//535
f 971//536 975//536 969//536
f 979//537 974//537 980//537
f 980//538 972//538 978//538
f 976//539 983//539 977//539
f 977//540 981//540 975//540
f 985//541 980//541 986//541
f 986//542 978//542 984//542
f 982//543 989//543 983//543
f 983//544 987//544 981//544
f 991//545 986//545 992//545
f 992//589 984//589 990//589
f 988//547 851//547 989//547
f 989//548 849//548 987//548
f 853//549 992//549 854//549
f 854//550 990//550 852//550
f 891//97 939//97 987//97
f 850//551 859//551 856//551
f 988//552 853//552 850//552
f 960//95 912//95 864//95
f 856//553 865//553 862//553
f 862//554 871//554 868//554
f 868//555 877//555 874//555
f 874//556 883//556 880//556
f 880//557 889//557 886//557
f 886//558 895//558 892//558
f 892//559 901//559 898//559
f 898//560 907//560 904//560
f 904//561 913//561 910//561
f 910//562 919//562 916//562
f 916//563 925//563 922//563
f 922//564 931//564 928//564
f 928//565 937//565 934//565
f 934//566 943//566 940//566
f 940//567 949//567 946//567
f 946//568 955//568 952//568
f 952//569 961//569 958//569
f 958//570 967//570 964//570
f 964//571 973//571 970//571
f 970//572 979//572 976//572
f 976//573 985//573 982//573
f 982//574 991//574 988//574
f 514//1059 520//1059 521//1059
f 515//1060 521//1060 519//1060
f 523//1061 517//1061 518//1061
f 524//1062 518//1062 516//1062
f 520//1063 526//1063 527//1063
f 521//1064 527//1064 525//1064
f 529//1065 523//1065 524//1065
f 530//1066 524//1066 522//1066
f 526//1067 532//1067 533//1067
f 527//1068 533//1068 531//1068
f 535//1069 529//1069 530//1069
f 536//1070 530//1070 528//1070
f 532//1071 538//1071 539//1071
f 533//1072 539//1072 537//1072
f 541//1073 535//1073 536//1073
f 542//1074 536//1074 534//1074
f 538//1075 544//1075 545//1075
f 539//1076 545//1076 543//1076
f 547//1077 541//1077 542//1077
f 548//1078 542//1078 540//1078
f 544//1079 550//1079 551//1079
f 545//1080 551//1080 549//1080
f 553//1081 547//1081 548//1081
f 554//1082 548//1082 546//1082
f 550//1083 556//1083 557//1083
f 551//1084 557//1084 555//1084
f 559//1085 553//1085 554//1085
f 560//1086 554//1086 552//1086
f 556//1087 562//1087 563//1087
f 557//1088 563//1088 561//1088
f 565//1089 559//1089 560//1089
f 566//1090 560//1090 558//1090
f 562//1091 568//1091 569//1091
f 563//1092 569//1092 567//1092
f 571//1093 565//1093 566//1093
f 572//1094 566//1094 564//1094
f 568//1095 574//1095 575//1095
f 569//1096 575//1096 573//1096
f 577//1097 571//1097 572//1097
f 578//1098 572//1098 570//1098
f 574//1099 580//1099 581//1099
f 575//1100 581//1100 579//1100
f 583//1101 577//1101 578//1101
f 584//1102 578//1102 576//1102
f 580//1103 586//1103 587//1103
f 581//1104 587//1104 585//1104
f 589//1105 583//1105 584//1105
f 590//1106 584//1106 582//1106
f 586//1107 592//1107 593//1107
f 587//1108 593//1108 591//1108
f 595//1109 589//1109 590//1109
f 596//1110 590//1110 588//1110
f 592//1111 598//1111 599//1111
f 593//1112 599//1112 597//1112
f 601//1113 595//1113 596//1113
f 602//1114 596//1114 594//1114
f 598//1115 604//1115 605//1115
f 599//1116 605//1116 603//1116
f 607//1117 601//1117 602//1117
f 608//1118 602//1118 600//1118
f 604//1119 610//1119 611//1119
f 605//1120 611//1120 609//1120
f 613//1121 607//1121 608//1121
f 614//1122 608//1122 606//1122
f 610//1123 616//1123 617//1123
f 611//1124 617//1124 615//1124
f 619//1125 613//1125 614//1125
f 620//1126 614//1126 612//1126
f 616//1127 622//1127 623//1127
f 617//1128 623//1128 621//1128
f 625//1129 619//1129 620//1129
f 626//1130 620//1130 618//1130
f 622//1131 628//1131 629//1131
f 623//1132 629//1132 627//1132
f 631//1133 625//1133 626//1133
f 632//1134 626//1134 624//1134
f 628//1135 634//1135 635//1135
f 629//1136 635//1136 633//1136
f 637//1137 631//1137 632//1137
f 638//1138 632//1138 630//1138
f 634//1139 640//1139 641//1139
f 635//1140 641//1140 639//1140
f 643//1141 637//1141 638//1141
f 644//1142 638//1142 636//1142
f 640//1143 646//1143 647//1143
f 641//1144 647//1144 645//1144
f 649//1145 643//1145 644//1145
f 650//1146 644//1146 642//1146
f 646//1147 652//1147 653//1147
f 647//1148 653//1148 651//1148
f 655//1149 649//1149 650//1149
f 656//1150 650//1150 648//1150
f 652//1151 514//1151 515//1151
f 653//1152 515//1152 513//1152
f 517//1153 655//1153 656//1153
f 518//1154 656//1154 654//1154
f 651//97 513//97 519//97
f 519//97 525//97 531//97
f 531//97 537//97 543//97
f 543//97 549//97 555//97
f 555//97 561//97 567//97
f 567//97 573//97 579//97
f 579//97 585//97 591//97
f 591//97 597//97 603//97
f 603//97 609//97 615//97
f 615//97 621//97 627//97
f 627//97 633//97 639//97
f 639//97 645//97 651//97
f 651//97 519//97 531//97
f 531//97 543//97 555//97
f 555//97 567//97 579//97
f 579//97 591//97 603//97
f 603//97 615//97 627//97
f 627//97 639//97 651//97
f 651//97 531//97 555//97
f 555//97 579//97 603//97
f 603//97 627//97 651//97
f 514//551 517//551 523//551
f 652//552 655//552 517//552
f 528//95 522//95 516//95
f 516//95 654//95 648//95
f 648//95 642//95 636//95
f 636//95 630//95 624//95
f 624//95 618//95 612//95
f 612//95 606//95 600//95
f 600//95 594//95 588//95
f 588//95 582//95 576//95
f 576//95 570//95 564//95
f 564//95 558//95 552//95
f 552//95 546//95 540//95
f 540//95 534//95 528//95
f 528//95 516//95 648//95
f 648//95 636//95 624//95
f 624//95 612//95 600//95
f 600//95 588//95 576//95
f 576//95 564//95 552//95
f 552//95 540//95 528//95
f 528//95 648//95 624//95
f 624//95 600//95 576//95
f 576//95 552//95 528//95
f 520//553 523//553 529//553
f 526//554 529//554 535//554
f 532//555 535//555 541//555
f 538//556 541//556 547//556
f 544//557 547//557 553//557
f 550//558 553//558 559//558
f 556//559 559//559 565//559
f 562//560 565//560 571//560
f 568//561 571//561 577//561
f 574//562 577//562 583//562
f 580//563 583//563 589//563
f 586//564 589//564 595//564
f 592//565 595//565 601//565
f 598//566 601//566 607//566
f 604//567 607//567 613//567
f 610//568 613//568 619//568
f 616//569 619//569 625//569
f 622//570 625//570 631//570
f 628//571 631//571 637//571
f 634//572 637//572 643//572
f 640//573 643//573 649//573
f 646//574 649//574 655//574
f 850//1059 856//1059 857//1059
f 851//1060 857//1060 855//1060
f 859//1061 853//1061 854//1061
f 860//1062 854//1062 852//1062
f 856//1063 862//1063 863//1063
f 857//1064 863//1064 861//1064
f 865//1168 859//1168 860//1168
f 866//1066 860//1066 858//1066
f 862//1067 868//1067 869//1067
f 863//1068 869//1068 867//1068
f 871//1069 865//1069 866//1069
f 872//1070 866//1070 864//1070
f 868//1071 874//1071 875//1071
f 869//1072 875//1072 873//1072
f 877//1073 871//1073 872//1073
f 878//1074 872//1074 870//1074
f 874//1169 880//1169 881//1169
f 875//1076 881//1076 879//1076
f 883//1077 877//1077 878//1077
f 884//1078 878//1078 876//1078
f 880//1079 886//1079 887//1079
f 881//1080 887//1080 885//1080
f 889//1081 883//1081 884//1081
f 890//1082 884//1082 882//1082
f 886//1083 892//1083 893//1083
f 887//1084 893//1084 891//1084
f 895//1170 889//1170 890//1170
f 896//1086 890//1086 888//1086
f 892//1171 898//1171 899//1171
f 893//1088 899//1088 897//1088
f 901//1172 895//1172 896//1172
f 902//1090 896//1090 894//1090
f 898//1091 904//1091 905//1091
f 899//1092 905//1092 903//1092
f 907//1093 901//1093 902//1093
f 908//1094 902//1094 900//1094
f 904//1095 910//1095 911//1095
f 905//1096 911//1096 909//1096
f 913//1097 907//1097 908//1097
f 914//1098 908//1098 906//1098
f 910//1099 916//1099 917//1099
f 911//1100 917//1100 915//1100
f 919//1101 913//1101 914//1101
f 920//1102 914//1102 912//1102
f 916//1103 922//1103 923//1103
f 917//1104 923//1104 921//1104
f 925//1105 919//1105 920//1105
f 926//1173 920//1173 918//1173
f 922//1107 928//1107 929//1107
f 923//1108 929//1108 927//1108
f 931//1109 925//1109 926//1109
f 932//1110 926//1110 924//1110
f 928//1111 934//1111 935//1111
f 929//1112 935//1112 933//1112
f 937//1174 931//1174 932//1174
f 938//1114 932//1114 930//1114
f 934//1115 940//1115 941//1115
f 935//1116 941//1116 939//1116
f 943//1117 937//1117 938//1117
f 944//1118 938//1118 936//1118
f 940//1119 946//1119 947//1119
f 941//1120 947//1120 945//1120
f 949//1175 943//1175 944//1175
f 950//1122 944//1122 942//1122
f 946//1176 952//1176 953//1176
f 947//1124 953//1124 951//1124
f 955//1125 949//1125 950//1125
f 956//1126 950//1126 948//1126
f 952//1127 958//1127 959//1127
f 953//1128 959//1128 957//1128
f 961//1129 955//1129 956//1129
f 962//1130 956//1130 954//1130
f 958//1131 964//1131 965//1131
f 959//1132 965//1132 963//1132
f 967//1177 961//1177 962//1177
f 968//1134 962//1134 960//1134
f 964//1178 970//1178 971//1178
f 965//1136 971//1136 969//1136
f 973//1179 967//1179 968//1179
f 974//1138 968//1138 966//1138
f 970//1139 976//1139 977//1139
f 971//1140 977//1140 975//1140
f 979//1141 973//1141 974//1141
f 980//1142 974//1142 972//1142
f 976//1143 982//1143 983//1143
f 977//1144 983//1144 981//1144
f 985//1145 979//1145 980//1145
f 986//1146 980//1146 978//1146
f 982//1147 988//1147 989//1147
f 983//1148 989//1148 987//1148
f 991//1149 985//1149 986//1149
f 992//1150 986//1150 984//1150
f 988//1151 850//1151 851//1151
f 989//1152 851//1152 849//1152
f 853//1153 991//1153 992//1153
f 854//1180 992//1180 990//1180
f 987//97 849//97 855//97
f 855//97 861//97 867//97
f 867//97 873//97 879//97
f 879//97 885//97 891//97
f 891//97 897//97 903//97
f 903//97 909//97 915//97
f 915//97 921//97 927//97
f 927//97 933//97 939//97
f 939//97 945//97 951//97
f 951//97 957//97 963//97
f 963//97 969//97 975//97
f 975//97 981//97 987//97
f 987//97 855//97 867//97
f 867//97 879//97 891//97
f 891//97 903//97 915//97
f 915//97 927//97 939//97
f 939//97 951//97 963//97
f 963//97 975//97 987//97
f 987//97 867//97 891//97
f 891//97 915//97 939//97
f 939//97 963//97 987//97
f 850//551 853//551 859//551
f 988//552 991//552 853//552
f 864//95 858//95 852//95
f 852//95 990//95 984//95
f 984//95 978//95 972//95
f 972//95 966//95 960//95
f 960//95 954//95 948//95
f 948//95 942//95 936//95
f 936//95 930//95 924//95
f 924//95 918//95 912//95
f 912//95 906//95 900//95
f 900//95 894//95 888//95
f 888//95 882//95 876//95
f 876//95 870//95 864//95
f 864//95 852//95 984//95
f 984//95 972//95 960//95
f 960//95 948//95 936//95
f 936//95 924//95 912//95
f 912//95 900//95 888//95
f 888//95 876//95 864//95
f 864//95 984//95 960//95
f 960//95 936//95 912//95
f 912//95 888//95 864//95
f 856//553 859//553 865//553
f 862//554 865//554 871//554
f 868//555 871//555 877//555
f 874//556 877//556 883//556
f 880//557 883//557 889//557
f 886//558 889//558 895//558
f 892//559 895//559 901//559
f 898//560 901//560 907//560
f 904//561 907//561 913//561
f 910//562 913//562 919//562
f 916//563 919//563 925//563
f 922//564 925//564 931//564
f 928//565 931//565 937//565
f 934//566 937//566 943//566
f 940//567 943//567 949//567
f 946//568 949//568 955//568
f 952//569 955//569 961//569
f 958//570 961//570 967//570
f 964//571 967//571 973//571
f 970//572 973//572 979//572
f 976//573 979//573 985//573
f 982//574 985//574 991//574
