# Blender 5.2.1 LTS
# www.blender.org
mtllib modular_leg_motor.mtl
o modular_leg_motor
v -0.034000 0.000000 -0.034196
v -0.033200 0.000000 -0.035000
v -0.033766 0.000000 -0.034765
v 0.034000 0.000000 -0.034196
v 0.033200 0.000000 -0.035000
v 0.033766 0.000000 -0.034765
v -0.034000 -0.006671 -0.033539
v -0.033200 -0.006828 -0.034327
v -0.033766 -0.006782 -0.034097
v 0.034000 -0.006671 -0.033539
v 0.033200 -0.006828 -0.034327
v 0.033766 -0.006782 -0.034097
v -0.034000 -0.013086 -0.031593
v -0.033200 -0.013394 -0.032336
v -0.033766 -0.013304 -0.032118
v 0.034000 -0.013086 -0.031593
v 0.033200 -0.013394 -0.032336
v 0.033766 -0.013304 -0.032118
v -0.034000 -0.018998 -0.028433
v -0.033200 -0.019445 -0.029101
v -0.033766 -0.019314 -0.028906
v 0.034000 -0.018998 -0.028433
v 0.033200 -0.019445 -0.029101
v 0.033766 -0.019314 -0.028906
v -0.034000 -0.024180 -0.024180
v -0.033200 -0.024749 -0.024749
v -0.033766 -0.024582 -0.024582
v 0.034000 -0.024180 -0.024180
v 0.033200 -0.024749 -0.024749
v 0.033766 -0.024582 -0.024582
v -0.034000 -0.028433 -0.018998
v -0.033200 -0.029101 -0.019445
v -0.033766 -0.028906 -0.019314
v 0.034000 -0.028433 -0.018998
v 0.033200 -0.029101 -0.019445
v 0.033766 -0.028906 -0.019314
v -0.034000 -0.031593 -0.013086
v -0.033200 -0.032336 -0.013394
v -0.033766 -0.032118 -0.013304
v 0.034000 -0.031593 -0.013086
v 0.033200 -0.032336 -0.013394
v 0.033766 -0.032118 -0.013304
v -0.034000 -0.033539 -0.006671
v -0.033200 -0.034327 -0.006828
v -0.033766 -0.034097 -0.006782
v 0.034000 -0.033539 -0.006671
v 0.033200 -0.034327 -0.006828
v 0.033766 -0.034097 -0.006782
v -0.034000 -0.034196 0.000000
v -0.033200 -0.035000 0.000000
v -0.033766 -0.034765 0.000000
v 0.034000 -0.034196 0.000000
v 0.033200 -0.035000 0.000000
v 0.033766 -0.034765 0.000000
v -0.034000 -0.033539 0.006671
v -0.033200 -0.034327 0.006828
v -0.033766 -0.034097 0.006782
v 0.034000 -0.033539 0.006671
v 0.033200 -0.034327 0.006828
v 0.033766 -0.034097 0.006782
v -0.034000 -0.031593 0.013086
v -0.033200 -0.032336 0.013394
v -0.033766 -0.032118 0.013304
v 0.034000 -0.031593 0.013086
v 0.033200 -0.032336 0.013394
v 0.033766 -0.032118 0.013304
v -0.034000 -0.028433 0.018998
v -0.033200 -0.029101 0.019445
v -0.033766 -0.028906 0.019314
v 0.034000 -0.028433 0.018998
v 0.033200 -0.029101 0.019445
v 0.033766 -0.028906 0.019314
v -0.034000 -0.024180 0.024180
v -0.033200 -0.024749 0.024749
v -0.033766 -0.024582 0.024582
v 0.034000 -0.024180 0.024180
v 0.033200 -0.024749 0.024749
v 0.033766 -0.024582 0.024582
v -0.034000 -0.018998 0.028433
v -0.033200 -0.019445 0.029101
v -0.033766 -0.019314 0.028906
v 0.034000 -0.018998 0.028433
v 0.033200 -0.019445 0.029101
v 0.033766 -0.019314 0.028906
v -0.034000 -0.013086 0.031593
v -0.033200 -0.013394 0.032336
v -0.033766 -0.013304 0.032118
v 0.034000 -0.013086 0.031593
v 0.033200 -0.013394 0.032336
v 0.033766 -0.013304 0.032118
v -0.034000 -0.006671 0.033539
v -0.033200 -0.006828 0.034327
v -0.033766 -0.006782 0.034097
v 0.034000 -0.006671 0.033539
v 0.033200 -0.006828 0.034327
v 0.033766 -0.006782 0.034097
v -0.034000 0.000000 0.034196
v -0.033200 0.000000 0.035000
v -0.033766 0.000000 0.034765
v 0.034000 0.000000 0.034196
v 0.033200 0.000000 0.035000
v 0.033766 0.000000 0.034765
v -0.034000 0.006671 0.033539
v -0.033200 0.006828 0.034327
v -0.033766 0.006782 0.034097
v 0.034000 0.006671 0.033539
v 0.033200 0.006828 0.034327
v 0.033766 0.006782 0.034097
v -0.034000 0.013086 0.031593
v -0.033200 0.013394 0.032336
v -0.033766 0.013304 0.032118
v 0.034000 0.013086 0.031593
v 0.033200 0.013394 0.032336
v 0.033766 0.013304 0.032118
v -0.034000 0.018998 0.028433
v -0.033200 0.019445 0.029101
v -0.033766 0.019314 0.028906
v 0.034000 0.018998 0.028433
v 0.033200 0.019445 0.029101
v 0.033766 0.019314 0.028906
v -0.034000 0.024180 0.024180
v -0.033200 0.024749 0.024749
v -0.033766 0.024582 0.024582
v 0.034000 0.024180 0.024180
v 0.033200 0.024749 0.024749
v 0.033766 0.024582 0.024582
v -0.034000 0.028433 0.018998
v -0.033200 0.029101 0.019445
v -0.033766 0.028906 0.019314
v 0.034000 0.028433 0.018998
v 0.033200 0.029101 0.019445
v 0.033766 0.028906 0.019314
v -0.034000 0.031593 0.013086
v -0.033200 0.032336 0.013394
v -0.033766 0.032118 0.013304
v 0.034000 0.031593 0.013086
v 0.033200 0.032336 0.013394
v 0.033766 0.032118 0.013304
v -0.034000 0.033539 0.006671
v -0.033200 0.034327 0.006828
v -0.033766 0.034097 0.006782
v 0.034000 0.033539 0.006671
v 0.033200 0.034327 0.006828
v 0.033766 0.034097 0.006782
v -0.034000 0.034196 0.000000
v -0.033200 0.035000 0.000000
v -0.033766 0.034765 0.000000
v 0.034000 0.034196 0.000000
v 0.033200 0.035000 0.000000
v 0.033766 0.034765 0.000000
v -0.034000 0.033539 -0.006671
v -0.033200 0.034327 -0.006828
v -0.033766 0.034097 -0.006782
v 0.034000 0.033539 -0.006671
v 0.033200 0.034327 -0.006828
v 0.033766 0.034097 -0.006782
v -0.034000 0.031593 -0.013086
v -0.033200 0.032336 -0.013394
v -0.033766 0.032118 -0.013304
v 0.034000 0.031593 -0.013086
v 0.033200 0.032336 -0.013394
v 0.033766 0.032118 -0.013304
v -0.034000 0.028433 -0.018998
v -0.033200 0.029101 -0.019445
v -0.033766 0.028906 -0.019314
v 0.034000 0.028433 -0.018998
v 0.033200 0.029101 -0.019445
v 0.033766 0.028906 -0.019314
v -0.034000 0.024180 -0.024180
v -0.033200 0.024749 -0.024749
v -0.033766 0.024582 -0.024582
v 0.034000 0.024180 -0.024180
v 0.033200 0.024749 -0.024749
v 0.033766 0.024582 -0.024582
v -0.034000 0.018998 -0.028433
v -0.033200 0.019445 -0.029101
v -0.033766 0.019314 -0.028906
v 0.034000 0.018998 -0.028433
v 0.033200 0.019445 -0.029101
v 0.033766 0.019314 -0.028906
v -0.034000 0.013086 -0.031593
v -0.033200 0.013394 -0.032336
v -0.033766 0.013304 -0.032118
v 0.034000 0.013086 -0.031593
v 0.033200 0.013394 -0.032336
v 0.033766 0.013304 -0.032118
v -0.034000 0.006671 -0.033539
v -0.033200 0.006828 -0.034327
v -0.033766 0.006782 -0.034097
v 0.034000 0.006671 -0.033539
v 0.033200 0.006828 -0.034327
v 0.033766 0.006782 -0.034097
v -0.024900 -0.006750 -0.018000
v -0.024900 -0.002750 -0.014000
v -0.028900 -0.002750 -0.018000
v -0.024900 -0.006216 -0.016003
v -0.026897 -0.006216 -0.018000
v -0.026813 -0.005697 -0.016087
v -0.026897 -0.002750 -0.014534
v -0.024900 -0.004747 -0.014534
v -0.026813 -0.004663 -0.015053
v -0.028366 -0.004747 -0.018000
v -0.028366 -0.002750 -0.016003
v -0.027847 -0.004663 -0.016087
v -0.024900 0.020750 -0.014000
v -0.024900 0.024750 -0.018000
v -0.028900 0.020750 -0.018000
v -0.024900 0.022747 -0.014534
v -0.026897 0.020750 -0.014534
v -0.026813 0.022663 -0.015053
v -0.026897 0.024216 -0.018000
v -0.024900 0.024216 -0.016003
v -0.026813 0.023697 -0.016087
v -0.028366 0.020750 -0.016003
v -0.028366 0.022747 -0.018000
v -0.027847 0.022663 -0.016087
v -0.024900 -0.006750 -0.034500
v -0.028900 -0.002750 -0.034500
v -0.024900 -0.002750 -0.038500
v -0.026897 -0.006216 -0.034500
v -0.024900 -0.006216 -0.036497
v -0.026813 -0.005697 -0.036413
v -0.028366 -0.002750 -0.036497
v -0.028366 -0.004747 -0.034500
v -0.027847 -0.004663 -0.036413
v -0.024900 -0.004747 -0.037966
v -0.026897 -0.002750 -0.037966
v -0.026813 -0.004663 -0.037447
v -0.024900 0.024750 -0.034500
v -0.024900 0.020750 -0.038500
v -0.028900 0.020750 -0.034500
v -0.024900 0.024216 -0.036497
v -0.026897 0.024216 -0.034500
v -0.026813 0.023697 -0.036413
v -0.026897 0.020750 -0.037966
v -0.024900 0.022747 -0.037966
v -0.026813 0.022663 -0.037447
v -0.028366 0.022747 -0.034500
v -0.028366 0.020750 -0.036497
v -0.027847 0.022663 -0.036413
v 0.024900 -0.006750 -0.018000
v 0.028900 -0.002750 -0.018000
v 0.024900 -0.002750 -0.014000
v 0.026897 -0.006216 -0.018000
v 0.024900 -0.006216 -0.016003
v 0.026813 -0.005697 -0.016087
v 0.028366 -0.002750 -0.016003
v 0.028366 -0.004747 -0.018000
v 0.027847 -0.004663 -0.016087
v 0.024900 -0.004747 -0.014534
v 0.026897 -0.002750 -0.014534
v 0.026813 -0.004663 -0.015053
v 0.024900 0.024750 -0.018000
v 0.024900 0.020750 -0.014000
v 0.028900 0.020750 -0.018000
v 0.024900 0.024216 -0.016003
v 0.026897 0.024216 -0.018000
v 0.026813 0.023697 -0.016087
v 0.026897 0.020750 -0.014534
v 0.024900 0.022747 -0.014534
v 0.026813 0.022663 -0.015053
v 0.028366 0.022747 -0.018000
v 0.028366 0.020750 -0.016003
v 0.027847 0.022663 -0.016087
v 0.024900 -0.006750 -0.034500
v 0.024900 -0.002750 -0.038500
v 0.028900 -0.002750 -0.034500
v 0.024900 -0.006216 -0.036497
v 0.026897 -0.006216 -0.034500
v 0.026813 -0.005697 -0.036413
v 0.026897 -0.002750 -0.037966
v 0.024900 -0.004747 -0.037966
v 0.026813 -0.004663 -0.037447
v 0.028366 -0.004747 -0.034500
v 0.028366 -0.002750 -0.036497
v 0.027847 -0.004663 -0.036413
v 0.024900 0.024750 -0.034500
v 0.028900 0.020750 -0.034500
v 0.024900 0.020750 -0.038500
v 0.026897 0.024216 -0.034500
v 0.024900 0.024216 -0.036497
v 0.026813 0.023697 -0.036413
v 0.028366 0.020750 -0.036497
v 0.028366 0.022747 -0.034500
v 0.027847 0.022663 -0.036413
v 0.024900 0.022747 -0.037966
v 0.026897 0.020750 -0.037966
v 0.026813 0.022663 -0.037447
v -0.036500 0.000000 -0.029296
v -0.035700 0.000000 -0.030100
v -0.036266 0.000000 -0.029865
v -0.031500 0.000000 -0.029296
v -0.032300 0.000000 -0.030100
v -0.031734 0.000000 -0.029865
v -0.036500 -0.005715 -0.028733
v -0.035700 -0.005872 -0.029522
v -0.036266 -0.005826 -0.029291
v -0.031500 -0.005715 -0.028733
v -0.032300 -0.005872 -0.029522
v -0.031734 -0.005826 -0.029291
v -0.036500 -0.011211 -0.027066
v -0.035700 -0.011519 -0.027809
v -0.036266 -0.011429 -0.027591
v -0.031500 -0.011211 -0.027066
v -0.032300 -0.011519 -0.027809
v -0.031734 -0.011429 -0.027591
v -0.036500 -0.016276 -0.024359
v -0.035700 -0.016723 -0.025027
v -0.036266 -0.016592 -0.024831
v -0.031500 -0.016276 -0.024359
v -0.032300 -0.016723 -0.025027
v -0.031734 -0.016592 -0.024831
v -0.036500 -0.020715 -0.020715
v -0.035700 -0.021284 -0.021284
v -0.036266 -0.021117 -0.021117
v -0.031500 -0.020715 -0.020715
v -0.032300 -0.021284 -0.021284
v -0.031734 -0.021117 -0.021117
v -0.036500 -0.024359 -0.016276
v -0.035700 -0.025027 -0.016723
v -0.036266 -0.024831 -0.016592
v -0.031500 -0.024359 -0.016276
v -0.032300 -0.025027 -0.016723
v -0.031734 -0.024831 -0.016592
v -0.036500 -0.027066 -0.011211
v -0.035700 -0.027809 -0.011519
v -0.036266 -0.027591 -0.011429
v -0.031500 -0.027066 -0.011211
v -0.032300 -0.027809 -0.011519
v -0.031734 -0.027591 -0.011429
v -0.036500 -0.028733 -0.005715
v -0.035700 -0.029522 -0.005872
v -0.036266 -0.029291 -0.005826
v -0.031500 -0.028733 -0.005715
v -0.032300 -0.029522 -0.005872
v -0.031734 -0.029291 -0.005826
v -0.036500 -0.029296 0.000000
v -0.035700 -0.030100 0.000000
v -0.036266 -0.029865 0.000000
v -0.031500 -0.029296 0.000000
v -0.032300 -0.030100 0.000000
v -0.031734 -0.029865 0.000000
v -0.036500 -0.028733 0.005715
v -0.035700 -0.029522 0.005872
v -0.036266 -0.029291 0.005826
v -0.031500 -0.028733 0.005715
v -0.032300 -0.029522 0.005872
v -0.031734 -0.029291 0.005826
v -0.036500 -0.027066 0.011211
v -0.035700 -0.027809 0.011519
v -0.036266 -0.027591 0.011429
v -0.031500 -0.027066 0.011211
v -0.032300 -0.027809 0.011519
v -0.031734 -0.027591 0.011429
v -0.036500 -0.024359 0.016276
v -0.035700 -0.025027 0.016723
v -0.036266 -0.024831 0.016592
v -0.031500 -0.024359 0.016276
v -0.032300 -0.025027 0.016723
v -0.031734 -0.024831 0.016592
v -0.036500 -0.020715 0.020715
v -0.035700 -0.021284 0.021284
v -0.036266 -0.021117 0.021117
v -0.031500 -0.020715 0.020715
v -0.032300 -0.021284 0.021284
v -0.031734 -0.021117 0.021117
v -0.036500 -0.016276 0.024359
v -0.035700 -0.016723 0.025027
v -0.036266 -0.016592 0.024831
v -0.031500 -0.016276 0.024359
v -0.032300 -0.016723 0.025027
v -0.031734 -0.016592 0.024831
v -0.036500 -0.011211 0.027066
v -0.035700 -0.011519 0.027809
v -0.036266 -0.011429 0.027591
v -0.031500 -0.011211 0.027066
v -0.032300 -0.011519 0.027809
v -0.031734 -0.011429 0.027591
v -0.036500 -0.005715 0.028733
v -0.035700 -0.005872 0.029522
v -0.036266 -0.005826 0.029291
v -0.031500 -0.005715 0.028733
v -0.032300 -0.005872 0.029522
v -0.031734 -0.005826 0.029291
v -0.036500 0.000000 0.029296
v -0.035700 0.000000 0.030100
v -0.036266 0.000000 0.029865
v -0.031500 0.000000 0.029296
v -0.032300 0.000000 0.030100
v -0.031734 0.000000 0.029865
v -0.036500 0.005715 0.028733
v -0.035700 0.005872 0.029522
v -0.036266 0.005826 0.029291
v -0.031500 0.005715 0.028733
v -0.032300 0.005872 0.029522
v -0.031734 0.005826 0.029291
v -0.036500 0.011211 0.027066
v -0.035700 0.011519 0.027809
v -0.036266 0.011429 0.027591
v -0.031500 0.011211 0.027066
v -0.032300 0.011519 0.027809
v -0.031734 0.011429 0.027591
v -0.036500 0.016276 0.024359
v -0.035700 0.016723 0.025027
v -0.036266 0.016592 0.024831
v -0.031500 0.016276 0.024359
v -0.032300 0.016723 0.025027
v -0.031734 0.016592 0.024831
v -0.036500 0.020715 0.020715
v -0.035700 0.021284 0.021284
v -0.036266 0.021117 0.021117
v -0.031500 0.020715 0.020715
v -0.032300 0.021284 0.021284
v -0.031734 0.021117 0.021117
v -0.036500 0.024359 0.016276
v -0.035700 0.025027 0.016723
v -0.036266 0.024831 0.016592
v -0.031500 0.024359 0.016276
v -0.032300 0.025027 0.016723
v -0.031734 0.024831 0.016592
v -0.036500 0.027066 0.011211
v -0.035700 0.027809 0.011519
v -0.036266 0.027591 0.011429
v -0.031500 0.027066 0.011211
v -0.032300 0.027809 0.011519
v -0.031734 0.027591 0.011429
v -0.036500 0.028733 0.005715
v -0.035700 0.029522 0.005872
v -0.036266 0.029291 0.005826
v -0.031500 0.028733 0.005715
v -0.032300 0.029522 0.005872
v -0.031734 0.029291 0.005826
v -0.036500 0.029296 0.000000
v -0.035700 0.030100 0.000000
v -0.036266 0.029865 0.000000
v -0.031500 0.029296 0.000000
v -0.032300 0.030100 0.000000
v -0.031734 0.029865 0.000000
v -0.036500 0.028733 -0.005715
v -0.035700 0.029522 -0.005872
v -0.036266 0.029291 -0.005826
v -0.031500 0.028733 -0.005715
v -0.032300 0.029522 -0.005872
v -0.031734 0.029291 -0.005826
v -0.036500 0.027066 -0.011211
v -0.035700 0.027809 -0.011519
v -0.036266 0.027591 -0.011429
v -0.031500 0.027066 -0.011211
v -0.032300 0.027809 -0.011519
v -0.031734 0.027591 -0.011429
v -0.036500 0.024359 -0.016276
v -0.035700 0.025027 -0.016723
v -0.036266 0.024831 -0.016592
v -0.031500 0.024359 -0.016276
v -0.032300 0.025027 -0.016723
v -0.031734 0.024831 -0.016592
v -0.036500 0.020715 -0.020715
v -0.035700 0.021284 -0.021284
v -0.036266 0.021117 -0.021117
v -0.031500 0.020715 -0.020715
v -0.032300 0.021284 -0.021284
v -0.031734 0.021117 -0.021117
v -0.036500 0.016276 -0.024359
v -0.035700 0.016723 -0.025027
v -0.036266 0.016592 -0.024831
v -0.031500 0.016276 -0.024359
v -0.032300 0.016723 -0.025027
v -0.031734 0.016592 -0.024831
v -0.036500 0.011211 -0.027066
v -0.035700 0.011519 -0.027809
v -0.036266 0.011429 -0.027591
v -0.031500 0.011211 -0.027066
v -0.032300 0.011519 -0.027809
v -0.031734 0.011429 -0.027591
v -0.036500 0.005715 -0.028733
v -0.035700 0.005872 -0.029522
v -0.036266 0.005826 -0.029291
v -0.031500 0.005715 -0.028733
v -0.032300 0.005872 -0.029522
v -0.031734 0.005826 -0.029291
v -0.039900 0.000000 -0.013890
v -0.039100 0.000000 -0.014700
v -0.039666 0.000000 -0.014463
v -0.034900 0.000000 -0.013890
v -0.035700 0.000000 -0.014700
v -0.035134 0.000000 -0.014463
v -0.039900 -0.004292 -0.013210
v -0.039100 -0.004543 -0.013981
v -0.039666 -0.004469 -0.013755
v -0.034900 -0.004292 -0.013210
v -0.035700 -0.004543 -0.013981
v -0.035134 -0.004469 -0.013755
v -0.039900 -0.008164 -0.011237
v -0.039100 -0.008640 -0.011893
v -0.039666 -0.008501 -0.011701
v -0.034900 -0.008164 -0.011237
v -0.035700 -0.008640 -0.011893
v -0.035134 -0.008501 -0.011701
v -0.039900 -0.011237 -0.008164
v -0.039100 -0.011893 -0.008640
v -0.039666 -0.011701 -0.008501
v -0.034900 -0.011237 -0.008164
v -0.035700 -0.011893 -0.008640
v -0.035134 -0.011701 -0.008501
v -0.039900 -0.013210 -0.004292
v -0.039100 -0.013981 -0.004543
v -0.039666 -0.013755 -0.004469
v -0.034900 -0.013210 -0.004292
v -0.035700 -0.013981 -0.004543
v -0.035134 -0.013755 -0.004469
v -0.039900 -0.013890 0.000000
v -0.039100 -0.014700 0.000000
v -0.039666 -0.014463 0.000000
v -0.034900 -0.013890 0.000000
v -0.035700 -0.014700 0.000000
v -0.035134 -0.014463 0.000000
v -0.039900 -0.013210 0.004292
v -0.039100 -0.013981 0.004543
v -0.039666 -0.013755 0.004469
v -0.034900 -0.013210 0.004292
v -0.035700 -0.013981 0.004543
v -0.035134 -0.013755 0.004469
v -0.039900 -0.011237 0.008164
v -0.039100 -0.011893 0.008640
v -0.039666 -0.011701 0.008501
v -0.034900 -0.011237 0.008164
v -0.035700 -0.011893 0.008640
v -0.035134 -0.011701 0.008501
v -0.039900 -0.008164 0.011237
v -0.039100 -0.008640 0.011893
v -0.039666 -0.008501 0.011701
v -0.034900 -0.008164 0.011237
v -0.035700 -0.008640 0.011893
v -0.035134 -0.008501 0.011701
v -0.039900 -0.004292 0.013210
v -0.039100 -0.004543 0.013981
v -0.039666 -0.004469 0.013755
v -0.034900 -0.004292 0.013210
v -0.035700 -0.004543 0.013981
v -0.035134 -0.004469 0.013755
v -0.039900 0.000000 0.013890
v -0.039100 0.000000 0.014700
v -0.039666 0.000000 0.014463
v -0.034900 0.000000 0.013890
v -0.035700 0.000000 0.014700
v -0.035134 0.000000 0.014463
v -0.039900 0.004292 0.013210
v -0.039100 0.004543 0.013981
v -0.039666 0.004469 0.013755
v -0.034900 0.004292 0.013210
v -0.035700 0.004543 0.013981
v -0.035134 0.004469 0.013755
v -0.039900 0.008164 0.011237
v -0.039100 0.008640 0.011893
v -0.039666 0.008501 0.011701
v -0.034900 0.008164 0.011237
v -0.035700 0.008640 0.011893
v -0.035134 0.008501 0.011701
v -0.039900 0.011237 0.008164
v -0.039100 0.011893 0.008640
v -0.039666 0.011701 0.008501
v -0.034900 0.011237 0.008164
v -0.035700 0.011893 0.008640
v -0.035134 0.011701 0.008501
v -0.039900 0.013210 0.004292
v -0.039100 0.013981 0.004543
v -0.039666 0.013755 0.004469
v -0.034900 0.013210 0.004292
v -0.035700 0.013981 0.004543
v -0.035134 0.013755 0.004469
v -0.039900 0.013890 0.000000
v -0.039100 0.014700 0.000000
v -0.039666 0.014463 0.000000
v -0.034900 0.013890 0.000000
v -0.035700 0.014700 0.000000
v -0.035134 0.014463 0.000000
v -0.039900 0.013210 -0.004292
v -0.039100 0.013981 -0.004543
v -0.039666 0.013755 -0.004469
v -0.034900 0.013210 -0.004292
v -0.035700 0.013981 -0.004543
v -0.035134 0.013755 -0.004469
v -0.039900 0.011237 -0.008164
v -0.039100 0.011893 -0.008640
v -0.039666 0.011701 -0.008501
v -0.034900 0.011237 -0.008164
v -0.035700 0.011893 -0.008640
v -0.035134 0.011701 -0.008501
v -0.039900 0.008164 -0.011237
v -0.039100 0.008640 -0.011893
v -0.039666 0.008501 -0.011701
v -0.034900 0.008164 -0.011237
v -0.035700 0.008640 -0.011893
v -0.035134 0.008501 -0.011701
v -0.039900 0.004292 -0.013210
v -0.039100 0.004543 -0.013981
v -0.039666 0.004469 -0.013755
v -0.034900 0.004292 -0.013210
v -0.035700 0.004543 -0.013981
v -0.035134 0.004469 -0.013755
v -0.038060 0.000000 0.022524
v -0.037260 0.000693 0.022000
v -0.037260 -0.000693 0.022000
v -0.037826 0.000490 0.022179
v -0.037722 0.000000 0.021964
v -0.037260 0.000000 0.021809
v -0.037826 -0.000490 0.022179
v -0.036060 0.000000 0.022524
v -0.036860 -0.000693 0.022000
v -0.036860 0.000693 0.022000
v -0.036294 -0.000490 0.022179
v -0.036398 0.000000 0.021964
v -0.036860 0.000000 0.021809
v -0.036294 0.000490 0.022179
v -0.038060 -0.001105 0.023162
v -0.037260 -0.001212 0.022300
v -0.037260 -0.001905 0.023500
v -0.037826 -0.001159 0.022565
v -0.037722 -0.001590 0.022882
v -0.037260 -0.001725 0.022804
v -0.037826 -0.001649 0.023414
v -0.036060 -0.001105 0.023162
v -0.036860 -0.001905 0.023500
v -0.036860 -0.001212 0.022300
v -0.036294 -0.001649 0.023414
v -0.036398 -0.001590 0.022882
v -0.036860 -0.001725 0.022804
v -0.036294 -0.001159 0.022565
v -0.038060 -0.001105 0.024438
v -0.037260 -0.001905 0.024100
v -0.037260 -0.001212 0.025300
v -0.037826 -0.001649 0.024186
v -0.037722 -0.001590 0.024718
v -0.037260 -0.001725 0.024796
v -0.037826 -0.001159 0.025035
v -0.036060 -0.001105 0.024438
v -0.036860 -0.001212 0.025300
v -0.036860 -0.001905 0.024100
v -0.036294 -0.001159 0.025035
v -0.036398 -0.001590 0.024718
v -0.036860 -0.001725 0.024796
v -0.036294 -0.001649 0.024186
v -0.038060 0.000000 0.025076
v -0.037260 -0.000693 0.025600
v -0.037260 0.000693 0.025600
v -0.037826 -0.000490 0.025421
v -0.037722 0.000000 0.025636
v -0.037260 0.000000 0.025791
v -0.037826 0.000490 0.025421
v -0.036060 0.000000 0.025076
v -0.036860 0.000693 0.025600
v -0.036860 -0.000693 0.025600
v -0.036294 0.000490 0.025421
v -0.036398 0.000000 0.025636
v -0.036860 0.000000 0.025791
v -0.036294 -0.000490 0.025421
v -0.038060 0.001105 0.024438
v -0.037260 0.001212 0.025300
v -0.037260 0.001905 0.024100
v -0.037826 0.001159 0.025035
v -0.037722 0.001590 0.024718
v -0.037260 0.001725 0.024796
v -0.037826 0.001649 0.024186
v -0.036060 0.001105 0.024438
v -0.036860 0.001905 0.024100
v -0.036860 0.001212 0.025300
v -0.036294 0.001649 0.024186
v -0.036398 0.001590 0.024718
v -0.036860 0.001725 0.024796
v -0.036294 0.001159 0.025035
v -0.038060 0.001105 0.023162
v -0.037260 0.001905 0.023500
v -0.037260 0.001212 0.022300
v -0.037826 0.001649 0.023414
v -0.037722 0.001590 0.022882
v -0.037260 0.001725 0.022804
v -0.037826 0.001159 0.022565
v -0.036060 0.001105 0.023162
v -0.036860 0.001212 0.022300
v -0.036860 0.001905 0.023500
v -0.036294 0.001159 0.022565
v -0.036398 0.001590 0.022882
v -0.036860 0.001725 0.022804
v -0.036294 0.001649 0.023414
v -0.038060 0.023800 -0.001276
v -0.037260 0.024493 -0.001800
v -0.037260 0.023107 -0.001800
v -0.037826 0.024290 -0.001621
v -0.037722 0.023800 -0.001836
v -0.037260 0.023800 -0.001991
v -0.037826 0.023310 -0.001621
v -0.036060 0.023800 -0.001276
v -0.036860 0.023107 -0.001800
v -0.036860 0.024493 -0.001800
v -0.036294 0.023310 -0.001621
v -0.036398 0.023800 -0.001836
v -0.036860 0.023800 -0.001991
v -0.036294 0.024290 -0.001621
v -0.038060 0.022695 -0.000638
v -0.037260 0.022588 -0.001500
v -0.037260 0.021895 -0.000300
v -0.037826 0.022641 -0.001235
v -0.037722 0.022210 -0.000918
v -0.037260 0.022075 -0.000996
v -0.037826 0.022151 -0.000386
v -0.036060 0.022695 -0.000638
v -0.036860 0.021895 -0.000300
v -0.036860 0.022588 -0.001500
v -0.036294 0.022151 -0.000386
v -0.036398 0.022210 -0.000918
v -0.036860 0.022075 -0.000996
v -0.036294 0.022641 -0.001235
v -0.038060 0.022695 0.000638
v -0.037260 0.021895 0.000300
v -0.037260 0.022588 0.001500
v -0.037826 0.022151 0.000386
v -0.037722 0.022210 0.000918
v -0.037260 0.022075 0.000996
v -0.037826 0.022641 0.001235
v -0.036060 0.022695 0.000638
v -0.036860 0.022588 0.001500
v -0.036860 0.021895 0.000300
v -0.036294 0.022641 0.001235
v -0.036398 0.022210 0.000918
v -0.036860 0.022075 0.000996
v -0.036294 0.022151 0.000386
v -0.038060 0.023800 0.001276
v -0.037260 0.023107 0.001800
v -0.037260 0.024493 0.001800
v -0.037826 0.023310 0.001621
v -0.037722 0.023800 0.001836
v -0.037260 0.023800 0.001991
v -0.037826 0.024290 0.001621
v -0.036060 0.023800 0.001276
v -0.036860 0.024493 0.001800
v -0.036860 0.023107 0.001800
v -0.036294 0.024290 0.001621
v -0.036398 0.023800 0.001836
v -0.036860 0.023800 0.001991
v -0.036294 0.023310 0.001621
v -0.038060 0.024905 0.000638
v -0.037260 0.025012 0.001500
v -0.037260 0.025705 0.000300
v -0.037826 0.024959 0.001235
v -0.037722 0.025390 0.000918
v -0.037260 0.025525 0.000996
v -0.037826 0.025449 0.000386
v -0.036060 0.024905 0.000638
v -0.036860 0.025705 0.000300
v -0.036860 0.025012 0.001500
v -0.036294 0.025449 0.000386
v -0.036398 0.025390 0.000918
v -0.036860 0.025525 0.000996
v -0.036294 0.024959 0.001235
v -0.038060 0.024905 -0.000638
v -0.037260 0.025705 -0.000300
v -0.037260 0.025012 -0.001500
v -0.037826 0.025449 -0.000386
v -0.037722 0.025390 -0.000918
v -0.037260 0.025525 -0.000996
v -0.037826 0.024959 -0.001235
v -0.036060 0.024905 -0.000638
v -0.036860 0.025012 -0.001500
v -0.036860 0.025705 -0.000300
v -0.036294 0.024959 -0.001235
v -0.036398 0.025390 -0.000918
v -0.036860 0.025525 -0.000996
v -0.036294 0.025449 -0.000386
v -0.038060 0.000000 -0.025076
v -0.037260 0.000693 -0.025600
v -0.037260 -0.000693 -0.025600
v -0.037826 0.000490 -0.025421
v -0.037722 0.000000 -0.025636
v -0.037260 0.000000 -0.025791
v -0.037826 -0.000490 -0.025421
v -0.036060 0.000000 -0.025076
v -0.036860 -0.000693 -0.025600
v -0.036860 0.000693 -0.025600
v -0.036294 -0.000490 -0.025421
v -0.036398 0.000000 -0.025636
v -0.036860 0.000000 -0.025791
v -0.036294 0.000490 -0.025421
v -0.038060 -0.001105 -0.024438
v -0.037260 -0.001212 -0.025300
v -0.037260 -0.001905 -0.024100
v -0.037826 -0.001159 -0.025035
v -0.037722 -0.001590 -0.024718
v -0.037260 -0.001725 -0.024796
v -0.037826 -0.001649 -0.024186
v -0.036060 -0.001105 -0.024438
v -0.036860 -0.001905 -0.024100
v -0.036860 -0.001212 -0.025300
v -0.036294 -0.001649 -0.024186
v -0.036398 -0.001590 -0.024718
v -0.036860 -0.001725 -0.024796
v -0.036294 -0.001159 -0.025035
v -0.038060 -0.001105 -0.023162
v -0.037260 -0.001905 -0.023500
v -0.037260 -0.001212 -0.022300
v -0.037826 -0.001649 -0.023414
v -0.037722 -0.001590 -0.022882
v -0.037260 -0.001725 -0.022804
v -0.037826 -0.001159 -0.022565
v -0.036060 -0.001105 -0.023162
v -0.036860 -0.001212 -0.022300
v -0.036860 -0.001905 -0.023500
v -0.036294 -0.001159 -0.022565
v -0.036398 -0.001590 -0.022882
v -0.036860 -0.001725 -0.022804
v -0.036294 -0.001649 -0.023414
v -0.038060 0.000000 -0.022524
v -0.037260 -0.000693 -0.022000
v -0.037260 0.000693 -0.022000
v -0.037826 -0.000490 -0.022179
v -0.037722 0.000000 -0.021964
v -0.037260 0.000000 -0.021809
v -0.037826 0.000490 -0.022179
v -0.036060 0.000000 -0.022524
v -0.036860 0.000693 -0.022000
v -0.036860 -0.000693 -0.022000
v -0.036294 0.000490 -0.022179
v -0.036398 0.000000 -0.021964
v -0.036860 0.000000 -0.021809
v -0.036294 -0.000490 -0.022179
v -0.038060 0.001105 -0.023162
v -0.037260 0.001212 -0.022300
v -0.037260 0.001905 -0.023500
v -0.037826 0.001159 -0.022565
v -0.037722 0.001590 -0.022882
v -0.037260 0.001725 -0.022804
v -0.037826 0.001649 -0.023414
v -0.036060 0.001105 -0.023162
v -0.036860 0.001905 -0.023500
v -0.036860 0.001212 -0.022300
v -0.036294 0.001649 -0.023414
v -0.036398 0.001590 -0.022882
v -0.036860 0.001725 -0.022804
v -0.036294 0.001159 -0.022565
v -0.038060 0.001105 -0.024438
v -0.037260 0.001905 -0.024100
v -0.037260 0.001212 -0.025300
v -0.037826 0.001649 -0.024186
v -0.037722 0.001590 -0.024718
v -0.037260 0.001725 -0.024796
v -0.037826 0.001159 -0.025035
v -0.036060 0.001105 -0.024438
v -0.036860 0.001212 -0.025300
v -0.036860 0.001905 -0.024100
v -0.036294 0.001159 -0.025035
v -0.036398 0.001590 -0.024718
v -0.036860 0.001725 -0.024796
v -0.036294 0.001649 -0.024186
v -0.038060 -0.023800 -0.001276
v -0.037260 -0.023107 -0.001800
v -0.037260 -0.024493 -0.001800
v -0.037826 -0.023310 -0.001621
v -0.037722 -0.023800 -0.001836
v -0.037260 -0.023800 -0.001991
v -0.037826 -0.024290 -0.001621
v -0.036060 -0.023800 -0.001276
v -0.036860 -0.024493 -0.001800
v -0.036860 -0.023107 -0.001800
v -0.036294 -0.024290 -0.001621
v -0.036398 -0.023800 -0.001836
v -0.036860 -0.023800 -0.001991
v -0.036294 -0.023310 -0.001621
v -0.038060 -0.024905 -0.000638
v -0.037260 -0.025012 -0.001500
v -0.037260 -0.025705 -0.000300
v -0.037826 -0.024959 -0.001235
v -0.037722 -0.025390 -0.000918
v -0.037260 -0.025525 -0.000996
v -0.037826 -0.025449 -0.000386
v -0.036060 -0.024905 -0.000638
v -0.036860 -0.025705 -0.000300
v -0.036860 -0.025012 -0.001500
v -0.036294 -0.025449 -0.000386
v -0.036398 -0.025390 -0.000918
v -0.036860 -0.025525 -0.000996
v -0.036294 -0.024959 -0.001235
v -0.038060 -0.024905 0.000638
v -0.037260 -0.025705 0.000300
v -0.037260 -0.025012 0.001500
v -0.037826 -0.025449 0.000386
v -0.037722 -0.025390 0.000918
v -0.037260 -0.025525 0.000996
v -0.037826 -0.024959 0.001235
v -0.036060 -0.024905 0.000638
v -0.036860 -0.025012 0.001500
v -0.036860 -0.025705 0.000300
v -0.036294 -0.024959 0.001235
v -0.036398 -0.025390 0.000918
v -0.036860 -0.025525 0.000996
v -0.036294 -0.025449 0.000386
v -0.038060 -0.023800 0.001276
v -0.037260 -0.024493 0.001800
v -0.037260 -0.023107 0.001800
v -0.037826 -0.024290 0.001621
v -0.037722 -0.023800 0.001836
v -0.037260 -0.023800 0.001991
v -0.037826 -0.023310 0.001621
v -0.036060 -0.023800 0.001276
v -0.036860 -0.023107 0.001800
v -0.036860 -0.024493 0.001800
v -0.036294 -0.023310 0.001621
v -0.036398 -0.023800 0.001836
v -0.036860 -0.023800 0.001991
v -0.036294 -0.024290 0.001621
v -0.038060 -0.022695 0.000638
v -0.037260 -0.022588 0.001500
v -0.037260 -0.021895 0.000300
v -0.037826 -0.022641 0.001235
v -0.037722 -0.022210 0.000918
v -0.037260 -0.022075 0.000996
v -0.037826 -0.022151 0.000386
v -0.036060 -0.022695 0.000638
v -0.036860 -0.021895 0.000300
v -0.036860 -0.022588 0.001500
v -0.036294 -0.022151 0.000386
v -0.036398 -0.022210 0.000918
v -0.036860 -0.022075 0.000996
v -0.036294 -0.022641 0.001235
v -0.038060 -0.022695 -0.000638
v -0.037260 -0.021895 -0.000300
v -0.037260 -0.022588 -0.001500
v -0.037826 -0.022151 -0.000386
v -0.037722 -0.022210 -0.000918
v -0.037260 -0.022075 -0.000996
v -0.037826 -0.022641 -0.001235
v -0.036060 -0.022695 -0.000638
v -0.036860 -0.022588 -0.001500
v -0.036860 -0.021895 -0.000300
v -0.036294 -0.022641 -0.001235
v -0.036398 -0.022210 -0.000918
v -0.036860 -0.022075 -0.000996
v -0.036294 -0.022151 -0.000386
v 0.031500 0.000000 -0.029296
v 0.032300 0.000000 -0.030100
v 0.031734 0.000000 -0.029865
v 0.036500 0.000000 -0.029296
v 0.035700 0.000000 -0.030100
v 0.036266 0.000000 -0.029865
v 0.031500 -0.005715 -0.028733
v 0.032300 -0.005872 -0.029522
v 0.031734 -0.005826 -0.029291
v 0.036500 -0.005715 -0.028733
v 0.035700 -0.005872 -0.029522
v 0.036266 -0.005826 -0.029291
v 0.031500 -0.011211 -0.027066
v 0.032300 -0.011519 -0.027809
v 0.031734 -0.011429 -0.027591
v 0.036500 -0.011211 -0.027066
v 0.035700 -0.011519 -0.027809
v 0.036266 -0.011429 -0.027591
v 0.031500 -0.016276 -0.024359
v 0.032300 -0.016723 -0.025027
v 0.031734 -0.016592 -0.024831
v 0.036500 -0.016276 -0.024359
v 0.035700 -0.016723 -0.025027
v 0.036266 -0.016592 -0.024831
v 0.031500 -0.020715 -0.020715
v 0.032300 -0.021284 -0.021284
v 0.031734 -0.021117 -0.021117
v 0.036500 -0.020715 -0.020715
v 0.035700 -0.021284 -0.021284
v 0.036266 -0.021117 -0.021117
v 0.031500 -0.024359 -0.016276
v 0.032300 -0.025027 -0.016723
v 0.031734 -0.024831 -0.016592
v 0.036500 -0.024359 -0.016276
v 0.035700 -0.025027 -0.016723
v 0.036266 -0.024831 -0.016592
v 0.031500 -0.027066 -0.011211
v 0.032300 -0.027809 -0.011519
v 0.031734 -0.027591 -0.011429
v 0.036500 -0.027066 -0.011211
v 0.035700 -0.027809 -0.011519
v 0.036266 -0.027591 -0.011429
v 0.031500 -0.028733 -0.005715
v 0.032300 -0.029522 -0.005872
v 0.031734 -0.029291 -0.005826
v 0.036500 -0.028733 -0.005715
v 0.035700 -0.029522 -0.005872
v 0.036266 -0.029291 -0.005826
v 0.031500 -0.029296 0.000000
v 0.032300 -0.030100 0.000000
v 0.031734 -0.029865 0.000000
v 0.036500 -0.029296 0.000000
v 0.035700 -0.030100 0.000000
v 0.036266 -0.029865 0.000000
v 0.031500 -0.028733 0.005715
v 0.032300 -0.029522 0.005872
v 0.031734 -0.029291 0.005826
v 0.036500 -0.028733 0.005715
v 0.035700 -0.029522 0.005872
v 0.036266 -0.029291 0.005826
v 0.031500 -0.027066 0.011211
v 0.032300 -0.027809 0.011519
v 0.031734 -0.027591 0.011429
v 0.036500 -0.027066 0.011211
v 0.035700 -0.027809 0.011519
v 0.036266 -0.027591 0.011429
v 0.031500 -0.024359 0.016276
v 0.032300 -0.025027 0.016723
v 0.031734 -0.024831 0.016592
v 0.036500 -0.024359 0.016276
v 0.035700 -0.025027 0.016723
v 0.036266 -0.024831 0.016592
v 0.031500 -0.020715 0.020715
v 0.032300 -0.021284 0.021284
v 0.031734 -0.021117 0.021117
v 0.036500 -0.020715 0.020715
v 0.035700 -0.021284 0.021284
v 0.036266 -0.021117 0.021117
v 0.031500 -0.016276 0.024359
v 0.032300 -0.016723 0.025027
v 0.031734 -0.016592 0.024831
v 0.036500 -0.016276 0.024359
v 0.035700 -0.016723 0.025027
v 0.036266 -0.016592 0.024831
v 0.031500 -0.011211 0.027066
v 0.032300 -0.011519 0.027809
v 0.031734 -0.011429 0.027591
v 0.036500 -0.011211 0.027066
v 0.035700 -0.011519 0.027809
v 0.036266 -0.011429 0.027591
v 0.031500 -0.005715 0.028733
v 0.032300 -0.005872 0.029522
v 0.031734 -0.005826 0.029291
v 0.036500 -0.005715 0.028733
v 0.035700 -0.005872 0.029522
v 0.036266 -0.005826 0.029291
v 0.031500 0.000000 0.029296
v 0.032300 0.000000 0.030100
v 0.031734 0.000000 0.029865
v 0.036500 0.000000 0.029296
v 0.035700 0.000000 0.030100
v 0.036266 0.000000 0.029865
v 0.031500 0.005715 0.028733
v 0.032300 0.005872 0.029522
v 0.031734 0.005826 0.029291
v 0.036500 0.005715 0.028733
v 0.035700 0.005872 0.029522
v 0.036266 0.005826 0.029291
v 0.031500 0.011211 0.027066
v 0.032300 0.011519 0.027809
v 0.031734 0.011429 0.027591
v 0.036500 0.011211 0.027066
v 0.035700 0.011519 0.027809
v 0.036266 0.011429 0.027591
v 0.031500 0.016276 0.024359
v 0.032300 0.016723 0.025027
v 0.031734 0.016592 0.024831
v 0.036500 0.016276 0.024359
v 0.035700 0.016723 0.025027
v 0.036266 0.016592 0.024831
v 0.031500 0.020715 0.020715
v 0.032300 0.021284 0.021284
v 0.031734 0.021117 0.021117
v 0.036500 0.020715 0.020715
v 0.035700 0.021284 0.021284
v 0.036266 0.021117 0.021117
v 0.031500 0.024359 0.016276
v 0.032300 0.025027 0.016723
v 0.031734 0.024831 0.016592
v 0.036500 0.024359 0.016276
v 0.035700 0.025027 0.016723
v 0.036266 0.024831 0.016592
v 0.031500 0.027066 0.011211
v 0.032300 0.027809 0.011519
v 0.031734 0.027591 0.011429
v 0.036500 0.027066 0.011211
v 0.035700 0.027809 0.011519
v 0.036266 0.027591 0.011429
v 0.031500 0.028733 0.005715
v 0.032300 0.029522 0.005872
v 0.031734 0.029291 0.005826
v 0.036500 0.028733 0.005715
v 0.035700 0.029522 0.005872
v 0.036266 0.029291 0.005826
v 0.031500 0.029296 0.000000
v 0.032300 0.030100 0.000000
v 0.031734 0.029865 0.000000
v 0.036500 0.029296 0.000000
v 0.035700 0.030100 0.000000
v 0.036266 0.029865 0.000000
v 0.031500 0.028733 -0.005715
v 0.032300 0.029522 -0.005872
v 0.031734 0.029291 -0.005826
v 0.036500 0.028733 -0.005715
v 0.035700 0.029522 -0.005872
v 0.036266 0.029291 -0.005826
v 0.031500 0.027066 -0.011211
v 0.032300 0.027809 -0.011519
v 0.031734 0.027591 -0.011429
v 0.036500 0.027066 -0.011211
v 0.035700 0.027809 -0.011519
v 0.036266 0.027591 -0.011429
v 0.031500 0.024359 -0.016276
v 0.032300 0.025027 -0.016723
v 0.031734 0.024831 -0.016592
v 0.036500 0.024359 -0.016276
v 0.035700 0.025027 -0.016723
v 0.036266 0.024831 -0.016592
v 0.031500 0.020715 -0.020715
v 0.032300 0.021284 -0.021284
v 0.031734 0.021117 -0.021117
v 0.036500 0.020715 -0.020715
v 0.035700 0.021284 -0.021284
v 0.036266 0.021117 -0.021117
v 0.031500 0.016276 -0.024359
v 0.032300 0.016723 -0.025027
v 0.031734 0.016592 -0.024831
v 0.036500 0.016276 -0.024359
v 0.035700 0.016723 -0.025027
v 0.036266 0.016592 -0.024831
v 0.031500 0.011211 -0.027066
v 0.032300 0.011519 -0.027809
v 0.031734 0.011429 -0.027591
v 0.036500 0.011211 -0.027066
v 0.035700 0.011519 -0.027809
v 0.036266 0.011429 -0.027591
v 0.031500 0.005715 -0.028733
v 0.032300 0.005872 -0.029522
v 0.031734 0.005826 -0.029291
v 0.036500 0.005715 -0.028733
v 0.035700 0.005872 -0.029522
v 0.036266 0.005826 -0.029291
v 0.034900 0.000000 -0.013890
v 0.035700 0.000000 -0.014700
v 0.035134 0.000000 -0.014463
v 0.039900 0.000000 -0.013890
v 0.039100 0.000000 -0.014700
v 0.039666 0.000000 -0.014463
v 0.034900 -0.004292 -0.013210
v 0.035700 -0.004543 -0.013981
v 0.035134 -0.004469 -0.013755
v 0.039900 -0.004292 -0.013210
v 0.039100 -0.004543 -0.013981
v 0.039666 -0.004469 -0.013755
v 0.034900 -0.008164 -0.011237
v 0.035700 -0.008640 -0.011893
v 0.035134 -0.008501 -0.011701
v 0.039900 -0.008164 -0.011237
v 0.039100 -0.008640 -0.011893
v 0.039666 -0.008501 -0.011701
v 0.034900 -0.011237 -0.008164
v 0.035700 -0.011893 -0.008640
v 0.035134 -0.011701 -0.008501
v 0.039900 -0.011237 -0.008164
v 0.039100 -0.011893 -0.008640
v 0.039666 -0.011701 -0.008501
v 0.034900 -0.013210 -0.004292
v 0.035700 -0.013981 -0.004543
v 0.035134 -0.013755 -0.004469
v 0.039900 -0.013210 -0.004292
v 0.039100 -0.013981 -0.004543
v 0.039666 -0.013755 -0.004469
v 0.034900 -0.013890 0.000000
v 0.035700 -0.014700 0.000000
v 0.035134 -0.014463 0.000000
v 0.039900 -0.013890 0.000000
v 0.039100 -0.014700 0.000000
v 0.039666 -0.014463 0.000000
v 0.034900 -0.013210 0.004292
v 0.035700 -0.013981 0.004543
v 0.035134 -0.013755 0.004469
v 0.039900 -0.013210 0.004292
v 0.039100 -0.013981 0.004543
v 0.039666 -0.013755 0.004469
v 0.034900 -0.011237 0.008164
v 0.035700 -0.011893 0.008640
v 0.035134 -0.011701 0.008501
v 0.039900 -0.011237 0.008164
v 0.039100 -0.011893 0.008640
v 0.039666 -0.011701 0.008501
v 0.034900 -0.008164 0.011237
v 0.035700 -0.008640 0.011893
v 0.035134 -0.008501 0.011701
v 0.039900 -0.008164 0.011237
v 0.039100 -0.008640 0.011893
v 0.039666 -0.008501 0.011701
v 0.034900 -0.004292 0.013210
v 0.035700 -0.004543 0.013981
v 0.035134 -0.004469 0.013755
v 0.039900 -0.004292 0.013210
v 0.039100 -0.004543 0.013981
v 0.039666 -0.004469 0.013755
v 0.034900 0.000000 0.013890
v 0.035700 0.000000 0.014700
v 0.035134 0.000000 0.014463
v 0.039900 0.000000 0.013890
v 0.039100 0.000000 0.014700
v 0.039666 0.000000 0.014463
v 0.034900 0.004292 0.013210
v 0.035700 0.004543 0.013981
v 0.035134 0.004469 0.013755
v 0.039900 0.004292 0.013210
v 0.039100 0.004543 0.013981
v 0.039666 0.004469 0.013755
v 0.034900 0.008164 0.011237
v 0.035700 0.008640 0.011893
v 0.035134 0.008501 0.011701
v 0.039900 0.008164 0.011237
v 0.039100 0.008640 0.011893
v 0.039666 0.008501 0.011701
v 0.034900 0.011237 0.008164
v 0.035700 0.011893 0.008640
v 0.035134 0.011701 0.008501
v 0.039900 0.011237 0.008164
v 0.039100 0.011893 0.008640
v 0.039666 0.011701 0.008501
v 0.034900 0.013210 0.004292
v 0.035700 0.013981 0.004543
v 0.035134 0.013755 0.004469
v 0.039900 0.013210 0.004292
v 0.039100 0.013981 0.004543
v 0.039666 0.013755 0.004469
v 0.034900 0.013890 0.000000
v 0.035700 0.014700 0.000000
v 0.035134 0.014463 0.000000
v 0.039900 0.013890 0.000000
v 0.039100 0.014700 0.000000
v 0.039666 0.014463 0.000000
v 0.034900 0.013210 -0.004292
v 0.035700 0.013981 -0.004543
v 0.035134 0.013755 -0.004469
v 0.039900 0.013210 -0.004292
v 0.039100 0.013981 -0.004543
v 0.039666 0.013755 -0.004469
v 0.034900 0.011237 -0.008164
v 0.035700 0.011893 -0.008640
v 0.035134 0.011701 -0.008501
v 0.039900 0.011237 -0.008164
v 0.039100 0.011893 -0.008640
v 0.039666 0.011701 -0.008501
v 0.034900 0.008164 -0.011237
v 0.035700 0.008640 -0.011893
v 0.035134 0.008501 -0.011701
v 0.039900 0.008164 -0.011237
v 0.039100 0.008640 -0.011893
v 0.039666 0.008501 -0.011701
v 0.034900 0.004292 -0.013210
v 0.035700 0.004543 -0.013981
v 0.035134 0.004469 -0.013755
v 0.039900 0.004292 -0.013210
v 0.039100 0.004543 -0.013981
v 0.039666 0.004469 -0.013755
v 0.036060 0.000000 0.022524
v 0.036860 0.000693 0.022000
v 0.036860 -0.000693 0.022000
v 0.036294 0.000490 0.022179
v 0.036398 0.000000 0.021964
v 0.036860 0.000000 0.021809
v 0.036294 -0.000490 0.022179
v 0.038060 0.000000 0.022524
v 0.037260 -0.000693 0.022000
v 0.037260 0.000693 0.022000
v 0.037826 -0.000490 0.022179
v 0.037722 0.000000 0.021964
v 0.037260 0.000000 0.021809
v 0.037826 0.000490 0.022179
v 0.036060 -0.001105 0.023162
v 0.036860 -0.001212 0.022300
v 0.036860 -0.001905 0.023500
v 0.036294 -0.001159 0.022565
v 0.036398 -0.001590 0.022882
v 0.036860 -0.001725 0.022804
v 0.036294 -0.001649 0.023414
v 0.038060 -0.001105 0.023162
v 0.037260 -0.001905 0.023500
v 0.037260 -0.001212 0.022300
v 0.037826 -0.001649 0.023414
v 0.037722 -0.001590 0.022882
v 0.037260 -0.001725 0.022804
v 0.037826 -0.001159 0.022565
v 0.036060 -0.001105 0.024438
v 0.036860 -0.001905 0.024100
v 0.036860 -0.001212 0.025300
v 0.036294 -0.001649 0.024186
v 0.036398 -0.001590 0.024718
v 0.036860 -0.001725 0.024796
v 0.036294 -0.001159 0.025035
v 0.038060 -0.001105 0.024438
v 0.037260 -0.001212 0.025300
v 0.037260 -0.001905 0.024100
v 0.037826 -0.001159 0.025035
v 0.037722 -0.001590 0.024718
v 0.037260 -0.001725 0.024796
v 0.037826 -0.001649 0.024186
v 0.036060 0.000000 0.025076
v 0.036860 -0.000693 0.025600
v 0.036860 0.000693 0.025600
v 0.036294 -0.000490 0.025421
v 0.036398 0.000000 0.025636
v 0.036860 0.000000 0.025791
v 0.036294 0.000490 0.025421
v 0.038060 0.000000 0.025076
v 0.037260 0.000693 0.025600
v 0.037260 -0.000693 0.025600
v 0.037826 0.000490 0.025421
v 0.037722 0.000000 0.025636
v 0.037260 0.000000 0.025791
v 0.037826 -0.000490 0.025421
v 0.036060 0.001105 0.024438
v 0.036860 0.001212 0.025300
v 0.036860 0.001905 0.024100
v 0.036294 0.001159 0.025035
v 0.036398 0.001590 0.024718
v 0.036860 0.001725 0.024796
v 0.036294 0.001649 0.024186
v 0.038060 0.001105 0.024438
v 0.037260 0.001905 0.024100
v 0.037260 0.001212 0.025300
v 0.037826 0.001649 0.024186
v 0.037722 0.001590 0.024718
v 0.037260 0.001725 0.024796
v 0.037826 0.001159 0.025035
v 0.036060 0.001105 0.023162
v 0.036860 0.001905 0.023500
v 0.036860 0.001212 0.022300
v 0.036294 0.001649 0.023414
v 0.036398 0.001590 0.022882
v 0.036860 0.001725 0.022804
v 0.036294 0.001159 0.022565
v 0.038060 0.001105 0.023162
v 0.037260 0.001212 0.022300
v 0.037260 0.001905 0.023500
v 0.037826 0.001159 0.022565
v 0.037722 0.001590 0.022882
v 0.037260 0.001725 0.022804
v 0.037826 0.001649 0.023414
v 0.036060 0.023800 -0.001276
v 0.036860 0.024493 -0.001800
v 0.036860 0.023107 -0.001800
v 0.036294 0.024290 -0.001621
v 0.036398 0.023800 -0.001836
v 0.036860 0.023800 -0.001991
v 0.036294 0.023310 -0.001621
v 0.038060 0.023800 -0.001276
v 0.037260 0.023107 -0.001800
v 0.037260 0.024493 -0.001800
v 0.037826 0.023310 -0.001621
v 0.037722 0.023800 -0.001836
v 0.037260 0.023800 -0.001991
v 0.037826 0.024290 -0.001621
v 0.036060 0.022695 -0.000638
v 0.036860 0.022588 -0.001500
v 0.036860 0.021895 -0.000300
v 0.036294 0.022641 -0.001235
v 0.036398 0.022210 -0.000918
v 0.036860 0.022075 -0.000996
v 0.036294 0.022151 -0.000386
v 0.038060 0.022695 -0.000638
v 0.037260 0.021895 -0.000300
v 0.037260 0.022588 -0.001500
v 0.037826 0.022151 -0.000386
v 0.037722 0.022210 -0.000918
v 0.037260 0.022075 -0.000996
v 0.037826 0.022641 -0.001235
v 0.036060 0.022695 0.000638
v 0.036860 0.021895 0.000300
v 0.036860 0.022588 0.001500
v 0.036294 0.022151 0.000386
v 0.036398 0.022210 0.000918
v 0.036860 0.022075 0.000996
v 0.036294 0.022641 0.001235
v 0.038060 0.022695 0.000638
v 0.037260 0.022588 0.001500
v 0.037260 0.021895 0.000300
v 0.037826 0.022641 0.001235
v 0.037722 0.022210 0.000918
v 0.037260 0.022075 0.000996
v 0.037826 0.022151 0.000386
v 0.036060 0.023800 0.001276
v 0.036860 0.023107 0.001800
v 0.036860 0.024493 0.001800
v 0.036294 0.023310 0.001621
v 0.036398 0.023800 0.001836
v 0.036860 0.023800 0.001991
v 0.036294 0.024290 0.001621
v 0.038060 0.023800 0.001276
v 0.037260 0.024493 0.001800
v 0.037260 0.023107 0.001800
v 0.037826 0.024290 0.001621
v 0.037722 0.023800 0.001836
v 0.037260 0.023800 0.001991
v 0.037826 0.023310 0.001621
v 0.036060 0.024905 0.000638
v 0.036860 0.025012 0.001500
v 0.036860 0.025705 0.000300
v 0.036294 0.024959 0.001235
v 0.036398 0.025390 0.000918
v 0.036860 0.025525 0.000996
v 0.036294 0.025449 0.000386
v 0.038060 0.024905 0.000638
v 0.037260 0.025705 0.000300
v 0.037260 0.025012 0.001500
v 0.037826 0.025449 0.000386
v 0.037722 0.025390 0.000918
v 0.037260 0.025525 0.000996
v 0.037826 0.024959 0.001235
v 0.036060 0.024905 -0.000638
v 0.036860 0.025705 -0.000300
v 0.036860 0.025012 -0.001500
v 0.036294 0.025449 -0.000386
v 0.036398 0.025390 -0.000918
v 0.036860 0.025525 -0.000996
v 0.036294 0.024959 -0.001235
v 0.038060 0.024905 -0.000638
v 0.037260 0.025012 -0.001500
v 0.037260 0.025705 -0.000300
v 0.037826 0.024959 -0.001235
v 0.037722 0.025390 -0.000918
v 0.037260 0.025525 -0.000996
v 0.037826 0.025449 -0.000386
v 0.036060 0.000000 -0.025076
v 0.036860 0.000693 -0.025600
v 0.036860 -0.000693 -0.025600
v 0.036294 0.000490 -0.025421
v 0.036398 0.000000 -0.025636
v 0.036860 0.000000 -0.025791
v 0.036294 -0.000490 -0.025421
v 0.038060 0.000000 -0.025076
v 0.037260 -0.000693 -0.025600
v 0.037260 0.000693 -0.025600
v 0.037826 -0.000490 -0.025421
v 0.037722 0.000000 -0.025636
v 0.037260 0.000000 -0.025791
v 0.037826 0.000490 -0.025421
v 0.036060 -0.001105 -0.024438
v 0.036860 -0.001212 -0.025300
v 0.036860 -0.001905 -0.024100
v 0.036294 -0.001159 -0.025035
v 0.036398 -0.001590 -0.024718
v 0.036860 -0.001725 -0.024796
v 0.036294 -0.001649 -0.024186
v 0.038060 -0.001105 -0.024438
v 0.037260 -0.001905 -0.024100
v 0.037260 -0.001212 -0.025300
v 0.037826 -0.001649 -0.024186
v 0.037722 -0.001590 -0.024718
v 0.037260 -0.001725 -0.024796
v 0.037826 -0.001159 -0.025035
v 0.036060 -0.001105 -0.023162
v 0.036860 -0.001905 -0.023500
v 0.036860 -0.001212 -0.022300
v 0.036294 -0.001649 -0.023414
v 0.036398 -0.001590 -0.022882
v 0.036860 -0.001725 -0.022804
v 0.036294 -0.001159 -0.022565
v 0.038060 -0.001105 -0.023162
v 0.037260 -0.001212 -0.022300
v 0.037260 -0.001905 -0.023500
v 0.037826 -0.001159 -0.022565
v 0.037722 -0.001590 -0.022882
v 0.037260 -0.001725 -0.022804
v 0.037826 -0.001649 -0.023414
v 0.036060 0.000000 -0.022524
v 0.036860 -0.000693 -0.022000
v 0.036860 0.000693 -0.022000
v 0.036294 -0.000490 -0.022179
v 0.036398 0.000000 -0.021964
v 0.036860 0.000000 -0.021809
v 0.036294 0.000490 -0.022179
v 0.038060 0.000000 -0.022524
v 0.037260 0.000693 -0.022000
v 0.037260 -0.000693 -0.022000
v 0.037826 0.000490 -0.022179
v 0.037722 0.000000 -0.021964
v 0.037260 0.000000 -0.021809
v 0.037826 -0.000490 -0.022179
v 0.036060 0.001105 -0.023162
v 0.036860 0.001212 -0.022300
v 0.036860 0.001905 -0.023500
v 0.036294 0.001159 -0.022565
v 0.036398 0.001590 -0.022882
v 0.036860 0.001725 -0.022804
v 0.036294 0.001649 -0.023414
v 0.038060 0.001105 -0.023162
v 0.037260 0.001905 -0.023500
v 0.037260 0.001212 -0.022300
v 0.037826 0.001649 -0.023414
v 0.037722 0.001590 -0.022882
v 0.037260 0.001725 -0.022804
v 0.037826 0.001159 -0.022565
v 0.036060 0.001105 -0.024438
v 0.036860 0.001905 -0.024100
v 0.036860 0.001212 -0.025300
v 0.036294 0.001649 -0.024186
v 0.036398 0.001590 -0.024718
v 0.036860 0.001725 -0.024796
v 0.036294 0.001159 -0.025035
v 0.038060 0.001105 -0.024438
v 0.037260 0.001212 -0.025300
v 0.037260 0.001905 -0.024100
v 0.037826 0.001159 -0.025035
v 0.037722 0.001590 -0.024718
v 0.037260 0.001725 -0.024796
v 0.037826 0.001649 -0.024186
v 0.036060 -0.023800 -0.001276
v 0.036860 -0.023107 -0.001800
v 0.036860 -0.024493 -0.001800
v 0.036294 -0.023310 -0.001621
v 0.036398 -0.023800 -0.001836
v 0.036860 -0.023800 -0.001991
v 0.036294 -0.024290 -0.001621
v 0.038060 -0.023800 -0.001276
v 0.037260 -0.024493 -0.001800
v 0.037260 -0.023107 -0.001800
v 0.037826 -0.024290 -0.001621
v 0.037722 -0.023800 -0.001836
v 0.037260 -0.023800 -0.001991
v 0.037826 -0.023310 -0.001621
v 0.036060 -0.024905 -0.000638
v 0.036860 -0.025012 -0.001500
v 0.036860 -0.025705 -0.000300
v 0.036294 -0.024959 -0.001235
v 0.036398 -0.025390 -0.000918
v 0.036860 -0.025525 -0.000996
v 0.036294 -0.025449 -0.000386
v 0.038060 -0.024905 -0.000638
v 0.037260 -0.025705 -0.000300
v 0.037260 -0.025012 -0.001500
v 0.037826 -0.025449 -0.000386
v 0.037722 -0.025390 -0.000918
v 0.037260 -0.025525 -0.000996
v 0.037826 -0.024959 -0.001235
v 0.036060 -0.024905 0.000638
v 0.036860 -0.025705 0.000300
v 0.036860 -0.025012 0.001500
v 0.036294 -0.025449 0.000386
v 0.036398 -0.025390 0.000918
v 0.036860 -0.025525 0.000996
v 0.036294 -0.024959 0.001235
v 0.038060 -0.024905 0.000638
v 0.037260 -0.025012 0.001500
v 0.037260 -0.025705 0.000300
v 0.037826 -0.024959 0.001235
v 0.037722 -0.025390 0.000918
v 0.037260 -0.025525 0.000996
v 0.037826 -0.025449 0.000386
v 0.036060 -0.023800 0.001276
v 0.036860 -0.024493 0.001800
v 0.036860 -0.023107 0.001800
v 0.036294 -0.024290 0.001621
v 0.036398 -0.023800 0.001836
v 0.036860 -0.023800 0.001991
v 0.036294 -0.023310 0.001621
v 0.038060 -0.023800 0.001276
v 0.037260 -0.023107 0.001800
v 0.037260 -0.024493 0.001800
v 0.037826 -0.023310 0.001621
v 0.037722 -0.023800 0.001836
v 0.037260 -0.023800 0.001991
v 0.037826 -0.024290 0.001621
v 0.036060 -0.022695 0.000638
v 0.036860 -0.022588 0.001500
v 0.036860 -0.021895 0.000300
v 0.036294 -0.022641 0.001235
v 0.036398 -0.022210 0.000918
v 0.036860 -0.022075 0.000996
v 0.036294 -0.022151 0.000386
v 0.038060 -0.022695 0.000638
v 0.037260 -0.021895 0.000300
v 0.037260 -0.022588 0.001500
v 0.037826 -0.022151 0.000386
v 0.037722 -0.022210 0.000918
v 0.037260 -0.022075 0.000996
v 0.037826 -0.022641 0.001235
v 0.036060 -0.022695 -0.000638
v 0.036860 -0.021895 -0.000300
v 0.036860 -0.022588 -0.001500
v 0.036294 -0.022151 -0.000386
v 0.036398 -0.022210 -0.000918
v 0.036860 -0.022075 -0.000996
v 0.036294 -0.022641 -0.001235
v 0.038060 -0.022695 -0.000638
v 0.037260 -0.022588 -0.001500
v 0.037260 -0.021895 -0.000300
v 0.037826 -0.022641 -0.001235
v 0.037722 -0.022210 -0.000918
v 0.037260 -0.022075 -0.000996
v 0.037826 -0.022151 -0.000386
vn -0.3819 -0.0906 -0.9198
vn -0.9242 -0.0374 -0.3801
vn 0.3812 -0.0906 -0.9200
vn 0.9242 -0.0374 -0.3801
vn -0.3813 -0.2684 -0.8846
vn -0.9242 -0.1109 -0.3655
vn 0.3831 -0.2682 -0.8839
vn 0.9241 -0.1110 -0.3658
vn -0.3830 -0.4354 -0.8147
vn -0.9241 -0.1802 -0.3371
vn 0.3817 -0.4357 -0.8152
vn 0.9242 -0.1801 -0.3369
vn -0.3818 -0.5864 -0.7144
vn -0.9242 -0.2424 -0.2953
vn 0.3835 -0.5859 -0.7139
vn 0.9241 -0.2425 -0.2954
vn -0.3835 -0.7139 -0.5859
vn -0.9241 -0.2954 -0.2425
vn 0.3818 -0.7144 -0.5864
vn 0.9242 -0.2953 -0.2424
vn -0.3817 -0.8152 -0.4357
vn -0.9242 -0.3369 -0.1801
vn 0.3830 -0.8147 -0.4354
vn 0.9241 -0.3371 -0.1802
vn -0.3831 -0.8839 -0.2682
vn -0.9241 -0.3658 -0.1110
vn 0.3813 -0.8846 -0.2684
vn 0.9242 -0.3655 -0.1109
vn -0.3812 -0.9200 -0.0906
vn -0.9242 -0.3801 -0.0374
vn 0.3819 -0.9198 -0.0906
vn 0.9242 -0.3801 -0.0374
vn -0.3819 -0.9198 0.0906
vn -0.9242 -0.3801 0.0374
vn 0.3812 -0.9200 0.0906
vn 0.9242 -0.3801 0.0374
vn -0.3813 -0.8846 0.2684
vn -0.9242 -0.3655 0.1109
vn 0.3831 -0.8839 0.2682
vn 0.9241 -0.3658 0.1110
vn -0.3830 -0.8147 0.4354
vn -0.9241 -0.3371 0.1802
vn 0.3817 -0.8152 0.4357
vn 0.9242 -0.3369 0.1801
vn -0.3818 -0.7144 0.5864
vn -0.9242 -0.2953 0.2424
vn 0.3835 -0.7139 0.5859
vn 0.9241 -0.2954 0.2425
vn -0.3835 -0.5859 0.7139
vn -0.9241 -0.2425 0.2954
vn 0.3818 -0.5864 0.7144
vn 0.9242 -0.2424 0.2953
vn -0.3817 -0.4357 0.8152
vn -0.9242 -0.1801 0.3369
vn 0.3830 -0.4354 0.8147
vn 0.9241 -0.1802 0.3371
vn -0.3831 -0.2682 0.8839
vn -0.9241 -0.1110 0.3658
vn 0.3813 -0.2684 0.8846
vn 0.9242 -0.1109 0.3655
vn -0.3812 -0.0906 0.9200
vn -0.9242 -0.0374 0.3801
vn 0.3819 -0.0906 0.9198
vn 0.9242 -0.0374 0.3801
vn -0.3819 0.0906 0.9198
vn -0.9242 0.0374 0.3801
vn 0.3812 0.0906 0.9200
vn 0.9242 0.0374 0.3801
vn -0.3813 0.2684 0.8846
vn -0.9242 0.1109 0.3655
vn 0.3831 0.2682 0.8839
vn 0.9241 0.1110 0.3658
vn -0.3830 0.4354 0.8147
vn -0.9241 0.1802 0.3371
vn 0.3817 0.4357 0.8152
vn 0.9242 0.1801 0.3369
vn -0.3818 0.5864 0.7144
vn -0.9242 0.2424 0.2953
vn 0.3835 0.5859 0.7139
vn 0.9241 0.2425 0.2954
vn -0.3835 0.7139 0.5859
vn -0.9241 0.2954 0.2425
vn 0.3818 0.7144 0.5864
vn 0.9242 0.2953 0.2424
vn -0.3817 0.8152 0.4357
vn -0.9242 0.3369 0.1801
vn 0.3830 0.8147 0.4354
vn 0.9241 0.3371 0.1802
vn -0.3831 0.8839 0.2682
vn -0.9241 0.3658 0.1110
vn 0.3813 0.8846 0.2684
vn 0.9242 0.3655 0.1109
vn -0.3812 0.9200 0.0906
vn -0.9242 0.3801 0.0374
vn 0.3819 0.9198 0.0906
vn 0.9242 0.3801 0.0374
vn -0.3819 0.9198 -0.0906
vn -0.9242 0.3801 -0.0374
vn 0.3812 0.9200 -0.0906
vn 0.9242 0.3801 -0.0374
vn -0.3813 0.8846 -0.2684
vn -0.9242 0.3655 -0.1109
vn 0.3831 0.8839 -0.2682
vn 0.9241 0.3658 -0.1110
vn -0.3830 0.8147 -0.4354
vn -0.9241 0.3371 -0.1802
vn 0.3817 0.8152 -0.4357
vn 0.9242 0.3369 -0.1801
vn -0.3818 0.7144 -0.5864
vn -0.9242 0.2953 -0.2424
vn 0.3835 0.7139 -0.5859
vn 0.9241 0.2954 -0.2425
vn -0.3835 0.5859 -0.7139
vn -0.9241 0.2425 -0.2954
vn 0.3818 0.5864 -0.7144
vn 0.9242 0.2424 -0.2953
vn -0.3817 0.4357 -0.8152
vn -0.9242 0.1801 -0.3369
vn 0.3830 0.4354 -0.8147
vn 0.9241 0.1802 -0.3371
vn -0.3831 0.2682 -0.8839
vn -0.9241 0.1110 -0.3658
vn 0.3813 0.2684 -0.8846
vn 0.9242 0.1109 -0.3655
vn -0.3812 0.0906 -0.9200
vn -0.9242 0.0374 -0.3801
vn 0.3819 0.0906 -0.9198
vn 0.9242 0.0374 -0.3801
vn -1.0000 -0.0000 -0.0000
vn -0.0000 -0.0981 -0.9952
vn -0.0000 0.0981 -0.9952
vn 1.0000 -0.0000 -0.0000
vn -0.0000 -0.2902 -0.9570
vn -0.0000 -0.4715 -0.8819
vn -0.0000 -0.6343 -0.7731
vn -0.0000 -0.7731 -0.6343
vn -0.0000 -0.8819 -0.4715
vn -0.0000 -0.9570 -0.2902
vn -0.0000 -0.9952 -0.0981
vn -0.0000 -0.9952 0.0981
vn -0.0000 -0.9570 0.2902
vn -0.0000 -0.8819 0.4715
vn -0.0000 -0.7731 0.6343
vn -0.0000 -0.6343 0.7731
vn -0.0000 -0.4715 0.8819
vn -0.0000 -0.2902 0.9570
vn -0.0000 -0.0981 0.9952
vn -0.0000 0.0981 0.9952
vn -0.0000 0.2902 0.9570
vn -0.0000 0.4715 0.8819
vn -0.0000 0.6343 0.7731
vn -0.0000 0.7731 0.6343
vn -0.0000 0.8819 0.4715
vn -0.0000 0.9570 0.2902
vn -0.0000 0.9952 0.0981
vn -0.0000 0.9952 -0.0981
vn -0.0000 0.9570 -0.2902
vn -0.0000 0.8819 -0.4715
vn -0.0000 0.7731 -0.6343
vn -0.0000 0.6343 -0.7731
vn -0.0000 0.4715 -0.8819
vn -0.0000 0.2902 -0.9570
vn -0.2492 -0.9318 0.2638
vn -0.2176 -0.6902 0.6902
vn -0.2638 -0.2492 0.9318
vn -0.6902 -0.2175 0.6902
vn -0.9318 -0.2638 0.2492
vn -0.6902 -0.6902 0.2175
vn -0.5774 -0.5774 0.5774
vn -0.2492 0.2638 0.9319
vn -0.2175 0.6902 0.6902
vn -0.2638 0.9318 0.2492
vn -0.6902 0.6902 0.2176
vn -0.9319 0.2492 0.2638
vn -0.6902 0.2175 0.6902
vn -0.5774 0.5773 0.5773
vn -0.2638 -0.9319 -0.2492
vn -0.6902 -0.6902 -0.2176
vn -0.9319 -0.2492 -0.2638
vn -0.6902 -0.2176 -0.6902
vn -0.2492 -0.2638 -0.9318
vn -0.2175 -0.6902 -0.6902
vn -0.5774 -0.5773 -0.5773
vn -0.2492 0.9318 -0.2638
vn -0.2175 0.6902 -0.6902
vn -0.2638 0.2492 -0.9319
vn -0.6902 0.2175 -0.6902
vn -0.9319 0.2638 -0.2492
vn -0.6902 0.6902 -0.2176
vn -0.5774 0.5773 -0.5773
vn 0.2638 -0.9319 0.2492
vn 0.6902 -0.6902 0.2175
vn 0.9319 -0.2492 0.2638
vn 0.6902 -0.2175 0.6902
vn 0.2492 -0.2638 0.9319
vn 0.2176 -0.6902 0.6902
vn 0.5774 -0.5774 0.5774
vn 0.2492 0.9319 0.2638
vn 0.2175 0.6902 0.6902
vn 0.2638 0.2492 0.9318
vn 0.6902 0.2176 0.6902
vn 0.9318 0.2638 0.2492
vn 0.6902 0.6902 0.2176
vn 0.5774 0.5773 0.5773
vn 0.2492 -0.9318 -0.2638
vn 0.2175 -0.6902 -0.6902
vn 0.2638 -0.2492 -0.9318
vn 0.6902 -0.2175 -0.6902
vn 0.9318 -0.2638 -0.2492
vn 0.6902 -0.6902 -0.2176
vn 0.5774 -0.5773 -0.5773
vn 0.2638 0.9319 -0.2492
vn 0.6902 0.6902 -0.2176
vn 0.9318 0.2492 -0.2638
vn 0.6902 0.2176 -0.6902
vn 0.2492 0.2638 -0.9318
vn 0.2175 0.6902 -0.6902
vn 0.5774 0.5773 -0.5773
vn -0.2583 -0.9661 -0.0000
vn -0.7071 -0.7071 -0.0000
vn -0.9661 -0.2583 -0.0000
vn -0.2583 -0.0000 0.9661
vn -0.7071 -0.0000 0.7071
vn -0.9661 -0.0000 0.2583
vn -0.2583 0.9661 -0.0000
vn -0.7071 0.7071 -0.0000
vn -0.9661 0.2583 -0.0000
vn -0.2583 -0.0000 -0.9661
vn -0.7071 -0.0000 -0.7071
vn -0.9661 -0.0000 -0.2583
vn -0.0000 -0.9661 -0.2583
vn -0.0000 -0.7071 -0.7071
vn -0.0000 -0.2583 -0.9661
vn -0.0000 0.9661 -0.2583
vn -0.0000 0.7071 -0.7071
vn -0.0000 0.2583 -0.9661
vn 0.9661 -0.0000 -0.2583
vn 0.7071 -0.0000 -0.7071
vn 0.2583 -0.0000 -0.9661
vn 0.2583 -0.9661 -0.0000
vn 0.7071 -0.7071 -0.0000
vn 0.9661 -0.2583 -0.0000
vn 0.2583 0.9661 -0.0000
vn 0.7071 0.7071 -0.0000
vn 0.9661 0.2583 -0.0000
vn 0.2583 -0.0000 0.9661
vn 0.7071 -0.0000 0.7071
vn 0.9661 -0.0000 0.2583
vn -0.0000 -0.9661 0.2583
vn -0.0000 -0.7071 0.7071
vn -0.0000 -0.2583 0.9661
vn -0.0000 0.9661 0.2583
vn -0.0000 0.7071 0.7071
vn -0.0000 0.2583 0.9661
vn -0.0000 -1.0000 -0.0000
vn -0.0000 -0.0000 1.0000
vn -0.0000 1.0000 -0.0000
vn -0.0000 -0.0000 -1.0000
vn 0.3826 -0.0906 -0.9195
vn -0.3826 -0.2682 -0.8841
vn 0.9241 -0.1109 -0.3658
vn -0.3830 -0.4355 -0.8146
vn -0.9241 -0.1801 -0.3371
vn 0.3829 -0.4355 -0.8147
vn 0.9240 -0.1803 -0.3374
vn -0.3829 -0.5861 -0.7141
vn -0.9240 -0.2427 -0.2956
vn 0.3829 -0.7141 -0.5861
vn 0.9240 -0.2956 -0.2427
vn -0.3829 -0.8147 -0.4355
vn -0.9240 -0.3373 -0.1803
vn 0.3830 -0.8146 -0.4355
vn 0.9241 -0.3371 -0.1801
vn 0.3826 -0.8841 -0.2682
vn -0.3826 -0.9195 -0.0906
vn 0.3826 -0.9195 0.0906
vn -0.3826 -0.8841 0.2682
vn -0.3830 -0.8146 0.4355
vn -0.9241 -0.3371 0.1801
vn 0.3829 -0.8147 0.4355
vn 0.9240 -0.3373 0.1803
vn -0.3829 -0.7141 0.5861
vn -0.9240 -0.2956 0.2427
vn 0.3829 -0.5861 0.7141
vn 0.9240 -0.2427 0.2956
vn -0.3829 -0.4355 0.8147
vn -0.9240 -0.1803 0.3374
vn 0.3830 -0.4355 0.8146
vn 0.3826 -0.2682 0.8841
vn -0.3826 -0.0906 0.9195
vn 0.3826 0.0906 0.9195
vn -0.3826 0.2682 0.8841
vn 0.9241 0.1109 0.3658
vn -0.3830 0.4355 0.8146
vn -0.9241 0.1801 0.3371
vn 0.3829 0.4355 0.8147
vn 0.9239 0.1803 0.3374
vn -0.3829 0.5861 0.7141
vn -0.9240 0.2427 0.2956
vn 0.3829 0.7141 0.5861
vn 0.9240 0.2956 0.2427
vn -0.3829 0.8147 0.4355
vn -0.9240 0.3373 0.1803
vn 0.3830 0.8146 0.4355
vn 0.9241 0.3371 0.1801
vn 0.3826 0.8841 0.2682
vn -0.3826 0.9195 0.0906
vn 0.3826 0.9195 -0.0906
vn -0.3826 0.8841 -0.2682
vn -0.3830 0.8146 -0.4355
vn -0.9241 0.3371 -0.1801
vn 0.3829 0.8147 -0.4355
vn 0.9240 0.3373 -0.1803
vn -0.3829 0.7141 -0.5861
vn -0.9240 0.2956 -0.2427
vn 0.3829 0.5861 -0.7141
vn 0.9240 0.2427 -0.2956
vn -0.3829 0.4355 -0.8147
vn -0.9240 0.1803 -0.3374
vn 0.3830 0.4355 -0.8146
vn 0.3826 0.2682 -0.8841
vn -0.3826 0.0906 -0.9195
vn -0.0000 -0.0980 -0.9952
vn -0.0000 0.0980 -0.9952
vn -0.0000 -0.2903 -0.9569
vn -0.0000 -0.4714 -0.8819
vn -0.0000 -0.6344 -0.7730
vn -0.0000 -0.7730 -0.6344
vn -0.0000 -0.9569 -0.2903
vn -0.0000 -0.9952 -0.0980
vn -0.0000 -0.9952 0.0980
vn -0.0000 -0.9569 0.2903
vn -0.0000 -0.7730 0.6344
vn -0.0000 -0.6344 0.7730
vn -0.0000 -0.4714 0.8819
vn -0.0000 -0.2903 0.9569
vn -0.0000 -0.0980 0.9952
vn -0.0000 0.0980 0.9952
vn -0.0000 0.2903 0.9569
vn -0.0000 0.4714 0.8819
vn -0.0000 0.6344 0.7730
vn -0.0000 0.7730 0.6344
vn -0.0000 0.9569 0.2903
vn -0.0000 0.9952 0.0980
vn -0.0000 0.9952 -0.0980
vn -0.0000 0.9569 -0.2903
vn -0.0000 0.8819 -0.4714
vn -0.0000 0.7730 -0.6344
vn -0.0000 0.6344 -0.7730
vn -0.0000 0.4714 -0.8819
vn -0.0000 0.2903 -0.9569
vn -0.3822 -0.1446 -0.9127
vn -0.9241 -0.0598 -0.3774
vn 0.3832 -0.1445 -0.9123
vn 0.9241 -0.0598 -0.3774
vn -0.3834 -0.4192 -0.8230
vn -0.9241 -0.1735 -0.3404
vn 0.3823 -0.4194 -0.8234
vn 0.9242 -0.1734 -0.3402
vn -0.3821 -0.6534 -0.6534
vn -0.9242 -0.2700 -0.2700
vn 0.3821 -0.6534 -0.6534
vn 0.9242 -0.2700 -0.2700
vn -0.3823 -0.8234 -0.4194
vn -0.9242 -0.3402 -0.1734
vn 0.3834 -0.8229 -0.4192
vn 0.9241 -0.3404 -0.1735
vn -0.3832 -0.9123 -0.1445
vn -0.9241 -0.3774 -0.0598
vn 0.3822 -0.9127 -0.1446
vn 0.9241 -0.3774 -0.0598
vn -0.3822 -0.9127 0.1446
vn -0.9241 -0.3774 0.0598
vn 0.3832 -0.9123 0.1445
vn 0.9241 -0.3774 0.0598
vn -0.3834 -0.8229 0.4192
vn -0.9241 -0.3404 0.1735
vn 0.3823 -0.8234 0.4194
vn 0.9242 -0.3402 0.1734
vn -0.3821 -0.6534 0.6534
vn -0.9242 -0.2700 0.2700
vn 0.3821 -0.6534 0.6534
vn 0.9242 -0.2700 0.2700
vn -0.3823 -0.4194 0.8234
vn -0.9242 -0.1734 0.3402
vn 0.3834 -0.4192 0.8230
vn 0.9241 -0.1735 0.3404
vn -0.3832 -0.1445 0.9123
vn -0.9241 -0.0598 0.3774
vn 0.3822 -0.1446 0.9127
vn 0.9241 -0.0598 0.3774
vn -0.3822 0.1446 0.9127
vn -0.9241 0.0598 0.3774
vn 0.3832 0.1445 0.9123
vn 0.9241 0.0598 0.3774
vn -0.3834 0.4192 0.8230
vn -0.9241 0.1735 0.3404
vn 0.3823 0.4194 0.8234
vn 0.9242 0.1734 0.3402
vn -0.3821 0.6534 0.6534
vn -0.9242 0.2700 0.2700
vn 0.3821 0.6534 0.6534
vn 0.9242 0.2700 0.2700
vn -0.3823 0.8234 0.4194
vn -0.9242 0.3402 0.1734
vn 0.3834 0.8229 0.4192
vn 0.9241 0.3404 0.1735
vn -0.3832 0.9123 0.1445
vn -0.9241 0.3774 0.0598
vn 0.3822 0.9127 0.1446
vn 0.9241 0.3774 0.0598
vn -0.3822 0.9127 -0.1446
vn -0.9241 0.3774 -0.0598
vn 0.3832 0.9123 -0.1445
vn 0.9241 0.3774 -0.0598
vn -0.3834 0.8229 -0.4192
vn -0.9241 0.3404 -0.1735
vn 0.3823 0.8234 -0.4194
vn 0.9242 0.3402 -0.1734
vn -0.3821 0.6534 -0.6534
vn -0.9242 0.2700 -0.2700
vn 0.3821 0.6534 -0.6534
vn 0.9242 0.2700 -0.2700
vn -0.3823 0.4194 -0.8234
vn -0.9242 0.1734 -0.3402
vn 0.3834 0.4192 -0.8230
vn 0.9241 0.1735 -0.3404
vn -0.3832 0.1445 -0.9123
vn -0.9241 0.0598 -0.3774
vn 0.3822 0.1446 -0.9127
vn 0.9241 0.0598 -0.3774
vn -0.0000 -0.1563 -0.9877
vn -0.0000 0.1563 -0.9877
vn -0.0000 -0.4541 -0.8910
vn -0.0000 -0.8910 -0.4541
vn -0.0000 -0.9877 -0.1563
vn -0.0000 -0.9877 0.1563
vn -0.0000 -0.8910 0.4541
vn -0.0000 -0.4541 0.8910
vn -0.0000 -0.1563 0.9877
vn -0.0000 0.1563 0.9877
vn -0.0000 0.4541 0.8910
vn -0.0000 0.8910 0.4541
vn -0.0000 0.9877 0.1563
vn -0.0000 0.9877 -0.1563
vn -0.0000 0.8910 -0.4541
vn -0.0000 0.4541 -0.8910
vn -0.8553 -0.0450 -0.5162
vn -0.3841 0.3014 -0.8727
vn -0.3077 -0.2528 -0.9173
vn 0.8553 0.0450 -0.5162
vn 0.3841 -0.3014 -0.8727
vn 0.3077 0.2528 -0.9173
vn -0.8553 -0.4695 -0.2193
vn -0.3833 -0.6055 -0.6975
vn -0.3092 -0.9207 -0.2381
vn 0.8553 -0.4247 -0.2968
vn 0.3834 -0.9067 -0.1755
vn 0.3093 -0.6665 -0.6784
vn -0.8553 -0.4247 0.2968
vn -0.3834 -0.9067 0.1755
vn -0.3093 -0.6665 0.6784
vn 0.8553 -0.4695 0.2193
vn 0.3833 -0.6055 0.6975
vn 0.3092 -0.9207 0.2381
vn -0.8553 0.0450 0.5162
vn -0.3841 -0.3014 0.8727
vn -0.3077 0.2528 0.9173
vn 0.8553 -0.0450 0.5162
vn 0.3841 0.3014 0.8727
vn 0.3077 -0.2528 0.9173
vn -0.8553 0.4695 0.2193
vn -0.3833 0.6055 0.6975
vn -0.3092 0.9207 0.2381
vn 0.8553 0.4247 0.2968
vn 0.3834 0.9067 0.1755
vn 0.3093 0.6665 0.6784
vn -0.8553 0.4247 -0.2968
vn -0.3834 0.9067 -0.1755
vn -0.3093 0.6665 -0.6784
vn 0.8553 0.4695 -0.2193
vn 0.3833 0.6055 -0.6975
vn 0.3092 0.9207 -0.2381
vn -0.4128 -0.4552 -0.7889
vn -0.9186 -0.1976 -0.3423
vn 0.4121 -0.4553 -0.7892
vn 0.9186 -0.1976 -0.3422
vn -0.0000 0.2657 -0.9641
vn -0.0000 -0.2657 -0.9641
vn -0.0000 -0.9681 -0.2504
vn -0.0000 -0.7008 -0.7133
vn -0.4121 -0.9111 -0.0000
vn -0.9186 -0.3951 -0.0000
vn 0.4121 -0.9111 -0.0000
vn 0.9186 -0.3951 -0.0000
vn -0.0000 -0.7008 0.7133
vn -0.0000 -0.9681 0.2504
vn -0.4121 -0.4553 0.7892
vn -0.9186 -0.1976 0.3422
vn 0.4128 -0.4552 0.7889
vn 0.9186 -0.1976 0.3423
vn -0.0000 0.2657 0.9641
vn -0.0000 -0.2657 0.9641
vn -0.4128 0.4552 0.7889
vn -0.9186 0.1976 0.3423
vn 0.4121 0.4553 0.7892
vn 0.9186 0.1976 0.3422
vn -0.0000 0.9681 0.2504
vn -0.0000 0.7008 0.7133
vn -0.4121 0.9111 -0.0000
vn -0.9186 0.3951 -0.0000
vn 0.4121 0.9111 -0.0000
vn 0.9186 0.3951 -0.0000
vn -0.0000 0.7008 -0.7133
vn -0.0000 0.9681 -0.2504
vn -0.4121 0.4553 -0.7892
vn -0.9186 0.1976 -0.3422
vn 0.4128 0.4552 -0.7889
vn 0.9186 0.1976 -0.3423
vn -0.0000 -0.5004 -0.8658
vn -0.0000 0.5004 -0.8658
vn -0.0000 -0.5004 0.8658
vn -0.0000 0.5004 0.8658
vn -0.9186 -0.3952 -0.0000
vn 0.9186 -0.1977 0.3423
vn 0.9186 0.1977 -0.3423
vn -0.9186 0.3952 -0.0000
vn -0.9239 -0.1803 0.3374
vn 0.9241 -0.1801 0.3371
vn -0.9241 -0.1109 0.3658
vn 0.9240 0.1803 0.3374
vn 0.9241 0.1801 -0.3371
vn -0.9241 0.1109 -0.3658
vn -0.0000 -0.8819 0.4714
vn -0.9186 -0.1977 -0.3423
vn 0.9186 -0.3952 -0.0000
vn -0.9186 0.1977 0.3423
vn 0.9186 0.3952 -0.0000
vn -0.3812 -0.0907 -0.9200
vn 0.3819 -0.0907 -0.9198
vn -0.3831 -0.2680 -0.8840
vn -0.9241 -0.1110 -0.3658
vn 0.3813 -0.2683 -0.8847
vn 0.9242 -0.1109 -0.3655
vn -0.3817 -0.4358 -0.8151
vn -0.9242 -0.1801 -0.3369
vn 0.3830 -0.4355 -0.8146
vn 0.9241 -0.1801 -0.3371
vn -0.3835 -0.5858 -0.7140
vn -0.9241 -0.2425 -0.2954
vn 0.3818 -0.5862 -0.7145
vn 0.9242 -0.2424 -0.2953
vn -0.3818 -0.7145 -0.5863
vn -0.9242 -0.2953 -0.2424
vn 0.3835 -0.7140 -0.5858
vn 0.9241 -0.2954 -0.2425
vn -0.3830 -0.8146 -0.4355
vn -0.9241 -0.3371 -0.1801
vn 0.3817 -0.8151 -0.4358
vn 0.9242 -0.3369 -0.1801
vn -0.3813 -0.8847 -0.2683
vn -0.9242 -0.3655 -0.1109
vn 0.3831 -0.8840 -0.2680
vn 0.9241 -0.3658 -0.1110
vn -0.3819 -0.9198 -0.0907
vn 0.3812 -0.9200 -0.0907
vn -0.3812 -0.9200 0.0907
vn 0.3819 -0.9198 0.0907
vn -0.3831 -0.8840 0.2680
vn -0.9241 -0.3658 0.1110
vn 0.3813 -0.8847 0.2683
vn 0.9242 -0.3655 0.1109
vn -0.3817 -0.8151 0.4358
vn -0.9242 -0.3369 0.1801
vn 0.3830 -0.8146 0.4355
vn 0.9241 -0.3371 0.1801
vn -0.3835 -0.7140 0.5858
vn -0.9241 -0.2954 0.2425
vn 0.3818 -0.7145 0.5863
vn 0.9242 -0.2953 0.2424
vn -0.3818 -0.5862 0.7145
vn -0.9242 -0.2424 0.2953
vn 0.3835 -0.5858 0.7140
vn 0.9241 -0.2425 0.2954
vn -0.3830 -0.4355 0.8146
vn -0.9241 -0.1801 0.3371
vn 0.3817 -0.4358 0.8151
vn 0.9242 -0.1801 0.3369
vn -0.3813 -0.2683 0.8847
vn -0.9242 -0.1109 0.3655
vn 0.3831 -0.2680 0.8840
vn 0.9241 -0.1110 0.3658
vn -0.3819 -0.0907 0.9198
vn 0.3812 -0.0907 0.9200
vn -0.3812 0.0907 0.9200
vn 0.3819 0.0907 0.9198
vn -0.3831 0.2680 0.8840
vn -0.9241 0.1110 0.3658
vn 0.3813 0.2683 0.8847
vn 0.9242 0.1109 0.3655
vn -0.3817 0.4358 0.8151
vn -0.9242 0.1801 0.3369
vn 0.3830 0.4355 0.8146
vn 0.9241 0.1801 0.3371
vn -0.3835 0.5858 0.7140
vn -0.9241 0.2425 0.2954
vn 0.3818 0.5862 0.7145
vn 0.9242 0.2424 0.2953
vn -0.3818 0.7145 0.5863
vn -0.9242 0.2953 0.2424
vn 0.3835 0.7140 0.5858
vn 0.9241 0.2954 0.2425
vn -0.3830 0.8146 0.4355
vn -0.9241 0.3371 0.1801
vn 0.3817 0.8151 0.4358
vn 0.9242 0.3369 0.1801
vn -0.3813 0.8847 0.2683
vn -0.9242 0.3655 0.1109
vn 0.3831 0.8840 0.2680
vn 0.9241 0.3658 0.1110
vn -0.3819 0.9198 0.0907
vn 0.3812 0.9200 0.0907
vn -0.3812 0.9200 -0.0907
vn 0.3819 0.9198 -0.0907
vn -0.3831 0.8840 -0.2680
vn -0.9241 0.3658 -0.1110
vn 0.3813 0.8847 -0.2683
vn 0.9242 0.3655 -0.1109
vn -0.3817 0.8151 -0.4358
vn -0.9242 0.3369 -0.1801
vn 0.3830 0.8146 -0.4355
vn 0.9241 0.3371 -0.1801
vn -0.3835 0.7140 -0.5858
vn -0.9241 0.2954 -0.2425
vn 0.3818 0.7145 -0.5863
vn 0.9242 0.2953 -0.2424
vn -0.3818 0.5862 -0.7145
vn -0.9242 0.2424 -0.2953
vn 0.3835 0.5858 -0.7140
vn 0.9241 0.2425 -0.2954
vn -0.3830 0.4355 -0.8146
vn -0.9241 0.1801 -0.3371
vn 0.3817 0.4358 -0.8151
vn 0.9242 0.1801 -0.3369
vn -0.3813 0.2683 -0.8847
vn -0.9242 0.1109 -0.3655
vn 0.3831 0.2680 -0.8840
vn 0.9241 0.1110 -0.3658
vn -0.3819 0.0907 -0.9198
vn 0.3812 0.0907 -0.9200
vn -0.2638 -0.9319 0.2492
vn -0.2175 -0.6902 0.6902
vn -0.2492 -0.2638 0.9319
vn -0.6902 -0.2176 0.6902
vn -0.9319 -0.2492 0.2638
vn -0.6902 -0.6902 0.2176
vn -0.2638 0.2492 0.9318
vn -0.2176 0.6902 0.6902
vn -0.2492 0.9319 0.2638
vn -0.9318 0.2638 0.2492
vn -0.2492 -0.9318 -0.2638
vn -0.6902 -0.6902 -0.2175
vn -0.9318 -0.2638 -0.2492
vn -0.6902 -0.2175 -0.6902
vn -0.2638 -0.2492 -0.9319
vn -0.2176 -0.6902 -0.6902
vn -0.2638 0.9319 -0.2492
vn -0.2176 0.6902 -0.6902
vn -0.2492 0.2638 -0.9319
vn -0.9319 0.2492 -0.2638
vn 0.2492 -0.9318 0.2638
vn 0.9318 -0.2638 0.2492
vn 0.6902 -0.2176 0.6902
vn 0.2638 -0.2492 0.9318
vn 0.2175 -0.6902 0.6902
vn 0.2638 0.9318 0.2492
vn 0.2176 0.6902 0.6902
vn 0.2492 0.2638 0.9318
vn 0.9318 0.2492 0.2638
vn 0.6902 0.6902 0.2175
vn 0.2638 -0.9319 -0.2492
vn 0.2176 -0.6902 -0.6902
vn 0.2492 -0.2638 -0.9319
vn 0.6902 -0.2176 -0.6902
vn 0.9319 -0.2492 -0.2638
vn 0.6902 -0.6902 -0.2175
vn 0.2492 0.9318 -0.2638
vn 0.9318 0.2638 -0.2492
vn 0.6902 0.2175 -0.6902
vn 0.2638 0.2492 -0.9319
vn 0.2176 0.6902 -0.6902
vn -0.3826 -0.0905 -0.9195
vn -0.9242 -0.0375 -0.3801
vn 0.3819 -0.0905 -0.9198
vn -0.3831 -0.2681 -0.8839
vn 0.3826 -0.2682 -0.8841
vn -0.3829 -0.4355 -0.8147
vn -0.9240 -0.1803 -0.3373
vn 0.9241 -0.1802 -0.3371
vn -0.3835 -0.5859 -0.7139
vn 0.3829 -0.5860 -0.7141
vn 0.9240 -0.2426 -0.2956
vn -0.3829 -0.7141 -0.5860
vn -0.9240 -0.2956 -0.2426
vn 0.3835 -0.7139 -0.5859
vn -0.9241 -0.3371 -0.1802
vn 0.3829 -0.8147 -0.4355
vn 0.9240 -0.3373 -0.1803
vn -0.3826 -0.8841 -0.2682
vn 0.3831 -0.8839 -0.2681
vn -0.3819 -0.9198 -0.0905
vn 0.3826 -0.9195 -0.0905
vn 0.9242 -0.3801 -0.0375
vn -0.3826 -0.9195 0.0905
vn -0.9242 -0.3801 0.0375
vn 0.3819 -0.9198 0.0905
vn -0.3831 -0.8839 0.2681
vn 0.3826 -0.8841 0.2682
vn -0.3829 -0.8147 0.4355
vn -0.9240 -0.3373 0.1803
vn 0.9241 -0.3371 0.1802
vn -0.3835 -0.7139 0.5859
vn 0.3829 -0.7141 0.5860
vn 0.9240 -0.2956 0.2426
vn -0.3829 -0.5860 0.7141
vn -0.9240 -0.2426 0.2956
vn 0.3835 -0.5859 0.7139
vn -0.9241 -0.1802 0.3371
vn 0.3829 -0.4355 0.8147
vn 0.9240 -0.1803 0.3373
vn -0.3826 -0.2682 0.8841
vn 0.3831 -0.2681 0.8839
vn -0.3819 -0.0905 0.9198
vn 0.3826 -0.0905 0.9195
vn -0.3826 0.0905 0.9195
vn -0.9242 0.0375 0.3801
vn 0.3819 0.0905 0.9198
vn -0.3831 0.2681 0.8839
vn 0.3826 0.2682 0.8841
vn -0.3829 0.4355 0.8147
vn -0.9240 0.1803 0.3373
vn 0.9241 0.1802 0.3371
vn -0.3835 0.5859 0.7139
vn 0.3829 0.5860 0.7141
vn 0.9240 0.2426 0.2956
vn -0.3829 0.7141 0.5860
vn -0.9240 0.2956 0.2426
vn 0.3835 0.7139 0.5859
vn -0.9241 0.3371 0.1802
vn 0.3829 0.8147 0.4355
vn 0.9240 0.3373 0.1803
vn -0.3826 0.8841 0.2682
vn 0.3831 0.8839 0.2681
vn -0.3819 0.9198 0.0905
vn 0.3826 0.9195 0.0905
vn 0.9242 0.3801 0.0375
vn -0.3826 0.9195 -0.0905
vn -0.9242 0.3801 -0.0375
vn 0.3819 0.9198 -0.0905
vn -0.3831 0.8839 -0.2681
vn 0.3826 0.8841 -0.2682
vn -0.3829 0.8147 -0.4355
vn -0.9240 0.3373 -0.1803
vn 0.9241 0.3371 -0.1802
vn -0.3835 0.7139 -0.5859
vn 0.3829 0.7141 -0.5860
vn 0.9240 0.2956 -0.2426
vn -0.3829 0.5860 -0.7141
vn -0.9240 0.2426 -0.2956
vn 0.3835 0.5859 -0.7139
vn -0.9241 0.1802 -0.3371
vn 0.3829 0.4355 -0.8147
vn 0.9240 0.1803 -0.3373
vn -0.3826 0.2682 -0.8841
vn 0.3831 0.2681 -0.8839
vn -0.3819 0.0905 -0.9198
vn 0.3826 0.0905 -0.9195
vn -0.0000 -0.8819 -0.4714
vn -0.0000 0.8819 0.4714
vn -0.3832 -0.1444 -0.9123
vn 0.3822 -0.1445 -0.9127
vn -0.3823 -0.4196 -0.8233
vn -0.9242 -0.1733 -0.3402
vn 0.3834 -0.4194 -0.8229
vn 0.9241 -0.1734 -0.3405
vn -0.3834 -0.8229 -0.4194
vn -0.9241 -0.3404 -0.1734
vn 0.3823 -0.8233 -0.4196
vn 0.9242 -0.3402 -0.1733
vn -0.3822 -0.9127 -0.1445
vn 0.3832 -0.9123 -0.1444
vn -0.3832 -0.9123 0.1444
vn 0.3822 -0.9127 0.1445
vn -0.3823 -0.8233 0.4196
vn -0.9242 -0.3402 0.1733
vn 0.3834 -0.8229 0.4194
vn 0.9241 -0.3404 0.1734
vn -0.3834 -0.4194 0.8229
vn -0.9241 -0.1734 0.3405
vn 0.3823 -0.4196 0.8233
vn 0.9242 -0.1733 0.3402
vn -0.3822 -0.1445 0.9127
vn 0.3832 -0.1444 0.9123
vn -0.3832 0.1444 0.9123
vn 0.3822 0.1445 0.9127
vn -0.3823 0.4196 0.8233
vn -0.9242 0.1733 0.3402
vn 0.3834 0.4194 0.8229
vn 0.9241 0.1734 0.3405
vn -0.3834 0.8229 0.4194
vn -0.9241 0.3404 0.1734
vn 0.3823 0.8233 0.4196
vn 0.9242 0.3402 0.1733
vn -0.3822 0.9127 0.1445
vn 0.3832 0.9123 0.1444
vn -0.3832 0.9123 -0.1444
vn 0.3822 0.9127 -0.1445
vn -0.3823 0.8233 -0.4196
vn -0.9242 0.3402 -0.1733
vn 0.3834 0.8229 -0.4194
vn 0.9241 0.3404 -0.1734
vn -0.3834 0.4194 -0.8229
vn -0.9241 0.1734 -0.3405
vn 0.3823 0.4196 -0.8233
vn 0.9242 0.1733 -0.3402
vn -0.3822 0.1445 -0.9127
vn 0.3832 0.1444 -0.9123
vn -0.8553 0.0450 -0.5162
vn -0.3077 0.2528 -0.9173
vn -0.3841 -0.3014 -0.8727
vn 0.8553 -0.0450 -0.5162
vn 0.3077 -0.2528 -0.9173
vn 0.3841 0.3014 -0.8727
vn -0.8553 -0.4247 -0.2968
vn -0.3093 -0.6665 -0.6784
vn -0.3834 -0.9067 -0.1755
vn 0.8553 -0.4695 -0.2193
vn 0.3092 -0.9207 -0.2381
vn 0.3833 -0.6055 -0.6975
vn -0.8553 -0.4695 0.2193
vn -0.3092 -0.9207 0.2381
vn -0.3833 -0.6055 0.6975
vn 0.8553 -0.4247 0.2968
vn 0.3093 -0.6665 0.6784
vn 0.3834 -0.9067 0.1755
vn -0.8553 -0.0450 0.5162
vn -0.3077 -0.2528 0.9173
vn -0.3841 0.3014 0.8727
vn 0.8553 0.0450 0.5162
vn 0.3077 0.2528 0.9173
vn 0.3841 -0.3014 0.8727
vn -0.8553 0.4247 0.2968
vn -0.3093 0.6665 0.6784
vn -0.3834 0.9067 0.1755
vn 0.8553 0.4695 0.2193
vn 0.3092 0.9207 0.2381
vn 0.3833 0.6055 0.6975
vn -0.8553 0.4695 -0.2193
vn -0.3092 0.9207 -0.2381
vn -0.3833 0.6055 -0.6975
vn 0.8553 0.4247 -0.2968
vn 0.3093 0.6665 -0.6784
vn 0.3834 0.9067 -0.1755
vn -0.4120 -0.4560 -0.7889
vn -0.9186 -0.1974 -0.3422
vn 0.4129 -0.4558 -0.7885
vn 0.9185 -0.1976 -0.3424
vn -0.4129 -0.4558 0.7885
vn -0.9185 -0.1976 0.3424
vn 0.4120 -0.4560 0.7889
vn 0.9186 -0.1974 0.3422
vn -0.4120 0.4560 0.7889
vn -0.9186 0.1974 0.3422
vn 0.4129 0.4558 0.7885
vn 0.9185 0.1976 0.3424
vn -0.4129 0.4558 -0.7885
vn -0.9185 0.1976 -0.3424
vn 0.4120 0.4560 -0.7889
vn 0.9186 0.1974 -0.3422
vn -0.9186 -0.1975 -0.3422
vn -0.9186 0.1975 0.3422
vn 0.9242 -0.0375 0.3801
vn 0.9242 0.0375 -0.3801
vn 0.9186 -0.1975 0.3422
vn 0.9186 0.1975 -0.3422
s 0
usemtl DetailGraphite
f 2//1 9//1 3//1
f 3//2 7//2 1//2
f 11//3 6//3 12//3
f 12//4 4//4 10//4
f 8//5 15//5 9//5
f 9//6 13//6 7//6
f 17//7 12//7 18//7
f 18//8 10//8 16//8
f 14//9 21//9 15//9
f 15//10 19//10 13//10
f 23//11 18//11 24//11
f 24//12 16//12 22//12
f 20//13 27//13 21//13
f 21//14 25//14 19//14
f 29//15 24//15 30//15
f 30//16 22//16 28//16
f 26//17 33//17 27//17
f 27//18 31//18 25//18
f 35//19 30//19 36//19
f 36//20 28//20 34//20
f 32//21 39//21 33//21
f 33//22 37//22 31//22
f 41//23 36//23 42//23
f 42//24 34//24 40//24
f 38//25 45//25 39//25
f 39//26 43//26 37//26
f 47//27 42//27 48//27
f 48//28 40//28 46//28
f 44//29 51//29 45//29
f 45//30 49//30 43//30
f 53//31 48//31 54//31
f 54//32 46//32 52//32
f 50//33 57//33 51//33
f 51//34 55//34 49//34
f 59//35 54//35 60//35
f 60//36 52//36 58//36
f 56//37 63//37 57//37
f 57//38 61//38 55//38
f 65//39 60//39 66//39
f 66//40 58//40 64//40
f 62//41 69//41 63//41
f 63//42 67//42 61//42
f 71//43 66//43 72//43
f 72//44 64//44 70//44
f 68//45 75//45 69//45
f 69//46 73//46 67//46
f 77//47 72//47 78//47
f 78//48 70//48 76//48
f 74//49 81//49 75//49
f 75//50 79//50 73//50
f 83//51 78//51 84//51
f 84//52 76//52 82//52
f 80//53 87//53 81//53
f 81//54 85//54 79//54
f 89//55 84//55 90//55
f 90//56 82//56 88//56
f 86//57 93//57 87//57
f 87//58 91//58 85//58
f 95//59 90//59 96//59
f 96//60 88//60 94//60
f 92//61 99//61 93//61
f 93//62 97//62 91//62
f 101//63 96//63 102//63
f 102//64 94//64 100//64
f 98//65 105//65 99//65
f 99//66 103//66 97//66
f 107//67 102//67 108//67
f 108//68 100//68 106//68
f 104//69 111//69 105//69
f 105//70 109//70 103//70
f 113//71 108//71 114//71
f 114//72 106//72 112//72
f 110//73 117//73 111//73
f 111//74 115//74 109//74
f 119//75 114//75 120//75
f 120//76 112//76 118//76
f 116//77 123//77 117//77
f 117//78 121//78 115//78
f 125//79 120//79 126//79
f 126//80 118//80 124//80
f 122//81 129//81 123//81
f 123//82 127//82 121//82
f 131//83 126//83 132//83
f 132//84 124//84 130//84
f 128//85 135//85 129//85
f 129//86 133//86 127//86
f 137//87 132//87 138//87
f 138//88 130//88 136//88
f 134//89 141//89 135//89
f 135//90 139//90 133//90
f 143//91 138//91 144//91
f 144//92 136//92 142//92
f 140//93 147//93 141//93
f 141//94 145//94 139//94
f 149//95 144//95 150//95
f 150//96 142//96 148//96
f 146//97 153//97 147//97
f 147//98 151//98 145//98
f 155//99 150//99 156//99
f 156//100 148//100 154//100
f 152//101 159//101 153//101
f 153//102 157//102 151//102
f 161//103 156//103 162//103
f 162//104 154//104 160//104
f 158//105 165//105 159//105
f 159//106 163//106 157//106
f 167//107 162//107 168//107
f 168//108 160//108 166//108
f 164//109 171//109 165//109
f 165//110 169//110 163//110
f 173//111 168//111 174//111
f 174//112 166//112 172//112
f 170//113 177//113 171//113
f 171//114 175//114 169//114
f 179//115 174//115 180//115
f 180//116 172//116 178//116
f 176//117 183//117 177//117
f 177//118 181//118 175//118
f 185//119 180//119 186//119
f 186//120 178//120 184//120
f 182//121 189//121 183//121
f 183//122 187//122 181//122
f 191//123 186//123 192//123
f 192//124 184//124 190//124
f 188//125 3//125 189//125
f 189//126 1//126 187//126
f 5//127 192//127 6//127
f 6//128 190//128 4//128
f 91//129 139//129 187//129
f 2//130 11//130 8//130
f 188//131 5//131 2//131
f 112//132 64//132 16//132
f 8//133 17//133 14//133
f 14//134 23//134 20//134
f 20//135 29//135 26//135
f 26//136 35//136 32//136
f 32//137 41//137 38//137
f 38//138 47//138 44//138
f 44//139 53//139 50//139
f 50//140 59//140 56//140
f 56//141 65//141 62//141
f 62//142 71//142 68//142
f 68//143 77//143 74//143
f 74//144 83//144 80//144
f 80//145 89//145 86//145
f 86//146 95//146 92//146
f 92//147 101//147 98//147
f 98//148 107//148 104//148
f 104//149 113//149 110//149
f 110//150 119//150 116//150
f 116//151 125//151 122//151
f 122//152 131//152 128//152
f 128//153 137//153 134//153
f 134//154 143//154 140//154
f 140//155 149//155 146//155
f 146//156 155//156 152//156
f 152//157 161//157 158//157
f 158//158 167//158 164//158
f 164//159 173//159 170//159
f 170//160 179//160 176//160
f 176//161 185//161 182//161
f 182//162 191//162 188//162
f 193//163 198//163 197//163
f 196//164 201//164 198//164
f 194//165 201//165 200//165
f 199//166 204//166 201//166
f 195//167 204//167 203//167
f 202//168 198//168 204//168
f 198//169 201//169 204//169
f 205//170 210//170 209//170
f 208//171 213//171 210//171
f 206//172 213//172 212//172
f 211//173 216//173 213//173
f 207//174 216//174 215//174
f 214//175 210//175 216//175
f 210//176 213//176 216//176
f 217//177 222//177 221//177
f 220//178 225//178 222//178
f 218//179 225//179 224//179
f 223//180 228//180 225//180
f 219//181 228//181 227//181
f 226//182 222//182 228//182
f 222//183 225//183 228//183
f 229//184 234//184 233//184
f 232//185 237//185 234//185
f 230//186 237//186 236//186
f 235//187 240//187 237//187
f 231//188 240//188 239//188
f 238//189 234//189 240//189
f 234//190 237//190 240//190
f 241//191 246//191 245//191
f 244//192 249//192 246//192
f 242//193 249//193 248//193
f 247//194 252//194 249//194
f 243//195 252//195 251//195
f 250//196 246//196 252//196
f 246//197 249//197 252//197
f 253//198 258//198 257//198
f 256//199 261//199 258//199
f 254//200 261//200 260//200
f 259//201 264//201 261//201
f 255//202 264//202 263//202
f 262//203 258//203 264//203
f 258//204 261//204 264//204
f 265//205 270//205 269//205
f 268//206 273//206 270//206
f 266//207 273//207 272//207
f 271//208 276//208 273//208
f 267//209 276//209 275//209
f 274//210 270//210 276//210
f 270//211 273//211 276//211
f 277//212 282//212 281//212
f 280//213 285//213 282//213
f 278//214 285//214 284//214
f 283//215 288//215 285//215
f 279//216 288//216 287//216
f 286//217 282//217 288//217
f 282//218 285//218 288//218
f 217//219 197//219 220//219
f 220//220 202//220 224//220
f 224//221 195//221 218//221
f 194//222 209//222 199//222
f 199//223 214//223 203//223
f 203//224 207//224 195//224
f 206//225 233//225 211//225
f 211//226 238//226 215//226
f 215//227 231//227 207//227
f 230//228 227//228 235//228
f 235//229 223//229 239//229
f 239//230 218//230 231//230
f 265//231 221//231 268//231
f 268//232 226//232 272//232
f 272//233 219//233 266//233
f 229//234 281//234 232//234
f 232//235 286//235 236//235
f 236//236 279//236 230//236
f 278//237 275//237 283//237
f 283//238 271//238 287//238
f 287//239 266//239 279//239
f 241//240 269//240 244//240
f 244//241 274//241 248//241
f 248//242 267//242 242//242
f 277//243 257//243 280//243
f 280//244 262//244 284//244
f 284//245 255//245 278//245
f 254//246 251//246 259//246
f 259//247 247//247 263//247
f 263//248 242//248 255//248
f 193//249 245//249 196//249
f 196//250 250//250 200//250
f 200//251 243//251 194//251
f 253//252 212//252 256//252
f 256//253 208//253 260//253
f 260//254 205//254 254//254
f 217//255 241//255 193//255
f 195//129 231//129 218//129
f 243//256 205//256 194//256
f 277//257 206//257 253//257
f 219//258 279//258 266//258
f 267//132 255//132 242//132
f 2//539 8//539 9//539
f 3//2 9//2 7//2
f 11//540 5//540 6//540
f 12//4 6//4 4//4
f 8//541 14//541 15//541
f 9//542 15//542 13//542
f 17//543 11//543 12//543
f 18//544 12//544 10//544
f 14//545 20//545 21//545
f 15//546 21//546 19//546
f 23//547 17//547 18//547
f 24//548 18//548 16//548
f 20//549 26//549 27//549
f 21//550 27//550 25//550
f 29//551 23//551 24//551
f 30//552 24//552 22//552
f 26//553 32//553 33//553
f 27//554 33//554 31//554
f 35//555 29//555 30//555
f 36//556 30//556 28//556
f 32//557 38//557 39//557
f 33//558 39//558 37//558
f 41//559 35//559 36//559
f 42//560 36//560 34//560
f 38//561 44//561 45//561
f 39//562 45//562 43//562
f 47//563 41//563 42//563
f 48//564 42//564 40//564
f 44//565 50//565 51//565
f 45//30 51//30 49//30
f 53//566 47//566 48//566
f 54//32 48//32 46//32
f 50//567 56//567 57//567
f 51//34 57//34 55//34
f 59//568 53//568 54//568
f 60//36 54//36 52//36
f 56//569 62//569 63//569
f 57//570 63//570 61//570
f 65//571 59//571 60//571
f 66//572 60//572 58//572
f 62//573 68//573 69//573
f 63//574 69//574 67//574
f 71//575 65//575 66//575
f 72//576 66//576 64//576
f 68//577 74//577 75//577
f 69//578 75//578 73//578
f 77//579 71//579 72//579
f 78//580 72//580 70//580
f 74//581 80//581 81//581
f 75//582 81//582 79//582
f 83//583 77//583 78//583
f 84//584 78//584 76//584
f 80//585 86//585 87//585
f 81//586 87//586 85//586
f 89//587 83//587 84//587
f 90//588 84//588 82//588
f 86//589 92//589 93//589
f 87//590 93//590 91//590
f 95//591 89//591 90//591
f 96//592 90//592 88//592
f 92//593 98//593 99//593
f 93//62 99//62 97//62
f 101//594 95//594 96//594
f 102//64 96//64 94//64
f 98//595 104//595 105//595
f 99//66 105//66 103//66
f 107//596 101//596 102//596
f 108//68 102//68 100//68
f 104//597 110//597 111//597
f 105//598 111//598 109//598
f 113//599 107//599 108//599
f 114//600 108//600 106//600
f 110//601 116//601 117//601
f 111//602 117//602 115//602
f 119//603 113//603 114//603
f 120//604 114//604 112//604
f 116//605 122//605 123//605
f 117//606 123//606 121//606
f 125//607 119//607 120//607
f 126//608 120//608 118//608
f 122//609 128//609 129//609
f 123//610 129//610 127//610
f 131//611 125//611 126//611
f 132//612 126//612 124//612
f 128//613 134//613 135//613
f 129//614 135//614 133//614
f 137//615 131//615 132//615
f 138//616 132//616 130//616
f 134//617 140//617 141//617
f 135//618 141//618 139//618
f 143//619 137//619 138//619
f 144//620 138//620 136//620
f 140//621 146//621 147//621
f 141//94 147//94 145//94
f 149//622 143//622 144//622
f 150//96 144//96 142//96
f 146//623 152//623 153//623
f 147//98 153//98 151//98
f 155//624 149//624 150//624
f 156//100 150//100 148//100
f 152//625 158//625 159//625
f 153//626 159//626 157//626
f 161//627 155//627 156//627
f 162//628 156//628 154//628
f 158//629 164//629 165//629
f 159//630 165//630 163//630
f 167//631 161//631 162//631
f 168//632 162//632 160//632
f 164//633 170//633 171//633
f 165//634 171//634 169//634
f 173//635 167//635 168//635
f 174//636 168//636 166//636
f 170//637 176//637 177//637
f 171//638 177//638 175//638
f 179//639 173//639 174//639
f 180//640 174//640 172//640
f 176//641 182//641 183//641
f 177//642 183//642 181//642
f 185//643 179//643 180//643
f 186//644 180//644 178//644
f 182//645 188//645 189//645
f 183//646 189//646 187//646
f 191//647 185//647 186//647
f 192//648 186//648 184//648
f 188//649 2//649 3//649
f 189//126 3//126 1//126
f 5//650 191//650 192//650
f 6//128 192//128 190//128
f 187//129 1//129 7//129
f 7//129 13//129 19//129
f 19//129 25//129 31//129
f 31//129 37//129 43//129
f 43//129 49//129 55//129
f 55//129 61//129 67//129
f 67//129 73//129 79//129
f 79//129 85//129 91//129
f 91//129 97//129 103//129
f 103//129 109//129 115//129
f 115//129 121//129 127//129
f 127//129 133//129 139//129
f 139//129 145//129 151//129
f 151//129 157//129 163//129
f 163//129 169//129 175//129
f 175//129 181//129 187//129
f 187//129 7//129 19//129
f 19//129 31//129 43//129
f 43//129 55//129 67//129
f 67//129 79//129 91//129
f 91//129 103//129 115//129
f 115//129 127//129 139//129
f 139//129 151//129 163//129
f 163//129 175//129 187//129
f 187//129 19//129 43//129
f 43//129 67//129 91//129
f 91//129 115//129 139//129
f 139//129 163//129 187//129
f 187//129 43//129 91//129
f 2//130 5//130 11//130
f 188//131 191//131 5//131
f 16//132 10//132 4//132
f 4//132 190//132 184//132
f 184//132 178//132 172//132
f 172//132 166//132 160//132
f 160//132 154//132 148//132
f 148//132 142//132 136//132
f 136//132 130//132 124//132
f 124//132 118//132 112//132
f 112//132 106//132 100//132
f 100//132 94//132 88//132
f 88//132 82//132 76//132
f 76//132 70//132 64//132
f 64//132 58//132 52//132
f 52//132 46//132 40//132
f 40//132 34//132 28//132
f 28//132 22//132 16//132
f 16//132 4//132 184//132
f 184//132 172//132 160//132
f 160//132 148//132 136//132
f 136//132 124//132 112//132
f 112//132 100//132 88//132
f 88//132 76//132 64//132
f 64//132 52//132 40//132
f 40//132 28//132 16//132
f 16//132 184//132 160//132
f 160//132 136//132 112//132
f 112//132 88//132 64//132
f 64//132 40//132 16//132
f 16//132 160//132 112//132
f 8//133 11//133 17//133
f 14//134 17//134 23//134
f 20//135 23//135 29//135
f 26//136 29//136 35//136
f 32//137 35//137 41//137
f 38//138 41//138 47//138
f 44//139 47//139 53//139
f 50//140 53//140 59//140
f 56//141 59//141 65//141
f 62//142 65//142 71//142
f 68//143 71//143 77//143
f 74//144 77//144 83//144
f 80//145 83//145 89//145
f 86//146 89//146 95//146
f 92//147 95//147 101//147
f 98//148 101//148 107//148
f 104//149 107//149 113//149
f 110//150 113//150 119//150
f 116//151 119//151 125//151
f 122//152 125//152 131//152
f 128//153 131//153 137//153
f 134//154 137//154 143//154
f 140//155 143//155 149//155
f 146//156 149//156 155//156
f 152//157 155//157 161//157
f 158//158 161//158 167//158
f 164//159 167//159 173//159
f 170//160 173//160 179//160
f 176//161 179//161 185//161
f 182//162 185//162 191//162
f 193//651 196//651 198//651
f 196//652 200//652 201//652
f 194//653 199//653 201//653
f 199//654 203//654 204//654
f 195//655 202//655 204//655
f 202//656 197//656 198//656
f 205//657 208//657 210//657
f 208//658 212//658 213//658
f 206//659 211//659 213//659
f 211//173 215//173 216//173
f 207//660 214//660 216//660
f 214//175 209//175 210//175
f 217//661 220//661 222//661
f 220//662 224//662 225//662
f 218//663 223//663 225//663
f 223//664 227//664 228//664
f 219//665 226//665 228//665
f 226//666 221//666 222//666
f 229//667 232//667 234//667
f 232//668 236//668 237//668
f 230//669 235//669 237//669
f 235//187 239//187 240//187
f 231//670 238//670 240//670
f 238//189 233//189 234//189
f 241//671 244//671 246//671
f 244//192 248//192 249//192
f 242//672 247//672 249//672
f 247//673 251//673 252//673
f 243//674 250//674 252//674
f 250//675 245//675 246//675
f 253//676 256//676 258//676
f 256//677 260//677 261//677
f 254//678 259//678 261//678
f 259//201 263//201 264//201
f 255//679 262//679 264//679
f 262//680 257//680 258//680
f 265//681 268//681 270//681
f 268//682 272//682 273//682
f 266//683 271//683 273//683
f 271//684 275//684 276//684
f 267//685 274//685 276//685
f 274//686 269//686 270//686
f 277//687 280//687 282//687
f 280//213 284//213 285//213
f 278//688 283//688 285//688
f 283//689 287//689 288//689
f 279//690 286//690 288//690
f 286//691 281//691 282//691
f 217//219 193//219 197//219
f 220//220 197//220 202//220
f 224//221 202//221 195//221
f 194//222 205//222 209//222
f 199//223 209//223 214//223
f 203//224 214//224 207//224
f 206//225 229//225 233//225
f 211//226 233//226 238//226
f 215//227 238//227 231//227
f 230//228 219//228 227//228
f 235//229 227//229 223//229
f 239//230 223//230 218//230
f 265//231 217//231 221//231
f 268//232 221//232 226//232
f 272//233 226//233 219//233
f 229//234 277//234 281//234
f 232//235 281//235 286//235
f 236//236 286//236 279//236
f 278//237 267//237 275//237
f 283//238 275//238 271//238
f 287//239 271//239 266//239
f 241//240 265//240 269//240
f 244//241 269//241 274//241
f 248//242 274//242 267//242
f 277//243 253//243 257//243
f 280//244 257//244 262//244
f 284//245 262//245 255//245
f 254//246 243//246 251//246
f 259//247 251//247 247//247
f 263//248 247//248 242//248
f 193//249 241//249 245//249
f 196//250 245//250 250//250
f 200//251 250//251 243//251
f 253//252 206//252 212//252
f 256//253 212//253 208//253
f 260//254 208//254 205//254
f 217//255 265//255 241//255
f 195//129 207//129 231//129
f 243//256 254//256 205//256
f 277//257 229//257 206//257
f 219//258 230//258 279//258
f 267//132 278//132 255//132
usemtl DetailTeal
f 290//1 297//1 291//1
f 291//2 295//2 289//2
f 299//259 294//259 300//259
f 300//4 292//4 298//4
f 296//260 303//260 297//260
f 297//6 301//6 295//6
f 305//7 300//7 306//7
f 306//261 298//261 304//261
f 302//262 309//262 303//262
f 303//263 307//263 301//263
f 311//264 306//264 312//264
f 312//265 304//265 310//265
f 308//266 315//266 309//266
f 309//267 313//267 307//267
f 317//15 312//15 318//15
f 318//16 310//16 316//16
f 314//17 321//17 315//17
f 315//18 319//18 313//18
f 323//268 318//268 324//268
f 324//269 316//269 322//269
f 320//270 327//270 321//270
f 321//271 325//271 319//271
f 329//272 324//272 330//272
f 330//273 322//273 328//273
f 326//25 333//25 327//25
f 327//26 331//26 325//26
f 335//274 330//274 336//274
f 336//28 328//28 334//28
f 332//275 339//275 333//275
f 333//30 337//30 331//30
f 341//31 336//31 342//31
f 342//32 334//32 340//32
f 338//33 345//33 339//33
f 339//34 343//34 337//34
f 347//276 342//276 348//276
f 348//36 340//36 346//36
f 344//277 351//277 345//277
f 345//38 349//38 343//38
f 353//39 348//39 354//39
f 354//40 346//40 352//40
f 350//278 357//278 351//278
f 351//279 355//279 349//279
f 359//280 354//280 360//280
f 360//281 352//281 358//281
f 356//282 363//282 357//282
f 357//283 361//283 355//283
f 365//47 360//47 366//47
f 366//48 358//48 364//48
f 362//49 369//49 363//49
f 363//50 367//50 361//50
f 371//284 366//284 372//284
f 372//285 364//285 370//285
f 368//286 375//286 369//286
f 369//287 373//287 367//287
f 377//288 372//288 378//288
f 378//56 370//56 376//56
f 374//57 381//57 375//57
f 375//58 379//58 373//58
f 383//289 378//289 384//289
f 384//60 376//60 382//60
f 380//290 387//290 381//290
f 381//62 385//62 379//62
f 389//63 384//63 390//63
f 390//64 382//64 388//64
f 386//65 393//65 387//65
f 387//66 391//66 385//66
f 395//291 390//291 396//291
f 396//68 388//68 394//68
f 392//292 399//292 393//292
f 393//70 397//70 391//70
f 401//71 396//71 402//71
f 402//293 394//293 400//293
f 398//294 405//294 399//294
f 399//295 403//295 397//295
f 407//296 402//296 408//296
f 408//297 400//297 406//297
f 404//298 411//298 405//298
f 405//299 409//299 403//299
f 413//79 408//79 414//79
f 414//80 406//80 412//80
f 410//81 417//81 411//81
f 411//82 415//82 409//82
f 419//300 414//300 420//300
f 420//301 412//301 418//301
f 416//302 423//302 417//302
f 417//303 421//303 415//303
f 425//304 420//304 426//304
f 426//305 418//305 424//305
f 422//89 429//89 423//89
f 423//90 427//90 421//90
f 431//306 426//306 432//306
f 432//92 424//92 430//92
f 428//307 435//307 429//307
f 429//94 433//94 427//94
f 437//95 432//95 438//95
f 438//96 430//96 436//96
f 434//97 441//97 435//97
f 435//98 439//98 433//98
f 443//308 438//308 444//308
f 444//100 436//100 442//100
f 440//309 447//309 441//309
f 441//102 445//102 439//102
f 449//103 444//103 450//103
f 450//104 442//104 448//104
f 446//310 453//310 447//310
f 447//311 451//311 445//311
f 455//312 450//312 456//312
f 456//313 448//313 454//313
f 452//314 459//314 453//314
f 453//315 457//315 451//315
f 461//111 456//111 462//111
f 462//112 454//112 460//112
f 458//113 465//113 459//113
f 459//114 463//114 457//114
f 467//316 462//316 468//316
f 468//317 460//317 466//317
f 464//318 471//318 465//318
f 465//319 469//319 463//319
f 473//320 468//320 474//320
f 474//120 466//120 472//120
f 470//121 477//121 471//121
f 471//122 475//122 469//122
f 479//321 474//321 480//321
f 480//124 472//124 478//124
f 476//322 291//322 477//322
f 477//126 289//126 475//126
f 293//127 480//127 294//127
f 294//128 478//128 292//128
f 379//129 427//129 475//129
f 290//323 299//323 296//323
f 476//324 293//324 290//324
f 400//132 352//132 304//132
f 296//325 305//325 302//325
f 302//326 311//326 308//326
f 308//327 317//327 314//327
f 314//328 323//328 320//328
f 320//137 329//137 326//137
f 326//329 335//329 332//329
f 332//330 341//330 338//330
f 338//331 347//331 344//331
f 344//332 353//332 350//332
f 350//142 359//142 356//142
f 356//333 365//333 362//333
f 362//334 371//334 368//334
f 368//335 377//335 374//335
f 374//336 383//336 380//336
f 380//337 389//337 386//337
f 386//338 395//338 392//338
f 392//339 401//339 398//339
f 398//340 407//340 404//340
f 404//341 413//341 410//341
f 410//342 419//342 416//342
f 416//153 425//153 422//153
f 422//343 431//343 428//343
f 428//344 437//344 434//344
f 434//345 443//345 440//345
f 440//346 449//346 446//346
f 446//347 455//347 452//347
f 452//348 461//348 458//348
f 458//349 467//349 464//349
f 464//350 473//350 470//350
f 470//351 479//351 476//351
f 938//1 945//1 939//1
f 939//2 943//2 937//2
f 947//259 942//259 948//259
f 948//4 940//4 946//4
f 944//260 951//260 945//260
f 945//6 949//6 943//6
f 953//7 948//7 954//7
f 954//8 946//8 952//8
f 950//262 957//262 951//262
f 951//10 955//10 949//10
f 959//264 954//264 960//264
f 960//265 952//265 958//265
f 956//266 963//266 957//266
f 957//267 961//267 955//267
f 965//15 960//15 966//15
f 966//16 958//16 964//16
f 962//17 969//17 963//17
f 963//18 967//18 961//18
f 971//268 966//268 972//268
f 972//269 964//269 970//269
f 968//270 975//270 969//270
f 969//271 973//271 967//271
f 977//272 972//272 978//272
f 978//273 970//273 976//273
f 974//25 981//25 975//25
f 975//26 979//26 973//26
f 983//274 978//274 984//274
f 984//28 976//28 982//28
f 980//275 987//275 981//275
f 981//30 985//30 979//30
f 989//31 984//31 990//31
f 990//32 982//32 988//32
f 986//33 993//33 987//33
f 987//34 991//34 985//34
f 995//276 990//276 996//276
f 996//36 988//36 994//36
f 992//277 999//277 993//277
f 993//38 997//38 991//38
f 1001//39 996//39 1002//39
f 1002//40 994//40 1000//40
f 998//278 1005//278 999//278
f 999//279 1003//279 997//279
f 1007//280 1002//280 1008//280
f 1008//281 1000//281 1006//281
f 1004//282 1011//282 1005//282
f 1005//283 1009//283 1003//283
f 1013//47 1008//47 1014//47
f 1014//48 1006//48 1012//48
f 1010//49 1017//49 1011//49
f 1011//50 1015//50 1009//50
f 1019//284 1014//284 1020//284
f 1020//285 1012//285 1018//285
f 1016//286 1023//286 1017//286
f 1017//528 1021//528 1015//528
f 1025//288 1020//288 1026//288
f 1026//529 1018//529 1024//529
f 1022//57 1029//57 1023//57
f 1023//530 1027//530 1021//530
f 1031//289 1026//289 1032//289
f 1032//60 1024//60 1030//60
f 1028//290 1035//290 1029//290
f 1029//62 1033//62 1027//62
f 1037//63 1032//63 1038//63
f 1038//64 1030//64 1036//64
f 1034//65 1041//65 1035//65
f 1035//66 1039//66 1033//66
f 1043//291 1038//291 1044//291
f 1044//68 1036//68 1042//68
f 1040//292 1047//292 1041//292
f 1041//70 1045//70 1039//70
f 1049//71 1044//71 1050//71
f 1050//72 1042//72 1048//72
f 1046//294 1053//294 1047//294
f 1047//74 1051//74 1045//74
f 1055//296 1050//296 1056//296
f 1056//531 1048//531 1054//531
f 1052//298 1059//298 1053//298
f 1053//299 1057//299 1051//299
f 1061//79 1056//79 1062//79
f 1062//80 1054//80 1060//80
f 1058//81 1065//81 1059//81
f 1059//82 1063//82 1057//82
f 1067//300 1062//300 1068//300
f 1068//301 1060//301 1066//301
f 1064//302 1071//302 1065//302
f 1065//303 1069//303 1063//303
f 1073//304 1068//304 1074//304
f 1074//305 1066//305 1072//305
f 1070//89 1077//89 1071//89
f 1071//90 1075//90 1069//90
f 1079//306 1074//306 1080//306
f 1080//92 1072//92 1078//92
f 1076//307 1083//307 1077//307
f 1077//94 1081//94 1075//94
f 1085//95 1080//95 1086//95
f 1086//96 1078//96 1084//96
f 1082//97 1089//97 1083//97
f 1083//98 1087//98 1081//98
f 1091//308 1086//308 1092//308
f 1092//100 1084//100 1090//100
f 1088//309 1095//309 1089//309
f 1089//102 1093//102 1087//102
f 1097//103 1092//103 1098//103
f 1098//104 1090//104 1096//104
f 1094//310 1101//310 1095//310
f 1095//311 1099//311 1093//311
f 1103//312 1098//312 1104//312
f 1104//313 1096//313 1102//313
f 1100//314 1107//314 1101//314
f 1101//315 1105//315 1099//315
f 1109//111 1104//111 1110//111
f 1110//112 1102//112 1108//112
f 1106//113 1113//113 1107//113
f 1107//114 1111//114 1105//114
f 1115//316 1110//316 1116//316
f 1116//317 1108//317 1114//317
f 1112//318 1119//318 1113//318
f 1113//319 1117//319 1111//319
f 1121//320 1116//320 1122//320
f 1122//532 1114//532 1120//532
f 1118//121 1125//121 1119//121
f 1119//533 1123//533 1117//533
f 1127//321 1122//321 1128//321
f 1128//124 1120//124 1126//124
f 1124//322 939//322 1125//322
f 1125//126 937//126 1123//126
f 941//127 1128//127 942//127
f 942//128 1126//128 940//128
f 1027//129 1075//129 1123//129
f 938//323 947//323 944//323
f 1124//324 941//324 938//324
f 1048//132 1000//132 952//132
f 944//325 953//325 950//325
f 950//134 959//134 956//134
f 956//327 965//327 962//327
f 962//328 971//328 968//328
f 968//137 977//137 974//137
f 974//329 983//329 980//329
f 980//330 989//330 986//330
f 986//331 995//331 992//331
f 992//332 1001//332 998//332
f 998//534 1007//534 1004//534
f 1004//333 1013//333 1010//333
f 1010//334 1019//334 1016//334
f 1016//145 1025//145 1022//145
f 1022//336 1031//336 1028//336
f 1028//337 1037//337 1034//337
f 1034//338 1043//338 1040//338
f 1040//339 1049//339 1046//339
f 1046//150 1055//150 1052//150
f 1052//341 1061//341 1058//341
f 1058//342 1067//342 1064//342
f 1064//153 1073//153 1070//153
f 1070//343 1079//343 1076//343
f 1076//344 1085//344 1082//344
f 1082//345 1091//345 1088//345
f 1088//346 1097//346 1094//346
f 1094//347 1103//347 1100//347
f 1100//348 1109//348 1106//348
f 1106//349 1115//349 1112//349
f 1112//161 1121//161 1118//161
f 1118//351 1127//351 1124//351
f 290//692 296//692 297//692
f 291//693 297//693 295//693
f 299//694 293//694 294//694
f 300//4 294//4 292//4
f 296//695 302//695 303//695
f 297//542 303//542 301//542
f 305//696 299//696 300//696
f 306//544 300//544 298//544
f 302//697 308//697 309//697
f 303//698 309//698 307//698
f 311//547 305//547 306//547
f 312//699 306//699 304//699
f 308//700 314//700 315//700
f 309//550 315//550 313//550
f 317//701 311//701 312//701
f 318//702 312//702 310//702
f 314//703 320//703 321//703
f 315//704 321//704 319//704
f 323//705 317//705 318//705
f 324//556 318//556 316//556
f 320//557 326//557 327//557
f 321//706 327//706 325//706
f 329//707 323//707 324//707
f 330//708 324//708 322//708
f 326//709 332//709 333//709
f 327//562 333//562 331//562
f 335//710 329//710 330//710
f 336//564 330//564 328//564
f 332//711 338//711 339//711
f 333//30 339//30 337//30
f 341//712 335//712 336//712
f 342//713 336//713 334//713
f 338//714 344//714 345//714
f 339//715 345//715 343//715
f 347//716 341//716 342//716
f 348//36 342//36 340//36
f 344//717 350//717 351//717
f 345//570 351//570 349//570
f 353//718 347//718 348//718
f 354//572 348//572 346//572
f 350//719 356//719 357//719
f 351//720 357//720 355//720
f 359//575 353//575 354//575
f 360//721 354//721 352//721
f 356//722 362//722 363//722
f 357//578 363//578 361//578
f 365//723 359//723 360//723
f 366//724 360//724 358//724
f 362//725 368//725 369//725
f 363//726 369//726 367//726
f 371//727 365//727 366//727
f 372//584 366//584 364//584
f 368//585 374//585 375//585
f 369//728 375//728 373//728
f 377//729 371//729 372//729
f 378//730 372//730 370//730
f 374//731 380//731 381//731
f 375//590 381//590 379//590
f 383//732 377//732 378//732
f 384//592 378//592 376//592
f 380//733 386//733 387//733
f 381//62 387//62 385//62
f 389//734 383//734 384//734
f 390//64 384//64 382//64
f 386//735 392//735 393//735
f 387//736 393//736 391//736
f 395//737 389//737 390//737
f 396//68 390//68 388//68
f 392//738 398//738 399//738
f 393//598 399//598 397//598
f 401//739 395//739 396//739
f 402//600 396//600 394//600
f 398//740 404//740 405//740
f 399//741 405//741 403//741
f 407//603 401//603 402//603
f 408//742 402//742 400//742
f 404//743 410//743 411//743
f 405//606 411//606 409//606
f 413//744 407//744 408//744
f 414//745 408//745 406//745
f 410//746 416//746 417//746
f 411//747 417//747 415//747
f 419//748 413//748 414//748
f 420//612 414//612 412//612
f 416//613 422//613 423//613
f 417//749 423//749 421//749
f 425//750 419//750 420//750
f 426//751 420//751 418//751
f 422//752 428//752 429//752
f 423//618 429//618 427//618
f 431//753 425//753 426//753
f 432//620 426//620 424//620
f 428//754 434//754 435//754
f 429//94 435//94 433//94
f 437//755 431//755 432//755
f 438//756 432//756 430//756
f 434//757 440//757 441//757
f 435//758 441//758 439//758
f 443//759 437//759 438//759
f 444//100 438//100 436//100
f 440//760 446//760 447//760
f 441//626 447//626 445//626
f 449//761 443//761 444//761
f 450//628 444//628 442//628
f 446//762 452//762 453//762
f 447//763 453//763 451//763
f 455//631 449//631 450//631
f 456//764 450//764 448//764
f 452//765 458//765 459//765
f 453//634 459//634 457//634
f 461//766 455//766 456//766
f 462//767 456//767 454//767
f 458//768 464//768 465//768
f 459//769 465//769 463//769
f 467//770 461//770 462//770
f 468//640 462//640 460//640
f 464//641 470//641 471//641
f 465//771 471//771 469//771
f 473//772 467//772 468//772
f 474//773 468//773 466//773
f 470//774 476//774 477//774
f 471//646 477//646 475//646
f 479//775 473//775 474//775
f 480//648 474//648 472//648
f 476//776 290//776 291//776
f 477//126 291//126 289//126
f 293//777 479//777 480//777
f 294//128 480//128 478//128
f 475//129 289//129 295//129
f 295//129 301//129 307//129
f 307//129 313//129 319//129
f 319//129 325//129 331//129
f 331//129 337//129 343//129
f 343//129 349//129 355//129
f 355//129 361//129 367//129
f 367//129 373//129 379//129
f 379//129 385//129 391//129
f 391//129 397//129 403//129
f 403//129 409//129 415//129
f 415//129 421//129 427//129
f 427//129 433//129 439//129
f 439//129 445//129 451//129
f 451//129 457//129 463//129
f 463//129 469//129 475//129
f 475//129 295//129 307//129
f 307//129 319//129 331//129
f 331//129 343//129 355//129
f 355//129 367//129 379//129
f 379//129 391//129 403//129
f 403//129 415//129 427//129
f 427//129 439//129 451//129
f 451//129 463//129 475//129
f 475//129 307//129 331//129
f 331//129 355//129 379//129
f 379//129 403//129 427//129
f 427//129 451//129 475//129
f 475//129 331//129 379//129
f 290//323 293//323 299//323
f 476//324 479//324 293//324
f 304//132 298//132 292//132
f 292//132 478//132 472//132
f 472//132 466//132 460//132
f 460//132 454//132 448//132
f 448//132 442//132 436//132
f 436//132 430//132 424//132
f 424//132 418//132 412//132
f 412//132 406//132 400//132
f 400//132 394//132 388//132
f 388//132 382//132 376//132
f 376//132 370//132 364//132
f 364//132 358//132 352//132
f 352//132 346//132 340//132
f 340//132 334//132 328//132
f 328//132 322//132 316//132
f 316//132 310//132 304//132
f 304//132 292//132 472//132
f 472//132 460//132 448//132
f 448//132 436//132 424//132
f 424//132 412//132 400//132
f 400//132 388//132 376//132
f 376//132 364//132 352//132
f 352//132 340//132 328//132
f 328//132 316//132 304//132
f 304//132 472//132 448//132
f 448//132 424//132 400//132
f 400//132 376//132 352//132
f 352//132 328//132 304//132
f 304//132 448//132 400//132
f 296//325 299//325 305//325
f 302//134 305//134 311//134
f 308//327 311//327 317//327
f 314//328 317//328 323//328
f 320//778 323//778 329//778
f 326//329 329//329 335//329
f 332//330 335//330 341//330
f 338//331 341//331 347//331
f 344//332 347//332 353//332
f 350//142 353//142 359//142
f 356//333 359//333 365//333
f 362//334 365//334 371//334
f 368//145 371//145 377//145
f 374//336 377//336 383//336
f 380//337 383//337 389//337
f 386//338 389//338 395//338
f 392//339 395//339 401//339
f 398//150 401//150 407//150
f 404//341 407//341 413//341
f 410//342 413//342 419//342
f 416//779 419//779 425//779
f 422//343 425//343 431//343
f 428//344 431//344 437//344
f 434//345 437//345 443//345
f 440//346 443//346 449//346
f 446//158 449//158 455//158
f 452//348 455//348 461//348
f 458//349 461//349 467//349
f 464//161 467//161 473//161
f 470//351 473//351 479//351
f 938//692 944//692 945//692
f 939//2 945//2 943//2
f 947//694 941//694 942//694
f 948//4 942//4 940//4
f 944//695 950//695 951//695
f 945//542 951//542 949//542
f 953//696 947//696 948//696
f 954//544 948//544 946//544
f 950//697 956//697 957//697
f 951//698 957//698 955//698
f 959//547 953//547 954//547
f 960//699 954//699 952//699
f 956//700 962//700 963//700
f 957//550 963//550 961//550
f 965//701 959//701 960//701
f 966//702 960//702 958//702
f 962//703 968//703 969//703
f 963//704 969//704 967//704
f 971//705 965//705 966//705
f 972//556 966//556 964//556
f 968//557 974//557 975//557
f 969//706 975//706 973//706
f 977//707 971//707 972//707
f 978//708 972//708 970//708
f 974//709 980//709 981//709
f 975//562 981//562 979//562
f 983//710 977//710 978//710
f 984//564 978//564 976//564
f 980//711 986//711 987//711
f 981//30 987//30 985//30
f 989//712 983//712 984//712
f 990//713 984//713 982//713
f 986//714 992//714 993//714
f 987//715 993//715 991//715
f 995//716 989//716 990//716
f 996//36 990//36 988//36
f 992//717 998//717 999//717
f 993//570 999//570 997//570
f 1001//718 995//718 996//718
f 1002//572 996//572 994//572
f 998//719 1004//719 1005//719
f 999//720 1005//720 1003//720
f 1007//575 1001//575 1002//575
f 1008//721 1002//721 1000//721
f 1004//722 1010//722 1011//722
f 1005//578 1011//578 1009//578
f 1013//723 1007//723 1008//723
f 1014//724 1008//724 1006//724
f 1010//725 1016//725 1017//725
f 1011//726 1017//726 1015//726
f 1019//727 1013//727 1014//727
f 1020//584 1014//584 1012//584
f 1016//585 1022//585 1023//585
f 1017//728 1023//728 1021//728
f 1025//729 1019//729 1020//729
f 1026//730 1020//730 1018//730
f 1022//731 1028//731 1029//731
f 1023//590 1029//590 1027//590
f 1031//732 1025//732 1026//732
f 1032//592 1026//592 1024//592
f 1028//733 1034//733 1035//733
f 1029//62 1035//62 1033//62
f 1037//734 1031//734 1032//734
f 1038//882 1032//882 1030//882
f 1034//735 1040//735 1041//735
f 1035//66 1041//66 1039//66
f 1043//737 1037//737 1038//737
f 1044//68 1038//68 1036//68
f 1040//738 1046//738 1047//738
f 1041//598 1047//598 1045//598
f 1049//739 1043//739 1044//739
f 1050//600 1044//600 1042//600
f 1046//740 1052//740 1053//740
f 1047//741 1053//741 1051//741
f 1055//603 1049//603 1050//603
f 1056//742 1050//742 1048//742
f 1052//743 1058//743 1059//743
f 1053//606 1059//606 1057//606
f 1061//744 1055//744 1056//744
f 1062//745 1056//745 1054//745
f 1058//746 1064//746 1065//746
f 1059//747 1065//747 1063//747
f 1067//748 1061//748 1062//748
f 1068//612 1062//612 1060//612
f 1064//613 1070//613 1071//613
f 1065//749 1071//749 1069//749
f 1073//750 1067//750 1068//750
f 1074//751 1068//751 1066//751
f 1070//752 1076//752 1077//752
f 1071//618 1077//618 1075//618
f 1079//753 1073//753 1074//753
f 1080//620 1074//620 1072//620
f 1076//754 1082//754 1083//754
f 1077//94 1083//94 1081//94
f 1085//755 1079//755 1080//755
f 1086//756 1080//756 1078//756
f 1082//757 1088//757 1089//757
f 1083//758 1089//758 1087//758
f 1091//759 1085//759 1086//759
f 1092//100 1086//100 1084//100
f 1088//760 1094//760 1095//760
f 1089//626 1095//626 1093//626
f 1097//761 1091//761 1092//761
f 1098//628 1092//628 1090//628
f 1094//762 1100//762 1101//762
f 1095//763 1101//763 1099//763
f 1103//631 1097//631 1098//631
f 1104//764 1098//764 1096//764
f 1100//765 1106//765 1107//765
f 1101//634 1107//634 1105//634
f 1109//766 1103//766 1104//766
f 1110//767 1104//767 1102//767
f 1106//768 1112//768 1113//768
f 1107//769 1113//769 1111//769
f 1115//770 1109//770 1110//770
f 1116//640 1110//640 1108//640
f 1112//641 1118//641 1119//641
f 1113//771 1119//771 1117//771
f 1121//772 1115//772 1116//772
f 1122//773 1116//773 1114//773
f 1118//774 1124//774 1125//774
f 1119//646 1125//646 1123//646
f 1127//775 1121//775 1122//775
f 1128//648 1122//648 1120//648
f 1124//776 938//776 939//776
f 1125//126 939//126 937//126
f 941//777 1127//777 1128//777
f 942//883 1128//883 1126//883
f 1123//129 937//129 943//129
f 943//129 949//129 955//129
f 955//129 961//129 967//129
f 967//129 973//129 979//129
f 979//129 985//129 991//129
f 991//129 997//129 1003//129
f 1003//129 1009//129 1015//129
f 1015//129 1021//129 1027//129
f 1027//129 1033//129 1039//129
f 1039//129 1045//129 1051//129
f 1051//129 1057//129 1063//129
f 1063//129 1069//129 1075//129
f 1075//129 1081//129 1087//129
f 1087//129 1093//129 1099//129
f 1099//129 1105//129 1111//129
f 1111//129 1117//129 1123//129
f 1123//129 943//129 955//129
f 955//129 967//129 979//129
f 979//129 991//129 1003//129
f 1003//129 1015//129 1027//129
f 1027//129 1039//129 1051//129
f 1051//129 1063//129 1075//129
f 1075//129 1087//129 1099//129
f 1099//129 1111//129 1123//129
f 1123//129 955//129 979//129
f 979//129 1003//129 1027//129
f 1027//129 1051//129 1075//129
f 1075//129 1099//129 1123//129
f 1123//129 979//129 1027//129
f 938//323 941//323 947//323
f 1124//324 1127//324 941//324
f 952//132 946//132 940//132
f 940//132 1126//132 1120//132
f 1120//132 1114//132 1108//132
f 1108//132 1102//132 1096//132
f 1096//132 1090//132 1084//132
f 1084//132 1078//132 1072//132
f 1072//132 1066//132 1060//132
f 1060//132 1054//132 1048//132
f 1048//132 1042//132 1036//132
f 1036//132 1030//132 1024//132
f 1024//132 1018//132 1012//132
f 1012//132 1006//132 1000//132
f 1000//132 994//132 988//132
f 988//132 982//132 976//132
f 976//132 970//132 964//132
f 964//132 958//132 952//132
f 952//132 940//132 1120//132
f 1120//132 1108//132 1096//132
f 1096//132 1084//132 1072//132
f 1072//132 1060//132 1048//132
f 1048//132 1036//132 1024//132
f 1024//132 1012//132 1000//132
f 1000//132 988//132 976//132
f 976//132 964//132 952//132
f 952//132 1120//132 1096//132
f 1096//132 1072//132 1048//132
f 1048//132 1024//132 1000//132
f 1000//132 976//132 952//132
f 952//132 1096//132 1048//132
f 944//325 947//325 953//325
f 950//326 953//326 959//326
f 956//327 959//327 965//327
f 962//328 965//328 971//328
f 968//778 971//778 977//778
f 974//329 977//329 983//329
f 980//330 983//330 989//330
f 986//331 989//331 995//331
f 992//332 995//332 1001//332
f 998//142 1001//142 1007//142
f 1004//333 1007//333 1013//333
f 1010//334 1013//334 1019//334
f 1016//335 1019//335 1025//335
f 1022//336 1025//336 1031//336
f 1028//337 1031//337 1037//337
f 1034//338 1037//338 1043//338
f 1040//339 1043//339 1049//339
f 1046//340 1049//340 1055//340
f 1052//341 1055//341 1061//341
f 1058//342 1061//342 1067//342
f 1064//153 1067//153 1073//153
f 1070//343 1073//343 1079//343
f 1076//344 1079//344 1085//344
f 1082//345 1085//345 1091//345
f 1088//346 1091//346 1097//346
f 1094//158 1097//158 1103//158
f 1100//348 1103//348 1109//348
f 1106//349 1109//349 1115//349
f 1112//350 1115//350 1121//350
f 1118//351 1121//351 1127//351
usemtl DetailSteel
f 482//352 489//352 483//352
f 483//353 487//353 481//353
f 491//354 486//354 492//354
f 492//355 484//355 490//355
f 488//356 495//356 489//356
f 489//357 493//357 487//357
f 497//358 492//358 498//358
f 498//359 490//359 496//359
f 494//360 501//360 495//360
f 495//361 499//361 493//361
f 503//362 498//362 504//362
f 504//363 496//363 502//363
f 500//364 507//364 501//364
f 501//365 505//365 499//365
f 509//366 504//366 510//366
f 510//367 502//367 508//367
f 506//368 513//368 507//368
f 507//369 511//369 505//369
f 515//370 510//370 516//370
f 516//371 508//371 514//371
f 512//372 519//372 513//372
f 513//373 517//373 511//373
f 521//374 516//374 522//374
f 522//375 514//375 520//375
f 518//376 525//376 519//376
f 519//377 523//377 517//377
f 527//378 522//378 528//378
f 528//379 520//379 526//379
f 524//380 531//380 525//380
f 525//381 529//381 523//381
f 533//382 528//382 534//382
f 534//383 526//383 532//383
f 530//384 537//384 531//384
f 531//385 535//385 529//385
f 539//386 534//386 540//386
f 540//387 532//387 538//387
f 536//388 543//388 537//388
f 537//389 541//389 535//389
f 545//390 540//390 546//390
f 546//391 538//391 544//391
f 542//392 549//392 543//392
f 543//393 547//393 541//393
f 551//394 546//394 552//394
f 552//395 544//395 550//395
f 548//396 555//396 549//396
f 549//397 553//397 547//397
f 557//398 552//398 558//398
f 558//399 550//399 556//399
f 554//400 561//400 555//400
f 555//401 559//401 553//401
f 563//402 558//402 564//402
f 564//403 556//403 562//403
f 560//404 567//404 561//404
f 561//405 565//405 559//405
f 569//406 564//406 570//406
f 570//407 562//407 568//407
f 566//408 573//408 567//408
f 567//409 571//409 565//409
f 575//410 570//410 576//410
f 576//411 568//411 574//411
f 572//412 579//412 573//412
f 573//413 577//413 571//413
f 581//414 576//414 582//414
f 582//415 574//415 580//415
f 578//416 585//416 579//416
f 579//417 583//417 577//417
f 587//418 582//418 588//418
f 588//419 580//419 586//419
f 584//420 591//420 585//420
f 585//421 589//421 583//421
f 593//422 588//422 594//422
f 594//423 586//423 592//423
f 590//424 597//424 591//424
f 591//425 595//425 589//425
f 599//426 594//426 600//426
f 600//427 592//427 598//427
f 596//428 483//428 597//428
f 597//429 481//429 595//429
f 485//430 600//430 486//430
f 486//431 598//431 484//431
f 523//129 571//129 595//129
f 482//432 491//432 488//432
f 596//433 485//433 482//433
f 568//132 520//132 496//132
f 488//434 497//434 494//434
f 494//232 503//232 500//232
f 500//435 509//435 506//435
f 506//436 515//436 512//436
f 512//437 521//437 518//437
f 518//438 527//438 524//438
f 524//250 533//250 530//250
f 530//439 539//439 536//439
f 536//440 545//440 542//440
f 542//441 551//441 548//441
f 548//442 557//442 554//442
f 554//253 563//253 560//253
f 560//443 569//443 566//443
f 566//444 575//444 572//444
f 572//445 581//445 578//445
f 578//446 587//446 584//446
f 584//235 593//235 590//235
f 590//447 599//447 596//447
f 1130//352 1137//352 1131//352
f 1131//353 1135//353 1129//353
f 1139//354 1134//354 1140//354
f 1140//355 1132//355 1138//355
f 1136//356 1143//356 1137//356
f 1137//357 1141//357 1135//357
f 1145//358 1140//358 1146//358
f 1146//359 1138//359 1144//359
f 1142//360 1149//360 1143//360
f 1143//361 1147//361 1141//361
f 1151//362 1146//362 1152//362
f 1152//363 1144//363 1150//363
f 1148//364 1155//364 1149//364
f 1149//365 1153//365 1147//365
f 1157//366 1152//366 1158//366
f 1158//367 1150//367 1156//367
f 1154//368 1161//368 1155//368
f 1155//369 1159//369 1153//369
f 1163//370 1158//370 1164//370
f 1164//371 1156//371 1162//371
f 1160//372 1167//372 1161//372
f 1161//373 1165//373 1159//373
f 1169//374 1164//374 1170//374
f 1170//375 1162//375 1168//375
f 1166//376 1173//376 1167//376
f 1167//377 1171//377 1165//377
f 1175//378 1170//378 1176//378
f 1176//379 1168//379 1174//379
f 1172//380 1179//380 1173//380
f 1173//381 1177//381 1171//381
f 1181//382 1176//382 1182//382
f 1182//383 1174//383 1180//383
f 1178//384 1185//384 1179//384
f 1179//385 1183//385 1177//385
f 1187//386 1182//386 1188//386
f 1188//387 1180//387 1186//387
f 1184//388 1191//388 1185//388
f 1185//389 1189//389 1183//389
f 1193//390 1188//390 1194//390
f 1194//391 1186//391 1192//391
f 1190//392 1197//392 1191//392
f 1191//393 1195//393 1189//393
f 1199//394 1194//394 1200//394
f 1200//395 1192//395 1198//395
f 1196//396 1203//396 1197//396
f 1197//397 1201//397 1195//397
f 1205//398 1200//398 1206//398
f 1206//399 1198//399 1204//399
f 1202//400 1209//400 1203//400
f 1203//401 1207//401 1201//401
f 1211//402 1206//402 1212//402
f 1212//403 1204//403 1210//403
f 1208//404 1215//404 1209//404
f 1209//405 1213//405 1207//405
f 1217//406 1212//406 1218//406
f 1218//407 1210//407 1216//407
f 1214//408 1221//408 1215//408
f 1215//409 1219//409 1213//409
f 1223//410 1218//410 1224//410
f 1224//411 1216//411 1222//411
f 1220//412 1227//412 1221//412
f 1221//413 1225//413 1219//413
f 1229//414 1224//414 1230//414
f 1230//415 1222//415 1228//415
f 1226//416 1233//416 1227//416
f 1227//417 1231//417 1225//417
f 1235//418 1230//418 1236//418
f 1236//419 1228//419 1234//419
f 1232//420 1239//420 1233//420
f 1233//421 1237//421 1231//421
f 1241//422 1236//422 1242//422
f 1242//423 1234//423 1240//423
f 1238//424 1245//424 1239//424
f 1239//425 1243//425 1237//425
f 1247//426 1242//426 1248//426
f 1248//427 1240//427 1246//427
f 1244//428 1131//428 1245//428
f 1245//429 1129//429 1243//429
f 1133//430 1248//430 1134//430
f 1134//431 1246//431 1132//431
f 1171//129 1219//129 1243//129
f 1130//432 1139//432 1136//432
f 1244//433 1133//433 1130//433
f 1216//132 1168//132 1144//132
f 1136//434 1145//434 1142//434
f 1142//232 1151//232 1148//232
f 1148//435 1157//435 1154//435
f 1154//436 1163//436 1160//436
f 1160//437 1169//437 1166//437
f 1166//438 1175//438 1172//438
f 1172//250 1181//250 1178//250
f 1178//439 1187//439 1184//439
f 1184//440 1193//440 1190//440
f 1190//441 1199//441 1196//441
f 1196//442 1205//442 1202//442
f 1202//253 1211//253 1208//253
f 1208//443 1217//443 1214//443
f 1214//444 1223//444 1220//444
f 1220//445 1229//445 1226//445
f 1226//446 1235//446 1232//446
f 1232//235 1241//235 1238//235
f 1238//447 1247//447 1244//447
f 482//780 488//780 489//780
f 483//353 489//353 487//353
f 491//781 485//781 486//781
f 492//355 486//355 484//355
f 488//782 494//782 495//782
f 489//783 495//783 493//783
f 497//784 491//784 492//784
f 498//785 492//785 490//785
f 494//360 500//360 501//360
f 495//361 501//361 499//361
f 503//362 497//362 498//362
f 504//363 498//363 496//363
f 500//786 506//786 507//786
f 501//787 507//787 505//787
f 509//788 503//788 504//788
f 510//789 504//789 502//789
f 506//790 512//790 513//790
f 507//369 513//369 511//369
f 515//791 509//791 510//791
f 516//371 510//371 508//371
f 512//792 518//792 519//792
f 513//373 519//373 517//373
f 521//793 515//793 516//793
f 522//375 516//375 514//375
f 518//794 524//794 525//794
f 519//795 525//795 523//795
f 527//796 521//796 522//796
f 528//797 522//797 520//797
f 524//380 530//380 531//380
f 525//381 531//381 529//381
f 533//382 527//382 528//382
f 534//383 528//383 526//383
f 530//798 536//798 537//798
f 531//799 537//799 535//799
f 539//800 533//800 534//800
f 540//801 534//801 532//801
f 536//802 542//802 543//802
f 537//389 543//389 541//389
f 545//803 539//803 540//803
f 546//391 540//391 538//391
f 542//804 548//804 549//804
f 543//393 549//393 547//393
f 551//805 545//805 546//805
f 552//395 546//395 544//395
f 548//806 554//806 555//806
f 549//807 555//807 553//807
f 557//808 551//808 552//808
f 558//809 552//809 550//809
f 554//400 560//400 561//400
f 555//401 561//401 559//401
f 563//402 557//402 558//402
f 564//403 558//403 556//403
f 560//810 566//810 567//810
f 561//811 567//811 565//811
f 569//812 563//812 564//812
f 570//813 564//813 562//813
f 566//814 572//814 573//814
f 567//409 573//409 571//409
f 575//815 569//815 570//815
f 576//411 570//411 568//411
f 572//816 578//816 579//816
f 573//413 579//413 577//413
f 581//817 575//817 576//817
f 582//415 576//415 574//415
f 578//818 584//818 585//818
f 579//819 585//819 583//819
f 587//820 581//820 582//820
f 588//821 582//821 580//821
f 584//420 590//420 591//420
f 585//421 591//421 589//421
f 593//422 587//422 588//422
f 594//423 588//423 586//423
f 590//822 596//822 597//822
f 591//823 597//823 595//823
f 599//824 593//824 594//824
f 600//825 594//825 592//825
f 596//826 482//826 483//826
f 597//429 483//429 481//429
f 485//827 599//827 600//827
f 486//431 600//431 598//431
f 595//129 481//129 487//129
f 487//129 493//129 499//129
f 499//129 505//129 511//129
f 511//129 517//129 523//129
f 523//129 529//129 535//129
f 535//129 541//129 547//129
f 547//129 553//129 559//129
f 559//129 565//129 571//129
f 571//129 577//129 583//129
f 583//129 589//129 595//129
f 595//129 487//129 499//129
f 499//129 511//129 523//129
f 523//129 535//129 547//129
f 547//129 559//129 571//129
f 571//129 583//129 595//129
f 595//129 499//129 523//129
f 523//129 547//129 571//129
f 482//432 485//432 491//432
f 596//433 599//433 485//433
f 496//132 490//132 484//132
f 484//132 598//132 592//132
f 592//132 586//132 580//132
f 580//132 574//132 568//132
f 568//132 562//132 556//132
f 556//132 550//132 544//132
f 544//132 538//132 532//132
f 532//132 526//132 520//132
f 520//132 514//132 508//132
f 508//132 502//132 496//132
f 496//132 484//132 592//132
f 592//132 580//132 568//132
f 568//132 556//132 544//132
f 544//132 532//132 520//132
f 520//132 508//132 496//132
f 496//132 592//132 568//132
f 568//132 544//132 520//132
f 488//434 491//434 497//434
f 494//232 497//232 503//232
f 500//435 503//435 509//435
f 506//436 509//436 515//436
f 512//437 515//437 521//437
f 518//438 521//438 527//438
f 524//250 527//250 533//250
f 530//439 533//439 539//439
f 536//440 539//440 545//440
f 542//441 545//441 551//441
f 548//442 551//442 557//442
f 554//253 557//253 563//253
f 560//443 563//443 569//443
f 566//444 569//444 575//444
f 572//445 575//445 581//445
f 578//446 581//446 587//446
f 584//235 587//235 593//235
f 590//447 593//447 599//447
f 1130//780 1136//780 1137//780
f 1131//353 1137//353 1135//353
f 1139//781 1133//781 1134//781
f 1140//355 1134//355 1132//355
f 1136//782 1142//782 1143//782
f 1137//783 1143//783 1141//783
f 1145//784 1139//784 1140//784
f 1146//785 1140//785 1138//785
f 1142//360 1148//360 1149//360
f 1143//361 1149//361 1147//361
f 1151//362 1145//362 1146//362
f 1152//363 1146//363 1144//363
f 1148//786 1154//786 1155//786
f 1149//787 1155//787 1153//787
f 1157//788 1151//788 1152//788
f 1158//789 1152//789 1150//789
f 1154//790 1160//790 1161//790
f 1155//369 1161//369 1159//369
f 1163//791 1157//791 1158//791
f 1164//371 1158//371 1156//371
f 1160//792 1166//792 1167//792
f 1161//373 1167//373 1165//373
f 1169//793 1163//793 1164//793
f 1170//375 1164//375 1162//375
f 1166//794 1172//794 1173//794
f 1167//795 1173//795 1171//795
f 1175//796 1169//796 1170//796
f 1176//797 1170//797 1168//797
f 1172//380 1178//380 1179//380
f 1173//381 1179//381 1177//381
f 1181//382 1175//382 1176//382
f 1182//383 1176//383 1174//383
f 1178//798 1184//798 1185//798
f 1179//799 1185//799 1183//799
f 1187//800 1181//800 1182//800
f 1188//801 1182//801 1180//801
f 1184//802 1190//802 1191//802
f 1185//389 1191//389 1189//389
f 1193//803 1187//803 1188//803
f 1194//391 1188//391 1186//391
f 1190//804 1196//804 1197//804
f 1191//393 1197//393 1195//393
f 1199//805 1193//805 1194//805
f 1200//395 1194//395 1192//395
f 1196//806 1202//806 1203//806
f 1197//807 1203//807 1201//807
f 1205//808 1199//808 1200//808
f 1206//809 1200//809 1198//809
f 1202//400 1208//400 1209//400
f 1203//401 1209//401 1207//401
f 1211//402 1205//402 1206//402
f 1212//403 1206//403 1204//403
f 1208//810 1214//810 1215//810
f 1209//811 1215//811 1213//811
f 1217//812 1211//812 1212//812
f 1218//813 1212//813 1210//813
f 1214//814 1220//814 1221//814
f 1215//409 1221//409 1219//409
f 1223//815 1217//815 1218//815
f 1224//411 1218//411 1216//411
f 1220//816 1226//816 1227//816
f 1221//413 1227//413 1225//413
f 1229//817 1223//817 1224//817
f 1230//415 1224//415 1222//415
f 1226//818 1232//818 1233//818
f 1227//819 1233//819 1231//819
f 1235//820 1229//820 1230//820
f 1236//821 1230//821 1228//821
f 1232//420 1238//420 1239//420
f 1233//421 1239//421 1237//421
f 1241//422 1235//422 1236//422
f 1242//423 1236//423 1234//423
f 1238//822 1244//822 1245//822
f 1239//823 1245//823 1243//823
f 1247//824 1241//824 1242//824
f 1248//825 1242//825 1240//825
f 1244//826 1130//826 1131//826
f 1245//429 1131//429 1129//429
f 1133//827 1247//827 1248//827
f 1134//431 1248//431 1246//431
f 1243//129 1129//129 1135//129
f 1135//129 1141//129 1147//129
f 1147//129 1153//129 1159//129
f 1159//129 1165//129 1171//129
f 1171//129 1177//129 1183//129
f 1183//129 1189//129 1195//129
f 1195//129 1201//129 1207//129
f 1207//129 1213//129 1219//129
f 1219//129 1225//129 1231//129
f 1231//129 1237//129 1243//129
f 1243//129 1135//129 1147//129
f 1147//129 1159//129 1171//129
f 1171//129 1183//129 1195//129
f 1195//129 1207//129 1219//129
f 1219//129 1231//129 1243//129
f 1243//129 1147//129 1171//129
f 1171//129 1195//129 1219//129
f 1130//432 1133//432 1139//432
f 1244//433 1247//433 1133//433
f 1144//132 1138//132 1132//132
f 1132//132 1246//132 1240//132
f 1240//132 1234//132 1228//132
f 1228//132 1222//132 1216//132
f 1216//132 1210//132 1204//132
f 1204//132 1198//132 1192//132
f 1192//132 1186//132 1180//132
f 1180//132 1174//132 1168//132
f 1168//132 1162//132 1156//132
f 1156//132 1150//132 1144//132
f 1144//132 1132//132 1240//132
f 1240//132 1228//132 1216//132
f 1216//132 1204//132 1192//132
f 1192//132 1180//132 1168//132
f 1168//132 1156//132 1144//132
f 1144//132 1240//132 1216//132
f 1216//132 1192//132 1168//132
f 1136//434 1139//434 1145//434
f 1142//232 1145//232 1151//232
f 1148//435 1151//435 1157//435
f 1154//436 1157//436 1163//436
f 1160//437 1163//437 1169//437
f 1166//438 1169//438 1175//438
f 1172//250 1175//250 1181//250
f 1178//439 1181//439 1187//439
f 1184//440 1187//440 1193//440
f 1190//441 1193//441 1199//441
f 1196//442 1199//442 1205//442
f 1202//253 1205//253 1211//253
f 1208//443 1211//443 1217//443
f 1214//444 1217//444 1223//444
f 1220//445 1223//445 1229//445
f 1226//446 1229//446 1235//446
f 1232//235 1235//235 1241//235
f 1238//447 1241//447 1247//447
usemtl Silver
f 601//448 605//448 607//448
f 602//449 605//449 604//449
f 603//450 605//450 606//450
f 608//451 612//451 614//451
f 609//452 612//452 611//452
f 610//453 612//453 613//453
f 615//454 619//454 621//454
f 616//455 619//455 618//455
f 617//456 619//456 620//456
f 622//457 626//457 628//457
f 623//458 626//458 625//458
f 624//459 626//459 627//459
f 629//460 633//460 635//460
f 630//461 633//461 632//461
f 631//462 633//462 634//462
f 636//463 640//463 642//463
f 637//464 640//464 639//464
f 638//465 640//465 641//465
f 643//466 647//466 649//466
f 644//467 647//467 646//467
f 645//468 647//468 648//468
f 650//469 654//469 656//469
f 651//470 654//470 653//470
f 652//471 654//471 655//471
f 657//472 661//472 663//472
f 658//473 661//473 660//473
f 659//474 661//474 662//474
f 664//475 668//475 670//475
f 665//476 668//476 667//476
f 666//477 668//477 669//477
f 671//478 675//478 677//478
f 672//479 675//479 674//479
f 673//480 675//480 676//480
f 678//481 682//481 684//481
f 679//482 682//482 681//482
f 680//483 682//483 683//483
f 603//484 618//484 607//484
f 607//485 615//485 601//485
f 624//486 611//486 628//486
f 628//487 608//487 622//487
f 602//488 613//488 606//488
f 606//489 609//489 603//489
f 623//490 620//490 627//490
f 627//491 616//491 624//491
f 617//492 632//492 621//492
f 621//493 629//493 615//493
f 638//494 625//494 642//494
f 642//495 622//495 636//495
f 637//496 634//496 641//496
f 641//497 630//497 638//497
f 631//498 646//498 635//498
f 635//499 643//499 629//499
f 652//500 639//500 656//500
f 656//501 636//501 650//501
f 651//502 648//502 655//502
f 655//503 644//503 652//503
f 645//504 660//504 649//504
f 649//505 657//505 643//505
f 666//506 653//506 670//506
f 670//507 650//507 664//507
f 665//508 662//508 669//508
f 669//509 658//509 666//509
f 659//510 674//510 663//510
f 663//511 671//511 657//511
f 680//512 667//512 684//512
f 684//513 664//513 678//513
f 679//514 676//514 683//514
f 683//515 672//515 680//515
f 673//516 604//516 677//516
f 677//517 601//517 671//517
f 610//518 681//518 614//518
f 614//519 678//519 608//519
f 615//129 643//129 671//129
f 603//520 624//520 616//520
f 673//521 610//521 602//521
f 608//132 664//132 636//132
f 617//255 638//255 630//255
f 631//522 652//522 644//522
f 645//523 666//523 658//523
f 659//257 680//257 672//257
f 685//448 689//448 691//448
f 686//449 689//449 688//449
f 687//450 689//450 690//450
f 692//451 696//451 698//451
f 693//452 696//452 695//452
f 694//453 696//453 697//453
f 699//454 703//454 705//454
f 700//455 703//455 702//455
f 701//456 703//456 704//456
f 706//457 710//457 712//457
f 707//458 710//458 709//458
f 708//459 710//459 711//459
f 713//460 717//460 719//460
f 714//461 717//461 716//461
f 715//462 717//462 718//462
f 720//463 724//463 726//463
f 721//464 724//464 723//464
f 722//465 724//465 725//465
f 727//466 731//466 733//466
f 728//467 731//467 730//467
f 729//468 731//468 732//468
f 734//469 738//469 740//469
f 735//470 738//470 737//470
f 736//471 738//471 739//471
f 741//472 745//472 747//472
f 742//473 745//473 744//473
f 743//474 745//474 746//474
f 748//475 752//475 754//475
f 749//476 752//476 751//476
f 750//477 752//477 753//477
f 755//478 759//478 761//478
f 756//479 759//479 758//479
f 757//480 759//480 760//480
f 762//481 766//481 768//481
f 763//482 766//482 765//482
f 764//483 766//483 767//483
f 687//484 702//484 691//484
f 691//485 699//485 685//485
f 708//486 695//486 712//486
f 712//487 692//487 706//487
f 686//488 697//488 690//488
f 690//489 693//489 687//489
f 707//490 704//490 711//490
f 711//491 700//491 708//491
f 701//492 716//492 705//492
f 705//524 713//524 699//524
f 722//494 709//494 726//494
f 726//495 706//495 720//495
f 721//496 718//496 725//496
f 725//497 714//497 722//497
f 715//498 730//498 719//498
f 719//499 727//499 713//499
f 736//500 723//500 740//500
f 740//525 720//525 734//525
f 735//502 732//502 739//502
f 739//503 728//503 736//503
f 729//504 744//504 733//504
f 733//505 741//505 727//505
f 750//506 737//506 754//506
f 754//507 734//507 748//507
f 749//508 746//508 753//508
f 753//509 742//509 750//509
f 743//510 758//510 747//510
f 747//511 755//511 741//511
f 764//512 751//512 768//512
f 768//513 748//513 762//513
f 763//514 760//514 767//514
f 767//515 756//515 764//515
f 757//516 688//516 761//516
f 761//517 685//517 755//517
f 694//518 765//518 698//518
f 698//526 762//526 692//526
f 699//129 727//129 755//129
f 687//520 708//520 700//520
f 757//521 694//521 686//521
f 692//132 748//132 720//132
f 701//255 722//255 714//255
f 715//522 736//522 728//522
f 729//523 750//523 742//523
f 743//257 764//257 756//257
f 769//448 773//448 775//448
f 770//449 773//449 772//449
f 771//450 773//450 774//450
f 776//451 780//451 782//451
f 777//452 780//452 779//452
f 778//453 780//453 781//453
f 783//454 787//454 789//454
f 784//455 787//455 786//455
f 785//456 787//456 788//456
f 790//457 794//457 796//457
f 791//458 794//458 793//458
f 792//459 794//459 795//459
f 797//460 801//460 803//460
f 798//461 801//461 800//461
f 799//462 801//462 802//462
f 804//463 808//463 810//463
f 805//464 808//464 807//464
f 806//465 808//465 809//465
f 811//466 815//466 817//466
f 812//467 815//467 814//467
f 813//468 815//468 816//468
f 818//469 822//469 824//469
f 819//470 822//470 821//470
f 820//471 822//471 823//471
f 825//472 829//472 831//472
f 826//473 829//473 828//473
f 827//474 829//474 830//474
f 832//475 836//475 838//475
f 833//476 836//476 835//476
f 834//477 836//477 837//477
f 839//478 843//478 845//478
f 840//479 843//479 842//479
f 841//480 843//480 844//480
f 846//481 850//481 852//481
f 847//482 850//482 849//482
f 848//483 850//483 851//483
f 771//484 786//484 775//484
f 775//485 783//485 769//485
f 792//486 779//486 796//486
f 796//487 776//487 790//487
f 770//488 781//488 774//488
f 774//489 777//489 771//489
f 791//490 788//490 795//490
f 795//491 784//491 792//491
f 785//492 800//492 789//492
f 789//493 797//493 783//493
f 806//494 793//494 810//494
f 810//495 790//495 804//495
f 805//496 802//496 809//496
f 809//497 798//497 806//497
f 799//498 814//498 803//498
f 803//499 811//499 797//499
f 820//500 807//500 824//500
f 824//501 804//501 818//501
f 819//502 816//502 823//502
f 823//503 812//503 820//503
f 813//504 828//504 817//504
f 817//505 825//505 811//505
f 834//506 821//506 838//506
f 838//507 818//507 832//507
f 833//508 830//508 837//508
f 837//509 826//509 834//509
f 827//510 842//510 831//510
f 831//511 839//511 825//511
f 848//512 835//512 852//512
f 852//513 832//513 846//513
f 847//514 844//514 851//514
f 851//515 840//515 848//515
f 841//516 772//516 845//516
f 845//517 769//517 839//517
f 778//518 849//518 782//518
f 782//519 846//519 776//519
f 783//129 811//129 839//129
f 771//520 792//520 784//520
f 841//521 778//521 770//521
f 776//132 832//132 804//132
f 785//255 806//255 798//255
f 799//522 820//522 812//522
f 813//523 834//523 826//523
f 827//257 848//257 840//257
f 853//448 857//448 859//448
f 854//449 857//449 856//449
f 855//450 857//450 858//450
f 860//451 864//451 866//451
f 861//452 864//452 863//452
f 862//453 864//453 865//453
f 867//454 871//454 873//454
f 868//455 871//455 870//455
f 869//456 871//456 872//456
f 874//457 878//457 880//457
f 875//458 878//458 877//458
f 876//459 878//459 879//459
f 881//460 885//460 887//460
f 882//461 885//461 884//461
f 883//462 885//462 886//462
f 888//463 892//463 894//463
f 889//464 892//464 891//464
f 890//465 892//465 893//465
f 895//466 899//466 901//466
f 896//467 899//467 898//467
f 897//468 899//468 900//468
f 902//469 906//469 908//469
f 903//470 906//470 905//470
f 904//471 906//471 907//471
f 909//472 913//472 915//472
f 910//473 913//473 912//473
f 911//474 913//474 914//474
f 916//475 920//475 922//475
f 917//476 920//476 919//476
f 918//477 920//477 921//477
f 923//478 927//478 929//478
f 924//479 927//479 926//479
f 925//480 927//480 928//480
f 930//481 934//481 936//481
f 931//482 934//482 933//482
f 932//483 934//483 935//483
f 855//484 870//484 859//484
f 859//485 867//485 853//485
f 876//486 863//486 880//486
f 880//487 860//487 874//487
f 854//488 865//488 858//488
f 858//489 861//489 855//489
f 875//490 872//490 879//490
f 879//491 868//491 876//491
f 869//492 884//492 873//492
f 873//493 881//493 867//493
f 890//494 877//494 894//494
f 894//495 874//495 888//495
f 889//496 886//496 893//496
f 893//497 882//497 890//497
f 883//498 898//498 887//498
f 887//499 895//499 881//499
f 904//500 891//500 908//500
f 908//525 888//525 902//525
f 903//502 900//502 907//502
f 907//503 896//503 904//503
f 897//504 912//504 901//504
f 901//505 909//505 895//505
f 918//506 905//506 922//506
f 922//507 902//507 916//507
f 917//508 914//508 921//508
f 921//509 910//509 918//509
f 911//510 926//510 915//510
f 915//527 923//527 909//527
f 932//512 919//512 936//512
f 936//513 916//513 930//513
f 931//514 928//514 935//514
f 935//515 924//515 932//515
f 925//516 856//516 929//516
f 929//517 853//517 923//517
f 862//518 933//518 866//518
f 866//526 930//526 860//526
f 867//129 895//129 923//129
f 855//520 876//520 868//520
f 925//521 862//521 854//521
f 860//132 916//132 888//132
f 869//255 890//255 882//255
f 883//522 904//522 896//522
f 897//523 918//523 910//523
f 911//257 932//257 924//257
f 1249//448 1253//448 1255//448
f 1250//449 1253//449 1252//449
f 1251//450 1253//450 1254//450
f 1256//451 1260//451 1262//451
f 1257//452 1260//452 1259//452
f 1258//453 1260//453 1261//453
f 1263//454 1267//454 1269//454
f 1264//455 1267//455 1266//455
f 1265//456 1267//456 1268//456
f 1270//457 1274//457 1276//457
f 1271//458 1274//458 1273//458
f 1272//459 1274//459 1275//459
f 1277//460 1281//460 1283//460
f 1278//461 1281//461 1280//461
f 1279//462 1281//462 1282//462
f 1284//463 1288//463 1290//463
f 1285//464 1288//464 1287//464
f 1286//465 1288//465 1289//465
f 1291//466 1295//466 1297//466
f 1292//467 1295//467 1294//467
f 1293//468 1295//468 1296//468
f 1298//469 1302//469 1304//469
f 1299//470 1302//470 1301//470
f 1300//471 1302//471 1303//471
f 1305//472 1309//472 1311//472
f 1306//473 1309//473 1308//473
f 1307//474 1309//474 1310//474
f 1312//475 1316//475 1318//475
f 1313//476 1316//476 1315//476
f 1314//477 1316//477 1317//477
f 1319//478 1323//478 1325//478
f 1320//479 1323//479 1322//479
f 1321//480 1323//480 1324//480
f 1326//481 1330//481 1332//481
f 1327//482 1330//482 1329//482
f 1328//483 1330//483 1331//483
f 1251//484 1266//484 1255//484
f 1255//485 1263//485 1249//485
f 1272//486 1259//486 1276//486
f 1276//487 1256//487 1270//487
f 1250//488 1261//488 1254//488
f 1254//489 1257//489 1251//489
f 1271//490 1268//490 1275//490
f 1275//491 1264//491 1272//491
f 1265//492 1280//492 1269//492
f 1269//493 1277//493 1263//493
f 1286//494 1273//494 1290//494
f 1290//495 1270//495 1284//495
f 1285//496 1282//496 1289//496
f 1289//497 1278//497 1286//497
f 1279//498 1294//498 1283//498
f 1283//499 1291//499 1277//499
f 1300//500 1287//500 1304//500
f 1304//501 1284//501 1298//501
f 1299//502 1296//502 1303//502
f 1303//503 1292//503 1300//503
f 1293//504 1308//504 1297//504
f 1297//505 1305//505 1291//505
f 1314//506 1301//506 1318//506
f 1318//507 1298//507 1312//507
f 1313//508 1310//508 1317//508
f 1317//509 1306//509 1314//509
f 1307//510 1322//510 1311//510
f 1311//511 1319//511 1305//511
f 1328//512 1315//512 1332//512
f 1332//513 1312//513 1326//513
f 1327//514 1324//514 1331//514
f 1331//515 1320//515 1328//515
f 1321//516 1252//516 1325//516
f 1325//517 1249//517 1319//517
f 1258//518 1329//518 1262//518
f 1262//519 1326//519 1256//519
f 1263//129 1291//129 1319//129
f 1251//520 1272//520 1264//520
f 1321//521 1258//521 1250//521
f 1256//132 1312//132 1284//132
f 1265//255 1286//255 1278//255
f 1279//522 1300//522 1292//522
f 1293//523 1314//523 1306//523
f 1307//257 1328//257 1320//257
f 1333//448 1337//448 1339//448
f 1334//449 1337//449 1336//449
f 1335//450 1337//450 1338//450
f 1340//451 1344//451 1346//451
f 1341//452 1344//452 1343//452
f 1342//453 1344//453 1345//453
f 1347//454 1351//454 1353//454
f 1348//455 1351//455 1350//455
f 1349//456 1351//456 1352//456
f 1354//457 1358//457 1360//457
f 1355//458 1358//458 1357//458
f 1356//459 1358//459 1359//459
f 1361//460 1365//460 1367//460
f 1362//461 1365//461 1364//461
f 1363//462 1365//462 1366//462
f 1368//463 1372//463 1374//463
f 1369//464 1372//464 1371//464
f 1370//465 1372//465 1373//465
f 1375//466 1379//466 1381//466
f 1376//467 1379//467 1378//467
f 1377//468 1379//468 1380//468
f 1382//469 1386//469 1388//469
f 1383//470 1386//470 1385//470
f 1384//471 1386//471 1387//471
f 1389//472 1393//472 1395//472
f 1390//473 1393//473 1392//473
f 1391//474 1393//474 1394//474
f 1396//475 1400//475 1402//475
f 1397//476 1400//476 1399//476
f 1398//477 1400//477 1401//477
f 1403//478 1407//478 1409//478
f 1404//479 1407//479 1406//479
f 1405//480 1407//480 1408//480
f 1410//481 1414//481 1416//481
f 1411//482 1414//482 1413//482
f 1412//483 1414//483 1415//483
f 1335//484 1350//484 1339//484
f 1339//535 1347//535 1333//535
f 1356//486 1343//486 1360//486
f 1360//487 1340//487 1354//487
f 1334//488 1345//488 1338//488
f 1338//489 1341//489 1335//489
f 1355//490 1352//490 1359//490
f 1359//491 1348//491 1356//491
f 1349//492 1364//492 1353//492
f 1353//493 1361//493 1347//493
f 1370//494 1357//494 1374//494
f 1374//536 1354//536 1368//536
f 1369//496 1366//496 1373//496
f 1373//497 1362//497 1370//497
f 1363//498 1378//498 1367//498
f 1367//499 1375//499 1361//499
f 1384//500 1371//500 1388//500
f 1388//501 1368//501 1382//501
f 1383//502 1380//502 1387//502
f 1387//503 1376//503 1384//503
f 1377//504 1392//504 1381//504
f 1381//537 1389//537 1375//537
f 1398//506 1385//506 1402//506
f 1402//507 1382//507 1396//507
f 1397//508 1394//508 1401//508
f 1401//509 1390//509 1398//509
f 1391//510 1406//510 1395//510
f 1395//511 1403//511 1389//511
f 1412//512 1399//512 1416//512
f 1416//513 1396//513 1410//513
f 1411//514 1408//514 1415//514
f 1415//515 1404//515 1412//515
f 1405//516 1336//516 1409//516
f 1409//517 1333//517 1403//517
f 1342//518 1413//518 1346//518
f 1346//519 1410//519 1340//519
f 1347//129 1375//129 1403//129
f 1335//520 1356//520 1348//520
f 1405//521 1342//521 1334//521
f 1340//132 1396//132 1368//132
f 1349//255 1370//255 1362//255
f 1363//522 1384//522 1376//522
f 1377//523 1398//523 1390//523
f 1391//257 1412//257 1404//257
f 1417//448 1421//448 1423//448
f 1418//449 1421//449 1420//449
f 1419//450 1421//450 1422//450
f 1424//451 1428//451 1430//451
f 1425//452 1428//452 1427//452
f 1426//453 1428//453 1429//453
f 1431//454 1435//454 1437//454
f 1432//455 1435//455 1434//455
f 1433//456 1435//456 1436//456
f 1438//457 1442//457 1444//457
f 1439//458 1442//458 1441//458
f 1440//459 1442//459 1443//459
f 1445//460 1449//460 1451//460
f 1446//461 1449//461 1448//461
f 1447//462 1449//462 1450//462
f 1452//463 1456//463 1458//463
f 1453//464 1456//464 1455//464
f 1454//465 1456//465 1457//465
f 1459//466 1463//466 1465//466
f 1460//467 1463//467 1462//467
f 1461//468 1463//468 1464//468
f 1466//469 1470//469 1472//469
f 1467//470 1470//470 1469//470
f 1468//471 1470//471 1471//471
f 1473//472 1477//472 1479//472
f 1474//473 1477//473 1476//473
f 1475//474 1477//474 1478//474
f 1480//475 1484//475 1486//475
f 1481//476 1484//476 1483//476
f 1482//477 1484//477 1485//477
f 1487//478 1491//478 1493//478
f 1488//479 1491//479 1490//479
f 1489//480 1491//480 1492//480
f 1494//481 1498//481 1500//481
f 1495//482 1498//482 1497//482
f 1496//483 1498//483 1499//483
f 1419//484 1434//484 1423//484
f 1423//485 1431//485 1417//485
f 1440//486 1427//486 1444//486
f 1444//487 1424//487 1438//487
f 1418//488 1429//488 1422//488
f 1422//489 1425//489 1419//489
f 1439//490 1436//490 1443//490
f 1443//491 1432//491 1440//491
f 1433//492 1448//492 1437//492
f 1437//493 1445//493 1431//493
f 1454//494 1441//494 1458//494
f 1458//495 1438//495 1452//495
f 1453//496 1450//496 1457//496
f 1457//497 1446//497 1454//497
f 1447//498 1462//498 1451//498
f 1451//499 1459//499 1445//499
f 1468//500 1455//500 1472//500
f 1472//501 1452//501 1466//501
f 1467//502 1464//502 1471//502
f 1471//503 1460//503 1468//503
f 1461//504 1476//504 1465//504
f 1465//505 1473//505 1459//505
f 1482//506 1469//506 1486//506
f 1486//507 1466//507 1480//507
f 1481//508 1478//508 1485//508
f 1485//509 1474//509 1482//509
f 1475//510 1490//510 1479//510
f 1479//511 1487//511 1473//511
f 1496//512 1483//512 1500//512
f 1500//513 1480//513 1494//513
f 1495//514 1492//514 1499//514
f 1499//515 1488//515 1496//515
f 1489//516 1420//516 1493//516
f 1493//517 1417//517 1487//517
f 1426//518 1497//518 1430//518
f 1430//519 1494//519 1424//519
f 1431//129 1459//129 1487//129
f 1419//520 1440//520 1432//520
f 1489//521 1426//521 1418//521
f 1424//132 1480//132 1452//132
f 1433//255 1454//255 1446//255
f 1447//522 1468//522 1460//522
f 1461//523 1482//523 1474//523
f 1475//257 1496//257 1488//257
f 1501//448 1505//448 1507//448
f 1502//449 1505//449 1504//449
f 1503//450 1505//450 1506//450
f 1508//451 1512//451 1514//451
f 1509//452 1512//452 1511//452
f 1510//453 1512//453 1513//453
f 1515//454 1519//454 1521//454
f 1516//455 1519//455 1518//455
f 1517//456 1519//456 1520//456
f 1522//457 1526//457 1528//457
f 1523//458 1526//458 1525//458
f 1524//459 1526//459 1527//459
f 1529//460 1533//460 1535//460
f 1530//461 1533//461 1532//461
f 1531//462 1533//462 1534//462
f 1536//463 1540//463 1542//463
f 1537//464 1540//464 1539//464
f 1538//465 1540//465 1541//465
f 1543//466 1547//466 1549//466
f 1544//467 1547//467 1546//467
f 1545//468 1547//468 1548//468
f 1550//469 1554//469 1556//469
f 1551//470 1554//470 1553//470
f 1552//471 1554//471 1555//471
f 1557//472 1561//472 1563//472
f 1558//473 1561//473 1560//473
f 1559//474 1561//474 1562//474
f 1564//475 1568//475 1570//475
f 1565//476 1568//476 1567//476
f 1566//477 1568//477 1569//477
f 1571//478 1575//478 1577//478
f 1572//479 1575//479 1574//479
f 1573//480 1575//480 1576//480
f 1578//481 1582//481 1584//481
f 1579//482 1582//482 1581//482
f 1580//483 1582//483 1583//483
f 1503//484 1518//484 1507//484
f 1507//535 1515//535 1501//535
f 1524//486 1511//486 1528//486
f 1528//487 1508//487 1522//487
f 1502//488 1513//488 1506//488
f 1506//489 1509//489 1503//489
f 1523//490 1520//490 1527//490
f 1527//491 1516//491 1524//491
f 1517//492 1532//492 1521//492
f 1521//493 1529//493 1515//493
f 1538//494 1525//494 1542//494
f 1542//495 1522//495 1536//495
f 1537//496 1534//496 1541//496
f 1541//497 1530//497 1538//497
f 1531//498 1546//498 1535//498
f 1535//499 1543//499 1529//499
f 1552//500 1539//500 1556//500
f 1556//501 1536//501 1550//501
f 1551//502 1548//502 1555//502
f 1555//503 1544//503 1552//503
f 1545//504 1560//504 1549//504
f 1549//537 1557//537 1543//537
f 1566//506 1553//506 1570//506
f 1570//507 1550//507 1564//507
f 1565//508 1562//508 1569//508
f 1569//509 1558//509 1566//509
f 1559//510 1574//510 1563//510
f 1563//511 1571//511 1557//511
f 1580//512 1567//512 1584//512
f 1584//538 1564//538 1578//538
f 1579//514 1576//514 1583//514
f 1583//515 1572//515 1580//515
f 1573//516 1504//516 1577//516
f 1577//517 1501//517 1571//517
f 1510//518 1581//518 1514//518
f 1514//519 1578//519 1508//519
f 1515//129 1543//129 1571//129
f 1503//520 1524//520 1516//520
f 1573//521 1510//521 1502//521
f 1508//132 1564//132 1536//132
f 1517//255 1538//255 1530//255
f 1531//522 1552//522 1544//522
f 1545//523 1566//523 1558//523
f 1559//257 1580//257 1572//257
f 601//828 604//828 605//828
f 602//829 606//829 605//829
f 603//830 607//830 605//830
f 608//831 611//831 612//831
f 609//832 613//832 612//832
f 610//833 614//833 612//833
f 615//834 618//834 619//834
f 616//835 620//835 619//835
f 617//836 621//836 619//836
f 622//837 625//837 626//837
f 623//838 627//838 626//838
f 624//839 628//839 626//839
f 629//840 632//840 633//840
f 630//841 634//841 633//841
f 631//842 635//842 633//842
f 636//843 639//843 640//843
f 637//844 641//844 640//844
f 638//845 642//845 640//845
f 643//846 646//846 647//846
f 644//847 648//847 647//847
f 645//848 649//848 647//848
f 650//849 653//849 654//849
f 651//850 655//850 654//850
f 652//851 656//851 654//851
f 657//852 660//852 661//852
f 658//853 662//853 661//853
f 659//854 663//854 661//854
f 664//855 667//855 668//855
f 665//856 669//856 668//856
f 666//857 670//857 668//857
f 671//858 674//858 675//858
f 672//859 676//859 675//859
f 673//860 677//860 675//860
f 678//861 681//861 682//861
f 679//862 683//862 682//862
f 680//863 684//863 682//863
f 603//864 616//864 618//864
f 607//865 618//865 615//865
f 624//866 609//866 611//866
f 628//867 611//867 608//867
f 602//488 610//488 613//488
f 606//489 613//489 609//489
f 623//490 617//490 620//490
f 627//491 620//491 616//491
f 617//492 630//492 632//492
f 621//493 632//493 629//493
f 638//494 623//494 625//494
f 642//495 625//495 622//495
f 637//496 631//496 634//496
f 641//497 634//497 630//497
f 631//868 644//868 646//868
f 635//869 646//869 643//869
f 652//870 637//870 639//870
f 656//871 639//871 636//871
f 651//502 645//502 648//502
f 655//503 648//503 644//503
f 645//872 658//872 660//872
f 649//873 660//873 657//873
f 666//874 651//874 653//874
f 670//875 653//875 650//875
f 665//508 659//508 662//508
f 669//509 662//509 658//509
f 659//510 672//510 674//510
f 663//511 674//511 671//511
f 680//512 665//512 667//512
f 684//513 667//513 664//513
f 679//514 673//514 676//514
f 683//515 676//515 672//515
f 673//876 602//876 604//876
f 677//877 604//877 601//877
f 610//878 679//878 681//878
f 614//879 681//879 678//879
f 671//129 601//129 615//129
f 615//129 629//129 643//129
f 643//129 657//129 671//129
f 603//520 609//520 624//520
f 673//521 679//521 610//521
f 636//132 622//132 608//132
f 608//132 678//132 664//132
f 664//132 650//132 636//132
f 617//255 623//255 638//255
f 631//522 637//522 652//522
f 645//523 651//523 666//523
f 659//257 665//257 680//257
f 685//828 688//828 689//828
f 686//829 690//829 689//829
f 687//830 691//830 689//830
f 692//831 695//831 696//831
f 693//832 697//832 696//832
f 694//833 698//833 696//833
f 699//834 702//834 703//834
f 700//835 704//835 703//835
f 701//836 705//836 703//836
f 706//837 709//837 710//837
f 707//838 711//838 710//838
f 708//839 712//839 710//839
f 713//840 716//840 717//840
f 714//841 718//841 717//841
f 715//842 719//842 717//842
f 720//843 723//843 724//843
f 721//844 725//844 724//844
f 722//845 726//845 724//845
f 727//846 730//846 731//846
f 728//847 732//847 731//847
f 729//848 733//848 731//848
f 734//849 737//849 738//849
f 735//850 739//850 738//850
f 736//851 740//851 738//851
f 741//852 744//852 745//852
f 742//853 746//853 745//853
f 743//854 747//854 745//854
f 748//855 751//855 752//855
f 749//856 753//856 752//856
f 750//857 754//857 752//857
f 755//858 758//858 759//858
f 756//859 760//859 759//859
f 757//860 761//860 759//860
f 762//861 765//861 766//861
f 763//862 767//862 766//862
f 764//863 768//863 766//863
f 687//864 700//864 702//864
f 691//880 702//880 699//880
f 708//866 693//866 695//866
f 712//867 695//867 692//867
f 686//488 694//488 697//488
f 690//489 697//489 693//489
f 707//490 701//490 704//490
f 711//491 704//491 700//491
f 701//492 714//492 716//492
f 705//493 716//493 713//493
f 722//494 707//494 709//494
f 726//495 709//495 706//495
f 721//496 715//496 718//496
f 725//497 718//497 714//497
f 715//868 728//868 730//868
f 719//869 730//869 727//869
f 736//870 721//870 723//870
f 740//871 723//871 720//871
f 735//502 729//502 732//502
f 739//503 732//503 728//503
f 729//872 742//872 744//872
f 733//881 744//881 741//881
f 750//874 735//874 737//874
f 754//875 737//875 734//875
f 749//508 743//508 746//508
f 753//509 746//509 742//509
f 743//510 756//510 758//510
f 747//511 758//511 755//511
f 764//512 749//512 751//512
f 768//513 751//513 748//513
f 763//514 757//514 760//514
f 767//515 760//515 756//515
f 757//876 686//876 688//876
f 761//877 688//877 685//877
f 694//878 763//878 765//878
f 698//879 765//879 762//879
f 755//129 685//129 699//129
f 699//129 713//129 727//129
f 727//129 741//129 755//129
f 687//520 693//520 708//520
f 757//521 763//521 694//521
f 720//132 706//132 692//132
f 692//132 762//132 748//132
f 748//132 734//132 720//132
f 701//255 707//255 722//255
f 715//522 721//522 736//522
f 729//523 735//523 750//523
f 743//257 749//257 764//257
f 769//828 772//828 773//828
f 770//829 774//829 773//829
f 771//830 775//830 773//830
f 776//831 779//831 780//831
f 777//832 781//832 780//832
f 778//833 782//833 780//833
f 783//834 786//834 787//834
f 784//835 788//835 787//835
f 785//836 789//836 787//836
f 790//837 793//837 794//837
f 791//838 795//838 794//838
f 792//839 796//839 794//839
f 797//840 800//840 801//840
f 798//841 802//841 801//841
f 799//842 803//842 801//842
f 804//843 807//843 808//843
f 805//844 809//844 808//844
f 806//845 810//845 808//845
f 811//846 814//846 815//846
f 812//847 816//847 815//847
f 813//848 817//848 815//848
f 818//849 821//849 822//849
f 819//850 823//850 822//850
f 820//851 824//851 822//851
f 825//852 828//852 829//852
f 826//853 830//853 829//853
f 827//854 831//854 829//854
f 832//855 835//855 836//855
f 833//856 837//856 836//856
f 834//857 838//857 836//857
f 839//858 842//858 843//858
f 840//859 844//859 843//859
f 841//860 845//860 843//860
f 846//861 849//861 850//861
f 847//862 851//862 850//862
f 848//863 852//863 850//863
f 771//864 784//864 786//864
f 775//865 786//865 783//865
f 792//866 777//866 779//866
f 796//867 779//867 776//867
f 770//488 778//488 781//488
f 774//489 781//489 777//489
f 791//490 785//490 788//490
f 795//491 788//491 784//491
f 785//492 798//492 800//492
f 789//493 800//493 797//493
f 806//494 791//494 793//494
f 810//495 793//495 790//495
f 805//496 799//496 802//496
f 809//497 802//497 798//497
f 799//868 812//868 814//868
f 803//869 814//869 811//869
f 820//870 805//870 807//870
f 824//871 807//871 804//871
f 819//502 813//502 816//502
f 823//503 816//503 812//503
f 813//872 826//872 828//872
f 817//873 828//873 825//873
f 834//874 819//874 821//874
f 838//875 821//875 818//875
f 833//508 827//508 830//508
f 837//509 830//509 826//509
f 827//510 840//510 842//510
f 831//511 842//511 839//511
f 848//512 833//512 835//512
f 852//513 835//513 832//513
f 847//514 841//514 844//514
f 851//515 844//515 840//515
f 841//876 770//876 772//876
f 845//877 772//877 769//877
f 778//878 847//878 849//878
f 782//879 849//879 846//879
f 839//129 769//129 783//129
f 783//129 797//129 811//129
f 811//129 825//129 839//129
f 771//520 777//520 792//520
f 841//521 847//521 778//521
f 804//132 790//132 776//132
f 776//132 846//132 832//132
f 832//132 818//132 804//132
f 785//255 791//255 806//255
f 799//522 805//522 820//522
f 813//523 819//523 834//523
f 827//257 833//257 848//257
f 853//828 856//828 857//828
f 854//829 858//829 857//829
f 855//830 859//830 857//830
f 860//831 863//831 864//831
f 861//832 865//832 864//832
f 862//833 866//833 864//833
f 867//834 870//834 871//834
f 868//835 872//835 871//835
f 869//836 873//836 871//836
f 874//837 877//837 878//837
f 875//838 879//838 878//838
f 876//839 880//839 878//839
f 881//840 884//840 885//840
f 882//841 886//841 885//841
f 883//842 887//842 885//842
f 888//843 891//843 892//843
f 889//844 893//844 892//844
f 890//845 894//845 892//845
f 895//846 898//846 899//846
f 896//847 900//847 899//847
f 897//848 901//848 899//848
f 902//849 905//849 906//849
f 903//850 907//850 906//850
f 904//851 908//851 906//851
f 909//852 912//852 913//852
f 910//853 914//853 913//853
f 911//854 915//854 913//854
f 916//855 919//855 920//855
f 917//856 921//856 920//856
f 918//857 922//857 920//857
f 923//858 926//858 927//858
f 924//859 928//859 927//859
f 925//860 929//860 927//860
f 930//861 933//861 934//861
f 931//862 935//862 934//862
f 932//863 936//863 934//863
f 855//864 868//864 870//864
f 859//880 870//880 867//880
f 876//866 861//866 863//866
f 880//867 863//867 860//867
f 854//488 862//488 865//488
f 858//489 865//489 861//489
f 875//490 869//490 872//490
f 879//491 872//491 868//491
f 869//492 882//492 884//492
f 873//493 884//493 881//493
f 890//494 875//494 877//494
f 894//495 877//495 874//495
f 889//496 883//496 886//496
f 893//497 886//497 882//497
f 883//868 896//868 898//868
f 887//869 898//869 895//869
f 904//870 889//870 891//870
f 908//871 891//871 888//871
f 903//502 897//502 900//502
f 907//503 900//503 896//503
f 897//872 910//872 912//872
f 901//881 912//881 909//881
f 918//874 903//874 905//874
f 922//875 905//875 902//875
f 917//508 911//508 914//508
f 921//509 914//509 910//509
f 911//510 924//510 926//510
f 915//511 926//511 923//511
f 932//512 917//512 919//512
f 936//513 919//513 916//513
f 931//514 925//514 928//514
f 935//515 928//515 924//515
f 925//876 854//876 856//876
f 929//877 856//877 853//877
f 862//878 931//878 933//878
f 866//879 933//879 930//879
f 923//129 853//129 867//129
f 867//129 881//129 895//129
f 895//129 909//129 923//129
f 855//520 861//520 876//520
f 925//521 931//521 862//521
f 888//132 874//132 860//132
f 860//132 930//132 916//132
f 916//132 902//132 888//132
f 869//255 875//255 890//255
f 883//522 889//522 904//522
f 897//523 903//523 918//523
f 911//257 917//257 932//257
f 1249//828 1252//828 1253//828
f 1250//829 1254//829 1253//829
f 1251//830 1255//830 1253//830
f 1256//831 1259//831 1260//831
f 1257//832 1261//832 1260//832
f 1258//833 1262//833 1260//833
f 1263//834 1266//834 1267//834
f 1264//835 1268//835 1267//835
f 1265//836 1269//836 1267//836
f 1270//837 1273//837 1274//837
f 1271//838 1275//838 1274//838
f 1272//839 1276//839 1274//839
f 1277//840 1280//840 1281//840
f 1278//841 1282//841 1281//841
f 1279//842 1283//842 1281//842
f 1284//843 1287//843 1288//843
f 1285//844 1289//844 1288//844
f 1286//845 1290//845 1288//845
f 1291//846 1294//846 1295//846
f 1292//847 1296//847 1295//847
f 1293//848 1297//848 1295//848
f 1298//849 1301//849 1302//849
f 1299//850 1303//850 1302//850
f 1300//851 1304//851 1302//851
f 1305//852 1308//852 1309//852
f 1306//853 1310//853 1309//853
f 1307//854 1311//854 1309//854
f 1312//855 1315//855 1316//855
f 1313//856 1317//856 1316//856
f 1314//857 1318//857 1316//857
f 1319//858 1322//858 1323//858
f 1320//859 1324//859 1323//859
f 1321//860 1325//860 1323//860
f 1326//861 1329//861 1330//861
f 1327//862 1331//862 1330//862
f 1328//863 1332//863 1330//863
f 1251//864 1264//864 1266//864
f 1255//865 1266//865 1263//865
f 1272//866 1257//866 1259//866
f 1276//867 1259//867 1256//867
f 1250//488 1258//488 1261//488
f 1254//489 1261//489 1257//489
f 1271//490 1265//490 1268//490
f 1275//491 1268//491 1264//491
f 1265//492 1278//492 1280//492
f 1269//493 1280//493 1277//493
f 1286//494 1271//494 1273//494
f 1290//495 1273//495 1270//495
f 1285//496 1279//496 1282//496
f 1289//497 1282//497 1278//497
f 1279//868 1292//868 1294//868
f 1283//869 1294//869 1291//869
f 1300//870 1285//870 1287//870
f 1304//871 1287//871 1284//871
f 1299//502 1293//502 1296//502
f 1303//503 1296//503 1292//503
f 1293//872 1306//872 1308//872
f 1297//873 1308//873 1305//873
f 1314//874 1299//874 1301//874
f 1318//875 1301//875 1298//875
f 1313//508 1307//508 1310//508
f 1317//509 1310//509 1306//509
f 1307//510 1320//510 1322//510
f 1311//511 1322//511 1319//511
f 1328//512 1313//512 1315//512
f 1332//513 1315//513 1312//513
f 1327//514 1321//514 1324//514
f 1331//515 1324//515 1320//515
f 1321//876 1250//876 1252//876
f 1325//877 1252//877 1249//877
f 1258//878 1327//878 1329//878
f 1262//879 1329//879 1326//879
f 1319//129 1249//129 1263//129
f 1263//129 1277//129 1291//129
f 1291//129 1305//129 1319//129
f 1251//520 1257//520 1272//520
f 1321//521 1327//521 1258//521
f 1284//132 1270//132 1256//132
f 1256//132 1326//132 1312//132
f 1312//132 1298//132 1284//132
f 1265//255 1271//255 1286//255
f 1279//522 1285//522 1300//522
f 1293//523 1299//523 1314//523
f 1307//257 1313//257 1328//257
f 1333//828 1336//828 1337//828
f 1334//829 1338//829 1337//829
f 1335//830 1339//830 1337//830
f 1340//831 1343//831 1344//831
f 1341//832 1345//832 1344//832
f 1342//833 1346//833 1344//833
f 1347//834 1350//834 1351//834
f 1348//835 1352//835 1351//835
f 1349//836 1353//836 1351//836
f 1354//837 1357//837 1358//837
f 1355//838 1359//838 1358//838
f 1356//839 1360//839 1358//839
f 1361//840 1364//840 1365//840
f 1362//841 1366//841 1365//841
f 1363//842 1367//842 1365//842
f 1368//843 1371//843 1372//843
f 1369//844 1373//844 1372//844
f 1370//845 1374//845 1372//845
f 1375//846 1378//846 1379//846
f 1376//847 1380//847 1379//847
f 1377//848 1381//848 1379//848
f 1382//849 1385//849 1386//849
f 1383//850 1387//850 1386//850
f 1384//851 1388//851 1386//851
f 1389//852 1392//852 1393//852
f 1390//853 1394//853 1393//853
f 1391//854 1395//854 1393//854
f 1396//855 1399//855 1400//855
f 1397//856 1401//856 1400//856
f 1398//857 1402//857 1400//857
f 1403//858 1406//858 1407//858
f 1404//859 1408//859 1407//859
f 1405//860 1409//860 1407//860
f 1410//861 1413//861 1414//861
f 1411//862 1415//862 1414//862
f 1412//863 1416//863 1414//863
f 1335//864 1348//864 1350//864
f 1339//865 1350//865 1347//865
f 1356//866 1341//866 1343//866
f 1360//867 1343//867 1340//867
f 1334//488 1342//488 1345//488
f 1338//489 1345//489 1341//489
f 1355//490 1349//490 1352//490
f 1359//491 1352//491 1348//491
f 1349//492 1362//492 1364//492
f 1353//493 1364//493 1361//493
f 1370//494 1355//494 1357//494
f 1374//495 1357//495 1354//495
f 1369//496 1363//496 1366//496
f 1373//497 1366//497 1362//497
f 1363//868 1376//868 1378//868
f 1367//869 1378//869 1375//869
f 1384//870 1369//870 1371//870
f 1388//884 1371//884 1368//884
f 1383//502 1377//502 1380//502
f 1387//503 1380//503 1376//503
f 1377//872 1390//872 1392//872
f 1381//873 1392//873 1389//873
f 1398//874 1383//874 1385//874
f 1402//875 1385//875 1382//875
f 1397//508 1391//508 1394//508
f 1401//509 1394//509 1390//509
f 1391//510 1404//510 1406//510
f 1395//511 1406//511 1403//511
f 1412//512 1397//512 1399//512
f 1416//513 1399//513 1396//513
f 1411//514 1405//514 1408//514
f 1415//515 1408//515 1404//515
f 1405//876 1334//876 1336//876
f 1409//877 1336//877 1333//877
f 1342//878 1411//878 1413//878
f 1346//885 1413//885 1410//885
f 1403//129 1333//129 1347//129
f 1347//129 1361//129 1375//129
f 1375//129 1389//129 1403//129
f 1335//520 1341//520 1356//520
f 1405//521 1411//521 1342//521
f 1368//132 1354//132 1340//132
f 1340//132 1410//132 1396//132
f 1396//132 1382//132 1368//132
f 1349//255 1355//255 1370//255
f 1363//522 1369//522 1384//522
f 1377//523 1383//523 1398//523
f 1391//257 1397//257 1412//257
f 1417//828 1420//828 1421//828
f 1418//829 1422//829 1421//829
f 1419//830 1423//830 1421//830
f 1424//831 1427//831 1428//831
f 1425//832 1429//832 1428//832
f 1426//833 1430//833 1428//833
f 1431//834 1434//834 1435//834
f 1432//835 1436//835 1435//835
f 1433//836 1437//836 1435//836
f 1438//837 1441//837 1442//837
f 1439//838 1443//838 1442//838
f 1440//839 1444//839 1442//839
f 1445//840 1448//840 1449//840
f 1446//841 1450//841 1449//841
f 1447//842 1451//842 1449//842
f 1452//843 1455//843 1456//843
f 1453//844 1457//844 1456//844
f 1454//845 1458//845 1456//845
f 1459//846 1462//846 1463//846
f 1460//847 1464//847 1463//847
f 1461//848 1465//848 1463//848
f 1466//849 1469//849 1470//849
f 1467//850 1471//850 1470//850
f 1468//851 1472//851 1470//851
f 1473//852 1476//852 1477//852
f 1474//853 1478//853 1477//853
f 1475//854 1479//854 1477//854
f 1480//855 1483//855 1484//855
f 1481//856 1485//856 1484//856
f 1482//857 1486//857 1484//857
f 1487//858 1490//858 1491//858
f 1488//859 1492//859 1491//859
f 1489//860 1493//860 1491//860
f 1494//861 1497//861 1498//861
f 1495//862 1499//862 1498//862
f 1496//863 1500//863 1498//863
f 1419//864 1432//864 1434//864
f 1423//865 1434//865 1431//865
f 1440//866 1425//866 1427//866
f 1444//867 1427//867 1424//867
f 1418//488 1426//488 1429//488
f 1422//489 1429//489 1425//489
f 1439//490 1433//490 1436//490
f 1443//491 1436//491 1432//491
f 1433//492 1446//492 1448//492
f 1437//493 1448//493 1445//493
f 1454//494 1439//494 1441//494
f 1458//495 1441//495 1438//495
f 1453//496 1447//496 1450//496
f 1457//497 1450//497 1446//497
f 1447//868 1460//868 1462//868
f 1451//869 1462//869 1459//869
f 1468//870 1453//870 1455//870
f 1472//871 1455//871 1452//871
f 1467//502 1461//502 1464//502
f 1471//503 1464//503 1460//503
f 1461//872 1474//872 1476//872
f 1465//873 1476//873 1473//873
f 1482//874 1467//874 1469//874
f 1486//875 1469//875 1466//875
f 1481//508 1475//508 1478//508
f 1485//509 1478//509 1474//509
f 1475//510 1488//510 1490//510
f 1479//511 1490//511 1487//511
f 1496//512 1481//512 1483//512
f 1500//513 1483//513 1480//513
f 1495//514 1489//514 1492//514
f 1499//515 1492//515 1488//515
f 1489//876 1418//876 1420//876
f 1493//877 1420//877 1417//877
f 1426//878 1495//878 1497//878
f 1430//879 1497//879 1494//879
f 1487//129 1417//129 1431//129
f 1431//129 1445//129 1459//129
f 1459//129 1473//129 1487//129
f 1419//520 1425//520 1440//520
f 1489//521 1495//521 1426//521
f 1452//132 1438//132 1424//132
f 1424//132 1494//132 1480//132
f 1480//132 1466//132 1452//132
f 1433//255 1439//255 1454//255
f 1447//522 1453//522 1468//522
f 1461//523 1467//523 1482//523
f 1475//257 1481//257 1496//257
f 1501//828 1504//828 1505//828
f 1502//829 1506//829 1505//829
f 1503//830 1507//830 1505//830
f 1508//831 1511//831 1512//831
f 1509//832 1513//832 1512//832
f 1510//833 1514//833 1512//833
f 1515//834 1518//834 1519//834
f 1516//835 1520//835 1519//835
f 1517//836 1521//836 1519//836
f 1522//837 1525//837 1526//837
f 1523//838 1527//838 1526//838
f 1524//839 1528//839 1526//839
f 1529//840 1532//840 1533//840
f 1530//841 1534//841 1533//841
f 1531//842 1535//842 1533//842
f 1536//843 1539//843 1540//843
f 1537//844 1541//844 1540//844
f 1538//845 1542//845 1540//845
f 1543//846 1546//846 1547//846
f 1544//847 1548//847 1547//847
f 1545//848 1549//848 1547//848
f 1550//849 1553//849 1554//849
f 1551//850 1555//850 1554//850
f 1552//851 1556//851 1554//851
f 1557//852 1560//852 1561//852
f 1558//853 1562//853 1561//853
f 1559//854 1563//854 1561//854
f 1564//855 1567//855 1568//855
f 1565//856 1569//856 1568//856
f 1566//857 1570//857 1568//857
f 1571//858 1574//858 1575//858
f 1572//859 1576//859 1575//859
f 1573//860 1577//860 1575//860
f 1578//861 1581//861 1582//861
f 1579//862 1583//862 1582//862
f 1580//863 1584//863 1582//863
f 1503//864 1516//864 1518//864
f 1507//865 1518//865 1515//865
f 1524//866 1509//866 1511//866
f 1528//867 1511//867 1508//867
f 1502//488 1510//488 1513//488
f 1506//489 1513//489 1509//489
f 1523//490 1517//490 1520//490
f 1527//491 1520//491 1516//491
f 1517//492 1530//492 1532//492
f 1521//493 1532//493 1529//493
f 1538//494 1523//494 1525//494
f 1542//495 1525//495 1522//495
f 1537//496 1531//496 1534//496
f 1541//497 1534//497 1530//497
f 1531//868 1544//868 1546//868
f 1535//869 1546//869 1543//869
f 1552//870 1537//870 1539//870
f 1556//884 1539//884 1536//884
f 1551//502 1545//502 1548//502
f 1555//503 1548//503 1544//503
f 1545//872 1558//872 1560//872
f 1549//873 1560//873 1557//873
f 1566//874 1551//874 1553//874
f 1570//875 1553//875 1550//875
f 1565//508 1559//508 1562//508
f 1569//509 1562//509 1558//509
f 1559//510 1572//510 1574//510
f 1563//511 1574//511 1571//511
f 1580//512 1565//512 1567//512
f 1584//513 1567//513 1564//513
f 1579//514 1573//514 1576//514
f 1583//515 1576//515 1572//515
f 1573//876 1502//876 1504//876
f 1577//877 1504//877 1501//877
f 1510//878 1579//878 1581//878
f 1514//885 1581//885 1578//885
f 1571//129 1501//129 1515//129
f 1515//129 1529//129 1543//129
f 1543//129 1557//129 1571//129
f 1503//520 1509//520 1524//520
f 1573//521 1579//521 1510//521
f 1536//132 1522//132 1508//132
f 1508//132 1578//132 1564//132
f 1564//132 1550//132 1536//132
f 1517//255 1523//255 1538//255
f 1531//522 1537//522 1552//522
f 1545//523 1551//523 1566//523
f 1559//257 1565//257 1580//257
