# Blender 5.2.1 LTS
# www.blender.org
mtllib modular_arm_motor.mtl
o modular_arm_motor
v -0.022500 0.000000 -0.025196
v -0.021700 0.000000 -0.026000
v -0.022266 0.000000 -0.025765
v 0.022500 0.000000 -0.025196
v 0.021700 0.000000 -0.026000
v 0.022266 0.000000 -0.025765
v -0.022500 -0.004916 -0.024712
v -0.021700 -0.005072 -0.025500
v -0.022266 -0.005026 -0.025269
v 0.022500 -0.004916 -0.024712
v 0.021700 -0.005072 -0.025500
v 0.022266 -0.005026 -0.025269
v -0.022500 -0.009642 -0.023278
v -0.021700 -0.009950 -0.024021
v -0.022266 -0.009860 -0.023803
v 0.022500 -0.009642 -0.023278
v 0.021700 -0.009950 -0.024021
v 0.022266 -0.009860 -0.023803
v -0.022500 -0.013998 -0.020950
v -0.021700 -0.014445 -0.021618
v -0.022266 -0.014314 -0.021422
v 0.022500 -0.013998 -0.020950
v 0.021700 -0.014445 -0.021618
v 0.022266 -0.014314 -0.021422
v -0.022500 -0.017816 -0.017816
v -0.021700 -0.018385 -0.018385
v -0.022266 -0.018218 -0.018218
v 0.022500 -0.017816 -0.017816
v 0.021700 -0.018385 -0.018385
v 0.022266 -0.018218 -0.018218
v -0.022500 -0.020950 -0.013998
v -0.021700 -0.021618 -0.014445
v -0.022266 -0.021422 -0.014314
v 0.022500 -0.020950 -0.013998
v 0.021700 -0.021618 -0.014445
v 0.022266 -0.021422 -0.014314
v -0.022500 -0.023278 -0.009642
v -0.021700 -0.024021 -0.009950
v -0.022266 -0.023803 -0.009860
v 0.022500 -0.023278 -0.009642
v 0.021700 -0.024021 -0.009950
v 0.022266 -0.023803 -0.009860
v -0.022500 -0.024712 -0.004916
v -0.021700 -0.025500 -0.005072
v -0.022266 -0.025269 -0.005026
v 0.022500 -0.024712 -0.004916
v 0.021700 -0.025500 -0.005072
v 0.022266 -0.025269 -0.005026
v -0.022500 -0.025196 0.000000
v -0.021700 -0.026000 0.000000
v -0.022266 -0.025765 0.000000
v 0.022500 -0.025196 0.000000
v 0.021700 -0.026000 0.000000
v 0.022266 -0.025765 0.000000
v -0.022500 -0.024712 0.004916
v -0.021700 -0.025500 0.005072
v -0.022266 -0.025269 0.005026
v 0.022500 -0.024712 0.004916
v 0.021700 -0.025500 0.005072
v 0.022266 -0.025269 0.005026
v -0.022500 -0.023278 0.009642
v -0.021700 -0.024021 0.009950
v -0.022266 -0.023803 0.009860
v 0.022500 -0.023278 0.009642
v 0.021700 -0.024021 0.009950
v 0.022266 -0.023803 0.009860
v -0.022500 -0.020950 0.013998
v -0.021700 -0.021618 0.014445
v -0.022266 -0.021422 0.014314
v 0.022500 -0.020950 0.013998
v 0.021700 -0.021618 0.014445
v 0.022266 -0.021422 0.014314
v -0.022500 -0.017816 0.017816
v -0.021700 -0.018385 0.018385
v -0.022266 -0.018218 0.018218
v 0.022500 -0.017816 0.017816
v 0.021700 -0.018385 0.018385
v 0.022266 -0.018218 0.018218
v -0.022500 -0.013998 0.020950
v -0.021700 -0.014445 0.021618
v -0.022266 -0.014314 0.021422
v 0.022500 -0.013998 0.020950
v 0.021700 -0.014445 0.021618
v 0.022266 -0.014314 0.021422
v -0.022500 -0.009642 0.023278
v -0.021700 -0.009950 0.024021
v -0.022266 -0.009860 0.023803
v 0.022500 -0.009642 0.023278
v 0.021700 -0.009950 0.024021
v 0.022266 -0.009860 0.023803
v -0.022500 -0.004916 0.024712
v -0.021700 -0.005072 0.025500
v -0.022266 -0.005026 0.025269
v 0.022500 -0.004916 0.024712
v 0.021700 -0.005072 0.025500
v 0.022266 -0.005026 0.025269
v -0.022500 0.000000 0.025196
v -0.021700 0.000000 0.026000
v -0.022266 0.000000 0.025765
v 0.022500 0.000000 0.025196
v 0.021700 0.000000 0.026000
v 0.022266 0.000000 0.025765
v -0.022500 0.004916 0.024712
v -0.021700 0.005072 0.025500
v -0.022266 0.005026 0.025269
v 0.022500 0.004916 0.024712
v 0.021700 0.005072 0.025500
v 0.022266 0.005026 0.025269
v -0.022500 0.009642 0.023278
v -0.021700 0.009950 0.024021
v -0.022266 0.009860 0.023803
v 0.022500 0.009642 0.023278
v 0.021700 0.009950 0.024021
v 0.022266 0.009860 0.023803
v -0.022500 0.013998 0.020950
v -0.021700 0.014445 0.021618
v -0.022266 0.014314 0.021422
v 0.022500 0.013998 0.020950
v 0.021700 0.014445 0.021618
v 0.022266 0.014314 0.021422
v -0.022500 0.017816 0.017816
v -0.021700 0.018385 0.018385
v -0.022266 0.018218 0.018218
v 0.022500 0.017816 0.017816
v 0.021700 0.018385 0.018385
v 0.022266 0.018218 0.018218
v -0.022500 0.020950 0.013998
v -0.021700 0.021618 0.014445
v -0.022266 0.021422 0.014314
v 0.022500 0.020950 0.013998
v 0.021700 0.021618 0.014445
v 0.022266 0.021422 0.014314
v -0.022500 0.023278 0.009642
v -0.021700 0.024021 0.009950
v -0.022266 0.023803 0.009860
v 0.022500 0.023278 0.009642
v 0.021700 0.024021 0.009950
v 0.022266 0.023803 0.009860
v -0.022500 0.024712 0.004916
v -0.021700 0.025500 0.005072
v -0.022266 0.025269 0.005026
v 0.022500 0.024712 0.004916
v 0.021700 0.025500 0.005072
v 0.022266 0.025269 0.005026
v -0.022500 0.025196 0.000000
v -0.021700 0.026000 0.000000
v -0.022266 0.025765 0.000000
v 0.022500 0.025196 0.000000
v 0.021700 0.026000 0.000000
v 0.022266 0.025765 0.000000
v -0.022500 0.024712 -0.004916
v -0.021700 0.025500 -0.005072
v -0.022266 0.025269 -0.005026
v 0.022500 0.024712 -0.004916
v 0.021700 0.025500 -0.005072
v 0.022266 0.025269 -0.005026
v -0.022500 0.023278 -0.009642
v -0.021700 0.024021 -0.009950
v -0.022266 0.023803 -0.009860
v 0.022500 0.023278 -0.009642
v 0.021700 0.024021 -0.009950
v 0.022266 0.023803 -0.009860
v -0.022500 0.020950 -0.013998
v -0.021700 0.021618 -0.014445
v -0.022266 0.021422 -0.014314
v 0.022500 0.020950 -0.013998
v 0.021700 0.021618 -0.014445
v 0.022266 0.021422 -0.014314
v -0.022500 0.017816 -0.017816
v -0.021700 0.018385 -0.018385
v -0.022266 0.018218 -0.018218
v 0.022500 0.017816 -0.017816
v 0.021700 0.018385 -0.018385
v 0.022266 0.018218 -0.018218
v -0.022500 0.013998 -0.020950
v -0.021700 0.014445 -0.021618
v -0.022266 0.014314 -0.021422
v 0.022500 0.013998 -0.020950
v 0.021700 0.014445 -0.021618
v 0.022266 0.014314 -0.021422
v -0.022500 0.009642 -0.023278
v -0.021700 0.009950 -0.024021
v -0.022266 0.009860 -0.023803
v 0.022500 0.009642 -0.023278
v 0.021700 0.009950 -0.024021
v 0.022266 0.009860 -0.023803
v -0.022500 0.004916 -0.024712
v -0.021700 0.005072 -0.025500
v -0.022266 0.005026 -0.025269
v 0.022500 0.004916 -0.024712
v 0.021700 0.005072 -0.025500
v 0.022266 0.005026 -0.025269
v -0.015125 -0.002700 -0.014400
v -0.015125 0.001300 -0.010400
v -0.019125 0.001300 -0.014400
v -0.015125 -0.002166 -0.012403
v -0.017122 -0.002166 -0.014400
v -0.017038 -0.001647 -0.012487
v -0.017122 0.001300 -0.010934
v -0.015125 -0.000697 -0.010934
v -0.017038 -0.000613 -0.011453
v -0.018591 -0.000697 -0.014400
v -0.018591 0.001300 -0.012403
v -0.018072 -0.000613 -0.012487
v -0.015125 0.016700 -0.010400
v -0.015125 0.020700 -0.014400
v -0.019125 0.016700 -0.014400
v -0.015125 0.018697 -0.010934
v -0.017122 0.016700 -0.010934
v -0.017038 0.018613 -0.011453
v -0.017122 0.020166 -0.014400
v -0.015125 0.020166 -0.012403
v -0.017038 0.019647 -0.012487
v -0.018591 0.016700 -0.012403
v -0.018591 0.018697 -0.014400
v -0.018072 0.018613 -0.012487
v -0.015125 -0.002700 -0.024600
v -0.019125 0.001300 -0.024600
v -0.015125 0.001300 -0.028600
v -0.017122 -0.002166 -0.024600
v -0.015125 -0.002166 -0.026597
v -0.017038 -0.001647 -0.026513
v -0.018591 0.001300 -0.026597
v -0.018591 -0.000697 -0.024600
v -0.018072 -0.000613 -0.026513
v -0.015125 -0.000697 -0.028066
v -0.017122 0.001300 -0.028066
v -0.017038 -0.000613 -0.027547
v -0.015125 0.020700 -0.024600
v -0.015125 0.016700 -0.028600
v -0.019125 0.016700 -0.024600
v -0.015125 0.020166 -0.026597
v -0.017122 0.020166 -0.024600
v -0.017038 0.019647 -0.026513
v -0.017122 0.016700 -0.028066
v -0.015125 0.018697 -0.028066
v -0.017038 0.018613 -0.027547
v -0.018591 0.018697 -0.024600
v -0.018591 0.016700 -0.026597
v -0.018072 0.018613 -0.026513
v 0.015125 -0.002700 -0.014400
v 0.019125 0.001300 -0.014400
v 0.015125 0.001300 -0.010400
v 0.017122 -0.002166 -0.014400
v 0.015125 -0.002166 -0.012403
v 0.017038 -0.001647 -0.012487
v 0.018591 0.001300 -0.012403
v 0.018591 -0.000697 -0.014400
v 0.018072 -0.000613 -0.012487
v 0.015125 -0.000697 -0.010934
v 0.017122 0.001300 -0.010934
v 0.017038 -0.000613 -0.011453
v 0.015125 0.020700 -0.014400
v 0.015125 0.016700 -0.010400
v 0.019125 0.016700 -0.014400
v 0.015125 0.020166 -0.012403
v 0.017122 0.020166 -0.014400
v 0.017038 0.019647 -0.012487
v 0.017122 0.016700 -0.010934
v 0.015125 0.018697 -0.010934
v 0.017038 0.018613 -0.011453
v 0.018591 0.018697 -0.014400
v 0.018591 0.016700 -0.012403
v 0.018072 0.018613 -0.012487
v 0.015125 -0.002700 -0.024600
v 0.015125 0.001300 -0.028600
v 0.019125 0.001300 -0.024600
v 0.015125 -0.002166 -0.026597
v 0.017122 -0.002166 -0.024600
v 0.017038 -0.001647 -0.026513
v 0.017122 0.001300 -0.028066
v 0.015125 -0.000697 -0.028066
v 0.017038 -0.000613 -0.027547
v 0.018591 -0.000697 -0.024600
v 0.018591 0.001300 -0.026597
v 0.018072 -0.000613 -0.026513
v 0.015125 0.020700 -0.024600
v 0.019125 0.016700 -0.024600
v 0.015125 0.016700 -0.028600
v 0.017122 0.020166 -0.024600
v 0.015125 0.020166 -0.026597
v 0.017038 0.019647 -0.026513
v 0.018591 0.016700 -0.026597
v 0.018591 0.018697 -0.024600
v 0.018072 0.018613 -0.026513
v 0.015125 0.018697 -0.028066
v 0.017122 0.016700 -0.028066
v 0.017038 0.018613 -0.027547
v -0.025000 0.000000 -0.021556
v -0.024200 0.000000 -0.022360
v -0.024766 0.000000 -0.022125
v -0.020000 0.000000 -0.021556
v -0.020800 0.000000 -0.022360
v -0.020234 0.000000 -0.022125
v -0.025000 -0.004205 -0.021142
v -0.024200 -0.004362 -0.021930
v -0.024766 -0.004316 -0.021699
v -0.020000 -0.004205 -0.021142
v -0.020800 -0.004362 -0.021930
v -0.020234 -0.004316 -0.021699
v -0.025000 -0.008249 -0.019915
v -0.024200 -0.008557 -0.020658
v -0.024766 -0.008467 -0.020440
v -0.020000 -0.008249 -0.019915
v -0.020800 -0.008557 -0.020658
v -0.020234 -0.008467 -0.020440
v -0.025000 -0.011976 -0.017923
v -0.024200 -0.012423 -0.018592
v -0.024766 -0.012292 -0.018396
v -0.020000 -0.011976 -0.017923
v -0.020800 -0.012423 -0.018592
v -0.020234 -0.012292 -0.018396
v -0.025000 -0.015242 -0.015242
v -0.024200 -0.015811 -0.015811
v -0.024766 -0.015644 -0.015644
v -0.020000 -0.015242 -0.015242
v -0.020800 -0.015811 -0.015811
v -0.020234 -0.015644 -0.015644
v -0.025000 -0.017923 -0.011976
v -0.024200 -0.018592 -0.012423
v -0.024766 -0.018396 -0.012292
v -0.020000 -0.017923 -0.011976
v -0.020800 -0.018592 -0.012423
v -0.020234 -0.018396 -0.012292
v -0.025000 -0.019915 -0.008249
v -0.024200 -0.020658 -0.008557
v -0.024766 -0.020440 -0.008467
v -0.020000 -0.019915 -0.008249
v -0.020800 -0.020658 -0.008557
v -0.020234 -0.020440 -0.008467
v -0.025000 -0.021142 -0.004205
v -0.024200 -0.021930 -0.004362
v -0.024766 -0.021699 -0.004316
v -0.020000 -0.021142 -0.004205
v -0.020800 -0.021930 -0.004362
v -0.020234 -0.021699 -0.004316
v -0.025000 -0.021556 0.000000
v -0.024200 -0.022360 0.000000
v -0.024766 -0.022125 0.000000
v -0.020000 -0.021556 0.000000
v -0.020800 -0.022360 0.000000
v -0.020234 -0.022125 0.000000
v -0.025000 -0.021142 0.004205
v -0.024200 -0.021930 0.004362
v -0.024766 -0.021699 0.004316
v -0.020000 -0.021142 0.004205
v -0.020800 -0.021930 0.004362
v -0.020234 -0.021699 0.004316
v -0.025000 -0.019915 0.008249
v -0.024200 -0.020658 0.008557
v -0.024766 -0.020440 0.008467
v -0.020000 -0.019915 0.008249
v -0.020800 -0.020658 0.008557
v -0.020234 -0.020440 0.008467
v -0.025000 -0.017923 0.011976
v -0.024200 -0.018592 0.012423
v -0.024766 -0.018396 0.012292
v -0.020000 -0.017923 0.011976
v -0.020800 -0.018592 0.012423
v -0.020234 -0.018396 0.012292
v -0.025000 -0.015242 0.015242
v -0.024200 -0.015811 0.015811
v -0.024766 -0.015644 0.015644
v -0.020000 -0.015242 0.015242
v -0.020800 -0.015811 0.015811
v -0.020234 -0.015644 0.015644
v -0.025000 -0.011976 0.017923
v -0.024200 -0.012423 0.018592
v -0.024766 -0.012292 0.018396
v -0.020000 -0.011976 0.017923
v -0.020800 -0.012423 0.018592
v -0.020234 -0.012292 0.018396
v -0.025000 -0.008249 0.019915
v -0.024200 -0.008557 0.020658
v -0.024766 -0.008467 0.020440
v -0.020000 -0.008249 0.019915
v -0.020800 -0.008557 0.020658
v -0.020234 -0.008467 0.020440
v -0.025000 -0.004205 0.021142
v -0.024200 -0.004362 0.021930
v -0.024766 -0.004316 0.021699
v -0.020000 -0.004205 0.021142
v -0.020800 -0.004362 0.021930
v -0.020234 -0.004316 0.021699
v -0.025000 0.000000 0.021556
v -0.024200 0.000000 0.022360
v -0.024766 0.000000 0.022125
v -0.020000 0.000000 0.021556
v -0.020800 0.000000 0.022360
v -0.020234 0.000000 0.022125
v -0.025000 0.004205 0.021142
v -0.024200 0.004362 0.021930
v -0.024766 0.004316 0.021699
v -0.020000 0.004205 0.021142
v -0.020800 0.004362 0.021930
v -0.020234 0.004316 0.021699
v -0.025000 0.008249 0.019915
v -0.024200 0.008557 0.020658
v -0.024766 0.008467 0.020440
v -0.020000 0.008249 0.019915
v -0.020800 0.008557 0.020658
v -0.020234 0.008467 0.020440
v -0.025000 0.011976 0.017923
v -0.024200 0.012423 0.018592
v -0.024766 0.012292 0.018396
v -0.020000 0.011976 0.017923
v -0.020800 0.012423 0.018592
v -0.020234 0.012292 0.018396
v -0.025000 0.015242 0.015242
v -0.024200 0.015811 0.015811
v -0.024766 0.015644 0.015644
v -0.020000 0.015242 0.015242
v -0.020800 0.015811 0.015811
v -0.020234 0.015644 0.015644
v -0.025000 0.017923 0.011976
v -0.024200 0.018592 0.012423
v -0.024766 0.018396 0.012292
v -0.020000 0.017923 0.011976
v -0.020800 0.018592 0.012423
v -0.020234 0.018396 0.012292
v -0.025000 0.019915 0.008249
v -0.024200 0.020658 0.008557
v -0.024766 0.020440 0.008467
v -0.020000 0.019915 0.008249
v -0.020800 0.020658 0.008557
v -0.020234 0.020440 0.008467
v -0.025000 0.021142 0.004205
v -0.024200 0.021930 0.004362
v -0.024766 0.021699 0.004316
v -0.020000 0.021142 0.004205
v -0.020800 0.021930 0.004362
v -0.020234 0.021699 0.004316
v -0.025000 0.021556 0.000000
v -0.024200 0.022360 0.000000
v -0.024766 0.022125 0.000000
v -0.020000 0.021556 0.000000
v -0.020800 0.022360 0.000000
v -0.020234 0.022125 0.000000
v -0.025000 0.021142 -0.004205
v -0.024200 0.021930 -0.004362
v -0.024766 0.021699 -0.004316
v -0.020000 0.021142 -0.004205
v -0.020800 0.021930 -0.004362
v -0.020234 0.021699 -0.004316
v -0.025000 0.019915 -0.008249
v -0.024200 0.020658 -0.008557
v -0.024766 0.020440 -0.008467
v -0.020000 0.019915 -0.008249
v -0.020800 0.020658 -0.008557
v -0.020234 0.020440 -0.008467
v -0.025000 0.017923 -0.011976
v -0.024200 0.018592 -0.012423
v -0.024766 0.018396 -0.012292
v -0.020000 0.017923 -0.011976
v -0.020800 0.018592 -0.012423
v -0.020234 0.018396 -0.012292
v -0.025000 0.015242 -0.015242
v -0.024200 0.015811 -0.015811
v -0.024766 0.015644 -0.015644
v -0.020000 0.015242 -0.015242
v -0.020800 0.015811 -0.015811
v -0.020234 0.015644 -0.015644
v -0.025000 0.011976 -0.017923
v -0.024200 0.012423 -0.018592
v -0.024766 0.012292 -0.018396
v -0.020000 0.011976 -0.017923
v -0.020800 0.012423 -0.018592
v -0.020234 0.012292 -0.018396
v -0.025000 0.008249 -0.019915
v -0.024200 0.008557 -0.020658
v -0.024766 0.008467 -0.020440
v -0.020000 0.008249 -0.019915
v -0.020800 0.008557 -0.020658
v -0.020234 0.008467 -0.020440
v -0.025000 0.004205 -0.021142
v -0.024200 0.004362 -0.021930
v -0.024766 0.004316 -0.021699
v -0.020000 0.004205 -0.021142
v -0.020800 0.004362 -0.021930
v -0.020234 0.004316 -0.021699
v -0.027250 0.000000 -0.010110
v -0.026450 0.000000 -0.010920
v -0.027016 0.000000 -0.010683
v -0.022250 0.000000 -0.010110
v -0.023050 0.000000 -0.010920
v -0.022484 0.000000 -0.010683
v -0.027250 -0.003124 -0.009615
v -0.026450 -0.003374 -0.010386
v -0.027016 -0.003301 -0.010160
v -0.022250 -0.003124 -0.009615
v -0.023050 -0.003374 -0.010386
v -0.022484 -0.003301 -0.010160
v -0.027250 -0.005943 -0.008179
v -0.026450 -0.006419 -0.008834
v -0.027016 -0.006279 -0.008643
v -0.022250 -0.005943 -0.008179
v -0.023050 -0.006419 -0.008834
v -0.022484 -0.006279 -0.008643
v -0.027250 -0.008179 -0.005943
v -0.026450 -0.008834 -0.006419
v -0.027016 -0.008643 -0.006279
v -0.022250 -0.008179 -0.005943
v -0.023050 -0.008834 -0.006419
v -0.022484 -0.008643 -0.006279
v -0.027250 -0.009615 -0.003124
v -0.026450 -0.010386 -0.003374
v -0.027016 -0.010160 -0.003301
v -0.022250 -0.009615 -0.003124
v -0.023050 -0.010386 -0.003374
v -0.022484 -0.010160 -0.003301
v -0.027250 -0.010110 0.000000
v -0.026450 -0.010920 0.000000
v -0.027016 -0.010683 0.000000
v -0.022250 -0.010110 0.000000
v -0.023050 -0.010920 0.000000
v -0.022484 -0.010683 0.000000
v -0.027250 -0.009615 0.003124
v -0.026450 -0.010386 0.003374
v -0.027016 -0.010160 0.003301
v -0.022250 -0.009615 0.003124
v -0.023050 -0.010386 0.003374
v -0.022484 -0.010160 0.003301
v -0.027250 -0.008179 0.005943
v -0.026450 -0.008834 0.006419
v -0.027016 -0.008643 0.006279
v -0.022250 -0.008179 0.005943
v -0.023050 -0.008834 0.006419
v -0.022484 -0.008643 0.006279
v -0.027250 -0.005943 0.008179
v -0.026450 -0.006419 0.008834
v -0.027016 -0.006279 0.008643
v -0.022250 -0.005943 0.008179
v -0.023050 -0.006419 0.008834
v -0.022484 -0.006279 0.008643
v -0.027250 -0.003124 0.009615
v -0.026450 -0.003374 0.010386
v -0.027016 -0.003301 0.010160
v -0.022250 -0.003124 0.009615
v -0.023050 -0.003374 0.010386
v -0.022484 -0.003301 0.010160
v -0.027250 0.000000 0.010110
v -0.026450 0.000000 0.010920
v -0.027016 0.000000 0.010683
v -0.022250 0.000000 0.010110
v -0.023050 0.000000 0.010920
v -0.022484 0.000000 0.010683
v -0.027250 0.003124 0.009615
v -0.026450 0.003374 0.010386
v -0.027016 0.003301 0.010160
v -0.022250 0.003124 0.009615
v -0.023050 0.003374 0.010386
v -0.022484 0.003301 0.010160
v -0.027250 0.005943 0.008179
v -0.026450 0.006419 0.008834
v -0.027016 0.006279 0.008643
v -0.022250 0.005943 0.008179
v -0.023050 0.006419 0.008834
v -0.022484 0.006279 0.008643
v -0.027250 0.008179 0.005943
v -0.026450 0.008834 0.006419
v -0.027016 0.008643 0.006279
v -0.022250 0.008179 0.005943
v -0.023050 0.008834 0.006419
v -0.022484 0.008643 0.006279
v -0.027250 0.009615 0.003124
v -0.026450 0.010386 0.003374
v -0.027016 0.010160 0.003301
v -0.022250 0.009615 0.003124
v -0.023050 0.010386 0.003374
v -0.022484 0.010160 0.003301
v -0.027250 0.010110 0.000000
v -0.026450 0.010920 0.000000
v -0.027016 0.010683 0.000000
v -0.022250 0.010110 0.000000
v -0.023050 0.010920 0.000000
v -0.022484 0.010683 0.000000
v -0.027250 0.009615 -0.003124
v -0.026450 0.010386 -0.003374
v -0.027016 0.010160 -0.003301
v -0.022250 0.009615 -0.003124
v -0.023050 0.010386 -0.003374
v -0.022484 0.010160 -0.003301
v -0.027250 0.008179 -0.005943
v -0.026450 0.008834 -0.006419
v -0.027016 0.008643 -0.006279
v -0.022250 0.008179 -0.005943
v -0.023050 0.008834 -0.006419
v -0.022484 0.008643 -0.006279
v -0.027250 0.005943 -0.008179
v -0.026450 0.006419 -0.008834
v -0.027016 0.006279 -0.008643
v -0.022250 0.005943 -0.008179
v -0.023050 0.006419 -0.008834
v -0.022484 0.006279 -0.008643
v -0.027250 0.003124 -0.009615
v -0.026450 0.003374 -0.010386
v -0.027016 0.003301 -0.010160
v -0.022250 0.003124 -0.009615
v -0.023050 0.003374 -0.010386
v -0.022484 0.003301 -0.010160
v -0.025525 0.000000 0.016404
v -0.024725 0.000693 0.015880
v -0.024725 -0.000693 0.015880
v -0.025291 0.000490 0.016059
v -0.025187 0.000000 0.015844
v -0.024725 0.000000 0.015689
v -0.025291 -0.000490 0.016059
v -0.023525 0.000000 0.016404
v -0.024325 -0.000693 0.015880
v -0.024325 0.000693 0.015880
v -0.023759 -0.000490 0.016059
v -0.023863 0.000000 0.015844
v -0.024325 0.000000 0.015689
v -0.023759 0.000490 0.016059
v -0.025525 -0.001105 0.017042
v -0.024725 -0.001212 0.016180
v -0.024725 -0.001905 0.017380
v -0.025291 -0.001159 0.016445
v -0.025187 -0.001590 0.016762
v -0.024725 -0.001725 0.016684
v -0.025291 -0.001649 0.017294
v -0.023525 -0.001105 0.017042
v -0.024325 -0.001905 0.017380
v -0.024325 -0.001212 0.016180
v -0.023759 -0.001649 0.017294
v -0.023863 -0.001590 0.016762
v -0.024325 -0.001725 0.016684
v -0.023759 -0.001159 0.016445
v -0.025525 -0.001105 0.018318
v -0.024725 -0.001905 0.017980
v -0.024725 -0.001212 0.019180
v -0.025291 -0.001649 0.018066
v -0.025187 -0.001590 0.018598
v -0.024725 -0.001725 0.018676
v -0.025291 -0.001159 0.018915
v -0.023525 -0.001105 0.018318
v -0.024325 -0.001212 0.019180
v -0.024325 -0.001905 0.017980
v -0.023759 -0.001159 0.018915
v -0.023863 -0.001590 0.018598
v -0.024325 -0.001725 0.018676
v -0.023759 -0.001649 0.018066
v -0.025525 0.000000 0.018956
v -0.024725 -0.000693 0.019480
v -0.024725 0.000693 0.019480
v -0.025291 -0.000490 0.019301
v -0.025187 0.000000 0.019516
v -0.024725 0.000000 0.019671
v -0.025291 0.000490 0.019301
v -0.023525 0.000000 0.018956
v -0.024325 0.000693 0.019480
v -0.024325 -0.000693 0.019480
v -0.023759 0.000490 0.019301
v -0.023863 0.000000 0.019516
v -0.024325 0.000000 0.019671
v -0.023759 -0.000490 0.019301
v -0.025525 0.001105 0.018318
v -0.024725 0.001212 0.019180
v -0.024725 0.001905 0.017980
v -0.025291 0.001159 0.018915
v -0.025187 0.001590 0.018598
v -0.024725 0.001725 0.018676
v -0.025291 0.001649 0.018066
v -0.023525 0.001105 0.018318
v -0.024325 0.001905 0.017980
v -0.024325 0.001212 0.019180
v -0.023759 0.001649 0.018066
v -0.023863 0.001590 0.018598
v -0.024325 0.001725 0.018676
v -0.023759 0.001159 0.018915
v -0.025525 0.001105 0.017042
v -0.024725 0.001905 0.017380
v -0.024725 0.001212 0.016180
v -0.025291 0.001649 0.017294
v -0.025187 0.001590 0.016762
v -0.024725 0.001725 0.016684
v -0.025291 0.001159 0.016445
v -0.023525 0.001105 0.017042
v -0.024325 0.001212 0.016180
v -0.024325 0.001905 0.017380
v -0.023759 0.001159 0.016445
v -0.023863 0.001590 0.016762
v -0.024325 0.001725 0.016684
v -0.023759 0.001649 0.017294
v -0.025525 0.017680 -0.001276
v -0.024725 0.018373 -0.001800
v -0.024725 0.016987 -0.001800
v -0.025291 0.018170 -0.001621
v -0.025187 0.017680 -0.001836
v -0.024725 0.017680 -0.001991
v -0.025291 0.017190 -0.001621
v -0.023525 0.017680 -0.001276
v -0.024325 0.016987 -0.001800
v -0.024325 0.018373 -0.001800
v -0.023759 0.017190 -0.001621
v -0.023863 0.017680 -0.001836
v -0.024325 0.017680 -0.001991
v -0.023759 0.018170 -0.001621
v -0.025525 0.016575 -0.000638
v -0.024725 0.016468 -0.001500
v -0.024725 0.015775 -0.000300
v -0.025291 0.016521 -0.001235
v -0.025187 0.016090 -0.000918
v -0.024725 0.015955 -0.000996
v -0.025291 0.016031 -0.000386
v -0.023525 0.016575 -0.000638
v -0.024325 0.015775 -0.000300
v -0.024325 0.016468 -0.001500
v -0.023759 0.016031 -0.000386
v -0.023863 0.016090 -0.000918
v -0.024325 0.015955 -0.000996
v -0.023759 0.016521 -0.001235
v -0.025525 0.016575 0.000638
v -0.024725 0.015775 0.000300
v -0.024725 0.016468 0.001500
v -0.025291 0.016031 0.000386
v -0.025187 0.016090 0.000918
v -0.024725 0.015955 0.000996
v -0.025291 0.016521 0.001235
v -0.023525 0.016575 0.000638
v -0.024325 0.016468 0.001500
v -0.024325 0.015775 0.000300
v -0.023759 0.016521 0.001235
v -0.023863 0.016090 0.000918
v -0.024325 0.015955 0.000996
v -0.023759 0.016031 0.000386
v -0.025525 0.017680 0.001276
v -0.024725 0.016987 0.001800
v -0.024725 0.018373 0.001800
v -0.025291 0.017190 0.001621
v -0.025187 0.017680 0.001836
v -0.024725 0.017680 0.001991
v -0.025291 0.018170 0.001621
v -0.023525 0.017680 0.001276
v -0.024325 0.018373 0.001800
v -0.024325 0.016987 0.001800
v -0.023759 0.018170 0.001621
v -0.023863 0.017680 0.001836
v -0.024325 0.017680 0.001991
v -0.023759 0.017190 0.001621
v -0.025525 0.018785 0.000638
v -0.024725 0.018892 0.001500
v -0.024725 0.019585 0.000300
v -0.025291 0.018839 0.001235
v -0.025187 0.019270 0.000918
v -0.024725 0.019405 0.000996
v -0.025291 0.019329 0.000386
v -0.023525 0.018785 0.000638
v -0.024325 0.019585 0.000300
v -0.024325 0.018892 0.001500
v -0.023759 0.019329 0.000386
v -0.023863 0.019270 0.000918
v -0.024325 0.019405 0.000996
v -0.023759 0.018839 0.001235
v -0.025525 0.018785 -0.000638
v -0.024725 0.019585 -0.000300
v -0.024725 0.018892 -0.001500
v -0.025291 0.019329 -0.000386
v -0.025187 0.019270 -0.000918
v -0.024725 0.019405 -0.000996
v -0.025291 0.018839 -0.001235
v -0.023525 0.018785 -0.000638
v -0.024325 0.018892 -0.001500
v -0.024325 0.019585 -0.000300
v -0.023759 0.018839 -0.001235
v -0.023863 0.019270 -0.000918
v -0.024325 0.019405 -0.000996
v -0.023759 0.019329 -0.000386
v -0.025525 0.000000 -0.018956
v -0.024725 0.000693 -0.019480
v -0.024725 -0.000693 -0.019480
v -0.025291 0.000490 -0.019301
v -0.025187 0.000000 -0.019516
v -0.024725 0.000000 -0.019671
v -0.025291 -0.000490 -0.019301
v -0.023525 0.000000 -0.018956
v -0.024325 -0.000693 -0.019480
v -0.024325 0.000693 -0.019480
v -0.023759 -0.000490 -0.019301
v -0.023863 0.000000 -0.019516
v -0.024325 0.000000 -0.019671
v -0.023759 0.000490 -0.019301
v -0.025525 -0.001105 -0.018318
v -0.024725 -0.001212 -0.019180
v -0.024725 -0.001905 -0.017980
v -0.025291 -0.001159 -0.018915
v -0.025187 -0.001590 -0.018598
v -0.024725 -0.001725 -0.018676
v -0.025291 -0.001649 -0.018066
v -0.023525 -0.001105 -0.018318
v -0.024325 -0.001905 -0.017980
v -0.024325 -0.001212 -0.019180
v -0.023759 -0.001649 -0.018066
v -0.023863 -0.001590 -0.018598
v -0.024325 -0.001725 -0.018676
v -0.023759 -0.001159 -0.018915
v -0.025525 -0.001105 -0.017042
v -0.024725 -0.001905 -0.017380
v -0.024725 -0.001212 -0.016180
v -0.025291 -0.001649 -0.017294
v -0.025187 -0.001590 -0.016762
v -0.024725 -0.001725 -0.016684
v -0.025291 -0.001159 -0.016445
v -0.023525 -0.001105 -0.017042
v -0.024325 -0.001212 -0.016180
v -0.024325 -0.001905 -0.017380
v -0.023759 -0.001159 -0.016445
v -0.023863 -0.001590 -0.016762
v -0.024325 -0.001725 -0.016684
v -0.023759 -0.001649 -0.017294
v -0.025525 0.000000 -0.016404
v -0.024725 -0.000693 -0.015880
v -0.024725 0.000693 -0.015880
v -0.025291 -0.000490 -0.016059
v -0.025187 0.000000 -0.015844
v -0.024725 0.000000 -0.015689
v -0.025291 0.000490 -0.016059
v -0.023525 0.000000 -0.016404
v -0.024325 0.000693 -0.015880
v -0.024325 -0.000693 -0.015880
v -0.023759 0.000490 -0.016059
v -0.023863 0.000000 -0.015844
v -0.024325 0.000000 -0.015689
v -0.023759 -0.000490 -0.016059
v -0.025525 0.001105 -0.017042
v -0.024725 0.001212 -0.016180
v -0.024725 0.001905 -0.017380
v -0.025291 0.001159 -0.016445
v -0.025187 0.001590 -0.016762
v -0.024725 0.001725 -0.016684
v -0.025291 0.001649 -0.017294
v -0.023525 0.001105 -0.017042
v -0.024325 0.001905 -0.017380
v -0.024325 0.001212 -0.016180
v -0.023759 0.001649 -0.017294
v -0.023863 0.001590 -0.016762
v -0.024325 0.001725 -0.016684
v -0.023759 0.001159 -0.016445
v -0.025525 0.001105 -0.018318
v -0.024725 0.001905 -0.017980
v -0.024725 0.001212 -0.019180
v -0.025291 0.001649 -0.018066
v -0.025187 0.001590 -0.018598
v -0.024725 0.001725 -0.018676
v -0.025291 0.001159 -0.018915
v -0.023525 0.001105 -0.018318
v -0.024325 0.001212 -0.019180
v -0.024325 0.001905 -0.017980
v -0.023759 0.001159 -0.018915
v -0.023863 0.001590 -0.018598
v -0.024325 0.001725 -0.018676
v -0.023759 0.001649 -0.018066
v -0.025525 -0.017680 -0.001276
v -0.024725 -0.016987 -0.001800
v -0.024725 -0.018373 -0.001800
v -0.025291 -0.017190 -0.001621
v -0.025187 -0.017680 -0.001836
v -0.024725 -0.017680 -0.001991
v -0.025291 -0.018170 -0.001621
v -0.023525 -0.017680 -0.001276
v -0.024325 -0.018373 -0.001800
v -0.024325 -0.016987 -0.001800
v -0.023759 -0.018170 -0.001621
v -0.023863 -0.017680 -0.001836
v -0.024325 -0.017680 -0.001991
v -0.023759 -0.017190 -0.001621
v -0.025525 -0.018785 -0.000638
v -0.024725 -0.018892 -0.001500
v -0.024725 -0.019585 -0.000300
v -0.025291 -0.018839 -0.001235
v -0.025187 -0.019270 -0.000918
v -0.024725 -0.019405 -0.000996
v -0.025291 -0.019329 -0.000386
v -0.023525 -0.018785 -0.000638
v -0.024325 -0.019585 -0.000300
v -0.024325 -0.018892 -0.001500
v -0.023759 -0.019329 -0.000386
v -0.023863 -0.019270 -0.000918
v -0.024325 -0.019405 -0.000996
v -0.023759 -0.018839 -0.001235
v -0.025525 -0.018785 0.000638
v -0.024725 -0.019585 0.000300
v -0.024725 -0.018892 0.001500
v -0.025291 -0.019329 0.000386
v -0.025187 -0.019270 0.000918
v -0.024725 -0.019405 0.000996
v -0.025291 -0.018839 0.001235
v -0.023525 -0.018785 0.000638
v -0.024325 -0.018892 0.001500
v -0.024325 -0.019585 0.000300
v -0.023759 -0.018839 0.001235
v -0.023863 -0.019270 0.000918
v -0.024325 -0.019405 0.000996
v -0.023759 -0.019329 0.000386
v -0.025525 -0.017680 0.001276
v -0.024725 -0.018373 0.001800
v -0.024725 -0.016987 0.001800
v -0.025291 -0.018170 0.001621
v -0.025187 -0.017680 0.001836
v -0.024725 -0.017680 0.001991
v -0.025291 -0.017190 0.001621
v -0.023525 -0.017680 0.001276
v -0.024325 -0.016987 0.001800
v -0.024325 -0.018373 0.001800
v -0.023759 -0.017190 0.001621
v -0.023863 -0.017680 0.001836
v -0.024325 -0.017680 0.001991
v -0.023759 -0.018170 0.001621
v -0.025525 -0.016575 0.000638
v -0.024725 -0.016468 0.001500
v -0.024725 -0.015775 0.000300
v -0.025291 -0.016521 0.001235
v -0.025187 -0.016090 0.000918
v -0.024725 -0.015955 0.000996
v -0.025291 -0.016031 0.000386
v -0.023525 -0.016575 0.000638
v -0.024325 -0.015775 0.000300
v -0.024325 -0.016468 0.001500
v -0.023759 -0.016031 0.000386
v -0.023863 -0.016090 0.000918
v -0.024325 -0.015955 0.000996
v -0.023759 -0.016521 0.001235
v -0.025525 -0.016575 -0.000638
v -0.024725 -0.015775 -0.000300
v -0.024725 -0.016468 -0.001500
v -0.025291 -0.016031 -0.000386
v -0.025187 -0.016090 -0.000918
v -0.024725 -0.015955 -0.000996
v -0.025291 -0.016521 -0.001235
v -0.023525 -0.016575 -0.000638
v -0.024325 -0.016468 -0.001500
v -0.024325 -0.015775 -0.000300
v -0.023759 -0.016521 -0.001235
v -0.023863 -0.016090 -0.000918
v -0.024325 -0.015955 -0.000996
v -0.023759 -0.016031 -0.000386
v 0.020000 0.000000 -0.021556
v 0.020800 0.000000 -0.022360
v 0.020234 0.000000 -0.022125
v 0.025000 0.000000 -0.021556
v 0.024200 0.000000 -0.022360
v 0.024766 0.000000 -0.022125
v 0.020000 -0.004205 -0.021142
v 0.020800 -0.004362 -0.021930
v 0.020234 -0.004316 -0.021699
v 0.025000 -0.004205 -0.021142
v 0.024200 -0.004362 -0.021930
v 0.024766 -0.004316 -0.021699
v 0.020000 -0.008249 -0.019915
v 0.020800 -0.008557 -0.020658
v 0.020234 -0.008467 -0.020440
v 0.025000 -0.008249 -0.019915
v 0.024200 -0.008557 -0.020658
v 0.024766 -0.008467 -0.020440
v 0.020000 -0.011976 -0.017923
v 0.020800 -0.012423 -0.018592
v 0.020234 -0.012292 -0.018396
v 0.025000 -0.011976 -0.017923
v 0.024200 -0.012423 -0.018592
v 0.024766 -0.012292 -0.018396
v 0.020000 -0.015242 -0.015242
v 0.020800 -0.015811 -0.015811
v 0.020234 -0.015644 -0.015644
v 0.025000 -0.015242 -0.015242
v 0.024200 -0.015811 -0.015811
v 0.024766 -0.015644 -0.015644
v 0.020000 -0.017923 -0.011976
v 0.020800 -0.018592 -0.012423
v 0.020234 -0.018396 -0.012292
v 0.025000 -0.017923 -0.011976
v 0.024200 -0.018592 -0.012423
v 0.024766 -0.018396 -0.012292
v 0.020000 -0.019915 -0.008249
v 0.020800 -0.020658 -0.008557
v 0.020234 -0.020440 -0.008467
v 0.025000 -0.019915 -0.008249
v 0.024200 -0.020658 -0.008557
v 0.024766 -0.020440 -0.008467
v 0.020000 -0.021142 -0.004205
v 0.020800 -0.021930 -0.004362
v 0.020234 -0.021699 -0.004316
v 0.025000 -0.021142 -0.004205
v 0.024200 -0.021930 -0.004362
v 0.024766 -0.021699 -0.004316
v 0.020000 -0.021556 0.000000
v 0.020800 -0.022360 0.000000
v 0.020234 -0.022125 0.000000
v 0.025000 -0.021556 0.000000
v 0.024200 -0.022360 0.000000
v 0.024766 -0.022125 0.000000
v 0.020000 -0.021142 0.004205
v 0.020800 -0.021930 0.004362
v 0.020234 -0.021699 0.004316
v 0.025000 -0.021142 0.004205
v 0.024200 -0.021930 0.004362
v 0.024766 -0.021699 0.004316
v 0.020000 -0.019915 0.008249
v 0.020800 -0.020658 0.008557
v 0.020234 -0.020440 0.008467
v 0.025000 -0.019915 0.008249
v 0.024200 -0.020658 0.008557
v 0.024766 -0.020440 0.008467
v 0.020000 -0.017923 0.011976
v 0.020800 -0.018592 0.012423
v 0.020234 -0.018396 0.012292
v 0.025000 -0.017923 0.011976
v 0.024200 -0.018592 0.012423
v 0.024766 -0.018396 0.012292
v 0.020000 -0.015242 0.015242
v 0.020800 -0.015811 0.015811
v 0.020234 -0.015644 0.015644
v 0.025000 -0.015242 0.015242
v 0.024200 -0.015811 0.015811
v 0.024766 -0.015644 0.015644
v 0.020000 -0.011976 0.017923
v 0.020800 -0.012423 0.018592
v 0.020234 -0.012292 0.018396
v 0.025000 -0.011976 0.017923
v 0.024200 -0.012423 0.018592
v 0.024766 -0.012292 0.018396
v 0.020000 -0.008249 0.019915
v 0.020800 -0.008557 0.020658
v 0.020234 -0.008467 0.020440
v 0.025000 -0.008249 0.019915
v 0.024200 -0.008557 0.020658
v 0.024766 -0.008467 0.020440
v 0.020000 -0.004205 0.021142
v 0.020800 -0.004362 0.021930
v 0.020234 -0.004316 0.021699
v 0.025000 -0.004205 0.021142
v 0.024200 -0.004362 0.021930
v 0.024766 -0.004316 0.021699
v 0.020000 0.000000 0.021556
v 0.020800 0.000000 0.022360
v 0.020234 0.000000 0.022125
v 0.025000 0.000000 0.021556
v 0.024200 0.000000 0.022360
v 0.024766 0.000000 0.022125
v 0.020000 0.004205 0.021142
v 0.020800 0.004362 0.021930
v 0.020234 0.004316 0.021699
v 0.025000 0.004205 0.021142
v 0.024200 0.004362 0.021930
v 0.024766 0.004316 0.021699
v 0.020000 0.008249 0.019915
v 0.020800 0.008557 0.020658
v 0.020234 0.008467 0.020440
v 0.025000 0.008249 0.019915
v 0.024200 0.008557 0.020658
v 0.024766 0.008467 0.020440
v 0.020000 0.011976 0.017923
v 0.020800 0.012423 0.018592
v 0.020234 0.012292 0.018396
v 0.025000 0.011976 0.017923
v 0.024200 0.012423 0.018592
v 0.024766 0.012292 0.018396
v 0.020000 0.015242 0.015242
v 0.020800 0.015811 0.015811
v 0.020234 0.015644 0.015644
v 0.025000 0.015242 0.015242
v 0.024200 0.015811 0.015811
v 0.024766 0.015644 0.015644
v 0.020000 0.017923 0.011976
v 0.020800 0.018592 0.012423
v 0.020234 0.018396 0.012292
v 0.025000 0.017923 0.011976
v 0.024200 0.018592 0.012423
v 0.024766 0.018396 0.012292
v 0.020000 0.019915 0.008249
v 0.020800 0.020658 0.008557
v 0.020234 0.020440 0.008467
v 0.025000 0.019915 0.008249
v 0.024200 0.020658 0.008557
v 0.024766 0.020440 0.008467
v 0.020000 0.021142 0.004205
v 0.020800 0.021930 0.004362
v 0.020234 0.021699 0.004316
v 0.025000 0.021142 0.004205
v 0.024200 0.021930 0.004362
v 0.024766 0.021699 0.004316
v 0.020000 0.021556 0.000000
v 0.020800 0.022360 0.000000
v 0.020234 0.022125 0.000000
v 0.025000 0.021556 0.000000
v 0.024200 0.022360 0.000000
v 0.024766 0.022125 0.000000
v 0.020000 0.021142 -0.004205
v 0.020800 0.021930 -0.004362
v 0.020234 0.021699 -0.004316
v 0.025000 0.021142 -0.004205
v 0.024200 0.021930 -0.004362
v 0.024766 0.021699 -0.004316
v 0.020000 0.019915 -0.008249
v 0.020800 0.020658 -0.008557
v 0.020234 0.020440 -0.008467
v 0.025000 0.019915 -0.008249
v 0.024200 0.020658 -0.008557
v 0.024766 0.020440 -0.008467
v 0.020000 0.017923 -0.011976
v 0.020800 0.018592 -0.012423
v 0.020234 0.018396 -0.012292
v 0.025000 0.017923 -0.011976
v 0.024200 0.018592 -0.012423
v 0.024766 0.018396 -0.012292
v 0.020000 0.015242 -0.015242
v 0.020800 0.015811 -0.015811
v 0.020234 0.015644 -0.015644
v 0.025000 0.015242 -0.015242
v 0.024200 0.015811 -0.015811
v 0.024766 0.015644 -0.015644
v 0.020000 0.011976 -0.017923
v 0.020800 0.012423 -0.018592
v 0.020234 0.012292 -0.018396
v 0.025000 0.011976 -0.017923
v 0.024200 0.012423 -0.018592
v 0.024766 0.012292 -0.018396
v 0.020000 0.008249 -0.019915
v 0.020800 0.008557 -0.020658
v 0.020234 0.008467 -0.020440
v 0.025000 0.008249 -0.019915
v 0.024200 0.008557 -0.020658
v 0.024766 0.008467 -0.020440
v 0.020000 0.004205 -0.021142
v 0.020800 0.004362 -0.021930
v 0.020234 0.004316 -0.021699
v 0.025000 0.004205 -0.021142
v 0.024200 0.004362 -0.021930
v 0.024766 0.004316 -0.021699
v 0.022250 0.000000 -0.010110
v 0.023050 0.000000 -0.010920
v 0.022484 0.000000 -0.010683
v 0.027250 0.000000 -0.010110
v 0.026450 0.000000 -0.010920
v 0.027016 0.000000 -0.010683
v 0.022250 -0.003124 -0.009615
v 0.023050 -0.003374 -0.010386
v 0.022484 -0.003301 -0.010160
v 0.027250 -0.003124 -0.009615
v 0.026450 -0.003374 -0.010386
v 0.027016 -0.003301 -0.010160
v 0.022250 -0.005943 -0.008179
v 0.023050 -0.006419 -0.008834
v 0.022484 -0.006279 -0.008643
v 0.027250 -0.005943 -0.008179
v 0.026450 -0.006419 -0.008834
v 0.027016 -0.006279 -0.008643
v 0.022250 -0.008179 -0.005943
v 0.023050 -0.008834 -0.006419
v 0.022484 -0.008643 -0.006279
v 0.027250 -0.008179 -0.005943
v 0.026450 -0.008834 -0.006419
v 0.027016 -0.008643 -0.006279
v 0.022250 -0.009615 -0.003124
v 0.023050 -0.010386 -0.003374
v 0.022484 -0.010160 -0.003301
v 0.027250 -0.009615 -0.003124
v 0.026450 -0.010386 -0.003374
v 0.027016 -0.010160 -0.003301
v 0.022250 -0.010110 0.000000
v 0.023050 -0.010920 0.000000
v 0.022484 -0.010683 0.000000
v 0.027250 -0.010110 0.000000
v 0.026450 -0.010920 0.000000
v 0.027016 -0.010683 0.000000
v 0.022250 -0.009615 0.003124
v 0.023050 -0.010386 0.003374
v 0.022484 -0.010160 0.003301
v 0.027250 -0.009615 0.003124
v 0.026450 -0.010386 0.003374
v 0.027016 -0.010160 0.003301
v 0.022250 -0.008179 0.005943
v 0.023050 -0.008834 0.006419
v 0.022484 -0.008643 0.006279
v 0.027250 -0.008179 0.005943
v 0.026450 -0.008834 0.006419
v 0.027016 -0.008643 0.006279
v 0.022250 -0.005943 0.008179
v 0.023050 -0.006419 0.008834
v 0.022484 -0.006279 0.008643
v 0.027250 -0.005943 0.008179
v 0.026450 -0.006419 0.008834
v 0.027016 -0.006279 0.008643
v 0.022250 -0.003124 0.009615
v 0.023050 -0.003374 0.010386
v 0.022484 -0.003301 0.010160
v 0.027250 -0.003124 0.009615
v 0.026450 -0.003374 0.010386
v 0.027016 -0.003301 0.010160
v 0.022250 0.000000 0.010110
v 0.023050 0.000000 0.010920
v 0.022484 0.000000 0.010683
v 0.027250 0.000000 0.010110
v 0.026450 0.000000 0.010920
v 0.027016 0.000000 0.010683
v 0.022250 0.003124 0.009615
v 0.023050 0.003374 0.010386
v 0.022484 0.003301 0.010160
v 0.027250 0.003124 0.009615
v 0.026450 0.003374 0.010386
v 0.027016 0.003301 0.010160
v 0.022250 0.005943 0.008179
v 0.023050 0.006419 0.008834
v 0.022484 0.006279 0.008643
v 0.027250 0.005943 0.008179
v 0.026450 0.006419 0.008834
v 0.027016 0.006279 0.008643
v 0.022250 0.008179 0.005943
v 0.023050 0.008834 0.006419
v 0.022484 0.008643 0.006279
v 0.027250 0.008179 0.005943
v 0.026450 0.008834 0.006419
v 0.027016 0.008643 0.006279
v 0.022250 0.009615 0.003124
v 0.023050 0.010386 0.003374
v 0.022484 0.010160 0.003301
v 0.027250 0.009615 0.003124
v 0.026450 0.010386 0.003374
v 0.027016 0.010160 0.003301
v 0.022250 0.010110 0.000000
v 0.023050 0.010920 0.000000
v 0.022484 0.010683 0.000000
v 0.027250 0.010110 0.000000
v 0.026450 0.010920 0.000000
v 0.027016 0.010683 0.000000
v 0.022250 0.009615 -0.003124
v 0.023050 0.010386 -0.003374
v 0.022484 0.010160 -0.003301
v 0.027250 0.009615 -0.003124
v 0.026450 0.010386 -0.003374
v 0.027016 0.010160 -0.003301
v 0.022250 0.008179 -0.005943
v 0.023050 0.008834 -0.006419
v 0.022484 0.008643 -0.006279
v 0.027250 0.008179 -0.005943
v 0.026450 0.008834 -0.006419
v 0.027016 0.008643 -0.006279
v 0.022250 0.005943 -0.008179
v 0.023050 0.006419 -0.008834
v 0.022484 0.006279 -0.008643
v 0.027250 0.005943 -0.008179
v 0.026450 0.006419 -0.008834
v 0.027016 0.006279 -0.008643
v 0.022250 0.003124 -0.009615
v 0.023050 0.003374 -0.010386
v 0.022484 0.003301 -0.010160
v 0.027250 0.003124 -0.009615
v 0.026450 0.003374 -0.010386
v 0.027016 0.003301 -0.010160
v 0.023525 0.000000 0.016404
v 0.024325 0.000693 0.015880
v 0.024325 -0.000693 0.015880
v 0.023759 0.000490 0.016059
v 0.023863 0.000000 0.015844
v 0.024325 0.000000 0.015689
v 0.023759 -0.000490 0.016059
v 0.025525 0.000000 0.016404
v 0.024725 -0.000693 0.015880
v 0.024725 0.000693 0.015880
v 0.025291 -0.000490 0.016059
v 0.025187 0.000000 0.015844
v 0.024725 0.000000 0.015689
v 0.025291 0.000490 0.016059
v 0.023525 -0.001105 0.017042
v 0.024325 -0.001212 0.016180
v 0.024325 -0.001905 0.017380
v 0.023759 -0.001159 0.016445
v 0.023863 -0.001590 0.016762
v 0.024325 -0.001725 0.016684
v 0.023759 -0.001649 0.017294
v 0.025525 -0.001105 0.017042
v 0.024725 -0.001905 0.017380
v 0.024725 -0.001212 0.016180
v 0.025291 -0.001649 0.017294
v 0.025187 -0.001590 0.016762
v 0.024725 -0.001725 0.016684
v 0.025291 -0.001159 0.016445
v 0.023525 -0.001105 0.018318
v 0.024325 -0.001905 0.017980
v 0.024325 -0.001212 0.019180
v 0.023759 -0.001649 0.018066
v 0.023863 -0.001590 0.018598
v 0.024325 -0.001725 0.018676
v 0.023759 -0.001159 0.018915
v 0.025525 -0.001105 0.018318
v 0.024725 -0.001212 0.019180
v 0.024725 -0.001905 0.017980
v 0.025291 -0.001159 0.018915
v 0.025187 -0.001590 0.018598
v 0.024725 -0.001725 0.018676
v 0.025291 -0.001649 0.018066
v 0.023525 0.000000 0.018956
v 0.024325 -0.000693 0.019480
v 0.024325 0.000693 0.019480
v 0.023759 -0.000490 0.019301
v 0.023863 0.000000 0.019516
v 0.024325 0.000000 0.019671
v 0.023759 0.000490 0.019301
v 0.025525 0.000000 0.018956
v 0.024725 0.000693 0.019480
v 0.024725 -0.000693 0.019480
v 0.025291 0.000490 0.019301
v 0.025187 0.000000 0.019516
v 0.024725 0.000000 0.019671
v 0.025291 -0.000490 0.019301
v 0.023525 0.001105 0.018318
v 0.024325 0.001212 0.019180
v 0.024325 0.001905 0.017980
v 0.023759 0.001159 0.018915
v 0.023863 0.001590 0.018598
v 0.024325 0.001725 0.018676
v 0.023759 0.001649 0.018066
v 0.025525 0.001105 0.018318
v 0.024725 0.001905 0.017980
v 0.024725 0.001212 0.019180
v 0.025291 0.001649 0.018066
v 0.025187 0.001590 0.018598
v 0.024725 0.001725 0.018676
v 0.025291 0.001159 0.018915
v 0.023525 0.001105 0.017042
v 0.024325 0.001905 0.017380
v 0.024325 0.001212 0.016180
v 0.023759 0.001649 0.017294
v 0.023863 0.001590 0.016762
v 0.024325 0.001725 0.016684
v 0.023759 0.001159 0.016445
v 0.025525 0.001105 0.017042
v 0.024725 0.001212 0.016180
v 0.024725 0.001905 0.017380
v 0.025291 0.001159 0.016445
v 0.025187 0.001590 0.016762
v 0.024725 0.001725 0.016684
v 0.025291 0.001649 0.017294
v 0.023525 0.017680 -0.001276
v 0.024325 0.018373 -0.001800
v 0.024325 0.016987 -0.001800
v 0.023759 0.018170 -0.001621
v 0.023863 0.017680 -0.001836
v 0.024325 0.017680 -0.001991
v 0.023759 0.017190 -0.001621
v 0.025525 0.017680 -0.001276
v 0.024725 0.016987 -0.001800
v 0.024725 0.018373 -0.001800
v 0.025291 0.017190 -0.001621
v 0.025187 0.017680 -0.001836
v 0.024725 0.017680 -0.001991
v 0.025291 0.018170 -0.001621
v 0.023525 0.016575 -0.000638
v 0.024325 0.016468 -0.001500
v 0.024325 0.015775 -0.000300
v 0.023759 0.016521 -0.001235
v 0.023863 0.016090 -0.000918
v 0.024325 0.015955 -0.000996
v 0.023759 0.016031 -0.000386
v 0.025525 0.016575 -0.000638
v 0.024725 0.015775 -0.000300
v 0.024725 0.016468 -0.001500
v 0.025291 0.016031 -0.000386
v 0.025187 0.016090 -0.000918
v 0.024725 0.015955 -0.000996
v 0.025291 0.016521 -0.001235
v 0.023525 0.016575 0.000638
v 0.024325 0.015775 0.000300
v 0.024325 0.016468 0.001500
v 0.023759 0.016031 0.000386
v 0.023863 0.016090 0.000918
v 0.024325 0.015955 0.000996
v 0.023759 0.016521 0.001235
v 0.025525 0.016575 0.000638
v 0.024725 0.016468 0.001500
v 0.024725 0.015775 0.000300
v 0.025291 0.016521 0.001235
v 0.025187 0.016090 0.000918
v 0.024725 0.015955 0.000996
v 0.025291 0.016031 0.000386
v 0.023525 0.017680 0.001276
v 0.024325 0.016987 0.001800
v 0.024325 0.018373 0.001800
v 0.023759 0.017190 0.001621
v 0.023863 0.017680 0.001836
v 0.024325 0.017680 0.001991
v 0.023759 0.018170 0.001621
v 0.025525 0.017680 0.001276
v 0.024725 0.018373 0.001800
v 0.024725 0.016987 0.001800
v 0.025291 0.018170 0.001621
v 0.025187 0.017680 0.001836
v 0.024725 0.017680 0.001991
v 0.025291 0.017190 0.001621
v 0.023525 0.018785 0.000638
v 0.024325 0.018892 0.001500
v 0.024325 0.019585 0.000300
v 0.023759 0.018839 0.001235
v 0.023863 0.019270 0.000918
v 0.024325 0.019405 0.000996
v 0.023759 0.019329 0.000386
v 0.025525 0.018785 0.000638
v 0.024725 0.019585 0.000300
v 0.024725 0.018892 0.001500
v 0.025291 0.019329 0.000386
v 0.025187 0.019270 0.000918
v 0.024725 0.019405 0.000996
v 0.025291 0.018839 0.001235
v 0.023525 0.018785 -0.000638
v 0.024325 0.019585 -0.000300
v 0.024325 0.018892 -0.001500
v 0.023759 0.019329 -0.000386
v 0.023863 0.019270 -0.000918
v 0.024325 0.019405 -0.000996
v 0.023759 0.018839 -0.001235
v 0.025525 0.018785 -0.000638
v 0.024725 0.018892 -0.001500
v 0.024725 0.019585 -0.000300
v 0.025291 0.018839 -0.001235
v 0.025187 0.019270 -0.000918
v 0.024725 0.019405 -0.000996
v 0.025291 0.019329 -0.000386
v 0.023525 0.000000 -0.018956
v 0.024325 0.000693 -0.019480
v 0.024325 -0.000693 -0.019480
v 0.023759 0.000490 -0.019301
v 0.023863 0.000000 -0.019516
v 0.024325 0.000000 -0.019671
v 0.023759 -0.000490 -0.019301
v 0.025525 0.000000 -0.018956
v 0.024725 -0.000693 -0.019480
v 0.024725 0.000693 -0.019480
v 0.025291 -0.000490 -0.019301
v 0.025187 0.000000 -0.019516
v 0.024725 0.000000 -0.019671
v 0.025291 0.000490 -0.019301
v 0.023525 -0.001105 -0.018318
v 0.024325 -0.001212 -0.019180
v 0.024325 -0.001905 -0.017980
v 0.023759 -0.001159 -0.018915
v 0.023863 -0.001590 -0.018598
v 0.024325 -0.001725 -0.018676
v 0.023759 -0.001649 -0.018066
v 0.025525 -0.001105 -0.018318
v 0.024725 -0.001905 -0.017980
v 0.024725 -0.001212 -0.019180
v 0.025291 -0.001649 -0.018066
v 0.025187 -0.001590 -0.018598
v 0.024725 -0.001725 -0.018676
v 0.025291 -0.001159 -0.018915
v 0.023525 -0.001105 -0.017042
v 0.024325 -0.001905 -0.017380
v 0.024325 -0.001212 -0.016180
v 0.023759 -0.001649 -0.017294
v 0.023863 -0.001590 -0.016762
v 0.024325 -0.001725 -0.016684
v 0.023759 -0.001159 -0.016445
v 0.025525 -0.001105 -0.017042
v 0.024725 -0.001212 -0.016180
v 0.024725 -0.001905 -0.017380
v 0.025291 -0.001159 -0.016445
v 0.025187 -0.001590 -0.016762
v 0.024725 -0.001725 -0.016684
v 0.025291 -0.001649 -0.017294
v 0.023525 0.000000 -0.016404
v 0.024325 -0.000693 -0.015880
v 0.024325 0.000693 -0.015880
v 0.023759 -0.000490 -0.016059
v 0.023863 0.000000 -0.015844
v 0.024325 0.000000 -0.015689
v 0.023759 0.000490 -0.016059
v 0.025525 0.000000 -0.016404
v 0.024725 0.000693 -0.015880
v 0.024725 -0.000693 -0.015880
v 0.025291 0.000490 -0.016059
v 0.025187 0.000000 -0.015844
v 0.024725 0.000000 -0.015689
v 0.025291 -0.000490 -0.016059
v 0.023525 0.001105 -0.017042
v 0.024325 0.001212 -0.016180
v 0.024325 0.001905 -0.017380
v 0.023759 0.001159 -0.016445
v 0.023863 0.001590 -0.016762
v 0.024325 0.001725 -0.016684
v 0.023759 0.001649 -0.017294
v 0.025525 0.001105 -0.017042
v 0.024725 0.001905 -0.017380
v 0.024725 0.001212 -0.016180
v 0.025291 0.001649 -0.017294
v 0.025187 0.001590 -0.016762
v 0.024725 0.001725 -0.016684
v 0.025291 0.001159 -0.016445
v 0.023525 0.001105 -0.018318
v 0.024325 0.001905 -0.017980
v 0.024325 0.001212 -0.019180
v 0.023759 0.001649 -0.018066
v 0.023863 0.001590 -0.018598
v 0.024325 0.001725 -0.018676
v 0.023759 0.001159 -0.018915
v 0.025525 0.001105 -0.018318
v 0.024725 0.001212 -0.019180
v 0.024725 0.001905 -0.017980
v 0.025291 0.001159 -0.018915
v 0.025187 0.001590 -0.018598
v 0.024725 0.001725 -0.018676
v 0.025291 0.001649 -0.018066
v 0.023525 -0.017680 -0.001276
v 0.024325 -0.016987 -0.001800
v 0.024325 -0.018373 -0.001800
v 0.023759 -0.017190 -0.001621
v 0.023863 -0.017680 -0.001836
v 0.024325 -0.017680 -0.001991
v 0.023759 -0.018170 -0.001621
v 0.025525 -0.017680 -0.001276
v 0.024725 -0.018373 -0.001800
v 0.024725 -0.016987 -0.001800
v 0.025291 -0.018170 -0.001621
v 0.025187 -0.017680 -0.001836
v 0.024725 -0.017680 -0.001991
v 0.025291 -0.017190 -0.001621
v 0.023525 -0.018785 -0.000638
v 0.024325 -0.018892 -0.001500
v 0.024325 -0.019585 -0.000300
v 0.023759 -0.018839 -0.001235
v 0.023863 -0.019270 -0.000918
v 0.024325 -0.019405 -0.000996
v 0.023759 -0.019329 -0.000386
v 0.025525 -0.018785 -0.000638
v 0.024725 -0.019585 -0.000300
v 0.024725 -0.018892 -0.001500
v 0.025291 -0.019329 -0.000386
v 0.025187 -0.019270 -0.000918
v 0.024725 -0.019405 -0.000996
v 0.025291 -0.018839 -0.001235
v 0.023525 -0.018785 0.000638
v 0.024325 -0.019585 0.000300
v 0.024325 -0.018892 0.001500
v 0.023759 -0.019329 0.000386
v 0.023863 -0.019270 0.000918
v 0.024325 -0.019405 0.000996
v 0.023759 -0.018839 0.001235
v 0.025525 -0.018785 0.000638
v 0.024725 -0.018892 0.001500
v 0.024725 -0.019585 0.000300
v 0.025291 -0.018839 0.001235
v 0.025187 -0.019270 0.000918
v 0.024725 -0.019405 0.000996
v 0.025291 -0.019329 0.000386
v 0.023525 -0.017680 0.001276
v 0.024325 -0.018373 0.001800
v 0.024325 -0.016987 0.001800
v 0.023759 -0.018170 0.001621
v 0.023863 -0.017680 0.001836
v 0.024325 -0.017680 0.001991
v 0.023759 -0.017190 0.001621
v 0.025525 -0.017680 0.001276
v 0.024725 -0.016987 0.001800
v 0.024725 -0.018373 0.001800
v 0.025291 -0.017190 0.001621
v 0.025187 -0.017680 0.001836
v 0.024725 -0.017680 0.001991
v 0.025291 -0.018170 0.001621
v 0.023525 -0.016575 0.000638
v 0.024325 -0.016468 0.001500
v 0.024325 -0.015775 0.000300
v 0.023759 -0.016521 0.001235
v 0.023863 -0.016090 0.000918
v 0.024325 -0.015955 0.000996
v 0.023759 -0.016031 0.000386
v 0.025525 -0.016575 0.000638
v 0.024725 -0.015775 0.000300
v 0.024725 -0.016468 0.001500
v 0.025291 -0.016031 0.000386
v 0.025187 -0.016090 0.000918
v 0.024725 -0.015955 0.000996
v 0.025291 -0.016521 0.001235
v 0.023525 -0.016575 -0.000638
v 0.024325 -0.015775 -0.000300
v 0.024325 -0.016468 -0.001500
v 0.023759 -0.016031 -0.000386
v 0.023863 -0.016090 -0.000918
v 0.024325 -0.015955 -0.000996
v 0.023759 -0.016521 -0.001235
v 0.025525 -0.016575 -0.000638
v 0.024725 -0.016468 -0.001500
v 0.024725 -0.015775 -0.000300
v 0.025291 -0.016521 -0.001235
v 0.025187 -0.016090 -0.000918
v 0.024725 -0.015955 -0.000996
v 0.025291 -0.016031 -0.000386
vn -0.3819 -0.0908 -0.9197
vn -0.9242 -0.0374 -0.3801
vn 0.3826 -0.0907 -0.9194
vn 0.9239 -0.0375 -0.3807
vn -0.3826 -0.2681 -0.8841
vn -0.9239 -0.1111 -0.3662
vn 0.3831 -0.2681 -0.8840
vn 0.9241 -0.1110 -0.3658
vn -0.3830 -0.4355 -0.8146
vn -0.9241 -0.1801 -0.3371
vn 0.3829 -0.4355 -0.8147
vn 0.9240 -0.1803 -0.3374
vn -0.3829 -0.5860 -0.7141
vn -0.9240 -0.2427 -0.2956
vn 0.3835 -0.5859 -0.7139
vn 0.9241 -0.2425 -0.2954
vn -0.3835 -0.7139 -0.5859
vn -0.9241 -0.2954 -0.2425
vn 0.3829 -0.7141 -0.5860
vn 0.9240 -0.2956 -0.2427
vn -0.3829 -0.8147 -0.4355
vn -0.9239 -0.3374 -0.1803
vn 0.3830 -0.8146 -0.4355
vn 0.9241 -0.3371 -0.1801
vn -0.3831 -0.8840 -0.2681
vn -0.9241 -0.3658 -0.1110
vn 0.3826 -0.8841 -0.2681
vn 0.9239 -0.3662 -0.1111
vn -0.3826 -0.9194 -0.0907
vn -0.9239 -0.3807 -0.0375
vn 0.3819 -0.9197 -0.0908
vn 0.9242 -0.3801 -0.0374
vn -0.3819 -0.9197 0.0908
vn -0.9242 -0.3801 0.0374
vn 0.3826 -0.9194 0.0907
vn 0.9239 -0.3807 0.0375
vn -0.3826 -0.8841 0.2681
vn -0.9239 -0.3662 0.1111
vn 0.3831 -0.8840 0.2681
vn 0.9241 -0.3658 0.1110
vn -0.3830 -0.8146 0.4355
vn -0.9241 -0.3371 0.1801
vn 0.3829 -0.8147 0.4355
vn 0.9240 -0.3373 0.1803
vn -0.3829 -0.7141 0.5860
vn -0.9240 -0.2956 0.2427
vn 0.3835 -0.7139 0.5859
vn 0.9241 -0.2954 0.2425
vn -0.3835 -0.5859 0.7139
vn -0.9241 -0.2425 0.2954
vn 0.3829 -0.5860 0.7141
vn 0.9240 -0.2427 0.2956
vn -0.3829 -0.4355 0.8147
vn -0.9240 -0.1803 0.3374
vn 0.3830 -0.4355 0.8146
vn 0.9241 -0.1801 0.3371
vn -0.3831 -0.2681 0.8840
vn -0.9241 -0.1110 0.3658
vn 0.3826 -0.2681 0.8841
vn 0.9239 -0.1111 0.3662
vn -0.3826 -0.0907 0.9194
vn -0.9239 -0.0375 0.3807
vn 0.3819 -0.0908 0.9197
vn 0.9242 -0.0374 0.3801
vn -0.3819 0.0908 0.9197
vn -0.9242 0.0374 0.3801
vn 0.3826 0.0907 0.9194
vn 0.9239 0.0375 0.3807
vn -0.3826 0.2681 0.8841
vn -0.9239 0.1111 0.3662
vn 0.3831 0.2681 0.8840
vn 0.9241 0.1110 0.3658
vn -0.3830 0.4355 0.8146
vn -0.9241 0.1801 0.3371
vn 0.3829 0.4355 0.8147
vn 0.9240 0.1803 0.3374
vn -0.3829 0.5860 0.7141
vn -0.9240 0.2427 0.2956
vn 0.3835 0.5859 0.7139
vn 0.9241 0.2425 0.2954
vn -0.3835 0.7139 0.5859
vn -0.9241 0.2954 0.2425
vn 0.3829 0.7141 0.5860
vn 0.9240 0.2956 0.2427
vn -0.3829 0.8147 0.4355
vn -0.9240 0.3373 0.1803
vn 0.3830 0.8146 0.4355
vn 0.9241 0.3371 0.1801
vn -0.3831 0.8840 0.2681
vn -0.9241 0.3658 0.1110
vn 0.3826 0.8841 0.2681
vn 0.9239 0.3662 0.1111
vn -0.3826 0.9194 0.0907
vn -0.9239 0.3807 0.0375
vn 0.3819 0.9197 0.0908
vn 0.9242 0.3801 0.0374
vn -0.3819 0.9197 -0.0908
vn -0.9242 0.3801 -0.0374
vn 0.3826 0.9194 -0.0907
vn 0.9239 0.3807 -0.0375
vn -0.3826 0.8841 -0.2681
vn -0.9239 0.3662 -0.1111
vn 0.3831 0.8840 -0.2681
vn 0.9241 0.3658 -0.1110
vn -0.3830 0.8146 -0.4355
vn -0.9241 0.3371 -0.1801
vn 0.3829 0.8147 -0.4355
vn 0.9239 0.3374 -0.1803
vn -0.3829 0.7141 -0.5860
vn -0.9240 0.2956 -0.2427
vn 0.3835 0.7139 -0.5859
vn 0.9241 0.2954 -0.2425
vn -0.3835 0.5859 -0.7139
vn -0.9241 0.2425 -0.2954
vn 0.3829 0.5860 -0.7141
vn 0.9240 0.2427 -0.2956
vn -0.3829 0.4355 -0.8147
vn -0.9240 0.1803 -0.3374
vn 0.3830 0.4355 -0.8146
vn 0.9241 0.1801 -0.3371
vn -0.3831 0.2681 -0.8840
vn -0.9241 0.1110 -0.3658
vn 0.3826 0.2681 -0.8841
vn 0.9239 0.1111 -0.3662
vn -0.3826 0.0907 -0.9194
vn -0.9239 0.0375 -0.3807
vn 0.3819 0.0908 -0.9197
vn 0.9242 0.0374 -0.3801
vn -1.0000 -0.0000 -0.0000
vn -0.0000 -0.0981 -0.9952
vn -0.0000 0.0981 -0.9952
vn 1.0000 -0.0000 -0.0000
vn -0.0000 -0.2902 -0.9570
vn -0.0000 -0.4715 -0.8819
vn -0.0000 -0.6343 -0.7731
vn -0.0000 -0.7731 -0.6343
vn -0.0000 -0.8819 -0.4715
vn -0.0000 -0.9570 -0.2902
vn -0.0000 -0.9952 -0.0981
vn -0.0000 -0.9952 0.0981
vn -0.0000 -0.9570 0.2902
vn -0.0000 -0.8819 0.4715
vn -0.0000 -0.7731 0.6343
vn -0.0000 -0.6343 0.7731
vn -0.0000 -0.4715 0.8819
vn -0.0000 -0.2902 0.9570
vn -0.0000 -0.0981 0.9952
vn -0.0000 0.0981 0.9952
vn -0.0000 0.2902 0.9570
vn -0.0000 0.4715 0.8819
vn -0.0000 0.6343 0.7731
vn -0.0000 0.7731 0.6343
vn -0.0000 0.8819 0.4715
vn -0.0000 0.9570 0.2902
vn -0.0000 0.9952 0.0981
vn -0.0000 0.9952 -0.0981
vn -0.0000 0.9570 -0.2902
vn -0.0000 0.8819 -0.4715
vn -0.0000 0.7731 -0.6343
vn -0.0000 0.6343 -0.7731
vn -0.0000 0.4715 -0.8819
vn -0.0000 0.2902 -0.9570
vn -0.2492 -0.9319 0.2638
vn -0.2176 -0.6902 0.6902
vn -0.2638 -0.2492 0.9318
vn -0.6902 -0.2176 0.6902
vn -0.9319 -0.2638 0.2492
vn -0.6902 -0.6902 0.2175
vn -0.5774 -0.5774 0.5774
vn -0.2492 0.2638 0.9318
vn -0.2175 0.6902 0.6902
vn -0.2638 0.9318 0.2492
vn -0.6902 0.6902 0.2175
vn -0.9318 0.2492 0.2638
vn -0.6902 0.2175 0.6902
vn -0.5774 0.5774 0.5774
vn -0.2638 -0.9319 -0.2492
vn -0.6902 -0.6902 -0.2175
vn -0.9318 -0.2492 -0.2638
vn -0.6902 -0.2175 -0.6902
vn -0.2492 -0.2638 -0.9318
vn -0.2175 -0.6902 -0.6902
vn -0.5774 -0.5774 -0.5773
vn -0.2492 0.9319 -0.2638
vn -0.2176 0.6902 -0.6902
vn -0.2638 0.2492 -0.9318
vn -0.6902 0.2175 -0.6902
vn -0.9319 0.2638 -0.2492
vn -0.6902 0.6902 -0.2176
vn -0.5774 0.5774 -0.5773
vn 0.2638 -0.9319 0.2492
vn 0.6902 -0.6902 0.2175
vn 0.9318 -0.2492 0.2638
vn 0.6902 -0.2175 0.6902
vn 0.2492 -0.2638 0.9319
vn 0.2175 -0.6902 0.6902
vn 0.5774 -0.5773 0.5774
vn 0.2492 0.9319 0.2638
vn 0.2176 0.6902 0.6902
vn 0.2638 0.2492 0.9318
vn 0.6902 0.2175 0.6902
vn 0.9318 0.2638 0.2492
vn 0.6902 0.6902 0.2176
vn 0.5774 0.5774 0.5774
vn 0.2492 -0.9319 -0.2638
vn 0.2176 -0.6902 -0.6902
vn 0.2638 -0.2492 -0.9318
vn 0.6902 -0.2176 -0.6902
vn 0.9319 -0.2638 -0.2492
vn 0.6902 -0.6902 -0.2175
vn 0.5773 -0.5774 -0.5773
vn 0.2638 0.9318 -0.2492
vn 0.6902 0.6902 -0.2175
vn 0.9318 0.2492 -0.2638
vn 0.6902 0.2176 -0.6902
vn 0.2492 0.2638 -0.9319
vn 0.2175 0.6902 -0.6902
vn 0.5774 0.5774 -0.5773
vn -0.2583 -0.9661 -0.0000
vn -0.7071 -0.7071 -0.0000
vn -0.9661 -0.2583 -0.0000
vn -0.2583 -0.0000 0.9661
vn -0.7071 -0.0000 0.7071
vn -0.9661 -0.0000 0.2583
vn -0.2583 0.9661 -0.0000
vn -0.7071 0.7071 -0.0000
vn -0.9661 0.2583 -0.0000
vn -0.2583 -0.0000 -0.9661
vn -0.7071 -0.0000 -0.7071
vn -0.9661 -0.0000 -0.2583
vn -0.0000 -0.9661 -0.2583
vn -0.0000 -0.7071 -0.7071
vn -0.0000 -0.2583 -0.9661
vn -0.0000 0.9661 -0.2583
vn -0.0000 0.7071 -0.7071
vn -0.0000 0.2583 -0.9661
vn 0.9661 -0.0000 -0.2583
vn 0.7071 -0.0000 -0.7071
vn 0.2583 -0.0000 -0.9661
vn 0.2583 -0.9661 -0.0000
vn 0.7071 -0.7071 -0.0000
vn 0.9661 -0.2583 -0.0000
vn 0.2583 0.9661 -0.0000
vn 0.7071 0.7071 -0.0000
vn 0.9661 0.2583 -0.0000
vn 0.2583 -0.0000 0.9661
vn 0.7071 -0.0000 0.7071
vn 0.9661 -0.0000 0.2583
vn -0.0000 -0.9661 0.2583
vn -0.0000 -0.7071 0.7071
vn -0.0000 -0.2583 0.9661
vn -0.0000 0.9661 0.2583
vn -0.0000 0.7071 0.7071
vn -0.0000 0.2583 0.9661
vn -0.0000 -1.0000 -0.0000
vn -0.0000 -0.0000 1.0000
vn -0.0000 1.0000 -0.0000
vn -0.0000 -0.0000 -1.0000
vn 0.3826 -0.0908 -0.9194
vn -0.3826 -0.2682 -0.8841
vn -0.9240 -0.1111 -0.3660
vn 0.3831 -0.2681 -0.8839
vn -0.3830 -0.4354 -0.8147
vn -0.9241 -0.1802 -0.3371
vn 0.3829 -0.4354 -0.8148
vn 0.9242 -0.1801 -0.3369
vn -0.3829 -0.5862 -0.7140
vn -0.9242 -0.2424 -0.2953
vn 0.3835 -0.5860 -0.7138
vn -0.3835 -0.7138 -0.5860
vn 0.3829 -0.7140 -0.5862
vn 0.9242 -0.2953 -0.2424
vn -0.3829 -0.8148 -0.4354
vn -0.9242 -0.3369 -0.1801
vn 0.3830 -0.8147 -0.4354
vn 0.9241 -0.3371 -0.1802
vn -0.3831 -0.8839 -0.2681
vn 0.3826 -0.8841 -0.2682
vn 0.9240 -0.3660 -0.1111
vn -0.3826 -0.9194 -0.0908
vn 0.3826 -0.9194 0.0908
vn -0.3826 -0.8841 0.2682
vn -0.9240 -0.3660 0.1111
vn 0.3831 -0.8839 0.2681
vn -0.3830 -0.8147 0.4354
vn -0.9241 -0.3371 0.1802
vn 0.3829 -0.8148 0.4354
vn 0.9242 -0.3369 0.1801
vn -0.3829 -0.7140 0.5862
vn -0.9242 -0.2953 0.2424
vn 0.3835 -0.7138 0.5860
vn -0.3835 -0.5860 0.7138
vn 0.3829 -0.5862 0.7140
vn 0.9242 -0.2424 0.2953
vn -0.3829 -0.4354 0.8148
vn -0.9242 -0.1801 0.3369
vn 0.3830 -0.4354 0.8147
vn 0.9241 -0.1802 0.3371
vn -0.3831 -0.2681 0.8839
vn 0.3826 -0.2682 0.8841
vn 0.9240 -0.1111 0.3660
vn -0.3826 -0.0908 0.9194
vn 0.3826 0.0908 0.9194
vn -0.3826 0.2682 0.8841
vn -0.9240 0.1111 0.3660
vn 0.3831 0.2681 0.8839
vn -0.3830 0.4354 0.8147
vn -0.9241 0.1802 0.3371
vn 0.3829 0.4354 0.8148
vn 0.9242 0.1801 0.3369
vn -0.3829 0.5862 0.7140
vn -0.9242 0.2424 0.2953
vn 0.3835 0.5860 0.7138
vn -0.3835 0.7138 0.5860
vn 0.3829 0.7140 0.5862
vn 0.9242 0.2953 0.2424
vn -0.3829 0.8148 0.4354
vn -0.9242 0.3369 0.1801
vn 0.3830 0.8147 0.4354
vn 0.9241 0.3371 0.1802
vn -0.3831 0.8839 0.2681
vn 0.3826 0.8841 0.2682
vn 0.9240 0.3660 0.1111
vn -0.3826 0.9194 0.0908
vn 0.3826 0.9194 -0.0908
vn -0.3826 0.8841 -0.2682
vn -0.9240 0.3660 -0.1111
vn 0.3831 0.8839 -0.2681
vn -0.3830 0.8147 -0.4354
vn -0.9241 0.3371 -0.1802
vn 0.3829 0.8148 -0.4354
vn 0.9242 0.3369 -0.1801
vn -0.3829 0.7140 -0.5862
vn -0.9242 0.2953 -0.2424
vn 0.3835 0.7138 -0.5860
vn -0.3835 0.5860 -0.7138
vn 0.3829 0.5862 -0.7140
vn 0.9242 0.2424 -0.2953
vn -0.3829 0.4354 -0.8148
vn -0.9242 0.1801 -0.3369
vn 0.3830 0.4354 -0.8147
vn 0.9241 0.1802 -0.3371
vn -0.3831 0.2681 -0.8839
vn 0.3826 0.2682 -0.8841
vn 0.9240 0.1111 -0.3660
vn -0.3826 0.0908 -0.9194
vn -0.0000 -0.4713 -0.8820
vn -0.0000 -0.6345 -0.7729
vn -0.0000 -0.7730 -0.6345
vn -0.0000 -0.8820 -0.4713
vn -0.0000 -0.8820 0.4713
vn -0.0000 -0.7729 0.6345
vn -0.0000 -0.6345 0.7730
vn -0.0000 -0.4713 0.8820
vn -0.0000 0.4713 0.8820
vn -0.0000 0.6345 0.7730
vn -0.0000 0.7729 0.6345
vn -0.0000 0.8820 0.4713
vn -0.0000 0.8820 -0.4713
vn -0.0000 0.7730 -0.6345
vn -0.0000 0.6345 -0.7729
vn -0.0000 0.4713 -0.8820
vn -0.3822 -0.1446 -0.9127
vn -0.9241 -0.0598 -0.3774
vn 0.3830 -0.1446 -0.9124
vn 0.9241 -0.0598 -0.3774
vn -0.3828 -0.4193 -0.8232
vn -0.9241 -0.1734 -0.3405
vn 0.3817 -0.4195 -0.8236
vn 0.9241 -0.1734 -0.3405
vn -0.3821 -0.6534 -0.6534
vn -0.9241 -0.2703 -0.2703
vn 0.3821 -0.6534 -0.6534
vn 0.9241 -0.2703 -0.2703
vn -0.3817 -0.8236 -0.4195
vn -0.9241 -0.3405 -0.1734
vn 0.3828 -0.8232 -0.4193
vn 0.9241 -0.3405 -0.1734
vn -0.3830 -0.9124 -0.1446
vn -0.9241 -0.3774 -0.0598
vn 0.3822 -0.9127 -0.1446
vn 0.9241 -0.3774 -0.0598
vn -0.3822 -0.9127 0.1446
vn -0.9241 -0.3774 0.0598
vn 0.3830 -0.9124 0.1446
vn 0.9241 -0.3774 0.0598
vn -0.3828 -0.8232 0.4193
vn -0.9241 -0.3405 0.1734
vn 0.3817 -0.8236 0.4195
vn 0.9241 -0.3405 0.1734
vn -0.3821 -0.6534 0.6534
vn -0.9241 -0.2703 0.2703
vn 0.3821 -0.6534 0.6534
vn 0.9241 -0.2703 0.2703
vn -0.3817 -0.4195 0.8236
vn -0.9241 -0.1734 0.3405
vn 0.3828 -0.4193 0.8232
vn 0.9241 -0.1734 0.3405
vn -0.3830 -0.1446 0.9124
vn -0.9241 -0.0598 0.3774
vn 0.3822 -0.1446 0.9127
vn 0.9241 -0.0598 0.3774
vn -0.3822 0.1446 0.9127
vn -0.9241 0.0598 0.3774
vn 0.3830 0.1446 0.9124
vn 0.9241 0.0598 0.3774
vn -0.3828 0.4193 0.8232
vn -0.9241 0.1734 0.3405
vn 0.3817 0.4195 0.8236
vn 0.9241 0.1734 0.3405
vn -0.3821 0.6534 0.6534
vn -0.9241 0.2703 0.2703
vn 0.3821 0.6534 0.6534
vn 0.9241 0.2703 0.2703
vn -0.3817 0.8236 0.4195
vn -0.9241 0.3405 0.1734
vn 0.3828 0.8232 0.4193
vn 0.9241 0.3405 0.1734
vn -0.3830 0.9124 0.1446
vn -0.9241 0.3774 0.0598
vn 0.3822 0.9127 0.1446
vn 0.9241 0.3774 0.0598
vn -0.3822 0.9127 -0.1446
vn -0.9241 0.3774 -0.0598
vn 0.3830 0.9124 -0.1446
vn 0.9241 0.3774 -0.0598
vn -0.3828 0.8232 -0.4193
vn -0.9241 0.3405 -0.1734
vn 0.3817 0.8236 -0.4195
vn 0.9241 0.3405 -0.1734
vn -0.3821 0.6534 -0.6534
vn -0.9241 0.2703 -0.2703
vn 0.3821 0.6534 -0.6534
vn 0.9241 0.2703 -0.2703
vn -0.3817 0.4195 -0.8236
vn -0.9241 0.1734 -0.3405
vn 0.3828 0.4193 -0.8232
vn 0.9241 0.1734 -0.3405
vn -0.3830 0.1446 -0.9124
vn -0.9241 0.0598 -0.3774
vn 0.3822 0.1446 -0.9127
vn 0.9241 0.0598 -0.3774
vn -0.0000 -0.1563 -0.9877
vn -0.0000 0.1563 -0.9877
vn -0.0000 -0.4541 -0.8909
vn -0.0000 -0.8909 -0.4541
vn -0.0000 -0.9877 -0.1563
vn -0.0000 -0.9877 0.1563
vn -0.0000 -0.8909 0.4541
vn -0.0000 -0.4541 0.8909
vn -0.0000 -0.1563 0.9877
vn -0.0000 0.1563 0.9877
vn -0.0000 0.4541 0.8909
vn -0.0000 0.8909 0.4541
vn -0.0000 0.9877 0.1563
vn -0.0000 0.9877 -0.1563
vn -0.0000 0.8909 -0.4541
vn -0.0000 0.4541 -0.8909
vn -0.8553 -0.0450 -0.5162
vn -0.3841 0.3014 -0.8727
vn -0.3077 -0.2528 -0.9173
vn 0.8553 0.0450 -0.5162
vn 0.3841 -0.3014 -0.8727
vn 0.3077 0.2528 -0.9173
vn -0.8553 -0.4695 -0.2193
vn -0.3833 -0.6055 -0.6975
vn -0.3092 -0.9207 -0.2381
vn 0.8553 -0.4247 -0.2968
vn 0.3834 -0.9067 -0.1755
vn 0.3093 -0.6665 -0.6784
vn -0.8553 -0.4247 0.2968
vn -0.3834 -0.9067 0.1755
vn -0.3093 -0.6665 0.6784
vn 0.8553 -0.4695 0.2193
vn 0.3833 -0.6055 0.6975
vn 0.3092 -0.9207 0.2381
vn -0.8553 0.0450 0.5162
vn -0.3841 -0.3014 0.8727
vn -0.3077 0.2528 0.9173
vn 0.8553 -0.0450 0.5162
vn 0.3841 0.3014 0.8727
vn 0.3077 -0.2528 0.9173
vn -0.8553 0.4695 0.2193
vn -0.3833 0.6055 0.6975
vn -0.3092 0.9207 0.2381
vn 0.8553 0.4247 0.2968
vn 0.3834 0.9067 0.1755
vn 0.3093 0.6665 0.6784
vn -0.8553 0.4247 -0.2968
vn -0.3834 0.9067 -0.1755
vn -0.3093 0.6665 -0.6784
vn 0.8553 0.4695 -0.2193
vn 0.3833 0.6055 -0.6975
vn 0.3092 0.9207 -0.2381
vn -0.4128 -0.4552 -0.7889
vn -0.9186 -0.1976 -0.3423
vn 0.4121 -0.4553 -0.7892
vn 0.9186 -0.1976 -0.3422
vn -0.0000 0.2657 -0.9641
vn -0.0000 -0.2657 -0.9641
vn -0.0000 -0.9681 -0.2504
vn -0.0000 -0.7008 -0.7133
vn -0.4121 -0.9111 -0.0000
vn -0.9186 -0.3951 -0.0000
vn 0.4121 -0.9111 -0.0000
vn 0.9186 -0.3951 -0.0000
vn -0.0000 -0.7008 0.7133
vn -0.0000 -0.9681 0.2504
vn -0.4121 -0.4553 0.7892
vn -0.9186 -0.1976 0.3422
vn 0.4128 -0.4552 0.7889
vn 0.9186 -0.1976 0.3423
vn -0.0000 0.2657 0.9641
vn -0.0000 -0.2657 0.9641
vn -0.4128 0.4552 0.7889
vn -0.9186 0.1976 0.3423
vn 0.4121 0.4553 0.7892
vn 0.9186 0.1976 0.3422
vn -0.0000 0.9681 0.2504
vn -0.0000 0.7008 0.7133
vn -0.4121 0.9111 -0.0000
vn -0.9186 0.3951 -0.0000
vn 0.4121 0.9111 -0.0000
vn 0.9186 0.3951 -0.0000
vn -0.0000 0.7008 -0.7133
vn -0.0000 0.9681 -0.2504
vn -0.4121 0.4553 -0.7892
vn -0.9186 0.1976 -0.3422
vn 0.4128 0.4552 -0.7889
vn 0.9186 0.1976 -0.3423
vn -0.0000 -0.5004 -0.8658
vn -0.0000 0.5004 -0.8658
vn -0.0000 -0.5004 0.8658
vn -0.0000 0.5004 0.8658
vn 0.9186 -0.1977 0.3423
vn 0.9186 0.1977 -0.3423
vn -0.0000 -0.6345 -0.7730
vn -0.0000 -0.7729 -0.6345
vn -0.0000 -0.7730 0.6345
vn -0.0000 0.6345 0.7729
vn -0.0000 0.7730 0.6345
vn -0.0000 0.7729 -0.6345
vn -0.9186 -0.1977 -0.3423
vn -0.9186 0.1977 0.3423
vn -0.3826 -0.0906 -0.9195
vn -0.9239 -0.0376 -0.3807
vn 0.3819 -0.0907 -0.9198
vn 0.9242 -0.0375 -0.3801
vn -0.3831 -0.2680 -0.8840
vn -0.9241 -0.1109 -0.3658
vn 0.3826 -0.2681 -0.8842
vn 0.9239 -0.1111 -0.3662
vn -0.3829 -0.4355 -0.8147
vn -0.9240 -0.1803 -0.3373
vn 0.3830 -0.4355 -0.8146
vn 0.9241 -0.1802 -0.3371
vn -0.3835 -0.5858 -0.7139
vn -0.9241 -0.2425 -0.2954
vn 0.3829 -0.5860 -0.7141
vn 0.9240 -0.2426 -0.2956
vn -0.3829 -0.7141 -0.5860
vn -0.9240 -0.2956 -0.2426
vn 0.3835 -0.7139 -0.5858
vn 0.9241 -0.2954 -0.2425
vn -0.3830 -0.8146 -0.4355
vn -0.9241 -0.3371 -0.1802
vn 0.3829 -0.8147 -0.4355
vn 0.9240 -0.3373 -0.1803
vn -0.3826 -0.8842 -0.2681
vn -0.9239 -0.3662 -0.1111
vn 0.3831 -0.8840 -0.2680
vn 0.9241 -0.3658 -0.1109
vn -0.3819 -0.9198 -0.0907
vn -0.9242 -0.3801 -0.0375
vn 0.3826 -0.9194 -0.0906
vn 0.9239 -0.3807 -0.0376
vn -0.3826 -0.9194 0.0906
vn -0.9239 -0.3807 0.0376
vn 0.3819 -0.9198 0.0907
vn 0.9242 -0.3801 0.0375
vn -0.3831 -0.8840 0.2680
vn -0.9241 -0.3658 0.1109
vn 0.3826 -0.8842 0.2681
vn 0.9239 -0.3662 0.1111
vn -0.3829 -0.8147 0.4355
vn -0.9240 -0.3373 0.1803
vn 0.3830 -0.8146 0.4355
vn 0.9241 -0.3371 0.1802
vn -0.3835 -0.7140 0.5858
vn -0.9241 -0.2954 0.2425
vn 0.3829 -0.7141 0.5860
vn 0.9240 -0.2956 0.2426
vn -0.3829 -0.5860 0.7141
vn -0.9240 -0.2426 0.2956
vn 0.3835 -0.5858 0.7139
vn 0.9241 -0.2425 0.2954
vn -0.3830 -0.4355 0.8146
vn -0.9241 -0.1802 0.3371
vn 0.3829 -0.4355 0.8147
vn 0.9240 -0.1803 0.3373
vn -0.3826 -0.2681 0.8842
vn -0.9239 -0.1111 0.3662
vn 0.3831 -0.2680 0.8840
vn 0.9241 -0.1109 0.3658
vn -0.3819 -0.0907 0.9198
vn -0.9242 -0.0375 0.3801
vn 0.3826 -0.0906 0.9195
vn 0.9239 -0.0376 0.3807
vn -0.3826 0.0906 0.9195
vn -0.9239 0.0376 0.3807
vn 0.3819 0.0907 0.9198
vn 0.9242 0.0375 0.3801
vn -0.3831 0.2680 0.8840
vn -0.9241 0.1109 0.3658
vn 0.3826 0.2681 0.8842
vn 0.9239 0.1111 0.3662
vn -0.3829 0.4355 0.8147
vn -0.9240 0.1803 0.3373
vn 0.3830 0.4355 0.8146
vn 0.9241 0.1802 0.3371
vn -0.3835 0.5858 0.7139
vn -0.9241 0.2425 0.2954
vn 0.3829 0.5860 0.7141
vn 0.9240 0.2426 0.2956
vn -0.3829 0.7141 0.5860
vn -0.9240 0.2956 0.2426
vn 0.3835 0.7140 0.5858
vn 0.9241 0.2954 0.2425
vn -0.3830 0.8146 0.4355
vn -0.9241 0.3371 0.1802
vn 0.3829 0.8147 0.4355
vn 0.9240 0.3373 0.1803
vn -0.3826 0.8842 0.2681
vn -0.9239 0.3662 0.1111
vn 0.3831 0.8840 0.2680
vn 0.9241 0.3658 0.1109
vn -0.3819 0.9198 0.0907
vn -0.9242 0.3801 0.0375
vn 0.3826 0.9194 0.0906
vn 0.9239 0.3807 0.0376
vn -0.3826 0.9194 -0.0906
vn -0.9239 0.3807 -0.0376
vn 0.3819 0.9198 -0.0907
vn 0.9242 0.3801 -0.0375
vn -0.3831 0.8840 -0.2680
vn -0.9241 0.3658 -0.1109
vn 0.3826 0.8842 -0.2681
vn 0.9239 0.3662 -0.1111
vn -0.3829 0.8147 -0.4355
vn -0.9240 0.3373 -0.1803
vn 0.3830 0.8146 -0.4355
vn 0.9241 0.3371 -0.1802
vn -0.3835 0.7139 -0.5858
vn -0.9241 0.2954 -0.2425
vn 0.3829 0.7141 -0.5860
vn 0.9240 0.2956 -0.2426
vn -0.3829 0.5860 -0.7141
vn -0.9240 0.2426 -0.2956
vn 0.3835 0.5858 -0.7139
vn 0.9241 0.2425 -0.2954
vn -0.3830 0.4355 -0.8146
vn -0.9241 0.1802 -0.3371
vn 0.3829 0.4355 -0.8147
vn 0.9240 0.1803 -0.3373
vn -0.3826 0.2681 -0.8842
vn -0.9239 0.1111 -0.3662
vn 0.3831 0.2680 -0.8840
vn 0.9241 0.1109 -0.3658
vn -0.3819 0.0907 -0.9198
vn -0.9242 0.0375 -0.3801
vn 0.3826 0.0906 -0.9195
vn 0.9239 0.0376 -0.3807
vn -0.2638 -0.9319 0.2492
vn -0.2175 -0.6902 0.6902
vn -0.2492 -0.2638 0.9318
vn -0.6902 -0.2175 0.6902
vn -0.9318 -0.2492 0.2638
vn -0.2638 0.2492 0.9318
vn -0.2176 0.6902 0.6902
vn -0.2492 0.9319 0.2638
vn -0.6902 0.6902 0.2176
vn -0.9318 0.2638 0.2492
vn -0.6902 0.2176 0.6902
vn -0.2492 -0.9319 -0.2638
vn -0.6902 -0.6902 -0.2176
vn -0.9319 -0.2638 -0.2492
vn -0.6902 -0.2176 -0.6902
vn -0.2638 -0.2492 -0.9318
vn -0.2176 -0.6902 -0.6902
vn -0.2638 0.9318 -0.2492
vn -0.2492 0.2638 -0.9318
vn -0.6902 0.2176 -0.6902
vn -0.9318 0.2492 -0.2638
vn -0.6902 0.6902 -0.2175
vn 0.2492 -0.9319 0.2638
vn 0.6902 -0.6902 0.2176
vn 0.9318 -0.2638 0.2492
vn 0.6902 -0.2176 0.6902
vn 0.2638 -0.2492 0.9319
vn 0.2638 0.9318 0.2492
vn 0.2175 0.6902 0.6902
vn 0.2492 0.2638 0.9319
vn 0.9318 0.2492 0.2638
vn 0.2638 -0.9319 -0.2492
vn 0.2492 -0.2638 -0.9318
vn 0.9318 -0.2492 -0.2638
vn 0.2492 0.9319 -0.2638
vn 0.6902 0.6902 -0.2176
vn 0.9319 0.2638 -0.2492
vn 0.2638 0.2492 -0.9318
vn 0.2176 0.6902 -0.6902
vn -0.3826 -0.0906 -0.9194
vn 0.3826 -0.2681 -0.8841
vn 0.9240 -0.1110 -0.3660
vn -0.3829 -0.4354 -0.8147
vn -0.9242 -0.1800 -0.3369
vn 0.3830 -0.4354 -0.8147
vn 0.9241 -0.1801 -0.3371
vn -0.3835 -0.5860 -0.7138
vn 0.3829 -0.5861 -0.7140
vn 0.9242 -0.2424 -0.2953
vn -0.3829 -0.7140 -0.5861
vn -0.9242 -0.2953 -0.2424
vn 0.3835 -0.7138 -0.5860
vn -0.3830 -0.8147 -0.4354
vn -0.9241 -0.3371 -0.1801
vn 0.3829 -0.8147 -0.4354
vn 0.9242 -0.3369 -0.1800
vn -0.3826 -0.8841 -0.2681
vn -0.9240 -0.3660 -0.1110
vn -0.3826 -0.9195 0.0906
vn 0.3826 -0.8841 0.2681
vn 0.9240 -0.3660 0.1110
vn -0.3829 -0.8147 0.4354
vn -0.9242 -0.3369 0.1800
vn 0.3830 -0.8147 0.4354
vn 0.9241 -0.3371 0.1801
vn -0.3835 -0.7138 0.5860
vn 0.3829 -0.7140 0.5861
vn 0.9242 -0.2952 0.2424
vn -0.3829 -0.5861 0.7140
vn -0.9242 -0.2424 0.2953
vn 0.3835 -0.5860 0.7138
vn -0.3830 -0.4354 0.8147
vn -0.9241 -0.1801 0.3371
vn 0.3829 -0.4354 0.8147
vn 0.9242 -0.1800 0.3369
vn -0.3826 -0.2681 0.8841
vn -0.9240 -0.1110 0.3660
vn 0.3826 -0.0906 0.9194
vn -0.3826 0.0906 0.9194
vn 0.3826 0.2681 0.8841
vn 0.9240 0.1110 0.3660
vn -0.3829 0.4354 0.8147
vn -0.9242 0.1800 0.3369
vn 0.3830 0.4354 0.8147
vn 0.9241 0.1801 0.3371
vn -0.3835 0.5860 0.7138
vn 0.3829 0.5861 0.7140
vn 0.9242 0.2424 0.2953
vn -0.3829 0.7140 0.5861
vn -0.9242 0.2953 0.2424
vn 0.3835 0.7138 0.5860
vn -0.3830 0.8147 0.4354
vn -0.9241 0.3371 0.1801
vn 0.3829 0.8147 0.4354
vn 0.9242 0.3369 0.1800
vn -0.3826 0.8841 0.2681
vn -0.9240 0.3660 0.1110
vn -0.3826 0.9195 -0.0906
vn 0.9240 0.3660 -0.1110
vn -0.3829 0.8147 -0.4354
vn -0.9242 0.3369 -0.1800
vn 0.3830 0.8147 -0.4354
vn 0.9241 0.3371 -0.1801
vn -0.3835 0.7138 -0.5860
vn 0.3829 0.7140 -0.5861
vn 0.9242 0.2952 -0.2424
vn -0.3829 0.5861 -0.7140
vn -0.9242 0.2424 -0.2953
vn 0.3835 0.5860 -0.7138
vn -0.3830 0.4354 -0.8147
vn -0.9241 0.1801 -0.3371
vn 0.3829 0.4354 -0.8147
vn 0.9242 0.1800 -0.3369
vn -0.3826 0.2681 -0.8841
vn -0.9240 0.1110 -0.3660
vn 0.3826 0.0906 -0.9194
vn -0.0000 -0.6345 0.7729
vn -0.0000 0.6345 -0.7730
vn -0.3829 -0.1444 -0.9124
vn 0.3822 -0.1445 -0.9127
vn -0.3817 -0.4197 -0.8235
vn 0.3828 -0.4195 -0.8231
vn -0.3828 -0.8231 -0.4195
vn -0.9241 -0.3404 -0.1734
vn 0.3817 -0.8235 -0.4197
vn -0.3822 -0.9127 -0.1445
vn 0.3829 -0.9124 -0.1444
vn -0.3829 -0.9124 0.1444
vn 0.3822 -0.9127 0.1445
vn -0.3817 -0.8235 0.4197
vn 0.3828 -0.8231 0.4195
vn -0.3828 -0.4195 0.8231
vn 0.3817 -0.4197 0.8235
vn -0.3822 -0.1445 0.9127
vn 0.3829 -0.1444 0.9124
vn -0.3829 0.1444 0.9124
vn 0.3822 0.1445 0.9127
vn -0.3817 0.4197 0.8235
vn 0.3828 0.4195 0.8231
vn -0.3828 0.8231 0.4195
vn -0.9241 0.3404 0.1734
vn 0.3817 0.8235 0.4197
vn -0.3822 0.9127 0.1445
vn 0.3829 0.9124 0.1444
vn -0.3829 0.9124 -0.1444
vn 0.3822 0.9127 -0.1445
vn -0.3817 0.8235 -0.4197
vn 0.3828 0.8231 -0.4195
vn -0.3828 0.4195 -0.8231
vn 0.3817 0.4197 -0.8235
vn -0.3822 0.1445 -0.9127
vn 0.3829 0.1444 -0.9124
vn -0.8553 0.0450 -0.5162
vn -0.3077 0.2528 -0.9173
vn -0.3841 -0.3014 -0.8727
vn 0.8553 -0.0450 -0.5162
vn 0.3077 -0.2528 -0.9173
vn 0.3841 0.3014 -0.8727
vn -0.8553 -0.4247 -0.2968
vn -0.3093 -0.6665 -0.6784
vn -0.3834 -0.9067 -0.1755
vn 0.8553 -0.4695 -0.2193
vn 0.3092 -0.9207 -0.2381
vn 0.3833 -0.6055 -0.6975
vn -0.8553 -0.4695 0.2193
vn -0.3092 -0.9207 0.2381
vn -0.3833 -0.6055 0.6975
vn 0.8553 -0.4247 0.2968
vn 0.3093 -0.6665 0.6784
vn 0.3834 -0.9067 0.1755
vn -0.8553 -0.0450 0.5162
vn -0.3077 -0.2528 0.9173
vn -0.3841 0.3014 0.8727
vn 0.8553 0.0450 0.5162
vn 0.3077 0.2528 0.9173
vn 0.3841 -0.3014 0.8727
vn -0.8553 0.4247 0.2968
vn -0.3093 0.6665 0.6784
vn -0.3834 0.9067 0.1755
vn 0.8553 0.4695 0.2193
vn 0.3092 0.9207 0.2381
vn 0.3833 0.6055 0.6975
vn -0.8553 0.4695 -0.2193
vn -0.3092 0.9207 -0.2381
vn -0.3833 0.6055 -0.6975
vn 0.8553 0.4247 -0.2968
vn 0.3093 0.6665 -0.6784
vn 0.3834 0.9067 -0.1755
vn -0.4120 -0.4560 -0.7889
vn -0.9186 -0.1974 -0.3422
vn 0.4129 -0.4558 -0.7885
vn 0.9185 -0.1976 -0.3424
vn -0.4129 -0.4558 0.7885
vn -0.9185 -0.1976 0.3424
vn 0.4120 -0.4560 0.7889
vn 0.9186 -0.1974 0.3422
vn -0.4120 0.4560 0.7889
vn -0.9186 0.1974 0.3422
vn 0.4129 0.4558 0.7885
vn 0.9185 0.1976 0.3424
vn -0.4129 0.4558 -0.7885
vn -0.9185 0.1976 -0.3424
vn 0.4120 0.4560 -0.7889
vn 0.9186 0.1974 -0.3422
vn -0.9186 -0.1975 -0.3422
vn -0.9186 0.1975 0.3422
vn -0.9242 -0.2952 -0.2424
vn 0.3826 -0.9195 -0.0906
vn 0.9242 -0.2953 0.2424
vn -0.9242 0.2952 0.2424
vn 0.3826 0.9195 0.0906
vn 0.3826 0.8841 -0.2681
vn 0.9242 0.2953 -0.2424
vn 0.9241 -0.3404 0.1734
vn 0.9241 0.3404 -0.1734
vn 0.9186 -0.1975 0.3422
vn 0.9186 0.1975 -0.3422
s 0
usemtl DetailGraphite
f 2//1 9//1 3//1
f 3//2 7//2 1//2
f 11//3 6//3 12//3
f 12//4 4//4 10//4
f 8//5 15//5 9//5
f 9//6 13//6 7//6
f 17//7 12//7 18//7
f 18//8 10//8 16//8
f 14//9 21//9 15//9
f 15//10 19//10 13//10
f 23//11 18//11 24//11
f 24//12 16//12 22//12
f 20//13 27//13 21//13
f 21//14 25//14 19//14
f 29//15 24//15 30//15
f 30//16 22//16 28//16
f 26//17 33//17 27//17
f 27//18 31//18 25//18
f 35//19 30//19 36//19
f 36//20 28//20 34//20
f 32//21 39//21 33//21
f 33//22 37//22 31//22
f 41//23 36//23 42//23
f 42//24 34//24 40//24
f 38//25 45//25 39//25
f 39//26 43//26 37//26
f 47//27 42//27 48//27
f 48//28 40//28 46//28
f 44//29 51//29 45//29
f 45//30 49//30 43//30
f 53//31 48//31 54//31
f 54//32 46//32 52//32
f 50//33 57//33 51//33
f 51//34 55//34 49//34
f 59//35 54//35 60//35
f 60//36 52//36 58//36
f 56//37 63//37 57//37
f 57//38 61//38 55//38
f 65//39 60//39 66//39
f 66//40 58//40 64//40
f 62//41 69//41 63//41
f 63//42 67//42 61//42
f 71//43 66//43 72//43
f 72//44 64//44 70//44
f 68//45 75//45 69//45
f 69//46 73//46 67//46
f 77//47 72//47 78//47
f 78//48 70//48 76//48
f 74//49 81//49 75//49
f 75//50 79//50 73//50
f 83//51 78//51 84//51
f 84//52 76//52 82//52
f 80//53 87//53 81//53
f 81//54 85//54 79//54
f 89//55 84//55 90//55
f 90//56 82//56 88//56
f 86//57 93//57 87//57
f 87//58 91//58 85//58
f 95//59 90//59 96//59
f 96//60 88//60 94//60
f 92//61 99//61 93//61
f 93//62 97//62 91//62
f 101//63 96//63 102//63
f 102//64 94//64 100//64
f 98//65 105//65 99//65
f 99//66 103//66 97//66
f 107//67 102//67 108//67
f 108//68 100//68 106//68
f 104//69 111//69 105//69
f 105//70 109//70 103//70
f 113//71 108//71 114//71
f 114//72 106//72 112//72
f 110//73 117//73 111//73
f 111//74 115//74 109//74
f 119//75 114//75 120//75
f 120//76 112//76 118//76
f 116//77 123//77 117//77
f 117//78 121//78 115//78
f 125//79 120//79 126//79
f 126//80 118//80 124//80
f 122//81 129//81 123//81
f 123//82 127//82 121//82
f 131//83 126//83 132//83
f 132//84 124//84 130//84
f 128//85 135//85 129//85
f 129//86 133//86 127//86
f 137//87 132//87 138//87
f 138//88 130//88 136//88
f 134//89 141//89 135//89
f 135//90 139//90 133//90
f 143//91 138//91 144//91
f 144//92 136//92 142//92
f 140//93 147//93 141//93
f 141//94 145//94 139//94
f 149//95 144//95 150//95
f 150//96 142//96 148//96
f 146//97 153//97 147//97
f 147//98 151//98 145//98
f 155//99 150//99 156//99
f 156//100 148//100 154//100
f 152//101 159//101 153//101
f 153//102 157//102 151//102
f 161//103 156//103 162//103
f 162//104 154//104 160//104
f 158//105 165//105 159//105
f 159//106 163//106 157//106
f 167//107 162//107 168//107
f 168//108 160//108 166//108
f 164//109 171//109 165//109
f 165//110 169//110 163//110
f 173//111 168//111 174//111
f 174//112 166//112 172//112
f 170//113 177//113 171//113
f 171//114 175//114 169//114
f 179//115 174//115 180//115
f 180//116 172//116 178//116
f 176//117 183//117 177//117
f 177//118 181//118 175//118
f 185//119 180//119 186//119
f 186//120 178//120 184//120
f 182//121 189//121 183//121
f 183//122 187//122 181//122
f 191//123 186//123 192//123
f 192//124 184//124 190//124
f 188//125 3//125 189//125
f 189//126 1//126 187//126
f 5//127 192//127 6//127
f 6//128 190//128 4//128
f 91//129 139//129 187//129
f 2//130 11//130 8//130
f 188//131 5//131 2//131
f 112//132 64//132 16//132
f 8//133 17//133 14//133
f 14//134 23//134 20//134
f 20//135 29//135 26//135
f 26//136 35//136 32//136
f 32//137 41//137 38//137
f 38//138 47//138 44//138
f 44//139 53//139 50//139
f 50//140 59//140 56//140
f 56//141 65//141 62//141
f 62//142 71//142 68//142
f 68//143 77//143 74//143
f 74//144 83//144 80//144
f 80//145 89//145 86//145
f 86//146 95//146 92//146
f 92//147 101//147 98//147
f 98//148 107//148 104//148
f 104//149 113//149 110//149
f 110//150 119//150 116//150
f 116//151 125//151 122//151
f 122//152 131//152 128//152
f 128//153 137//153 134//153
f 134//154 143//154 140//154
f 140//155 149//155 146//155
f 146//156 155//156 152//156
f 152//157 161//157 158//157
f 158//158 167//158 164//158
f 164//159 173//159 170//159
f 170//160 179//160 176//160
f 176//161 185//161 182//161
f 182//162 191//162 188//162
f 193//163 198//163 197//163
f 196//164 201//164 198//164
f 194//165 201//165 200//165
f 199//166 204//166 201//166
f 195//167 204//167 203//167
f 202//168 198//168 204//168
f 198//169 201//169 204//169
f 205//170 210//170 209//170
f 208//171 213//171 210//171
f 206//172 213//172 212//172
f 211//173 216//173 213//173
f 207//174 216//174 215//174
f 214//175 210//175 216//175
f 210//176 213//176 216//176
f 217//177 222//177 221//177
f 220//178 225//178 222//178
f 218//179 225//179 224//179
f 223//180 228//180 225//180
f 219//181 228//181 227//181
f 226//182 222//182 228//182
f 222//183 225//183 228//183
f 229//184 234//184 233//184
f 232//185 237//185 234//185
f 230//186 237//186 236//186
f 235//187 240//187 237//187
f 231//188 240//188 239//188
f 238//189 234//189 240//189
f 234//190 237//190 240//190
f 241//191 246//191 245//191
f 244//192 249//192 246//192
f 242//193 249//193 248//193
f 247//194 252//194 249//194
f 243//195 252//195 251//195
f 250//196 246//196 252//196
f 246//197 249//197 252//197
f 253//198 258//198 257//198
f 256//199 261//199 258//199
f 254//200 261//200 260//200
f 259//201 264//201 261//201
f 255//202 264//202 263//202
f 262//203 258//203 264//203
f 258//204 261//204 264//204
f 265//205 270//205 269//205
f 268//206 273//206 270//206
f 266//207 273//207 272//207
f 271//208 276//208 273//208
f 267//209 276//209 275//209
f 274//210 270//210 276//210
f 270//211 273//211 276//211
f 277//212 282//212 281//212
f 280//213 285//213 282//213
f 278//214 285//214 284//214
f 283//215 288//215 285//215
f 279//216 288//216 287//216
f 286//217 282//217 288//217
f 282//218 285//218 288//218
f 217//219 197//219 220//219
f 220//220 202//220 224//220
f 224//221 195//221 218//221
f 194//222 209//222 199//222
f 199//223 214//223 203//223
f 203//224 207//224 195//224
f 206//225 233//225 211//225
f 211//226 238//226 215//226
f 215//227 231//227 207//227
f 230//228 227//228 235//228
f 235//229 223//229 239//229
f 239//230 218//230 231//230
f 265//231 221//231 268//231
f 268//232 226//232 272//232
f 272//233 219//233 266//233
f 229//234 281//234 232//234
f 232//235 286//235 236//235
f 236//236 279//236 230//236
f 278//237 275//237 283//237
f 283//238 271//238 287//238
f 287//239 266//239 279//239
f 241//240 269//240 244//240
f 244//241 274//241 248//241
f 248//242 267//242 242//242
f 277//243 257//243 280//243
f 280//244 262//244 284//244
f 284//245 255//245 278//245
f 254//246 251//246 259//246
f 259//247 247//247 263//247
f 263//248 242//248 255//248
f 193//249 245//249 196//249
f 196//250 250//250 200//250
f 200//251 243//251 194//251
f 253//252 212//252 256//252
f 256//253 208//253 260//253
f 260//254 205//254 254//254
f 217//255 241//255 193//255
f 195//129 231//129 218//129
f 243//256 205//256 194//256
f 277//257 206//257 253//257
f 219//258 279//258 266//258
f 267//132 255//132 242//132
f 2//545 8//545 9//545
f 3//546 9//546 7//546
f 11//547 5//547 6//547
f 12//548 6//548 4//548
f 8//549 14//549 15//549
f 9//550 15//550 13//550
f 17//551 11//551 12//551
f 18//552 12//552 10//552
f 14//553 20//553 21//553
f 15//554 21//554 19//554
f 23//555 17//555 18//555
f 24//556 18//556 16//556
f 20//557 26//557 27//557
f 21//558 27//558 25//558
f 29//559 23//559 24//559
f 30//560 24//560 22//560
f 26//561 32//561 33//561
f 27//562 33//562 31//562
f 35//563 29//563 30//563
f 36//564 30//564 28//564
f 32//565 38//565 39//565
f 33//566 39//566 37//566
f 41//567 35//567 36//567
f 42//568 36//568 34//568
f 38//569 44//569 45//569
f 39//570 45//570 43//570
f 47//571 41//571 42//571
f 48//572 42//572 40//572
f 44//573 50//573 51//573
f 45//574 51//574 49//574
f 53//575 47//575 48//575
f 54//576 48//576 46//576
f 50//577 56//577 57//577
f 51//578 57//578 55//578
f 59//579 53//579 54//579
f 60//580 54//580 52//580
f 56//581 62//581 63//581
f 57//582 63//582 61//582
f 65//583 59//583 60//583
f 66//584 60//584 58//584
f 62//585 68//585 69//585
f 63//586 69//586 67//586
f 71//587 65//587 66//587
f 72//588 66//588 64//588
f 68//589 74//589 75//589
f 69//590 75//590 73//590
f 77//591 71//591 72//591
f 78//592 72//592 70//592
f 74//593 80//593 81//593
f 75//594 81//594 79//594
f 83//595 77//595 78//595
f 84//596 78//596 76//596
f 80//597 86//597 87//597
f 81//598 87//598 85//598
f 89//599 83//599 84//599
f 90//600 84//600 82//600
f 86//601 92//601 93//601
f 87//602 93//602 91//602
f 95//603 89//603 90//603
f 96//604 90//604 88//604
f 92//605 98//605 99//605
f 93//606 99//606 97//606
f 101//607 95//607 96//607
f 102//608 96//608 94//608
f 98//609 104//609 105//609
f 99//610 105//610 103//610
f 107//611 101//611 102//611
f 108//612 102//612 100//612
f 104//613 110//613 111//613
f 105//614 111//614 109//614
f 113//615 107//615 108//615
f 114//616 108//616 106//616
f 110//617 116//617 117//617
f 111//618 117//618 115//618
f 119//619 113//619 114//619
f 120//620 114//620 112//620
f 116//621 122//621 123//621
f 117//622 123//622 121//622
f 125//623 119//623 120//623
f 126//624 120//624 118//624
f 122//625 128//625 129//625
f 123//626 129//626 127//626
f 131//627 125//627 126//627
f 132//628 126//628 124//628
f 128//629 134//629 135//629
f 129//630 135//630 133//630
f 137//631 131//631 132//631
f 138//632 132//632 130//632
f 134//633 140//633 141//633
f 135//634 141//634 139//634
f 143//635 137//635 138//635
f 144//636 138//636 136//636
f 140//637 146//637 147//637
f 141//638 147//638 145//638
f 149//639 143//639 144//639
f 150//640 144//640 142//640
f 146//641 152//641 153//641
f 147//642 153//642 151//642
f 155//643 149//643 150//643
f 156//644 150//644 148//644
f 152//645 158//645 159//645
f 153//646 159//646 157//646
f 161//647 155//647 156//647
f 162//648 156//648 154//648
f 158//649 164//649 165//649
f 159//650 165//650 163//650
f 167//651 161//651 162//651
f 168//652 162//652 160//652
f 164//653 170//653 171//653
f 165//654 171//654 169//654
f 173//655 167//655 168//655
f 174//656 168//656 166//656
f 170//657 176//657 177//657
f 171//658 177//658 175//658
f 179//659 173//659 174//659
f 180//660 174//660 172//660
f 176//661 182//661 183//661
f 177//662 183//662 181//662
f 185//663 179//663 180//663
f 186//664 180//664 178//664
f 182//665 188//665 189//665
f 183//666 189//666 187//666
f 191//667 185//667 186//667
f 192//668 186//668 184//668
f 188//669 2//669 3//669
f 189//670 3//670 1//670
f 5//671 191//671 192//671
f 6//672 192//672 190//672
f 187//129 1//129 7//129
f 7//129 13//129 19//129
f 19//129 25//129 31//129
f 31//129 37//129 43//129
f 43//129 49//129 55//129
f 55//129 61//129 67//129
f 67//129 73//129 79//129
f 79//129 85//129 91//129
f 91//129 97//129 103//129
f 103//129 109//129 115//129
f 115//129 121//129 127//129
f 127//129 133//129 139//129
f 139//129 145//129 151//129
f 151//129 157//129 163//129
f 163//129 169//129 175//129
f 175//129 181//129 187//129
f 187//129 7//129 19//129
f 19//129 31//129 43//129
f 43//129 55//129 67//129
f 67//129 79//129 91//129
f 91//129 103//129 115//129
f 115//129 127//129 139//129
f 139//129 151//129 163//129
f 163//129 175//129 187//129
f 187//129 19//129 43//129
f 43//129 67//129 91//129
f 91//129 115//129 139//129
f 139//129 163//129 187//129
f 187//129 43//129 91//129
f 2//130 5//130 11//130
f 188//131 191//131 5//131
f 16//132 10//132 4//132
f 4//132 190//132 184//132
f 184//132 178//132 172//132
f 172//132 166//132 160//132
f 160//132 154//132 148//132
f 148//132 142//132 136//132
f 136//132 130//132 124//132
f 124//132 118//132 112//132
f 112//132 106//132 100//132
f 100//132 94//132 88//132
f 88//132 82//132 76//132
f 76//132 70//132 64//132
f 64//132 58//132 52//132
f 52//132 46//132 40//132
f 40//132 34//132 28//132
f 28//132 22//132 16//132
f 16//132 4//132 184//132
f 184//132 172//132 160//132
f 160//132 148//132 136//132
f 136//132 124//132 112//132
f 112//132 100//132 88//132
f 88//132 76//132 64//132
f 64//132 52//132 40//132
f 40//132 28//132 16//132
f 16//132 184//132 160//132
f 160//132 136//132 112//132
f 112//132 88//132 64//132
f 64//132 40//132 16//132
f 16//132 160//132 112//132
f 8//133 11//133 17//133
f 14//134 17//134 23//134
f 20//135 23//135 29//135
f 26//136 29//136 35//136
f 32//137 35//137 41//137
f 38//138 41//138 47//138
f 44//139 47//139 53//139
f 50//140 53//140 59//140
f 56//141 59//141 65//141
f 62//142 65//142 71//142
f 68//143 71//143 77//143
f 74//144 77//144 83//144
f 80//145 83//145 89//145
f 86//146 89//146 95//146
f 92//147 95//147 101//147
f 98//148 101//148 107//148
f 104//149 107//149 113//149
f 110//150 113//150 119//150
f 116//151 119//151 125//151
f 122//152 125//152 131//152
f 128//153 131//153 137//153
f 134//154 137//154 143//154
f 140//155 143//155 149//155
f 146//156 149//156 155//156
f 152//157 155//157 161//157
f 158//158 161//158 167//158
f 164//159 167//159 173//159
f 170//160 173//160 179//160
f 176//161 179//161 185//161
f 182//162 185//162 191//162
f 193//673 196//673 198//673
f 196//674 200//674 201//674
f 194//675 199//675 201//675
f 199//676 203//676 204//676
f 195//677 202//677 204//677
f 202//168 197//168 198//168
f 205//678 208//678 210//678
f 208//679 212//679 213//679
f 206//680 211//680 213//680
f 211//681 215//681 216//681
f 207//682 214//682 216//682
f 214//683 209//683 210//683
f 217//684 220//684 222//684
f 220//685 224//685 225//685
f 218//686 223//686 225//686
f 223//687 227//687 228//687
f 219//688 226//688 228//688
f 226//689 221//689 222//689
f 229//690 232//690 234//690
f 232//185 236//185 237//185
f 230//691 235//691 237//691
f 235//692 239//692 240//692
f 231//693 238//693 240//693
f 238//694 233//694 234//694
f 241//695 244//695 246//695
f 244//696 248//696 249//696
f 242//697 247//697 249//697
f 247//698 251//698 252//698
f 243//699 250//699 252//699
f 250//196 245//196 246//196
f 253//700 256//700 258//700
f 256//701 260//701 261//701
f 254//702 259//702 261//702
f 259//201 263//201 264//201
f 255//703 262//703 264//703
f 262//203 257//203 258//203
f 265//704 268//704 270//704
f 268//206 272//206 273//206
f 266//705 271//705 273//705
f 271//208 275//208 276//208
f 267//706 274//706 276//706
f 274//210 269//210 270//210
f 277//707 280//707 282//707
f 280//708 284//708 285//708
f 278//709 283//709 285//709
f 283//215 287//215 288//215
f 279//710 286//710 288//710
f 286//711 281//711 282//711
f 217//219 193//219 197//219
f 220//220 197//220 202//220
f 224//221 202//221 195//221
f 194//222 205//222 209//222
f 199//223 209//223 214//223
f 203//224 214//224 207//224
f 206//225 229//225 233//225
f 211//226 233//226 238//226
f 215//227 238//227 231//227
f 230//228 219//228 227//228
f 235//229 227//229 223//229
f 239//230 223//230 218//230
f 265//231 217//231 221//231
f 268//232 221//232 226//232
f 272//233 226//233 219//233
f 229//234 277//234 281//234
f 232//235 281//235 286//235
f 236//236 286//236 279//236
f 278//237 267//237 275//237
f 283//238 275//238 271//238
f 287//239 271//239 266//239
f 241//240 265//240 269//240
f 244//241 269//241 274//241
f 248//242 274//242 267//242
f 277//243 253//243 257//243
f 280//244 257//244 262//244
f 284//245 262//245 255//245
f 254//246 243//246 251//246
f 259//247 251//247 247//247
f 263//248 247//248 242//248
f 193//249 241//249 245//249
f 196//250 245//250 250//250
f 200//251 250//251 243//251
f 253//252 206//252 212//252
f 256//253 212//253 208//253
f 260//254 208//254 205//254
f 217//255 265//255 241//255
f 195//129 207//129 231//129
f 243//256 254//256 205//256
f 277//257 229//257 206//257
f 219//258 230//258 279//258
f 267//132 278//132 255//132
usemtl DetailTeal
f 290//1 297//1 291//1
f 291//2 295//2 289//2
f 299//259 294//259 300//259
f 300//4 292//4 298//4
f 296//260 303//260 297//260
f 297//261 301//261 295//261
f 305//262 300//262 306//262
f 306//8 298//8 304//8
f 302//263 309//263 303//263
f 303//264 307//264 301//264
f 311//265 306//265 312//265
f 312//266 304//266 310//266
f 308//267 315//267 309//267
f 309//268 313//268 307//268
f 317//269 312//269 318//269
f 318//16 310//16 316//16
f 314//270 321//270 315//270
f 315//18 319//18 313//18
f 323//271 318//271 324//271
f 324//272 316//272 322//272
f 320//273 327//273 321//273
f 321//274 325//274 319//274
f 329//275 324//275 330//275
f 330//276 322//276 328//276
f 326//277 333//277 327//277
f 327//26 331//26 325//26
f 335//278 330//278 336//278
f 336//279 328//279 334//279
f 332//280 339//280 333//280
f 333//30 337//30 331//30
f 341//31 336//31 342//31
f 342//32 334//32 340//32
f 338//33 345//33 339//33
f 339//34 343//34 337//34
f 347//281 342//281 348//281
f 348//36 340//36 346//36
f 344//282 351//282 345//282
f 345//283 349//283 343//283
f 353//284 348//284 354//284
f 354//40 346//40 352//40
f 350//285 357//285 351//285
f 351//286 355//286 349//286
f 359//287 354//287 360//287
f 360//288 352//288 358//288
f 356//289 363//289 357//289
f 357//290 361//290 355//290
f 365//291 360//291 366//291
f 366//48 358//48 364//48
f 362//292 369//292 363//292
f 363//50 367//50 361//50
f 371//293 366//293 372//293
f 372//294 364//294 370//294
f 368//295 375//295 369//295
f 369//296 373//296 367//296
f 377//297 372//297 378//297
f 378//298 370//298 376//298
f 374//299 381//299 375//299
f 375//58 379//58 373//58
f 383//300 378//300 384//300
f 384//301 376//301 382//301
f 380//302 387//302 381//302
f 381//62 385//62 379//62
f 389//63 384//63 390//63
f 390//64 382//64 388//64
f 386//65 393//65 387//65
f 387//66 391//66 385//66
f 395//303 390//303 396//303
f 396//68 388//68 394//68
f 392//304 399//304 393//304
f 393//305 397//305 391//305
f 401//306 396//306 402//306
f 402//72 394//72 400//72
f 398//307 405//307 399//307
f 399//308 403//308 397//308
f 407//309 402//309 408//309
f 408//310 400//310 406//310
f 404//311 411//311 405//311
f 405//312 409//312 403//312
f 413//313 408//313 414//313
f 414//80 406//80 412//80
f 410//314 417//314 411//314
f 411//82 415//82 409//82
f 419//315 414//315 420//315
f 420//316 412//316 418//316
f 416//317 423//317 417//317
f 417//318 421//318 415//318
f 425//319 420//319 426//319
f 426//320 418//320 424//320
f 422//321 429//321 423//321
f 423//90 427//90 421//90
f 431//322 426//322 432//322
f 432//323 424//323 430//323
f 428//324 435//324 429//324
f 429//94 433//94 427//94
f 437//95 432//95 438//95
f 438//96 430//96 436//96
f 434//97 441//97 435//97
f 435//98 439//98 433//98
f 443//325 438//325 444//325
f 444//100 436//100 442//100
f 440//326 447//326 441//326
f 441//327 445//327 439//327
f 449//328 444//328 450//328
f 450//104 442//104 448//104
f 446//329 453//329 447//329
f 447//330 451//330 445//330
f 455//331 450//331 456//331
f 456//332 448//332 454//332
f 452//333 459//333 453//333
f 453//334 457//334 451//334
f 461//335 456//335 462//335
f 462//112 454//112 460//112
f 458//336 465//336 459//336
f 459//114 463//114 457//114
f 467//337 462//337 468//337
f 468//338 460//338 466//338
f 464//339 471//339 465//339
f 465//340 469//340 463//340
f 473//341 468//341 474//341
f 474//342 466//342 472//342
f 470//343 477//343 471//343
f 471//122 475//122 469//122
f 479//344 474//344 480//344
f 480//345 472//345 478//345
f 476//346 291//346 477//346
f 477//126 289//126 475//126
f 293//127 480//127 294//127
f 294//128 478//128 292//128
f 379//129 427//129 475//129
f 290//130 299//130 296//130
f 476//131 293//131 290//131
f 400//132 352//132 304//132
f 296//133 305//133 302//133
f 302//347 311//347 308//347
f 308//348 317//348 314//348
f 314//349 323//349 320//349
f 320//350 329//350 326//350
f 326//138 335//138 332//138
f 332//139 341//139 338//139
f 338//140 347//140 344//140
f 344//141 353//141 350//141
f 350//351 359//351 356//351
f 356//352 365//352 362//352
f 362//353 371//353 368//353
f 368//354 377//354 374//354
f 374//146 383//146 380//146
f 380//147 389//147 386//147
f 386//148 395//148 392//148
f 392//149 401//149 398//149
f 398//355 407//355 404//355
f 404//356 413//356 410//356
f 410//357 419//357 416//357
f 416//358 425//358 422//358
f 422//154 431//154 428//154
f 428//155 437//155 434//155
f 434//156 443//156 440//156
f 440//157 449//157 446//157
f 446//359 455//359 452//359
f 452//360 461//360 458//360
f 458//361 467//361 464//361
f 464//362 473//362 470//362
f 470//162 479//162 476//162
f 938//1 945//1 939//1
f 939//2 943//2 937//2
f 947//259 942//259 948//259
f 948//4 940//4 946//4
f 944//260 951//260 945//260
f 945//261 949//261 943//261
f 953//262 948//262 954//262
f 954//8 946//8 952//8
f 950//263 957//263 951//263
f 951//264 955//264 949//264
f 959//265 954//265 960//265
f 960//266 952//266 958//266
f 956//267 963//267 957//267
f 957//268 961//268 955//268
f 965//269 960//269 966//269
f 966//16 958//16 964//16
f 962//270 969//270 963//270
f 963//18 967//18 961//18
f 971//271 966//271 972//271
f 972//272 964//272 970//272
f 968//273 975//273 969//273
f 969//274 973//274 967//274
f 977//275 972//275 978//275
f 978//276 970//276 976//276
f 974//277 981//277 975//277
f 975//26 979//26 973//26
f 983//278 978//278 984//278
f 984//279 976//279 982//279
f 980//280 987//280 981//280
f 981//30 985//30 979//30
f 989//31 984//31 990//31
f 990//32 982//32 988//32
f 986//33 993//33 987//33
f 987//34 991//34 985//34
f 995//281 990//281 996//281
f 996//36 988//36 994//36
f 992//282 999//282 993//282
f 993//283 997//283 991//283
f 1001//284 996//284 1002//284
f 1002//40 994//40 1000//40
f 998//285 1005//285 999//285
f 999//286 1003//286 997//286
f 1007//287 1002//287 1008//287
f 1008//288 1000//288 1006//288
f 1004//289 1011//289 1005//289
f 1005//290 1009//290 1003//290
f 1013//291 1008//291 1014//291
f 1014//48 1006//48 1012//48
f 1010//292 1017//292 1011//292
f 1011//50 1015//50 1009//50
f 1019//293 1014//293 1020//293
f 1020//294 1012//294 1018//294
f 1016//295 1023//295 1017//295
f 1017//296 1021//296 1015//296
f 1025//297 1020//297 1026//297
f 1026//298 1018//298 1024//298
f 1022//299 1029//299 1023//299
f 1023//58 1027//58 1021//58
f 1031//300 1026//300 1032//300
f 1032//301 1024//301 1030//301
f 1028//302 1035//302 1029//302
f 1029//62 1033//62 1027//62
f 1037//63 1032//63 1038//63
f 1038//64 1030//64 1036//64
f 1034//65 1041//65 1035//65
f 1035//66 1039//66 1033//66
f 1043//303 1038//303 1044//303
f 1044//68 1036//68 1042//68
f 1040//304 1047//304 1041//304
f 1041//305 1045//305 1039//305
f 1049//306 1044//306 1050//306
f 1050//72 1042//72 1048//72
f 1046//307 1053//307 1047//307
f 1047//308 1051//308 1045//308
f 1055//309 1050//309 1056//309
f 1056//310 1048//310 1054//310
f 1052//311 1059//311 1053//311
f 1053//312 1057//312 1051//312
f 1061//313 1056//313 1062//313
f 1062//80 1054//80 1060//80
f 1058//314 1065//314 1059//314
f 1059//82 1063//82 1057//82
f 1067//315 1062//315 1068//315
f 1068//316 1060//316 1066//316
f 1064//317 1071//317 1065//317
f 1065//318 1069//318 1063//318
f 1073//319 1068//319 1074//319
f 1074//320 1066//320 1072//320
f 1070//321 1077//321 1071//321
f 1071//90 1075//90 1069//90
f 1079//322 1074//322 1080//322
f 1080//323 1072//323 1078//323
f 1076//324 1083//324 1077//324
f 1077//94 1081//94 1075//94
f 1085//95 1080//95 1086//95
f 1086//96 1078//96 1084//96
f 1082//97 1089//97 1083//97
f 1083//98 1087//98 1081//98
f 1091//325 1086//325 1092//325
f 1092//100 1084//100 1090//100
f 1088//326 1095//326 1089//326
f 1089//327 1093//327 1087//327
f 1097//328 1092//328 1098//328
f 1098//104 1090//104 1096//104
f 1094//329 1101//329 1095//329
f 1095//330 1099//330 1093//330
f 1103//331 1098//331 1104//331
f 1104//332 1096//332 1102//332
f 1100//333 1107//333 1101//333
f 1101//334 1105//334 1099//334
f 1109//335 1104//335 1110//335
f 1110//112 1102//112 1108//112
f 1106//336 1113//336 1107//336
f 1107//114 1111//114 1105//114
f 1115//337 1110//337 1116//337
f 1116//338 1108//338 1114//338
f 1112//339 1119//339 1113//339
f 1113//340 1117//340 1111//340
f 1121//341 1116//341 1122//341
f 1122//342 1114//342 1120//342
f 1118//343 1125//343 1119//343
f 1119//122 1123//122 1117//122
f 1127//344 1122//344 1128//344
f 1128//345 1120//345 1126//345
f 1124//346 939//346 1125//346
f 1125//126 937//126 1123//126
f 941//127 1128//127 942//127
f 942//128 1126//128 940//128
f 1027//129 1075//129 1123//129
f 938//130 947//130 944//130
f 1124//131 941//131 938//131
f 1048//132 1000//132 952//132
f 944//133 953//133 950//133
f 950//347 959//347 956//347
f 956//537 965//537 962//537
f 962//538 971//538 968//538
f 968//350 977//350 974//350
f 974//138 983//138 980//138
f 980//139 989//139 986//139
f 986//140 995//140 992//140
f 992//141 1001//141 998//141
f 998//351 1007//351 1004//351
f 1004//539 1013//539 1010//539
f 1010//353 1019//353 1016//353
f 1016//354 1025//354 1022//354
f 1022//146 1031//146 1028//146
f 1028//147 1037//147 1034//147
f 1034//148 1043//148 1040//148
f 1040//149 1049//149 1046//149
f 1046//355 1055//355 1052//355
f 1052//540 1061//540 1058//540
f 1058//541 1067//541 1064//541
f 1064//358 1073//358 1070//358
f 1070//154 1079//154 1076//154
f 1076//155 1085//155 1082//155
f 1082//156 1091//156 1088//156
f 1088//157 1097//157 1094//157
f 1094//359 1103//359 1100//359
f 1100//542 1109//542 1106//542
f 1106//361 1115//361 1112//361
f 1112//362 1121//362 1118//362
f 1118//162 1127//162 1124//162
f 290//712 296//712 297//712
f 291//546 297//546 295//546
f 299//547 293//547 294//547
f 300//548 294//548 292//548
f 296//549 302//549 303//549
f 297//550 303//550 301//550
f 305//713 299//713 300//713
f 306//714 300//714 298//714
f 302//715 308//715 309//715
f 303//716 309//716 307//716
f 311//717 305//717 306//717
f 312//718 306//718 304//718
f 308//719 314//719 315//719
f 309//558 315//558 313//558
f 317//720 311//720 312//720
f 318//721 312//721 310//721
f 314//722 320//722 321//722
f 315//723 321//723 319//723
f 323//724 317//724 318//724
f 324//564 318//564 316//564
f 320//725 326//725 327//725
f 321//726 327//726 325//726
f 329//727 323//727 324//727
f 330//728 324//728 322//728
f 326//729 332//729 333//729
f 327//730 333//730 331//730
f 335//571 329//571 330//571
f 336//572 330//572 328//572
f 332//573 338//573 339//573
f 333//574 339//574 337//574
f 341//575 335//575 336//575
f 342//576 336//576 334//576
f 338//731 344//731 345//731
f 339//578 345//578 343//578
f 347//579 341//579 342//579
f 348//580 342//580 340//580
f 344//581 350//581 351//581
f 345//582 351//582 349//582
f 353//732 347//732 348//732
f 354//733 348//733 346//733
f 350//734 356//734 357//734
f 351//735 357//735 355//735
f 359//736 353//736 354//736
f 360//737 354//737 352//737
f 356//738 362//738 363//738
f 357//590 363//590 361//590
f 365//739 359//739 360//739
f 366//740 360//740 358//740
f 362//741 368//741 369//741
f 363//742 369//742 367//742
f 371//743 365//743 366//743
f 372//596 366//596 364//596
f 368//744 374//744 375//744
f 369//745 375//745 373//745
f 377//746 371//746 372//746
f 378//747 372//747 370//747
f 374//748 380//748 381//748
f 375//749 381//749 379//749
f 383//603 377//603 378//603
f 384//604 378//604 376//604
f 380//605 386//605 387//605
f 381//606 387//606 385//606
f 389//750 383//750 384//750
f 390//608 384//608 382//608
f 386//751 392//751 393//751
f 387//610 393//610 391//610
f 395//611 389//611 390//611
f 396//612 390//612 388//612
f 392//613 398//613 399//613
f 393//614 399//614 397//614
f 401//752 395//752 396//752
f 402//753 396//753 394//753
f 398//754 404//754 405//754
f 399//755 405//755 403//755
f 407//756 401//756 402//756
f 408//757 402//757 400//757
f 404//758 410//758 411//758
f 405//622 411//622 409//622
f 413//759 407//759 408//759
f 414//760 408//760 406//760
f 410//761 416//761 417//761
f 411//762 417//762 415//762
f 419//763 413//763 414//763
f 420//628 414//628 412//628
f 416//764 422//764 423//764
f 417//765 423//765 421//765
f 425//766 419//766 420//766
f 426//767 420//767 418//767
f 422//768 428//768 429//768
f 423//769 429//769 427//769
f 431//635 425//635 426//635
f 432//636 426//636 424//636
f 428//637 434//637 435//637
f 429//638 435//638 433//638
f 437//639 431//639 432//639
f 438//640 432//640 430//640
f 434//770 440//770 441//770
f 435//642 441//642 439//642
f 443//643 437//643 438//643
f 444//644 438//644 436//644
f 440//645 446//645 447//645
f 441//646 447//646 445//646
f 449//647 443//647 444//647
f 450//771 444//771 442//771
f 446//772 452//772 453//772
f 447//773 453//773 451//773
f 455//774 449//774 450//774
f 456//775 450//775 448//775
f 452//776 458//776 459//776
f 453//654 459//654 457//654
f 461//777 455//777 456//777
f 462//778 456//778 454//778
f 458//779 464//779 465//779
f 459//780 465//780 463//780
f 467//781 461//781 462//781
f 468//660 462//660 460//660
f 464//782 470//782 471//782
f 465//783 471//783 469//783
f 473//784 467//784 468//784
f 474//785 468//785 466//785
f 470//786 476//786 477//786
f 471//787 477//787 475//787
f 479//667 473//667 474//667
f 480//668 474//668 472//668
f 476//669 290//669 291//669
f 477//670 291//670 289//670
f 293//788 479//788 480//788
f 294//672 480//672 478//672
f 475//129 289//129 295//129
f 295//129 301//129 307//129
f 307//129 313//129 319//129
f 319//129 325//129 331//129
f 331//129 337//129 343//129
f 343//129 349//129 355//129
f 355//129 361//129 367//129
f 367//129 373//129 379//129
f 379//129 385//129 391//129
f 391//129 397//129 403//129
f 403//129 409//129 415//129
f 415//129 421//129 427//129
f 427//129 433//129 439//129
f 439//129 445//129 451//129
f 451//129 457//129 463//129
f 463//129 469//129 475//129
f 475//129 295//129 307//129
f 307//129 319//129 331//129
f 331//129 343//129 355//129
f 355//129 367//129 379//129
f 379//129 391//129 403//129
f 403//129 415//129 427//129
f 427//129 439//129 451//129
f 451//129 463//129 475//129
f 475//129 307//129 331//129
f 331//129 355//129 379//129
f 379//129 403//129 427//129
f 427//129 451//129 475//129
f 475//129 331//129 379//129
f 290//130 293//130 299//130
f 476//131 479//131 293//131
f 304//132 298//132 292//132
f 292//132 478//132 472//132
f 472//132 466//132 460//132
f 460//132 454//132 448//132
f 448//132 442//132 436//132
f 436//132 430//132 424//132
f 424//132 418//132 412//132
f 412//132 406//132 400//132
f 400//132 394//132 388//132
f 388//132 382//132 376//132
f 376//132 370//132 364//132
f 364//132 358//132 352//132
f 352//132 346//132 340//132
f 340//132 334//132 328//132
f 328//132 322//132 316//132
f 316//132 310//132 304//132
f 304//132 292//132 472//132
f 472//132 460//132 448//132
f 448//132 436//132 424//132
f 424//132 412//132 400//132
f 400//132 388//132 376//132
f 376//132 364//132 352//132
f 352//132 340//132 328//132
f 328//132 316//132 304//132
f 304//132 472//132 448//132
f 448//132 424//132 400//132
f 400//132 376//132 352//132
f 352//132 328//132 304//132
f 304//132 448//132 400//132
f 296//133 299//133 305//133
f 302//347 305//347 311//347
f 308//348 311//348 317//348
f 314//538 317//538 323//538
f 320//350 323//350 329//350
f 326//138 329//138 335//138
f 332//139 335//139 341//139
f 338//140 341//140 347//140
f 344//141 347//141 353//141
f 350//351 353//351 359//351
f 356//539 359//539 365//539
f 362//789 365//789 371//789
f 368//354 371//354 377//354
f 374//146 377//146 383//146
f 380//147 383//147 389//147
f 386//148 389//148 395//148
f 392//149 395//149 401//149
f 398//355 401//355 407//355
f 404//356 407//356 413//356
f 410//541 413//541 419//541
f 416//358 419//358 425//358
f 422//154 425//154 431//154
f 428//155 431//155 437//155
f 434//156 437//156 443//156
f 440//157 443//157 449//157
f 446//359 449//359 455//359
f 452//542 455//542 461//542
f 458//790 461//790 467//790
f 464//362 467//362 473//362
f 470//162 473//162 479//162
f 938//712 944//712 945//712
f 939//546 945//546 943//546
f 947//547 941//547 942//547
f 948//548 942//548 940//548
f 944//549 950//549 951//549
f 945//550 951//550 949//550
f 953//713 947//713 948//713
f 954//714 948//714 946//714
f 950//715 956//715 957//715
f 951//716 957//716 955//716
f 959//717 953//717 954//717
f 960//718 954//718 952//718
f 956//719 962//719 963//719
f 957//558 963//558 961//558
f 965//720 959//720 960//720
f 966//721 960//721 958//721
f 962//722 968//722 969//722
f 963//879 969//879 967//879
f 971//724 965//724 966//724
f 972//564 966//564 964//564
f 968//725 974//725 975//725
f 969//726 975//726 973//726
f 977//727 971//727 972//727
f 978//728 972//728 970//728
f 974//569 980//569 981//569
f 975//730 981//730 979//730
f 983//571 977//571 978//571
f 984//572 978//572 976//572
f 980//573 986//573 987//573
f 981//574 987//574 985//574
f 989//880 983//880 984//880
f 990//576 984//576 982//576
f 986//577 992//577 993//577
f 987//578 993//578 991//578
f 995//579 989//579 990//579
f 996//580 990//580 988//580
f 992//581 998//581 999//581
f 993//582 999//582 997//582
f 1001//583 995//583 996//583
f 1002//733 996//733 994//733
f 998//734 1004//734 1005//734
f 999//735 1005//735 1003//735
f 1007//736 1001//736 1002//736
f 1008//737 1002//737 1000//737
f 1004//738 1010//738 1011//738
f 1005//590 1011//590 1009//590
f 1013//739 1007//739 1008//739
f 1014//881 1008//881 1006//881
f 1010//741 1016//741 1017//741
f 1011//742 1017//742 1015//742
f 1019//743 1013//743 1014//743
f 1020//596 1014//596 1012//596
f 1016//744 1022//744 1023//744
f 1017//745 1023//745 1021//745
f 1025//746 1019//746 1020//746
f 1026//747 1020//747 1018//747
f 1022//748 1028//748 1029//748
f 1023//749 1029//749 1027//749
f 1031//603 1025//603 1026//603
f 1032//604 1026//604 1024//604
f 1028//605 1034//605 1035//605
f 1029//606 1035//606 1033//606
f 1037//750 1031//750 1032//750
f 1038//608 1032//608 1030//608
f 1034//751 1040//751 1041//751
f 1035//610 1041//610 1039//610
f 1043//611 1037//611 1038//611
f 1044//612 1038//612 1036//612
f 1040//613 1046//613 1047//613
f 1041//614 1047//614 1045//614
f 1049//752 1043//752 1044//752
f 1050//753 1044//753 1042//753
f 1046//754 1052//754 1053//754
f 1047//755 1053//755 1051//755
f 1055//756 1049//756 1050//756
f 1056//757 1050//757 1048//757
f 1052//758 1058//758 1059//758
f 1053//622 1059//622 1057//622
f 1061//759 1055//759 1056//759
f 1062//760 1056//760 1054//760
f 1058//761 1064//761 1065//761
f 1059//882 1065//882 1063//882
f 1067//763 1061//763 1062//763
f 1068//628 1062//628 1060//628
f 1064//764 1070//764 1071//764
f 1065//765 1071//765 1069//765
f 1073//766 1067//766 1068//766
f 1074//767 1068//767 1066//767
f 1070//768 1076//768 1077//768
f 1071//769 1077//769 1075//769
f 1079//635 1073//635 1074//635
f 1080//636 1074//636 1072//636
f 1076//637 1082//637 1083//637
f 1077//638 1083//638 1081//638
f 1085//883 1079//883 1080//883
f 1086//640 1080//640 1078//640
f 1082//641 1088//641 1089//641
f 1083//642 1089//642 1087//642
f 1091//643 1085//643 1086//643
f 1092//644 1086//644 1084//644
f 1088//645 1094//645 1095//645
f 1089//646 1095//646 1093//646
f 1097//884 1091//884 1092//884
f 1098//771 1092//771 1090//771
f 1094//772 1100//772 1101//772
f 1095//773 1101//773 1099//773
f 1103//774 1097//774 1098//774
f 1104//775 1098//775 1096//775
f 1100//776 1106//776 1107//776
f 1101//654 1107//654 1105//654
f 1109//777 1103//777 1104//777
f 1110//885 1104//885 1102//885
f 1106//779 1112//779 1113//779
f 1107//780 1113//780 1111//780
f 1115//781 1109//781 1110//781
f 1116//660 1110//660 1108//660
f 1112//782 1118//782 1119//782
f 1113//783 1119//783 1117//783
f 1121//784 1115//784 1116//784
f 1122//785 1116//785 1114//785
f 1118//786 1124//786 1125//786
f 1119//787 1125//787 1123//787
f 1127//667 1121//667 1122//667
f 1128//668 1122//668 1120//668
f 1124//669 938//669 939//669
f 1125//670 939//670 937//670
f 941//788 1127//788 1128//788
f 942//672 1128//672 1126//672
f 1123//129 937//129 943//129
f 943//129 949//129 955//129
f 955//129 961//129 967//129
f 967//129 973//129 979//129
f 979//129 985//129 991//129
f 991//129 997//129 1003//129
f 1003//129 1009//129 1015//129
f 1015//129 1021//129 1027//129
f 1027//129 1033//129 1039//129
f 1039//129 1045//129 1051//129
f 1051//129 1057//129 1063//129
f 1063//129 1069//129 1075//129
f 1075//129 1081//129 1087//129
f 1087//129 1093//129 1099//129
f 1099//129 1105//129 1111//129
f 1111//129 1117//129 1123//129
f 1123//129 943//129 955//129
f 955//129 967//129 979//129
f 979//129 991//129 1003//129
f 1003//129 1015//129 1027//129
f 1027//129 1039//129 1051//129
f 1051//129 1063//129 1075//129
f 1075//129 1087//129 1099//129
f 1099//129 1111//129 1123//129
f 1123//129 955//129 979//129
f 979//129 1003//129 1027//129
f 1027//129 1051//129 1075//129
f 1075//129 1099//129 1123//129
f 1123//129 979//129 1027//129
f 938//130 941//130 947//130
f 1124//131 1127//131 941//131
f 952//132 946//132 940//132
f 940//132 1126//132 1120//132
f 1120//132 1114//132 1108//132
f 1108//132 1102//132 1096//132
f 1096//132 1090//132 1084//132
f 1084//132 1078//132 1072//132
f 1072//132 1066//132 1060//132
f 1060//132 1054//132 1048//132
f 1048//132 1042//132 1036//132
f 1036//132 1030//132 1024//132
f 1024//132 1018//132 1012//132
f 1012//132 1006//132 1000//132
f 1000//132 994//132 988//132
f 988//132 982//132 976//132
f 976//132 970//132 964//132
f 964//132 958//132 952//132
f 952//132 940//132 1120//132
f 1120//132 1108//132 1096//132
f 1096//132 1084//132 1072//132
f 1072//132 1060//132 1048//132
f 1048//132 1036//132 1024//132
f 1024//132 1012//132 1000//132
f 1000//132 988//132 976//132
f 976//132 964//132 952//132
f 952//132 1120//132 1096//132
f 1096//132 1072//132 1048//132
f 1048//132 1024//132 1000//132
f 1000//132 976//132 952//132
f 952//132 1096//132 1048//132
f 944//133 947//133 953//133
f 950//347 953//347 959//347
f 956//348 959//348 965//348
f 962//349 965//349 971//349
f 968//350 971//350 977//350
f 974//138 977//138 983//138
f 980//139 983//139 989//139
f 986//140 989//140 995//140
f 992//141 995//141 1001//141
f 998//351 1001//351 1007//351
f 1004//352 1007//352 1013//352
f 1010//353 1013//353 1019//353
f 1016//354 1019//354 1025//354
f 1022//146 1025//146 1031//146
f 1028//147 1031//147 1037//147
f 1034//148 1037//148 1043//148
f 1040//149 1043//149 1049//149
f 1046//355 1049//355 1055//355
f 1052//356 1055//356 1061//356
f 1058//357 1061//357 1067//357
f 1064//358 1067//358 1073//358
f 1070//154 1073//154 1079//154
f 1076//155 1079//155 1085//155
f 1082//156 1085//156 1091//156
f 1088//157 1091//157 1097//157
f 1094//359 1097//359 1103//359
f 1100//360 1103//360 1109//360
f 1106//361 1109//361 1115//361
f 1112//362 1115//362 1121//362
f 1118//162 1121//162 1127//162
usemtl DetailSteel
f 482//363 489//363 483//363
f 483//364 487//364 481//364
f 491//365 486//365 492//365
f 492//366 484//366 490//366
f 488//367 495//367 489//367
f 489//368 493//368 487//368
f 497//369 492//369 498//369
f 498//370 490//370 496//370
f 494//371 501//371 495//371
f 495//372 499//372 493//372
f 503//373 498//373 504//373
f 504//374 496//374 502//374
f 500//375 507//375 501//375
f 501//376 505//376 499//376
f 509//377 504//377 510//377
f 510//378 502//378 508//378
f 506//379 513//379 507//379
f 507//380 511//380 505//380
f 515//381 510//381 516//381
f 516//382 508//382 514//382
f 512//383 519//383 513//383
f 513//384 517//384 511//384
f 521//385 516//385 522//385
f 522//386 514//386 520//386
f 518//387 525//387 519//387
f 519//388 523//388 517//388
f 527//389 522//389 528//389
f 528//390 520//390 526//390
f 524//391 531//391 525//391
f 525//392 529//392 523//392
f 533//393 528//393 534//393
f 534//394 526//394 532//394
f 530//395 537//395 531//395
f 531//396 535//396 529//396
f 539//397 534//397 540//397
f 540//398 532//398 538//398
f 536//399 543//399 537//399
f 537//400 541//400 535//400
f 545//401 540//401 546//401
f 546//402 538//402 544//402
f 542//403 549//403 543//403
f 543//404 547//404 541//404
f 551//405 546//405 552//405
f 552//406 544//406 550//406
f 548//407 555//407 549//407
f 549//408 553//408 547//408
f 557//409 552//409 558//409
f 558//410 550//410 556//410
f 554//411 561//411 555//411
f 555//412 559//412 553//412
f 563//413 558//413 564//413
f 564//414 556//414 562//414
f 560//415 567//415 561//415
f 561//416 565//416 559//416
f 569//417 564//417 570//417
f 570//418 562//418 568//418
f 566//419 573//419 567//419
f 567//420 571//420 565//420
f 575//421 570//421 576//421
f 576//422 568//422 574//422
f 572//423 579//423 573//423
f 573//424 577//424 571//424
f 581//425 576//425 582//425
f 582//426 574//426 580//426
f 578//427 585//427 579//427
f 579//428 583//428 577//428
f 587//429 582//429 588//429
f 588//430 580//430 586//430
f 584//431 591//431 585//431
f 585//432 589//432 583//432
f 593//433 588//433 594//433
f 594//434 586//434 592//434
f 590//435 597//435 591//435
f 591//436 595//436 589//436
f 599//437 594//437 600//437
f 600//438 592//438 598//438
f 596//439 483//439 597//439
f 597//440 481//440 595//440
f 485//441 600//441 486//441
f 486//442 598//442 484//442
f 523//129 571//129 595//129
f 482//443 491//443 488//443
f 596//444 485//444 482//444
f 568//132 520//132 496//132
f 488//445 497//445 494//445
f 494//232 503//232 500//232
f 500//446 509//446 506//446
f 506//447 515//447 512//447
f 512//448 521//448 518//448
f 518//449 527//449 524//449
f 524//250 533//250 530//250
f 530//450 539//450 536//450
f 536//451 545//451 542//451
f 542//452 551//452 548//452
f 548//453 557//453 554//453
f 554//253 563//253 560//253
f 560//454 569//454 566//454
f 566//455 575//455 572//455
f 572//456 581//456 578//456
f 578//457 587//457 584//457
f 584//235 593//235 590//235
f 590//458 599//458 596//458
f 1130//363 1137//363 1131//363
f 1131//364 1135//364 1129//364
f 1139//365 1134//365 1140//365
f 1140//366 1132//366 1138//366
f 1136//367 1143//367 1137//367
f 1137//368 1141//368 1135//368
f 1145//369 1140//369 1146//369
f 1146//370 1138//370 1144//370
f 1142//371 1149//371 1143//371
f 1143//372 1147//372 1141//372
f 1151//373 1146//373 1152//373
f 1152//374 1144//374 1150//374
f 1148//375 1155//375 1149//375
f 1149//376 1153//376 1147//376
f 1157//377 1152//377 1158//377
f 1158//378 1150//378 1156//378
f 1154//379 1161//379 1155//379
f 1155//380 1159//380 1153//380
f 1163//381 1158//381 1164//381
f 1164//382 1156//382 1162//382
f 1160//383 1167//383 1161//383
f 1161//384 1165//384 1159//384
f 1169//385 1164//385 1170//385
f 1170//386 1162//386 1168//386
f 1166//387 1173//387 1167//387
f 1167//388 1171//388 1165//388
f 1175//389 1170//389 1176//389
f 1176//390 1168//390 1174//390
f 1172//391 1179//391 1173//391
f 1173//392 1177//392 1171//392
f 1181//393 1176//393 1182//393
f 1182//394 1174//394 1180//394
f 1178//395 1185//395 1179//395
f 1179//396 1183//396 1177//396
f 1187//397 1182//397 1188//397
f 1188//398 1180//398 1186//398
f 1184//399 1191//399 1185//399
f 1185//400 1189//400 1183//400
f 1193//401 1188//401 1194//401
f 1194//402 1186//402 1192//402
f 1190//403 1197//403 1191//403
f 1191//404 1195//404 1189//404
f 1199//405 1194//405 1200//405
f 1200//406 1192//406 1198//406
f 1196//407 1203//407 1197//407
f 1197//408 1201//408 1195//408
f 1205//409 1200//409 1206//409
f 1206//410 1198//410 1204//410
f 1202//411 1209//411 1203//411
f 1203//412 1207//412 1201//412
f 1211//413 1206//413 1212//413
f 1212//414 1204//414 1210//414
f 1208//415 1215//415 1209//415
f 1209//416 1213//416 1207//416
f 1217//417 1212//417 1218//417
f 1218//418 1210//418 1216//418
f 1214//419 1221//419 1215//419
f 1215//420 1219//420 1213//420
f 1223//421 1218//421 1224//421
f 1224//422 1216//422 1222//422
f 1220//423 1227//423 1221//423
f 1221//424 1225//424 1219//424
f 1229//425 1224//425 1230//425
f 1230//426 1222//426 1228//426
f 1226//427 1233//427 1227//427
f 1227//428 1231//428 1225//428
f 1235//429 1230//429 1236//429
f 1236//430 1228//430 1234//430
f 1232//431 1239//431 1233//431
f 1233//432 1237//432 1231//432
f 1241//433 1236//433 1242//433
f 1242//434 1234//434 1240//434
f 1238//435 1245//435 1239//435
f 1239//436 1243//436 1237//436
f 1247//437 1242//437 1248//437
f 1248//438 1240//438 1246//438
f 1244//439 1131//439 1245//439
f 1245//440 1129//440 1243//440
f 1133//441 1248//441 1134//441
f 1134//442 1246//442 1132//442
f 1171//129 1219//129 1243//129
f 1130//443 1139//443 1136//443
f 1244//444 1133//444 1130//444
f 1216//132 1168//132 1144//132
f 1136//445 1145//445 1142//445
f 1142//232 1151//232 1148//232
f 1148//446 1157//446 1154//446
f 1154//447 1163//447 1160//447
f 1160//448 1169//448 1166//448
f 1166//449 1175//449 1172//449
f 1172//250 1181//250 1178//250
f 1178//450 1187//450 1184//450
f 1184//451 1193//451 1190//451
f 1190//452 1199//452 1196//452
f 1196//453 1205//453 1202//453
f 1202//253 1211//253 1208//253
f 1208//454 1217//454 1214//454
f 1214//455 1223//455 1220//455
f 1220//456 1229//456 1226//456
f 1226//457 1235//457 1232//457
f 1232//235 1241//235 1238//235
f 1238//458 1247//458 1244//458
f 482//791 488//791 489//791
f 483//364 489//364 487//364
f 491//792 485//792 486//792
f 492//366 486//366 484//366
f 488//793 494//793 495//793
f 489//368 495//368 493//368
f 497//794 491//794 492//794
f 498//370 492//370 490//370
f 494//371 500//371 501//371
f 495//372 501//372 499//372
f 503//373 497//373 498//373
f 504//374 498//374 496//374
f 500//795 506//795 507//795
f 501//796 507//796 505//796
f 509//797 503//797 504//797
f 510//378 504//378 502//378
f 506//798 512//798 513//798
f 507//380 513//380 511//380
f 515//799 509//799 510//799
f 516//382 510//382 508//382
f 512//800 518//800 519//800
f 513//384 519//384 517//384
f 521//801 515//801 516//801
f 522//386 516//386 514//386
f 518//802 524//802 525//802
f 519//388 525//388 523//388
f 527//803 521//803 522//803
f 528//390 522//390 520//390
f 524//391 530//391 531//391
f 525//392 531//392 529//392
f 533//393 527//393 528//393
f 534//394 528//394 526//394
f 530//804 536//804 537//804
f 531//396 537//396 535//396
f 539//805 533//805 534//805
f 540//398 534//398 532//398
f 536//806 542//806 543//806
f 537//400 543//400 541//400
f 545//807 539//807 540//807
f 546//402 540//402 538//402
f 542//808 548//808 549//808
f 543//404 549//404 547//404
f 551//809 545//809 546//809
f 552//406 546//406 544//406
f 548//810 554//810 555//810
f 549//408 555//408 553//408
f 557//811 551//811 552//811
f 558//410 552//410 550//410
f 554//411 560//411 561//411
f 555//412 561//412 559//412
f 563//413 557//413 558//413
f 564//414 558//414 556//414
f 560//812 566//812 567//812
f 561//813 567//813 565//813
f 569//814 563//814 564//814
f 570//418 564//418 562//418
f 566//815 572//815 573//815
f 567//420 573//420 571//420
f 575//816 569//816 570//816
f 576//422 570//422 568//422
f 572//817 578//817 579//817
f 573//424 579//424 577//424
f 581//818 575//818 576//818
f 582//426 576//426 574//426
f 578//819 584//819 585//819
f 579//428 585//428 583//428
f 587//820 581//820 582//820
f 588//430 582//430 580//430
f 584//431 590//431 591//431
f 585//432 591//432 589//432
f 593//433 587//433 588//433
f 594//434 588//434 586//434
f 590//821 596//821 597//821
f 591//436 597//436 595//436
f 599//822 593//822 594//822
f 600//438 594//438 592//438
f 596//823 482//823 483//823
f 597//440 483//440 481//440
f 485//824 599//824 600//824
f 486//442 600//442 598//442
f 595//129 481//129 487//129
f 487//129 493//129 499//129
f 499//129 505//129 511//129
f 511//129 517//129 523//129
f 523//129 529//129 535//129
f 535//129 541//129 547//129
f 547//129 553//129 559//129
f 559//129 565//129 571//129
f 571//129 577//129 583//129
f 583//129 589//129 595//129
f 595//129 487//129 499//129
f 499//129 511//129 523//129
f 523//129 535//129 547//129
f 547//129 559//129 571//129
f 571//129 583//129 595//129
f 595//129 499//129 523//129
f 523//129 547//129 571//129
f 482//443 485//443 491//443
f 596//444 599//444 485//444
f 496//132 490//132 484//132
f 484//132 598//132 592//132
f 592//132 586//132 580//132
f 580//132 574//132 568//132
f 568//132 562//132 556//132
f 556//132 550//132 544//132
f 544//132 538//132 532//132
f 532//132 526//132 520//132
f 520//132 514//132 508//132
f 508//132 502//132 496//132
f 496//132 484//132 592//132
f 592//132 580//132 568//132
f 568//132 556//132 544//132
f 544//132 532//132 520//132
f 520//132 508//132 496//132
f 496//132 592//132 568//132
f 568//132 544//132 520//132
f 488//445 491//445 497//445
f 494//232 497//232 503//232
f 500//446 503//446 509//446
f 506//447 509//447 515//447
f 512//448 515//448 521//448
f 518//449 521//449 527//449
f 524//250 527//250 533//250
f 530//450 533//450 539//450
f 536//451 539//451 545//451
f 542//452 545//452 551//452
f 548//453 551//453 557//453
f 554//253 557//253 563//253
f 560//454 563//454 569//454
f 566//455 569//455 575//455
f 572//456 575//456 581//456
f 578//457 581//457 587//457
f 584//235 587//235 593//235
f 590//458 593//458 599//458
f 1130//791 1136//791 1137//791
f 1131//364 1137//364 1135//364
f 1139//792 1133//792 1134//792
f 1140//366 1134//366 1132//366
f 1136//793 1142//793 1143//793
f 1137//368 1143//368 1141//368
f 1145//794 1139//794 1140//794
f 1146//370 1140//370 1138//370
f 1142//371 1148//371 1149//371
f 1143//372 1149//372 1147//372
f 1151//373 1145//373 1146//373
f 1152//374 1146//374 1144//374
f 1148//795 1154//795 1155//795
f 1149//376 1155//376 1153//376
f 1157//797 1151//797 1152//797
f 1158//378 1152//378 1150//378
f 1154//798 1160//798 1161//798
f 1155//380 1161//380 1159//380
f 1163//799 1157//799 1158//799
f 1164//382 1158//382 1156//382
f 1160//800 1166//800 1167//800
f 1161//384 1167//384 1165//384
f 1169//801 1163//801 1164//801
f 1170//386 1164//386 1162//386
f 1166//802 1172//802 1173//802
f 1167//388 1173//388 1171//388
f 1175//803 1169//803 1170//803
f 1176//886 1170//886 1168//886
f 1172//391 1178//391 1179//391
f 1173//392 1179//392 1177//392
f 1181//393 1175//393 1176//393
f 1182//394 1176//394 1174//394
f 1178//804 1184//804 1185//804
f 1179//396 1185//396 1183//396
f 1187//805 1181//805 1182//805
f 1188//398 1182//398 1180//398
f 1184//806 1190//806 1191//806
f 1185//400 1191//400 1189//400
f 1193//807 1187//807 1188//807
f 1194//402 1188//402 1186//402
f 1190//808 1196//808 1197//808
f 1191//404 1197//404 1195//404
f 1199//809 1193//809 1194//809
f 1200//406 1194//406 1192//406
f 1196//810 1202//810 1203//810
f 1197//408 1203//408 1201//408
f 1205//811 1199//811 1200//811
f 1206//410 1200//410 1198//410
f 1202//411 1208//411 1209//411
f 1203//412 1209//412 1207//412
f 1211//413 1205//413 1206//413
f 1212//414 1206//414 1204//414
f 1208//812 1214//812 1215//812
f 1209//416 1215//416 1213//416
f 1217//814 1211//814 1212//814
f 1218//418 1212//418 1210//418
f 1214//815 1220//815 1221//815
f 1215//420 1221//420 1219//420
f 1223//816 1217//816 1218//816
f 1224//422 1218//422 1216//422
f 1220//817 1226//817 1227//817
f 1221//424 1227//424 1225//424
f 1229//818 1223//818 1224//818
f 1230//426 1224//426 1222//426
f 1226//819 1232//819 1233//819
f 1227//428 1233//428 1231//428
f 1235//820 1229//820 1230//820
f 1236//887 1230//887 1228//887
f 1232//431 1238//431 1239//431
f 1233//432 1239//432 1237//432
f 1241//433 1235//433 1236//433
f 1242//434 1236//434 1234//434
f 1238//821 1244//821 1245//821
f 1239//436 1245//436 1243//436
f 1247//822 1241//822 1242//822
f 1248//438 1242//438 1240//438
f 1244//823 1130//823 1131//823
f 1245//440 1131//440 1129//440
f 1133//824 1247//824 1248//824
f 1134//442 1248//442 1246//442
f 1243//129 1129//129 1135//129
f 1135//129 1141//129 1147//129
f 1147//129 1153//129 1159//129
f 1159//129 1165//129 1171//129
f 1171//129 1177//129 1183//129
f 1183//129 1189//129 1195//129
f 1195//129 1201//129 1207//129
f 1207//129 1213//129 1219//129
f 1219//129 1225//129 1231//129
f 1231//129 1237//129 1243//129
f 1243//129 1135//129 1147//129
f 1147//129 1159//129 1171//129
f 1171//129 1183//129 1195//129
f 1195//129 1207//129 1219//129
f 1219//129 1231//129 1243//129
f 1243//129 1147//129 1171//129
f 1171//129 1195//129 1219//129
f 1130//443 1133//443 1139//443
f 1244//444 1247//444 1133//444
f 1144//132 1138//132 1132//132
f 1132//132 1246//132 1240//132
f 1240//132 1234//132 1228//132
f 1228//132 1222//132 1216//132
f 1216//132 1210//132 1204//132
f 1204//132 1198//132 1192//132
f 1192//132 1186//132 1180//132
f 1180//132 1174//132 1168//132
f 1168//132 1162//132 1156//132
f 1156//132 1150//132 1144//132
f 1144//132 1132//132 1240//132
f 1240//132 1228//132 1216//132
f 1216//132 1204//132 1192//132
f 1192//132 1180//132 1168//132
f 1168//132 1156//132 1144//132
f 1144//132 1240//132 1216//132
f 1216//132 1192//132 1168//132
f 1136//445 1139//445 1145//445
f 1142//232 1145//232 1151//232
f 1148//446 1151//446 1157//446
f 1154//447 1157//447 1163//447
f 1160//448 1163//448 1169//448
f 1166//449 1169//449 1175//449
f 1172//250 1175//250 1181//250
f 1178//450 1181//450 1187//450
f 1184//451 1187//451 1193//451
f 1190//452 1193//452 1199//452
f 1196//453 1199//453 1205//453
f 1202//253 1205//253 1211//253
f 1208//454 1211//454 1217//454
f 1214//455 1217//455 1223//455
f 1220//456 1223//456 1229//456
f 1226//457 1229//457 1235//457
f 1232//235 1235//235 1241//235
f 1238//458 1241//458 1247//458
usemtl Silver
f 601//459 605//459 607//459
f 602//460 605//460 604//460
f 603//461 605//461 606//461
f 608//462 612//462 614//462
f 609//463 612//463 611//463
f 610//464 612//464 613//464
f 615//465 619//465 621//465
f 616//466 619//466 618//466
f 617//467 619//467 620//467
f 622//468 626//468 628//468
f 623//469 626//469 625//469
f 624//470 626//470 627//470
f 629//471 633//471 635//471
f 630//472 633//472 632//472
f 631//473 633//473 634//473
f 636//474 640//474 642//474
f 637//475 640//475 639//475
f 638//476 640//476 641//476
f 643//477 647//477 649//477
f 644//478 647//478 646//478
f 645//479 647//479 648//479
f 650//480 654//480 656//480
f 651//481 654//481 653//481
f 652//482 654//482 655//482
f 657//483 661//483 663//483
f 658//484 661//484 660//484
f 659//485 661//485 662//485
f 664//486 668//486 670//486
f 665//487 668//487 667//487
f 666//488 668//488 669//488
f 671//489 675//489 677//489
f 672//490 675//490 674//490
f 673//491 675//491 676//491
f 678//492 682//492 684//492
f 679//493 682//493 681//493
f 680//494 682//494 683//494
f 603//495 618//495 607//495
f 607//496 615//496 601//496
f 624//497 611//497 628//497
f 628//498 608//498 622//498
f 602//499 613//499 606//499
f 606//500 609//500 603//500
f 623//501 620//501 627//501
f 627//502 616//502 624//502
f 617//503 632//503 621//503
f 621//504 629//504 615//504
f 638//505 625//505 642//505
f 642//506 622//506 636//506
f 637//507 634//507 641//507
f 641//508 630//508 638//508
f 631//509 646//509 635//509
f 635//510 643//510 629//510
f 652//511 639//511 656//511
f 656//512 636//512 650//512
f 651//513 648//513 655//513
f 655//514 644//514 652//514
f 645//515 660//515 649//515
f 649//516 657//516 643//516
f 666//517 653//517 670//517
f 670//518 650//518 664//518
f 665//519 662//519 669//519
f 669//520 658//520 666//520
f 659//521 674//521 663//521
f 663//522 671//522 657//522
f 680//523 667//523 684//523
f 684//524 664//524 678//524
f 679//525 676//525 683//525
f 683//526 672//526 680//526
f 673//527 604//527 677//527
f 677//528 601//528 671//528
f 610//529 681//529 614//529
f 614//530 678//530 608//530
f 615//129 643//129 671//129
f 603//531 624//531 616//531
f 673//532 610//532 602//532
f 608//132 664//132 636//132
f 617//255 638//255 630//255
f 631//533 652//533 644//533
f 645//534 666//534 658//534
f 659//257 680//257 672//257
f 685//459 689//459 691//459
f 686//460 689//460 688//460
f 687//461 689//461 690//461
f 692//462 696//462 698//462
f 693//463 696//463 695//463
f 694//464 696//464 697//464
f 699//465 703//465 705//465
f 700//466 703//466 702//466
f 701//467 703//467 704//467
f 706//468 710//468 712//468
f 707//469 710//469 709//469
f 708//470 710//470 711//470
f 713//471 717//471 719//471
f 714//472 717//472 716//472
f 715//473 717//473 718//473
f 720//474 724//474 726//474
f 721//475 724//475 723//475
f 722//476 724//476 725//476
f 727//477 731//477 733//477
f 728//478 731//478 730//478
f 729//479 731//479 732//479
f 734//480 738//480 740//480
f 735//481 738//481 737//481
f 736//482 738//482 739//482
f 741//483 745//483 747//483
f 742//484 745//484 744//484
f 743//485 745//485 746//485
f 748//486 752//486 754//486
f 749//487 752//487 751//487
f 750//488 752//488 753//488
f 755//489 759//489 761//489
f 756//490 759//490 758//490
f 757//491 759//491 760//491
f 762//492 766//492 768//492
f 763//493 766//493 765//493
f 764//494 766//494 767//494
f 687//495 702//495 691//495
f 691//496 699//496 685//496
f 708//497 695//497 712//497
f 712//498 692//498 706//498
f 686//499 697//499 690//499
f 690//500 693//500 687//500
f 707//501 704//501 711//501
f 711//502 700//502 708//502
f 701//503 716//503 705//503
f 705//504 713//504 699//504
f 722//505 709//505 726//505
f 726//506 706//506 720//506
f 721//507 718//507 725//507
f 725//508 714//508 722//508
f 715//509 730//509 719//509
f 719//510 727//510 713//510
f 736//511 723//511 740//511
f 740//535 720//535 734//535
f 735//513 732//513 739//513
f 739//514 728//514 736//514
f 729//515 744//515 733//515
f 733//516 741//516 727//516
f 750//517 737//517 754//517
f 754//518 734//518 748//518
f 749//519 746//519 753//519
f 753//520 742//520 750//520
f 743//521 758//521 747//521
f 747//522 755//522 741//522
f 764//523 751//523 768//523
f 768//524 748//524 762//524
f 763//525 760//525 767//525
f 767//526 756//526 764//526
f 757//527 688//527 761//527
f 761//528 685//528 755//528
f 694//529 765//529 698//529
f 698//536 762//536 692//536
f 699//129 727//129 755//129
f 687//531 708//531 700//531
f 757//532 694//532 686//532
f 692//132 748//132 720//132
f 701//255 722//255 714//255
f 715//533 736//533 728//533
f 729//534 750//534 742//534
f 743//257 764//257 756//257
f 769//459 773//459 775//459
f 770//460 773//460 772//460
f 771//461 773//461 774//461
f 776//462 780//462 782//462
f 777//463 780//463 779//463
f 778//464 780//464 781//464
f 783//465 787//465 789//465
f 784//466 787//466 786//466
f 785//467 787//467 788//467
f 790//468 794//468 796//468
f 791//469 794//469 793//469
f 792//470 794//470 795//470
f 797//471 801//471 803//471
f 798//472 801//472 800//472
f 799//473 801//473 802//473
f 804//474 808//474 810//474
f 805//475 808//475 807//475
f 806//476 808//476 809//476
f 811//477 815//477 817//477
f 812//478 815//478 814//478
f 813//479 815//479 816//479
f 818//480 822//480 824//480
f 819//481 822//481 821//481
f 820//482 822//482 823//482
f 825//483 829//483 831//483
f 826//484 829//484 828//484
f 827//485 829//485 830//485
f 832//486 836//486 838//486
f 833//487 836//487 835//487
f 834//488 836//488 837//488
f 839//489 843//489 845//489
f 840//490 843//490 842//490
f 841//491 843//491 844//491
f 846//492 850//492 852//492
f 847//493 850//493 849//493
f 848//494 850//494 851//494
f 771//495 786//495 775//495
f 775//496 783//496 769//496
f 792//497 779//497 796//497
f 796//498 776//498 790//498
f 770//499 781//499 774//499
f 774//500 777//500 771//500
f 791//501 788//501 795//501
f 795//502 784//502 792//502
f 785//503 800//503 789//503
f 789//504 797//504 783//504
f 806//505 793//505 810//505
f 810//506 790//506 804//506
f 805//507 802//507 809//507
f 809//508 798//508 806//508
f 799//509 814//509 803//509
f 803//510 811//510 797//510
f 820//511 807//511 824//511
f 824//512 804//512 818//512
f 819//513 816//513 823//513
f 823//514 812//514 820//514
f 813//515 828//515 817//515
f 817//516 825//516 811//516
f 834//517 821//517 838//517
f 838//518 818//518 832//518
f 833//519 830//519 837//519
f 837//520 826//520 834//520
f 827//521 842//521 831//521
f 831//522 839//522 825//522
f 848//523 835//523 852//523
f 852//524 832//524 846//524
f 847//525 844//525 851//525
f 851//526 840//526 848//526
f 841//527 772//527 845//527
f 845//528 769//528 839//528
f 778//529 849//529 782//529
f 782//530 846//530 776//530
f 783//129 811//129 839//129
f 771//531 792//531 784//531
f 841//532 778//532 770//532
f 776//132 832//132 804//132
f 785//255 806//255 798//255
f 799//533 820//533 812//533
f 813//534 834//534 826//534
f 827//257 848//257 840//257
f 853//459 857//459 859//459
f 854//460 857//460 856//460
f 855//461 857//461 858//461
f 860//462 864//462 866//462
f 861//463 864//463 863//463
f 862//464 864//464 865//464
f 867//465 871//465 873//465
f 868//466 871//466 870//466
f 869//467 871//467 872//467
f 874//468 878//468 880//468
f 875//469 878//469 877//469
f 876//470 878//470 879//470
f 881//471 885//471 887//471
f 882//472 885//472 884//472
f 883//473 885//473 886//473
f 888//474 892//474 894//474
f 889//475 892//475 891//475
f 890//476 892//476 893//476
f 895//477 899//477 901//477
f 896//478 899//478 898//478
f 897//479 899//479 900//479
f 902//480 906//480 908//480
f 903//481 906//481 905//481
f 904//482 906//482 907//482
f 909//483 913//483 915//483
f 910//484 913//484 912//484
f 911//485 913//485 914//485
f 916//486 920//486 922//486
f 917//487 920//487 919//487
f 918//488 920//488 921//488
f 923//489 927//489 929//489
f 924//490 927//490 926//490
f 925//491 927//491 928//491
f 930//492 934//492 936//492
f 931//493 934//493 933//493
f 932//494 934//494 935//494
f 855//495 870//495 859//495
f 859//496 867//496 853//496
f 876//497 863//497 880//497
f 880//498 860//498 874//498
f 854//499 865//499 858//499
f 858//500 861//500 855//500
f 875//501 872//501 879//501
f 879//502 868//502 876//502
f 869//503 884//503 873//503
f 873//504 881//504 867//504
f 890//505 877//505 894//505
f 894//506 874//506 888//506
f 889//507 886//507 893//507
f 893//508 882//508 890//508
f 883//509 898//509 887//509
f 887//510 895//510 881//510
f 904//511 891//511 908//511
f 908//535 888//535 902//535
f 903//513 900//513 907//513
f 907//514 896//514 904//514
f 897//515 912//515 901//515
f 901//516 909//516 895//516
f 918//517 905//517 922//517
f 922//518 902//518 916//518
f 917//519 914//519 921//519
f 921//520 910//520 918//520
f 911//521 926//521 915//521
f 915//522 923//522 909//522
f 932//523 919//523 936//523
f 936//524 916//524 930//524
f 931//525 928//525 935//525
f 935//526 924//526 932//526
f 925//527 856//527 929//527
f 929//528 853//528 923//528
f 862//529 933//529 866//529
f 866//536 930//536 860//536
f 867//129 895//129 923//129
f 855//531 876//531 868//531
f 925//532 862//532 854//532
f 860//132 916//132 888//132
f 869//255 890//255 882//255
f 883//533 904//533 896//533
f 897//534 918//534 910//534
f 911//257 932//257 924//257
f 1249//459 1253//459 1255//459
f 1250//460 1253//460 1252//460
f 1251//461 1253//461 1254//461
f 1256//462 1260//462 1262//462
f 1257//463 1260//463 1259//463
f 1258//464 1260//464 1261//464
f 1263//465 1267//465 1269//465
f 1264//466 1267//466 1266//466
f 1265//467 1267//467 1268//467
f 1270//468 1274//468 1276//468
f 1271//469 1274//469 1273//469
f 1272//470 1274//470 1275//470
f 1277//471 1281//471 1283//471
f 1278//472 1281//472 1280//472
f 1279//473 1281//473 1282//473
f 1284//474 1288//474 1290//474
f 1285//475 1288//475 1287//475
f 1286//476 1288//476 1289//476
f 1291//477 1295//477 1297//477
f 1292//478 1295//478 1294//478
f 1293//479 1295//479 1296//479
f 1298//480 1302//480 1304//480
f 1299//481 1302//481 1301//481
f 1300//482 1302//482 1303//482
f 1305//483 1309//483 1311//483
f 1306//484 1309//484 1308//484
f 1307//485 1309//485 1310//485
f 1312//486 1316//486 1318//486
f 1313//487 1316//487 1315//487
f 1314//488 1316//488 1317//488
f 1319//489 1323//489 1325//489
f 1320//490 1323//490 1322//490
f 1321//491 1323//491 1324//491
f 1326//492 1330//492 1332//492
f 1327//493 1330//493 1329//493
f 1328//494 1330//494 1331//494
f 1251//495 1266//495 1255//495
f 1255//496 1263//496 1249//496
f 1272//497 1259//497 1276//497
f 1276//498 1256//498 1270//498
f 1250//499 1261//499 1254//499
f 1254//500 1257//500 1251//500
f 1271//501 1268//501 1275//501
f 1275//502 1264//502 1272//502
f 1265//503 1280//503 1269//503
f 1269//504 1277//504 1263//504
f 1286//505 1273//505 1290//505
f 1290//506 1270//506 1284//506
f 1285//507 1282//507 1289//507
f 1289//508 1278//508 1286//508
f 1279//509 1294//509 1283//509
f 1283//510 1291//510 1277//510
f 1300//511 1287//511 1304//511
f 1304//512 1284//512 1298//512
f 1299//513 1296//513 1303//513
f 1303//514 1292//514 1300//514
f 1293//515 1308//515 1297//515
f 1297//516 1305//516 1291//516
f 1314//517 1301//517 1318//517
f 1318//518 1298//518 1312//518
f 1313//519 1310//519 1317//519
f 1317//520 1306//520 1314//520
f 1307//521 1322//521 1311//521
f 1311//522 1319//522 1305//522
f 1328//523 1315//523 1332//523
f 1332//524 1312//524 1326//524
f 1327//525 1324//525 1331//525
f 1331//526 1320//526 1328//526
f 1321//527 1252//527 1325//527
f 1325//528 1249//528 1319//528
f 1258//529 1329//529 1262//529
f 1262//530 1326//530 1256//530
f 1263//129 1291//129 1319//129
f 1251//531 1272//531 1264//531
f 1321//532 1258//532 1250//532
f 1256//132 1312//132 1284//132
f 1265//255 1286//255 1278//255
f 1279//533 1300//533 1292//533
f 1293//534 1314//534 1306//534
f 1307//257 1328//257 1320//257
f 1333//459 1337//459 1339//459
f 1334//460 1337//460 1336//460
f 1335//461 1337//461 1338//461
f 1340//462 1344//462 1346//462
f 1341//463 1344//463 1343//463
f 1342//464 1344//464 1345//464
f 1347//465 1351//465 1353//465
f 1348//466 1351//466 1350//466
f 1349//467 1351//467 1352//467
f 1354//468 1358//468 1360//468
f 1355//469 1358//469 1357//469
f 1356//470 1358//470 1359//470
f 1361//471 1365//471 1367//471
f 1362//472 1365//472 1364//472
f 1363//473 1365//473 1366//473
f 1368//474 1372//474 1374//474
f 1369//475 1372//475 1371//475
f 1370//476 1372//476 1373//476
f 1375//477 1379//477 1381//477
f 1376//478 1379//478 1378//478
f 1377//479 1379//479 1380//479
f 1382//480 1386//480 1388//480
f 1383//481 1386//481 1385//481
f 1384//482 1386//482 1387//482
f 1389//483 1393//483 1395//483
f 1390//484 1393//484 1392//484
f 1391//485 1393//485 1394//485
f 1396//486 1400//486 1402//486
f 1397//487 1400//487 1399//487
f 1398//488 1400//488 1401//488
f 1403//489 1407//489 1409//489
f 1404//490 1407//490 1406//490
f 1405//491 1407//491 1408//491
f 1410//492 1414//492 1416//492
f 1411//493 1414//493 1413//493
f 1412//494 1414//494 1415//494
f 1335//495 1350//495 1339//495
f 1339//543 1347//543 1333//543
f 1356//497 1343//497 1360//497
f 1360//498 1340//498 1354//498
f 1334//499 1345//499 1338//499
f 1338//500 1341//500 1335//500
f 1355//501 1352//501 1359//501
f 1359//502 1348//502 1356//502
f 1349//503 1364//503 1353//503
f 1353//504 1361//504 1347//504
f 1370//505 1357//505 1374//505
f 1374//506 1354//506 1368//506
f 1369//507 1366//507 1373//507
f 1373//508 1362//508 1370//508
f 1363//509 1378//509 1367//509
f 1367//510 1375//510 1361//510
f 1384//511 1371//511 1388//511
f 1388//512 1368//512 1382//512
f 1383//513 1380//513 1387//513
f 1387//514 1376//514 1384//514
f 1377//515 1392//515 1381//515
f 1381//544 1389//544 1375//544
f 1398//517 1385//517 1402//517
f 1402//518 1382//518 1396//518
f 1397//519 1394//519 1401//519
f 1401//520 1390//520 1398//520
f 1391//521 1406//521 1395//521
f 1395//522 1403//522 1389//522
f 1412//523 1399//523 1416//523
f 1416//524 1396//524 1410//524
f 1411//525 1408//525 1415//525
f 1415//526 1404//526 1412//526
f 1405//527 1336//527 1409//527
f 1409//528 1333//528 1403//528
f 1342//529 1413//529 1346//529
f 1346//530 1410//530 1340//530
f 1347//129 1375//129 1403//129
f 1335//531 1356//531 1348//531
f 1405//532 1342//532 1334//532
f 1340//132 1396//132 1368//132
f 1349//255 1370//255 1362//255
f 1363//533 1384//533 1376//533
f 1377//534 1398//534 1390//534
f 1391//257 1412//257 1404//257
f 1417//459 1421//459 1423//459
f 1418//460 1421//460 1420//460
f 1419//461 1421//461 1422//461
f 1424//462 1428//462 1430//462
f 1425//463 1428//463 1427//463
f 1426//464 1428//464 1429//464
f 1431//465 1435//465 1437//465
f 1432//466 1435//466 1434//466
f 1433//467 1435//467 1436//467
f 1438//468 1442//468 1444//468
f 1439//469 1442//469 1441//469
f 1440//470 1442//470 1443//470
f 1445//471 1449//471 1451//471
f 1446//472 1449//472 1448//472
f 1447//473 1449//473 1450//473
f 1452//474 1456//474 1458//474
f 1453//475 1456//475 1455//475
f 1454//476 1456//476 1457//476
f 1459//477 1463//477 1465//477
f 1460//478 1463//478 1462//478
f 1461//479 1463//479 1464//479
f 1466//480 1470//480 1472//480
f 1467//481 1470//481 1469//481
f 1468//482 1470//482 1471//482
f 1473//483 1477//483 1479//483
f 1474//484 1477//484 1476//484
f 1475//485 1477//485 1478//485
f 1480//486 1484//486 1486//486
f 1481//487 1484//487 1483//487
f 1482//488 1484//488 1485//488
f 1487//489 1491//489 1493//489
f 1488//490 1491//490 1490//490
f 1489//491 1491//491 1492//491
f 1494//492 1498//492 1500//492
f 1495//493 1498//493 1497//493
f 1496//494 1498//494 1499//494
f 1419//495 1434//495 1423//495
f 1423//496 1431//496 1417//496
f 1440//497 1427//497 1444//497
f 1444//498 1424//498 1438//498
f 1418//499 1429//499 1422//499
f 1422//500 1425//500 1419//500
f 1439//501 1436//501 1443//501
f 1443//502 1432//502 1440//502
f 1433//503 1448//503 1437//503
f 1437//504 1445//504 1431//504
f 1454//505 1441//505 1458//505
f 1458//506 1438//506 1452//506
f 1453//507 1450//507 1457//507
f 1457//508 1446//508 1454//508
f 1447//509 1462//509 1451//509
f 1451//510 1459//510 1445//510
f 1468//511 1455//511 1472//511
f 1472//512 1452//512 1466//512
f 1467//513 1464//513 1471//513
f 1471//514 1460//514 1468//514
f 1461//515 1476//515 1465//515
f 1465//516 1473//516 1459//516
f 1482//517 1469//517 1486//517
f 1486//518 1466//518 1480//518
f 1481//519 1478//519 1485//519
f 1485//520 1474//520 1482//520
f 1475//521 1490//521 1479//521
f 1479//522 1487//522 1473//522
f 1496//523 1483//523 1500//523
f 1500//524 1480//524 1494//524
f 1495//525 1492//525 1499//525
f 1499//526 1488//526 1496//526
f 1489//527 1420//527 1493//527
f 1493//528 1417//528 1487//528
f 1426//529 1497//529 1430//529
f 1430//530 1494//530 1424//530
f 1431//129 1459//129 1487//129
f 1419//531 1440//531 1432//531
f 1489//532 1426//532 1418//532
f 1424//132 1480//132 1452//132
f 1433//255 1454//255 1446//255
f 1447//533 1468//533 1460//533
f 1461//534 1482//534 1474//534
f 1475//257 1496//257 1488//257
f 1501//459 1505//459 1507//459
f 1502//460 1505//460 1504//460
f 1503//461 1505//461 1506//461
f 1508//462 1512//462 1514//462
f 1509//463 1512//463 1511//463
f 1510//464 1512//464 1513//464
f 1515//465 1519//465 1521//465
f 1516//466 1519//466 1518//466
f 1517//467 1519//467 1520//467
f 1522//468 1526//468 1528//468
f 1523//469 1526//469 1525//469
f 1524//470 1526//470 1527//470
f 1529//471 1533//471 1535//471
f 1530//472 1533//472 1532//472
f 1531//473 1533//473 1534//473
f 1536//474 1540//474 1542//474
f 1537//475 1540//475 1539//475
f 1538//476 1540//476 1541//476
f 1543//477 1547//477 1549//477
f 1544//478 1547//478 1546//478
f 1545//479 1547//479 1548//479
f 1550//480 1554//480 1556//480
f 1551//481 1554//481 1553//481
f 1552//482 1554//482 1555//482
f 1557//483 1561//483 1563//483
f 1558//484 1561//484 1560//484
f 1559//485 1561//485 1562//485
f 1564//486 1568//486 1570//486
f 1565//487 1568//487 1567//487
f 1566//488 1568//488 1569//488
f 1571//489 1575//489 1577//489
f 1572//490 1575//490 1574//490
f 1573//491 1575//491 1576//491
f 1578//492 1582//492 1584//492
f 1579//493 1582//493 1581//493
f 1580//494 1582//494 1583//494
f 1503//495 1518//495 1507//495
f 1507//543 1515//543 1501//543
f 1524//497 1511//497 1528//497
f 1528//498 1508//498 1522//498
f 1502//499 1513//499 1506//499
f 1506//500 1509//500 1503//500
f 1523//501 1520//501 1527//501
f 1527//502 1516//502 1524//502
f 1517//503 1532//503 1521//503
f 1521//504 1529//504 1515//504
f 1538//505 1525//505 1542//505
f 1542//506 1522//506 1536//506
f 1537//507 1534//507 1541//507
f 1541//508 1530//508 1538//508
f 1531//509 1546//509 1535//509
f 1535//510 1543//510 1529//510
f 1552//511 1539//511 1556//511
f 1556//512 1536//512 1550//512
f 1551//513 1548//513 1555//513
f 1555//514 1544//514 1552//514
f 1545//515 1560//515 1549//515
f 1549//544 1557//544 1543//544
f 1566//517 1553//517 1570//517
f 1570//518 1550//518 1564//518
f 1565//519 1562//519 1569//519
f 1569//520 1558//520 1566//520
f 1559//521 1574//521 1563//521
f 1563//522 1571//522 1557//522
f 1580//523 1567//523 1584//523
f 1584//524 1564//524 1578//524
f 1579//525 1576//525 1583//525
f 1583//526 1572//526 1580//526
f 1573//527 1504//527 1577//527
f 1577//528 1501//528 1571//528
f 1510//529 1581//529 1514//529
f 1514//530 1578//530 1508//530
f 1515//129 1543//129 1571//129
f 1503//531 1524//531 1516//531
f 1573//532 1510//532 1502//532
f 1508//132 1564//132 1536//132
f 1517//255 1538//255 1530//255
f 1531//533 1552//533 1544//533
f 1545//534 1566//534 1558//534
f 1559//257 1580//257 1572//257
f 601//825 604//825 605//825
f 602//826 606//826 605//826
f 603//827 607//827 605//827
f 608//828 611//828 612//828
f 609//829 613//829 612//829
f 610//830 614//830 612//830
f 615//831 618//831 619//831
f 616//832 620//832 619//832
f 617//833 621//833 619//833
f 622//834 625//834 626//834
f 623//835 627//835 626//835
f 624//836 628//836 626//836
f 629//837 632//837 633//837
f 630//838 634//838 633//838
f 631//839 635//839 633//839
f 636//840 639//840 640//840
f 637//841 641//841 640//841
f 638//842 642//842 640//842
f 643//843 646//843 647//843
f 644//844 648//844 647//844
f 645//845 649//845 647//845
f 650//846 653//846 654//846
f 651//847 655//847 654//847
f 652//848 656//848 654//848
f 657//849 660//849 661//849
f 658//850 662//850 661//850
f 659//851 663//851 661//851
f 664//852 667//852 668//852
f 665//853 669//853 668//853
f 666//854 670//854 668//854
f 671//855 674//855 675//855
f 672//856 676//856 675//856
f 673//857 677//857 675//857
f 678//858 681//858 682//858
f 679//859 683//859 682//859
f 680//860 684//860 682//860
f 603//861 616//861 618//861
f 607//862 618//862 615//862
f 624//863 609//863 611//863
f 628//864 611//864 608//864
f 602//499 610//499 613//499
f 606//500 613//500 609//500
f 623//501 617//501 620//501
f 627//502 620//502 616//502
f 617//503 630//503 632//503
f 621//504 632//504 629//504
f 638//505 623//505 625//505
f 642//506 625//506 622//506
f 637//507 631//507 634//507
f 641//508 634//508 630//508
f 631//865 644//865 646//865
f 635//866 646//866 643//866
f 652//867 637//867 639//867
f 656//868 639//868 636//868
f 651//513 645//513 648//513
f 655//514 648//514 644//514
f 645//869 658//869 660//869
f 649//870 660//870 657//870
f 666//871 651//871 653//871
f 670//872 653//872 650//872
f 665//519 659//519 662//519
f 669//520 662//520 658//520
f 659//521 672//521 674//521
f 663//522 674//522 671//522
f 680//523 665//523 667//523
f 684//524 667//524 664//524
f 679//525 673//525 676//525
f 683//526 676//526 672//526
f 673//873 602//873 604//873
f 677//874 604//874 601//874
f 610//875 679//875 681//875
f 614//876 681//876 678//876
f 671//129 601//129 615//129
f 615//129 629//129 643//129
f 643//129 657//129 671//129
f 603//531 609//531 624//531
f 673//532 679//532 610//532
f 636//132 622//132 608//132
f 608//132 678//132 664//132
f 664//132 650//132 636//132
f 617//255 623//255 638//255
f 631//533 637//533 652//533
f 645//534 651//534 666//534
f 659//257 665//257 680//257
f 685//825 688//825 689//825
f 686//826 690//826 689//826
f 687//827 691//827 689//827
f 692//828 695//828 696//828
f 693//829 697//829 696//829
f 694//830 698//830 696//830
f 699//831 702//831 703//831
f 700//832 704//832 703//832
f 701//833 705//833 703//833
f 706//834 709//834 710//834
f 707//835 711//835 710//835
f 708//836 712//836 710//836
f 713//837 716//837 717//837
f 714//838 718//838 717//838
f 715//839 719//839 717//839
f 720//840 723//840 724//840
f 721//841 725//841 724//841
f 722//842 726//842 724//842
f 727//843 730//843 731//843
f 728//844 732//844 731//844
f 729//845 733//845 731//845
f 734//846 737//846 738//846
f 735//847 739//847 738//847
f 736//848 740//848 738//848
f 741//849 744//849 745//849
f 742//850 746//850 745//850
f 743//851 747//851 745//851
f 748//852 751//852 752//852
f 749//853 753//853 752//853
f 750//854 754//854 752//854
f 755//855 758//855 759//855
f 756//856 760//856 759//856
f 757//857 761//857 759//857
f 762//858 765//858 766//858
f 763//859 767//859 766//859
f 764//860 768//860 766//860
f 687//861 700//861 702//861
f 691//877 702//877 699//877
f 708//863 693//863 695//863
f 712//864 695//864 692//864
f 686//499 694//499 697//499
f 690//500 697//500 693//500
f 707//501 701//501 704//501
f 711//502 704//502 700//502
f 701//503 714//503 716//503
f 705//504 716//504 713//504
f 722//505 707//505 709//505
f 726//506 709//506 706//506
f 721//507 715//507 718//507
f 725//508 718//508 714//508
f 715//865 728//865 730//865
f 719//866 730//866 727//866
f 736//867 721//867 723//867
f 740//868 723//868 720//868
f 735//513 729//513 732//513
f 739//514 732//514 728//514
f 729//869 742//869 744//869
f 733//878 744//878 741//878
f 750//871 735//871 737//871
f 754//872 737//872 734//872
f 749//519 743//519 746//519
f 753//520 746//520 742//520
f 743//521 756//521 758//521
f 747//522 758//522 755//522
f 764//523 749//523 751//523
f 768//524 751//524 748//524
f 763//525 757//525 760//525
f 767//526 760//526 756//526
f 757//873 686//873 688//873
f 761//874 688//874 685//874
f 694//875 763//875 765//875
f 698//876 765//876 762//876
f 755//129 685//129 699//129
f 699//129 713//129 727//129
f 727//129 741//129 755//129
f 687//531 693//531 708//531
f 757//532 763//532 694//532
f 720//132 706//132 692//132
f 692//132 762//132 748//132
f 748//132 734//132 720//132
f 701//255 707//255 722//255
f 715//533 721//533 736//533
f 729//534 735//534 750//534
f 743//257 749//257 764//257
f 769//825 772//825 773//825
f 770//826 774//826 773//826
f 771//827 775//827 773//827
f 776//828 779//828 780//828
f 777//829 781//829 780//829
f 778//830 782//830 780//830
f 783//831 786//831 787//831
f 784//832 788//832 787//832
f 785//833 789//833 787//833
f 790//834 793//834 794//834
f 791//835 795//835 794//835
f 792//836 796//836 794//836
f 797//837 800//837 801//837
f 798//838 802//838 801//838
f 799//839 803//839 801//839
f 804//840 807//840 808//840
f 805//841 809//841 808//841
f 806//842 810//842 808//842
f 811//843 814//843 815//843
f 812//844 816//844 815//844
f 813//845 817//845 815//845
f 818//846 821//846 822//846
f 819//847 823//847 822//847
f 820//848 824//848 822//848
f 825//849 828//849 829//849
f 826//850 830//850 829//850
f 827//851 831//851 829//851
f 832//852 835//852 836//852
f 833//853 837//853 836//853
f 834//854 838//854 836//854
f 839//855 842//855 843//855
f 840//856 844//856 843//856
f 841//857 845//857 843//857
f 846//858 849//858 850//858
f 847//859 851//859 850//859
f 848//860 852//860 850//860
f 771//861 784//861 786//861
f 775//862 786//862 783//862
f 792//863 777//863 779//863
f 796//864 779//864 776//864
f 770//499 778//499 781//499
f 774//500 781//500 777//500
f 791//501 785//501 788//501
f 795//502 788//502 784//502
f 785//503 798//503 800//503
f 789//504 800//504 797//504
f 806//505 791//505 793//505
f 810//506 793//506 790//506
f 805//507 799//507 802//507
f 809//508 802//508 798//508
f 799//865 812//865 814//865
f 803//866 814//866 811//866
f 820//867 805//867 807//867
f 824//868 807//868 804//868
f 819//513 813//513 816//513
f 823//514 816//514 812//514
f 813//869 826//869 828//869
f 817//870 828//870 825//870
f 834//871 819//871 821//871
f 838//872 821//872 818//872
f 833//519 827//519 830//519
f 837//520 830//520 826//520
f 827//521 840//521 842//521
f 831//522 842//522 839//522
f 848//523 833//523 835//523
f 852//524 835//524 832//524
f 847//525 841//525 844//525
f 851//526 844//526 840//526
f 841//873 770//873 772//873
f 845//874 772//874 769//874
f 778//875 847//875 849//875
f 782//876 849//876 846//876
f 839//129 769//129 783//129
f 783//129 797//129 811//129
f 811//129 825//129 839//129
f 771//531 777//531 792//531
f 841//532 847//532 778//532
f 804//132 790//132 776//132
f 776//132 846//132 832//132
f 832//132 818//132 804//132
f 785//255 791//255 806//255
f 799//533 805//533 820//533
f 813//534 819//534 834//534
f 827//257 833//257 848//257
f 853//825 856//825 857//825
f 854//826 858//826 857//826
f 855//827 859//827 857//827
f 860//828 863//828 864//828
f 861//829 865//829 864//829
f 862//830 866//830 864//830
f 867//831 870//831 871//831
f 868//832 872//832 871//832
f 869//833 873//833 871//833
f 874//834 877//834 878//834
f 875//835 879//835 878//835
f 876//836 880//836 878//836
f 881//837 884//837 885//837
f 882//838 886//838 885//838
f 883//839 887//839 885//839
f 888//840 891//840 892//840
f 889//841 893//841 892//841
f 890//842 894//842 892//842
f 895//843 898//843 899//843
f 896//844 900//844 899//844
f 897//845 901//845 899//845
f 902//846 905//846 906//846
f 903//847 907//847 906//847
f 904//848 908//848 906//848
f 909//849 912//849 913//849
f 910//850 914//850 913//850
f 911//851 915//851 913//851
f 916//852 919//852 920//852
f 917//853 921//853 920//853
f 918//854 922//854 920//854
f 923//855 926//855 927//855
f 924//856 928//856 927//856
f 925//857 929//857 927//857
f 930//858 933//858 934//858
f 931//859 935//859 934//859
f 932//860 936//860 934//860
f 855//861 868//861 870//861
f 859//877 870//877 867//877
f 876//863 861//863 863//863
f 880//864 863//864 860//864
f 854//499 862//499 865//499
f 858//500 865//500 861//500
f 875//501 869//501 872//501
f 879//502 872//502 868//502
f 869//503 882//503 884//503
f 873//504 884//504 881//504
f 890//505 875//505 877//505
f 894//506 877//506 874//506
f 889//507 883//507 886//507
f 893//508 886//508 882//508
f 883//865 896//865 898//865
f 887//866 898//866 895//866
f 904//867 889//867 891//867
f 908//868 891//868 888//868
f 903//513 897//513 900//513
f 907//514 900//514 896//514
f 897//869 910//869 912//869
f 901//878 912//878 909//878
f 918//871 903//871 905//871
f 922//872 905//872 902//872
f 917//519 911//519 914//519
f 921//520 914//520 910//520
f 911//521 924//521 926//521
f 915//522 926//522 923//522
f 932//523 917//523 919//523
f 936//524 919//524 916//524
f 931//525 925//525 928//525
f 935//526 928//526 924//526
f 925//873 854//873 856//873
f 929//874 856//874 853//874
f 862//875 931//875 933//875
f 866//876 933//876 930//876
f 923//129 853//129 867//129
f 867//129 881//129 895//129
f 895//129 909//129 923//129
f 855//531 861//531 876//531
f 925//532 931//532 862//532
f 888//132 874//132 860//132
f 860//132 930//132 916//132
f 916//132 902//132 888//132
f 869//255 875//255 890//255
f 883//533 889//533 904//533
f 897//534 903//534 918//534
f 911//257 917//257 932//257
f 1249//825 1252//825 1253//825
f 1250//826 1254//826 1253//826
f 1251//827 1255//827 1253//827
f 1256//828 1259//828 1260//828
f 1257//829 1261//829 1260//829
f 1258//830 1262//830 1260//830
f 1263//831 1266//831 1267//831
f 1264//832 1268//832 1267//832
f 1265//833 1269//833 1267//833
f 1270//834 1273//834 1274//834
f 1271//835 1275//835 1274//835
f 1272//836 1276//836 1274//836
f 1277//837 1280//837 1281//837
f 1278//838 1282//838 1281//838
f 1279//839 1283//839 1281//839
f 1284//840 1287//840 1288//840
f 1285//841 1289//841 1288//841
f 1286//842 1290//842 1288//842
f 1291//843 1294//843 1295//843
f 1292//844 1296//844 1295//844
f 1293//845 1297//845 1295//845
f 1298//846 1301//846 1302//846
f 1299//847 1303//847 1302//847
f 1300//848 1304//848 1302//848
f 1305//849 1308//849 1309//849
f 1306//850 1310//850 1309//850
f 1307//851 1311//851 1309//851
f 1312//852 1315//852 1316//852
f 1313//853 1317//853 1316//853
f 1314//854 1318//854 1316//854
f 1319//855 1322//855 1323//855
f 1320//856 1324//856 1323//856
f 1321//857 1325//857 1323//857
f 1326//858 1329//858 1330//858
f 1327//859 1331//859 1330//859
f 1328//860 1332//860 1330//860
f 1251//861 1264//861 1266//861
f 1255//862 1266//862 1263//862
f 1272//863 1257//863 1259//863
f 1276//864 1259//864 1256//864
f 1250//499 1258//499 1261//499
f 1254//500 1261//500 1257//500
f 1271//501 1265//501 1268//501
f 1275//502 1268//502 1264//502
f 1265//503 1278//503 1280//503
f 1269//504 1280//504 1277//504
f 1286//505 1271//505 1273//505
f 1290//506 1273//506 1270//506
f 1285//507 1279//507 1282//507
f 1289//508 1282//508 1278//508
f 1279//865 1292//865 1294//865
f 1283//866 1294//866 1291//866
f 1300//867 1285//867 1287//867
f 1304//868 1287//868 1284//868
f 1299//513 1293//513 1296//513
f 1303//514 1296//514 1292//514
f 1293//869 1306//869 1308//869
f 1297//870 1308//870 1305//870
f 1314//871 1299//871 1301//871
f 1318//872 1301//872 1298//872
f 1313//519 1307//519 1310//519
f 1317//520 1310//520 1306//520
f 1307//521 1320//521 1322//521
f 1311//522 1322//522 1319//522
f 1328//523 1313//523 1315//523
f 1332//524 1315//524 1312//524
f 1327//525 1321//525 1324//525
f 1331//526 1324//526 1320//526
f 1321//873 1250//873 1252//873
f 1325//874 1252//874 1249//874
f 1258//875 1327//875 1329//875
f 1262//876 1329//876 1326//876
f 1319//129 1249//129 1263//129
f 1263//129 1277//129 1291//129
f 1291//129 1305//129 1319//129
f 1251//531 1257//531 1272//531
f 1321//532 1327//532 1258//532
f 1284//132 1270//132 1256//132
f 1256//132 1326//132 1312//132
f 1312//132 1298//132 1284//132
f 1265//255 1271//255 1286//255
f 1279//533 1285//533 1300//533
f 1293//534 1299//534 1314//534
f 1307//257 1313//257 1328//257
f 1333//825 1336//825 1337//825
f 1334//826 1338//826 1337//826
f 1335//827 1339//827 1337//827
f 1340//828 1343//828 1344//828
f 1341//829 1345//829 1344//829
f 1342//830 1346//830 1344//830
f 1347//831 1350//831 1351//831
f 1348//832 1352//832 1351//832
f 1349//833 1353//833 1351//833
f 1354//834 1357//834 1358//834
f 1355//835 1359//835 1358//835
f 1356//836 1360//836 1358//836
f 1361//837 1364//837 1365//837
f 1362//838 1366//838 1365//838
f 1363//839 1367//839 1365//839
f 1368//840 1371//840 1372//840
f 1369//841 1373//841 1372//841
f 1370//842 1374//842 1372//842
f 1375//843 1378//843 1379//843
f 1376//844 1380//844 1379//844
f 1377//845 1381//845 1379//845
f 1382//846 1385//846 1386//846
f 1383//847 1387//847 1386//847
f 1384//848 1388//848 1386//848
f 1389//849 1392//849 1393//849
f 1390//850 1394//850 1393//850
f 1391//851 1395//851 1393//851
f 1396//852 1399//852 1400//852
f 1397//853 1401//853 1400//853
f 1398//854 1402//854 1400//854
f 1403//855 1406//855 1407//855
f 1404//856 1408//856 1407//856
f 1405//857 1409//857 1407//857
f 1410//858 1413//858 1414//858
f 1411//859 1415//859 1414//859
f 1412//860 1416//860 1414//860
f 1335//861 1348//861 1350//861
f 1339//862 1350//862 1347//862
f 1356//863 1341//863 1343//863
f 1360//864 1343//864 1340//864
f 1334//499 1342//499 1345//499
f 1338//500 1345//500 1341//500
f 1355//501 1349//501 1352//501
f 1359//502 1352//502 1348//502
f 1349//503 1362//503 1364//503
f 1353//504 1364//504 1361//504
f 1370//505 1355//505 1357//505
f 1374//506 1357//506 1354//506
f 1369//507 1363//507 1366//507
f 1373//508 1366//508 1362//508
f 1363//865 1376//865 1378//865
f 1367//866 1378//866 1375//866
f 1384//867 1369//867 1371//867
f 1388//888 1371//888 1368//888
f 1383//513 1377//513 1380//513
f 1387//514 1380//514 1376//514
f 1377//869 1390//869 1392//869
f 1381//870 1392//870 1389//870
f 1398//871 1383//871 1385//871
f 1402//872 1385//872 1382//872
f 1397//519 1391//519 1394//519
f 1401//520 1394//520 1390//520
f 1391//521 1404//521 1406//521
f 1395//522 1406//522 1403//522
f 1412//523 1397//523 1399//523
f 1416//524 1399//524 1396//524
f 1411//525 1405//525 1408//525
f 1415//526 1408//526 1404//526
f 1405//873 1334//873 1336//873
f 1409//874 1336//874 1333//874
f 1342//875 1411//875 1413//875
f 1346//889 1413//889 1410//889
f 1403//129 1333//129 1347//129
f 1347//129 1361//129 1375//129
f 1375//129 1389//129 1403//129
f 1335//531 1341//531 1356//531
f 1405//532 1411//532 1342//532
f 1368//132 1354//132 1340//132
f 1340//132 1410//132 1396//132
f 1396//132 1382//132 1368//132
f 1349//255 1355//255 1370//255
f 1363//533 1369//533 1384//533
f 1377//534 1383//534 1398//534
f 1391//257 1397//257 1412//257
f 1417//825 1420//825 1421//825
f 1418//826 1422//826 1421//826
f 1419//827 1423//827 1421//827
f 1424//828 1427//828 1428//828
f 1425//829 1429//829 1428//829
f 1426//830 1430//830 1428//830
f 1431//831 1434//831 1435//831
f 1432//832 1436//832 1435//832
f 1433//833 1437//833 1435//833
f 1438//834 1441//834 1442//834
f 1439//835 1443//835 1442//835
f 1440//836 1444//836 1442//836
f 1445//837 1448//837 1449//837
f 1446//838 1450//838 1449//838
f 1447//839 1451//839 1449//839
f 1452//840 1455//840 1456//840
f 1453//841 1457//841 1456//841
f 1454//842 1458//842 1456//842
f 1459//843 1462//843 1463//843
f 1460//844 1464//844 1463//844
f 1461//845 1465//845 1463//845
f 1466//846 1469//846 1470//846
f 1467//847 1471//847 1470//847
f 1468//848 1472//848 1470//848
f 1473//849 1476//849 1477//849
f 1474//850 1478//850 1477//850
f 1475//851 1479//851 1477//851
f 1480//852 1483//852 1484//852
f 1481//853 1485//853 1484//853
f 1482//854 1486//854 1484//854
f 1487//855 1490//855 1491//855
f 1488//856 1492//856 1491//856
f 1489//857 1493//857 1491//857
f 1494//858 1497//858 1498//858
f 1495//859 1499//859 1498//859
f 1496//860 1500//860 1498//860
f 1419//861 1432//861 1434//861
f 1423//862 1434//862 1431//862
f 1440//863 1425//863 1427//863
f 1444//864 1427//864 1424//864
f 1418//499 1426//499 1429//499
f 1422//500 1429//500 1425//500
f 1439//501 1433//501 1436//501
f 1443//502 1436//502 1432//502
f 1433//503 1446//503 1448//503
f 1437//504 1448//504 1445//504
f 1454//505 1439//505 1441//505
f 1458//506 1441//506 1438//506
f 1453//507 1447//507 1450//507
f 1457//508 1450//508 1446//508
f 1447//865 1460//865 1462//865
f 1451//866 1462//866 1459//866
f 1468//867 1453//867 1455//867
f 1472//868 1455//868 1452//868
f 1467//513 1461//513 1464//513
f 1471//514 1464//514 1460//514
f 1461//869 1474//869 1476//869
f 1465//870 1476//870 1473//870
f 1482//871 1467//871 1469//871
f 1486//872 1469//872 1466//872
f 1481//519 1475//519 1478//519
f 1485//520 1478//520 1474//520
f 1475//521 1488//521 1490//521
f 1479//522 1490//522 1487//522
f 1496//523 1481//523 1483//523
f 1500//524 1483//524 1480//524
f 1495//525 1489//525 1492//525
f 1499//526 1492//526 1488//526
f 1489//873 1418//873 1420//873
f 1493//874 1420//874 1417//874
f 1426//875 1495//875 1497//875
f 1430//876 1497//876 1494//876
f 1487//129 1417//129 1431//129
f 1431//129 1445//129 1459//129
f 1459//129 1473//129 1487//129
f 1419//531 1425//531 1440//531
f 1489//532 1495//532 1426//532
f 1452//132 1438//132 1424//132
f 1424//132 1494//132 1480//132
f 1480//132 1466//132 1452//132
f 1433//255 1439//255 1454//255
f 1447//533 1453//533 1468//533
f 1461//534 1467//534 1482//534
f 1475//257 1481//257 1496//257
f 1501//825 1504//825 1505//825
f 1502//826 1506//826 1505//826
f 1503//827 1507//827 1505//827
f 1508//828 1511//828 1512//828
f 1509//829 1513//829 1512//829
f 1510//830 1514//830 1512//830
f 1515//831 1518//831 1519//831
f 1516//832 1520//832 1519//832
f 1517//833 1521//833 1519//833
f 1522//834 1525//834 1526//834
f 1523//835 1527//835 1526//835
f 1524//836 1528//836 1526//836
f 1529//837 1532//837 1533//837
f 1530//838 1534//838 1533//838
f 1531//839 1535//839 1533//839
f 1536//840 1539//840 1540//840
f 1537//841 1541//841 1540//841
f 1538//842 1542//842 1540//842
f 1543//843 1546//843 1547//843
f 1544//844 1548//844 1547//844
f 1545//845 1549//845 1547//845
f 1550//846 1553//846 1554//846
f 1551//847 1555//847 1554//847
f 1552//848 1556//848 1554//848
f 1557//849 1560//849 1561//849
f 1558//850 1562//850 1561//850
f 1559//851 1563//851 1561//851
f 1564//852 1567//852 1568//852
f 1565//853 1569//853 1568//853
f 1566//854 1570//854 1568//854
f 1571//855 1574//855 1575//855
f 1572//856 1576//856 1575//856
f 1573//857 1577//857 1575//857
f 1578//858 1581//858 1582//858
f 1579//859 1583//859 1582//859
f 1580//860 1584//860 1582//860
f 1503//861 1516//861 1518//861
f 1507//862 1518//862 1515//862
f 1524//863 1509//863 1511//863
f 1528//864 1511//864 1508//864
f 1502//499 1510//499 1513//499
f 1506//500 1513//500 1509//500
f 1523//501 1517//501 1520//501
f 1527//502 1520//502 1516//502
f 1517//503 1530//503 1532//503
f 1521//504 1532//504 1529//504
f 1538//505 1523//505 1525//505
f 1542//506 1525//506 1522//506
f 1537//507 1531//507 1534//507
f 1541//508 1534//508 1530//508
f 1531//865 1544//865 1546//865
f 1535//866 1546//866 1543//866
f 1552//867 1537//867 1539//867
f 1556//888 1539//888 1536//888
f 1551//513 1545//513 1548//513
f 1555//514 1548//514 1544//514
f 1545//869 1558//869 1560//869
f 1549//870 1560//870 1557//870
f 1566//871 1551//871 1553//871
f 1570//872 1553//872 1550//872
f 1565//519 1559//519 1562//519
f 1569//520 1562//520 1558//520
f 1559//521 1572//521 1574//521
f 1563//522 1574//522 1571//522
f 1580//523 1565//523 1567//523
f 1584//524 1567//524 1564//524
f 1579//525 1573//525 1576//525
f 1583//526 1576//526 1572//526
f 1573//873 1502//873 1504//873
f 1577//874 1504//874 1501//874
f 1510//875 1579//875 1581//875
f 1514//889 1581//889 1578//889
f 1571//129 1501//129 1515//129
f 1515//129 1529//129 1543//129
f 1543//129 1557//129 1571//129
f 1503//531 1509//531 1524//531
f 1573//532 1579//532 1510//532
f 1536//132 1522//132 1508//132
f 1508//132 1578//132 1564//132
f 1564//132 1550//132 1536//132
f 1517//255 1523//255 1538//255
f 1531//533 1537//533 1552//533
f 1545//534 1551//534 1566//534
f 1559//257 1565//257 1580//257
