# Blender 5.2.1 LTS
# www.blender.org
mtllib modular_controller.mtl
o modular_controller
v -0.058000 -0.050000 0.002000
v -0.058000 -0.048000 0.004000
v -0.060000 -0.048000 0.002000
v -0.058000 -0.049733 0.002999
v -0.058999 -0.049733 0.002000
v -0.058956 -0.049473 0.002956
v -0.058999 -0.048000 0.003733
v -0.058000 -0.048999 0.003733
v -0.058956 -0.048956 0.003473
v -0.059733 -0.048999 0.002000
v -0.059733 -0.048000 0.002999
v -0.059473 -0.048956 0.002956
v -0.058000 0.048000 0.004000
v -0.058000 0.050000 0.002000
v -0.060000 0.048000 0.002000
v -0.058000 0.048999 0.003733
v -0.058999 0.048000 0.003733
v -0.058956 0.048956 0.003473
v -0.058999 0.049733 0.002000
v -0.058000 0.049733 0.002999
v -0.058956 0.049473 0.002956
v -0.059733 0.048000 0.002999
v -0.059733 0.048999 0.002000
v -0.059473 0.048956 0.002956
v -0.058000 -0.050000 -0.002000
v -0.060000 -0.048000 -0.002000
v -0.058000 -0.048000 -0.004000
v -0.058999 -0.049733 -0.002000
v -0.058000 -0.049733 -0.002999
v -0.058956 -0.049473 -0.002956
v -0.059733 -0.048000 -0.002999
v -0.059733 -0.048999 -0.002000
v -0.059473 -0.048956 -0.002956
v -0.058000 -0.048999 -0.003733
v -0.058999 -0.048000 -0.003733
v -0.058956 -0.048956 -0.003473
v -0.058000 0.050000 -0.002000
v -0.058000 0.048000 -0.004000
v -0.060000 0.048000 -0.002000
v -0.058000 0.049733 -0.002999
v -0.058999 0.049733 -0.002000
v -0.058956 0.049473 -0.002956
v -0.058999 0.048000 -0.003733
v -0.058000 0.048999 -0.003733
v -0.058956 0.048956 -0.003473
v -0.059733 0.048999 -0.002000
v -0.059733 0.048000 -0.002999
v -0.059473 0.048956 -0.002956
v 0.058000 -0.050000 0.002000
v 0.060000 -0.048000 0.002000
v 0.058000 -0.048000 0.004000
v 0.058999 -0.049733 0.002000
v 0.058000 -0.049733 0.002999
v 0.058956 -0.049473 0.002956
v 0.059733 -0.048000 0.002999
v 0.059733 -0.048999 0.002000
v 0.059473 -0.048956 0.002956
v 0.058000 -0.048999 0.003733
v 0.058999 -0.048000 0.003733
v 0.058956 -0.048956 0.003473
v 0.058000 0.050000 0.002000
v 0.058000 0.048000 0.004000
v 0.060000 0.048000 0.002000
v 0.058000 0.049733 0.002999
v 0.058999 0.049733 0.002000
v 0.058956 0.049473 0.002956
v 0.058999 0.048000 0.003733
v 0.058000 0.048999 0.003733
v 0.058956 0.048956 0.003473
v 0.059733 0.048999 0.002000
v 0.059733 0.048000 0.002999
v 0.059473 0.048956 0.002956
v 0.058000 -0.050000 -0.002000
v 0.058000 -0.048000 -0.004000
v 0.060000 -0.048000 -0.002000
v 0.058000 -0.049733 -0.002999
v 0.058999 -0.049733 -0.002000
v 0.058956 -0.049473 -0.002956
v 0.058999 -0.048000 -0.003733
v 0.058000 -0.048999 -0.003733
v 0.058956 -0.048956 -0.003473
v 0.059733 -0.048999 -0.002000
v 0.059733 -0.048000 -0.002999
v 0.059473 -0.048956 -0.002956
v 0.058000 0.050000 -0.002000
v 0.060000 0.048000 -0.002000
v 0.058000 0.048000 -0.004000
v 0.058999 0.049733 -0.002000
v 0.058000 0.049733 -0.002999
v 0.058956 0.049473 -0.002956
v 0.059733 0.048000 -0.002999
v 0.059733 0.048999 -0.002000
v 0.059473 0.048956 -0.002956
v 0.058000 0.048999 -0.003733
v 0.058999 0.048000 -0.003733
v 0.058956 0.048956 -0.003473
v -0.012000 -0.013000 -0.006000
v -0.012000 -0.011000 -0.004000
v -0.014000 -0.011000 -0.006000
v -0.012000 -0.012733 -0.005001
v -0.012999 -0.012733 -0.006000
v -0.012956 -0.012473 -0.005044
v -0.012999 -0.011000 -0.004267
v -0.012000 -0.011999 -0.004267
v -0.012956 -0.011956 -0.004527
v -0.013733 -0.011999 -0.006000
v -0.013733 -0.011000 -0.005001
v -0.013473 -0.011956 -0.005044
v -0.012000 0.011000 -0.004000
v -0.012000 0.013000 -0.006000
v -0.014000 0.011000 -0.006000
v -0.012000 0.011999 -0.004267
v -0.012999 0.011000 -0.004267
v -0.012956 0.011956 -0.004527
v -0.012999 0.012733 -0.006000
v -0.012000 0.012733 -0.005001
v -0.012956 0.012473 -0.005044
v -0.013733 0.011000 -0.005001
v -0.013733 0.011999 -0.006000
v -0.013473 0.011956 -0.005044
v -0.012000 -0.013000 -0.010000
v -0.014000 -0.011000 -0.010000
v -0.012000 -0.011000 -0.012000
v -0.012999 -0.012733 -0.010000
v -0.012000 -0.012733 -0.010999
v -0.012956 -0.012473 -0.010956
v -0.013733 -0.011000 -0.010999
v -0.013733 -0.011999 -0.010000
v -0.013473 -0.011956 -0.010956
v -0.012000 -0.011999 -0.011733
v -0.012999 -0.011000 -0.011733
v -0.012956 -0.011956 -0.011473
v -0.012000 0.013000 -0.010000
v -0.012000 0.011000 -0.012000
v -0.014000 0.011000 -0.010000
v -0.012000 0.012733 -0.010999
v -0.012999 0.012733 -0.010000
v -0.012956 0.012473 -0.010956
v -0.012999 0.011000 -0.011733
v -0.012000 0.011999 -0.011733
v -0.012956 0.011956 -0.011473
v -0.013733 0.011999 -0.010000
v -0.013733 0.011000 -0.010999
v -0.013473 0.011956 -0.010956
v 0.012000 -0.013000 -0.006000
v 0.014000 -0.011000 -0.006000
v 0.012000 -0.011000 -0.004000
v 0.012999 -0.012733 -0.006000
v 0.012000 -0.012733 -0.005001
v 0.012956 -0.012473 -0.005044
v 0.013733 -0.011000 -0.005001
v 0.013733 -0.011999 -0.006000
v 0.013473 -0.011956 -0.005044
v 0.012000 -0.011999 -0.004267
v 0.012999 -0.011000 -0.004267
v 0.012956 -0.011956 -0.004527
v 0.012000 0.013000 -0.006000
v 0.012000 0.011000 -0.004000
v 0.014000 0.011000 -0.006000
v 0.012000 0.012733 -0.005001
v 0.012999 0.012733 -0.006000
v 0.012956 0.012473 -0.005044
v 0.012999 0.011000 -0.004267
v 0.012000 0.011999 -0.004267
v 0.012956 0.011956 -0.004527
v 0.013733 0.011999 -0.006000
v 0.013733 0.011000 -0.005001
v 0.013473 0.011956 -0.005044
v 0.012000 -0.013000 -0.010000
v 0.012000 -0.011000 -0.012000
v 0.014000 -0.011000 -0.010000
v 0.012000 -0.012733 -0.010999
v 0.012999 -0.012733 -0.010000
v 0.012956 -0.012473 -0.010956
v 0.012999 -0.011000 -0.011733
v 0.012000 -0.011999 -0.011733
v 0.012956 -0.011956 -0.011473
v 0.013733 -0.011999 -0.010000
v 0.013733 -0.011000 -0.010999
v 0.013473 -0.011956 -0.010956
v 0.012000 0.013000 -0.010000
v 0.014000 0.011000 -0.010000
v 0.012000 0.011000 -0.012000
v 0.012999 0.012733 -0.010000
v 0.012000 0.012733 -0.010999
v 0.012956 0.012473 -0.010956
v 0.013733 0.011000 -0.010999
v 0.013733 0.011999 -0.010000
v 0.013473 0.011956 -0.010956
v 0.012000 0.011999 -0.011733
v 0.012999 0.011000 -0.011733
v 0.012956 0.011956 -0.011473
v -0.005000 -0.051000 -0.007000
v -0.005000 -0.049000 -0.005000
v -0.007000 -0.049000 -0.007000
v -0.005000 -0.050733 -0.006001
v -0.005999 -0.050733 -0.007000
v -0.005956 -0.050473 -0.006044
v -0.005999 -0.049000 -0.005267
v -0.005000 -0.049999 -0.005267
v -0.005956 -0.049956 -0.005527
v -0.006733 -0.049999 -0.007000
v -0.006733 -0.049000 -0.006001
v -0.006473 -0.049956 -0.006044
v -0.005000 -0.041000 -0.005000
v -0.005000 -0.039000 -0.007000
v -0.007000 -0.041000 -0.007000
v -0.005000 -0.040001 -0.005267
v -0.005999 -0.041000 -0.005267
v -0.005956 -0.040044 -0.005527
v -0.005999 -0.039267 -0.007000
v -0.005000 -0.039267 -0.006001
v -0.005956 -0.039527 -0.006044
v -0.006733 -0.041000 -0.006001
v -0.006733 -0.040001 -0.007000
v -0.006473 -0.040044 -0.006044
v -0.005000 -0.051000 -0.013000
v -0.007000 -0.049000 -0.013000
v -0.005000 -0.049000 -0.015000
v -0.005999 -0.050733 -0.013000
v -0.005000 -0.050733 -0.013999
v -0.005956 -0.050473 -0.013956
v -0.006733 -0.049000 -0.013999
v -0.006733 -0.049999 -0.013000
v -0.006473 -0.049956 -0.013956
v -0.005000 -0.049999 -0.014733
v -0.005999 -0.049000 -0.014733
v -0.005956 -0.049956 -0.014473
v -0.005000 -0.039000 -0.013000
v -0.005000 -0.041000 -0.015000
v -0.007000 -0.041000 -0.013000
v -0.005000 -0.039267 -0.013999
v -0.005999 -0.039267 -0.013000
v -0.005956 -0.039527 -0.013956
v -0.005999 -0.041000 -0.014733
v -0.005000 -0.040001 -0.014733
v -0.005956 -0.040044 -0.014473
v -0.006733 -0.040001 -0.013000
v -0.006733 -0.041000 -0.013999
v -0.006473 -0.040044 -0.013956
v 0.005000 -0.051000 -0.007000
v 0.007000 -0.049000 -0.007000
v 0.005000 -0.049000 -0.005000
v 0.005999 -0.050733 -0.007000
v 0.005000 -0.050733 -0.006001
v 0.005956 -0.050473 -0.006044
v 0.006733 -0.049000 -0.006001
v 0.006733 -0.049999 -0.007000
v 0.006473 -0.049956 -0.006044
v 0.005000 -0.049999 -0.005267
v 0.005999 -0.049000 -0.005267
v 0.005956 -0.049956 -0.005527
v 0.005000 -0.039000 -0.007000
v 0.005000 -0.041000 -0.005000
v 0.007000 -0.041000 -0.007000
v 0.005000 -0.039267 -0.006001
v 0.005999 -0.039267 -0.007000
v 0.005956 -0.039527 -0.006044
v 0.005999 -0.041000 -0.005267
v 0.005000 -0.040001 -0.005267
v 0.005956 -0.040044 -0.005527
v 0.006733 -0.040001 -0.007000
v 0.006733 -0.041000 -0.006001
v 0.006473 -0.040044 -0.006044
v 0.005000 -0.051000 -0.013000
v 0.005000 -0.049000 -0.015000
v 0.007000 -0.049000 -0.013000
v 0.005000 -0.050733 -0.013999
v 0.005999 -0.050733 -0.013000
v 0.005956 -0.050473 -0.013956
v 0.005999 -0.049000 -0.014733
v 0.005000 -0.049999 -0.014733
v 0.005956 -0.049956 -0.014473
v 0.006733 -0.049999 -0.013000
v 0.006733 -0.049000 -0.013999
v 0.006473 -0.049956 -0.013956
v 0.005000 -0.039000 -0.013000
v 0.007000 -0.041000 -0.013000
v 0.005000 -0.041000 -0.015000
v 0.005999 -0.039267 -0.013000
v 0.005000 -0.039267 -0.013999
v 0.005956 -0.039527 -0.013956
v 0.006733 -0.041000 -0.013999
v 0.006733 -0.040001 -0.013000
v 0.006473 -0.040044 -0.013956
v 0.005000 -0.040001 -0.014733
v 0.005999 -0.041000 -0.014733
v 0.005956 -0.040044 -0.014473
v -0.051000 -0.036500 -0.004500
v -0.051000 -0.035500 -0.003500
v -0.052000 -0.035500 -0.004500
v -0.051000 -0.036366 -0.004001
v -0.051499 -0.036366 -0.004500
v -0.051478 -0.036237 -0.004022
v -0.051499 -0.035500 -0.003634
v -0.051000 -0.035999 -0.003634
v -0.051478 -0.035978 -0.003763
v -0.051866 -0.035999 -0.004500
v -0.051866 -0.035500 -0.004001
v -0.051737 -0.035978 -0.004022
v -0.051000 -0.028500 -0.003500
v -0.051000 -0.027500 -0.004500
v -0.052000 -0.028500 -0.004500
v -0.051000 -0.028001 -0.003634
v -0.051499 -0.028500 -0.003634
v -0.051478 -0.028022 -0.003763
v -0.051499 -0.027634 -0.004500
v -0.051000 -0.027634 -0.004001
v -0.051478 -0.027763 -0.004022
v -0.051866 -0.028500 -0.004001
v -0.051866 -0.028001 -0.004500
v -0.051737 -0.028022 -0.004022
v -0.051000 -0.036500 -0.011500
v -0.052000 -0.035500 -0.011500
v -0.051000 -0.035500 -0.012500
v -0.051499 -0.036366 -0.011500
v -0.051000 -0.036366 -0.011999
v -0.051478 -0.036237 -0.011978
v -0.051866 -0.035500 -0.011999
v -0.051866 -0.035999 -0.011500
v -0.051737 -0.035978 -0.011978
v -0.051000 -0.035999 -0.012366
v -0.051499 -0.035500 -0.012366
v -0.051478 -0.035978 -0.012237
v -0.051000 -0.027500 -0.011500
v -0.051000 -0.028500 -0.012500
v -0.052000 -0.028500 -0.011500
v -0.051000 -0.027634 -0.011999
v -0.051499 -0.027634 -0.011500
v -0.051478 -0.027763 -0.011978
v -0.051499 -0.028500 -0.012366
v -0.051000 -0.028001 -0.012366
v -0.051478 -0.028022 -0.012237
v -0.051866 -0.028001 -0.011500
v -0.051866 -0.028500 -0.011999
v -0.051737 -0.028022 -0.011978
v -0.041000 -0.036500 -0.004500
v -0.040000 -0.035500 -0.004500
v -0.041000 -0.035500 -0.003500
v -0.040501 -0.036366 -0.004500
v -0.041000 -0.036366 -0.004001
v -0.040522 -0.036237 -0.004022
v -0.040134 -0.035500 -0.004001
v -0.040134 -0.035999 -0.004500
v -0.040263 -0.035978 -0.004022
v -0.041000 -0.035999 -0.003634
v -0.040501 -0.035500 -0.003634
v -0.040522 -0.035978 -0.003763
v -0.041000 -0.027500 -0.004500
v -0.041000 -0.028500 -0.003500
v -0.040000 -0.028500 -0.004500
v -0.041000 -0.027634 -0.004001
v -0.040501 -0.027634 -0.004500
v -0.040522 -0.027763 -0.004022
v -0.040501 -0.028500 -0.003634
v -0.041000 -0.028001 -0.003634
v -0.040522 -0.028022 -0.003763
v -0.040134 -0.028001 -0.004500
v -0.040134 -0.028500 -0.004001
v -0.040263 -0.028022 -0.004022
v -0.041000 -0.036500 -0.011500
v -0.041000 -0.035500 -0.012500
v -0.040000 -0.035500 -0.011500
v -0.041000 -0.036366 -0.011999
v -0.040501 -0.036366 -0.011500
v -0.040522 -0.036237 -0.011978
v -0.040501 -0.035500 -0.012366
v -0.041000 -0.035999 -0.012366
v -0.040522 -0.035978 -0.012237
v -0.040134 -0.035999 -0.011500
v -0.040134 -0.035500 -0.011999
v -0.040263 -0.035978 -0.011978
v -0.041000 -0.027500 -0.011500
v -0.040000 -0.028500 -0.011500
v -0.041000 -0.028500 -0.012500
v -0.040501 -0.027634 -0.011500
v -0.041000 -0.027634 -0.011999
v -0.040522 -0.027763 -0.011978
v -0.040134 -0.028500 -0.011999
v -0.040134 -0.028001 -0.011500
v -0.040263 -0.028022 -0.011978
v -0.041000 -0.028001 -0.012366
v -0.040501 -0.028500 -0.012366
v -0.040522 -0.028022 -0.012237
v -0.049500 -0.033000 -0.013000
v -0.049500 -0.031000 -0.013000
v -0.049500 -0.033000 -0.015000
v -0.049500 -0.031000 -0.015000
v -0.042500 -0.033000 -0.013000
v -0.042500 -0.031000 -0.013000
v -0.042500 -0.033000 -0.015000
v -0.042500 -0.031000 -0.015000
v -0.051000 -0.020500 -0.004500
v -0.051000 -0.019500 -0.003500
v -0.052000 -0.019500 -0.004500
v -0.051000 -0.020366 -0.004001
v -0.051499 -0.020366 -0.004500
v -0.051478 -0.020237 -0.004022
v -0.051499 -0.019500 -0.003634
v -0.051000 -0.019999 -0.003634
v -0.051478 -0.019978 -0.003763
v -0.051866 -0.019999 -0.004500
v -0.051866 -0.019500 -0.004001
v -0.051737 -0.019978 -0.004022
v -0.051000 -0.012500 -0.003500
v -0.051000 -0.011500 -0.004500
v -0.052000 -0.012500 -0.004500
v -0.051000 -0.012001 -0.003634
v -0.051499 -0.012500 -0.003634
v -0.051478 -0.012022 -0.003763
v -0.051499 -0.011634 -0.004500
v -0.051000 -0.011634 -0.004001
v -0.051478 -0.011763 -0.004022
v -0.051866 -0.012500 -0.004001
v -0.051866 -0.012001 -0.004500
v -0.051737 -0.012022 -0.004022
v -0.051000 -0.020500 -0.011500
v -0.052000 -0.019500 -0.011500
v -0.051000 -0.019500 -0.012500
v -0.051499 -0.020366 -0.011500
v -0.051000 -0.020366 -0.011999
v -0.051478 -0.020237 -0.011978
v -0.051866 -0.019500 -0.011999
v -0.051866 -0.019999 -0.011500
v -0.051737 -0.019978 -0.011978
v -0.051000 -0.019999 -0.012366
v -0.051499 -0.019500 -0.012366
v -0.051478 -0.019978 -0.012237
v -0.051000 -0.011500 -0.011500
v -0.051000 -0.012500 -0.012500
v -0.052000 -0.012500 -0.011500
v -0.051000 -0.011634 -0.011999
v -0.051499 -0.011634 -0.011500
v -0.051478 -0.011763 -0.011978
v -0.051499 -0.012500 -0.012366
v -0.051000 -0.012001 -0.012366
v -0.051478 -0.012022 -0.012237
v -0.051866 -0.012001 -0.011500
v -0.051866 -0.012500 -0.011999
v -0.051737 -0.012022 -0.011978
v -0.041000 -0.020500 -0.004500
v -0.040000 -0.019500 -0.004500
v -0.041000 -0.019500 -0.003500
v -0.040501 -0.020366 -0.004500
v -0.041000 -0.020366 -0.004001
v -0.040522 -0.020237 -0.004022
v -0.040134 -0.019500 -0.004001
v -0.040134 -0.019999 -0.004500
v -0.040263 -0.019978 -0.004022
v -0.041000 -0.019999 -0.003634
v -0.040501 -0.019500 -0.003634
v -0.040522 -0.019978 -0.003763
v -0.041000 -0.011500 -0.004500
v -0.041000 -0.012500 -0.003500
v -0.040000 -0.012500 -0.004500
v -0.041000 -0.011634 -0.004001
v -0.040501 -0.011634 -0.004500
v -0.040522 -0.011763 -0.004022
v -0.040501 -0.012500 -0.003634
v -0.041000 -0.012001 -0.003634
v -0.040522 -0.012022 -0.003763
v -0.040134 -0.012001 -0.004500
v -0.040134 -0.012500 -0.004001
v -0.040263 -0.012022 -0.004022
v -0.041000 -0.020500 -0.011500
v -0.041000 -0.019500 -0.012500
v -0.040000 -0.019500 -0.011500
v -0.041000 -0.020366 -0.011999
v -0.040501 -0.020366 -0.011500
v -0.040522 -0.020237 -0.011978
v -0.040501 -0.019500 -0.012366
v -0.041000 -0.019999 -0.012366
v -0.040522 -0.019978 -0.012237
v -0.040134 -0.019999 -0.011500
v -0.040134 -0.019500 -0.011999
v -0.040263 -0.019978 -0.011978
v -0.041000 -0.011500 -0.011500
v -0.040000 -0.012500 -0.011500
v -0.041000 -0.012500 -0.012500
v -0.040501 -0.011634 -0.011500
v -0.041000 -0.011634 -0.011999
v -0.040522 -0.011763 -0.011978
v -0.040134 -0.012500 -0.011999
v -0.040134 -0.012001 -0.011500
v -0.040263 -0.012022 -0.011978
v -0.041000 -0.012001 -0.012366
v -0.040501 -0.012500 -0.012366
v -0.040522 -0.012022 -0.012237
v -0.049500 -0.017000 -0.013000
v -0.049500 -0.015000 -0.013000
v -0.049500 -0.017000 -0.015000
v -0.049500 -0.015000 -0.015000
v -0.042500 -0.017000 -0.013000
v -0.042500 -0.015000 -0.013000
v -0.042500 -0.017000 -0.015000
v -0.042500 -0.015000 -0.015000
v -0.051000 -0.004500 -0.004500
v -0.051000 -0.003500 -0.003500
v -0.052000 -0.003500 -0.004500
v -0.051000 -0.004366 -0.004001
v -0.051499 -0.004366 -0.004500
v -0.051478 -0.004237 -0.004022
v -0.051499 -0.003500 -0.003634
v -0.051000 -0.003999 -0.003634
v -0.051478 -0.003978 -0.003763
v -0.051866 -0.003999 -0.004500
v -0.051866 -0.003500 -0.004001
v -0.051737 -0.003978 -0.004022
v -0.051000 0.003500 -0.003500
v -0.051000 0.004500 -0.004500
v -0.052000 0.003500 -0.004500
v -0.051000 0.003999 -0.003634
v -0.051499 0.003500 -0.003634
v -0.051478 0.003978 -0.003763
v -0.051499 0.004366 -0.004500
v -0.051000 0.004366 -0.004001
v -0.051478 0.004237 -0.004022
v -0.051866 0.003500 -0.004001
v -0.051866 0.003999 -0.004500
v -0.051737 0.003978 -0.004022
v -0.051000 -0.004500 -0.011500
v -0.052000 -0.003500 -0.011500
v -0.051000 -0.003500 -0.012500
v -0.051499 -0.004366 -0.011500
v -0.051000 -0.004366 -0.011999
v -0.051478 -0.004237 -0.011978
v -0.051866 -0.003500 -0.011999
v -0.051866 -0.003999 -0.011500
v -0.051737 -0.003978 -0.011978
v -0.051000 -0.003999 -0.012366
v -0.051499 -0.003500 -0.012366
v -0.051478 -0.003978 -0.012237
v -0.051000 0.004500 -0.011500
v -0.051000 0.003500 -0.012500
v -0.052000 0.003500 -0.011500
v -0.051000 0.004366 -0.011999
v -0.051499 0.004366 -0.011500
v -0.051478 0.004237 -0.011978
v -0.051499 0.003500 -0.012366
v -0.051000 0.003999 -0.012366
v -0.051478 0.003978 -0.012237
v -0.051866 0.003999 -0.011500
v -0.051866 0.003500 -0.011999
v -0.051737 0.003978 -0.011978
v -0.041000 -0.004500 -0.004500
v -0.040000 -0.003500 -0.004500
v -0.041000 -0.003500 -0.003500
v -0.040501 -0.004366 -0.004500
v -0.041000 -0.004366 -0.004001
v -0.040522 -0.004237 -0.004022
v -0.040134 -0.003500 -0.004001
v -0.040134 -0.003999 -0.004500
v -0.040263 -0.003978 -0.004022
v -0.041000 -0.003999 -0.003634
v -0.040501 -0.003500 -0.003634
v -0.040522 -0.003978 -0.003763
v -0.041000 0.004500 -0.004500
v -0.041000 0.003500 -0.003500
v -0.040000 0.003500 -0.004500
v -0.041000 0.004366 -0.004001
v -0.040501 0.004366 -0.004500
v -0.040522 0.004237 -0.004022
v -0.040501 0.003500 -0.003634
v -0.041000 0.003999 -0.003634
v -0.040522 0.003978 -0.003763
v -0.040134 0.003999 -0.004500
v -0.040134 0.003500 -0.004001
v -0.040263 0.003978 -0.004022
v -0.041000 -0.004500 -0.011500
v -0.041000 -0.003500 -0.012500
v -0.040000 -0.003500 -0.011500
v -0.041000 -0.004366 -0.011999
v -0.040501 -0.004366 -0.011500
v -0.040522 -0.004237 -0.011978
v -0.040501 -0.003500 -0.012366
v -0.041000 -0.003999 -0.012366
v -0.040522 -0.003978 -0.012237
v -0.040134 -0.003999 -0.011500
v -0.040134 -0.003500 -0.011999
v -0.040263 -0.003978 -0.011978
v -0.041000 0.004500 -0.011500
v -0.040000 0.003500 -0.011500
v -0.041000 0.003500 -0.012500
v -0.040501 0.004366 -0.011500
v -0.041000 0.004366 -0.011999
v -0.040522 0.004237 -0.011978
v -0.040134 0.003500 -0.011999
v -0.040134 0.003999 -0.011500
v -0.040263 0.003978 -0.011978
v -0.041000 0.003999 -0.012366
v -0.040501 0.003500 -0.012366
v -0.040522 0.003978 -0.012237
v -0.049500 -0.001000 -0.013000
v -0.049500 0.001000 -0.013000
v -0.049500 -0.001000 -0.015000
v -0.049500 0.001000 -0.015000
v -0.042500 -0.001000 -0.013000
v -0.042500 0.001000 -0.013000
v -0.042500 -0.001000 -0.015000
v -0.042500 0.001000 -0.015000
v -0.051000 0.011500 -0.004500
v -0.051000 0.012500 -0.003500
v -0.052000 0.012500 -0.004500
v -0.051000 0.011634 -0.004001
v -0.051499 0.011634 -0.004500
v -0.051478 0.011763 -0.004022
v -0.051499 0.012500 -0.003634
v -0.051000 0.012001 -0.003634
v -0.051478 0.012022 -0.003763
v -0.051866 0.012001 -0.004500
v -0.051866 0.012500 -0.004001
v -0.051737 0.012022 -0.004022
v -0.051000 0.019500 -0.003500
v -0.051000 0.020500 -0.004500
v -0.052000 0.019500 -0.004500
v -0.051000 0.019999 -0.003634
v -0.051499 0.019500 -0.003634
v -0.051478 0.019978 -0.003763
v -0.051499 0.020366 -0.004500
v -0.051000 0.020366 -0.004001
v -0.051478 0.020237 -0.004022
v -0.051866 0.019500 -0.004001
v -0.051866 0.019999 -0.004500
v -0.051737 0.019978 -0.004022
v -0.051000 0.011500 -0.011500
v -0.052000 0.012500 -0.011500
v -0.051000 0.012500 -0.012500
v -0.051499 0.011634 -0.011500
v -0.051000 0.011634 -0.011999
v -0.051478 0.011763 -0.011978
v -0.051866 0.012500 -0.011999
v -0.051866 0.012001 -0.011500
v -0.051737 0.012022 -0.011978
v -0.051000 0.012001 -0.012366
v -0.051499 0.012500 -0.012366
v -0.051478 0.012022 -0.012237
v -0.051000 0.020500 -0.011500
v -0.051000 0.019500 -0.012500
v -0.052000 0.019500 -0.011500
v -0.051000 0.020366 -0.011999
v -0.051499 0.020366 -0.011500
v -0.051478 0.020237 -0.011978
v -0.051499 0.019500 -0.012366
v -0.051000 0.019999 -0.012366
v -0.051478 0.019978 -0.012237
v -0.051866 0.019999 -0.011500
v -0.051866 0.019500 -0.011999
v -0.051737 0.019978 -0.011978
v -0.041000 0.011500 -0.004500
v -0.040000 0.012500 -0.004500
v -0.041000 0.012500 -0.003500
v -0.040501 0.011634 -0.004500
v -0.041000 0.011634 -0.004001
v -0.040522 0.011763 -0.004022
v -0.040134 0.012500 -0.004001
v -0.040134 0.012001 -0.004500
v -0.040263 0.012022 -0.004022
v -0.041000 0.012001 -0.003634
v -0.040501 0.012500 -0.003634
v -0.040522 0.012022 -0.003763
v -0.041000 0.020500 -0.004500
v -0.041000 0.019500 -0.003500
v -0.040000 0.019500 -0.004500
v -0.041000 0.020366 -0.004001
v -0.040501 0.020366 -0.004500
v -0.040522 0.020237 -0.004022
v -0.040501 0.019500 -0.003634
v -0.041000 0.019999 -0.003634
v -0.040522 0.019978 -0.003763
v -0.040134 0.019999 -0.004500
v -0.040134 0.019500 -0.004001
v -0.040263 0.019978 -0.004022
v -0.041000 0.011500 -0.011500
v -0.041000 0.012500 -0.012500
v -0.040000 0.012500 -0.011500
v -0.041000 0.011634 -0.011999
v -0.040501 0.011634 -0.011500
v -0.040522 0.011763 -0.011978
v -0.040501 0.012500 -0.012366
v -0.041000 0.012001 -0.012366
v -0.040522 0.012022 -0.012237
v -0.040134 0.012001 -0.011500
v -0.040134 0.012500 -0.011999
v -0.040263 0.012022 -0.011978
v -0.041000 0.020500 -0.011500
v -0.040000 0.019500 -0.011500
v -0.041000 0.019500 -0.012500
v -0.040501 0.020366 -0.011500
v -0.041000 0.020366 -0.011999
v -0.040522 0.020237 -0.011978
v -0.040134 0.019500 -0.011999
v -0.040134 0.019999 -0.011500
v -0.040263 0.019978 -0.011978
v -0.041000 0.019999 -0.012366
v -0.040501 0.019500 -0.012366
v -0.040522 0.019978 -0.012237
v -0.049500 0.015000 -0.013000
v -0.049500 0.017000 -0.013000
v -0.049500 0.015000 -0.015000
v -0.049500 0.017000 -0.015000
v -0.042500 0.015000 -0.013000
v -0.042500 0.017000 -0.013000
v -0.042500 0.015000 -0.015000
v -0.042500 0.017000 -0.015000
v -0.051000 0.027500 -0.004500
v -0.051000 0.028500 -0.003500
v -0.052000 0.028500 -0.004500
v -0.051000 0.027634 -0.004001
v -0.051499 0.027634 -0.004500
v -0.051478 0.027763 -0.004022
v -0.051499 0.028500 -0.003634
v -0.051000 0.028001 -0.003634
v -0.051478 0.028022 -0.003763
v -0.051866 0.028001 -0.004500
v -0.051866 0.028500 -0.004001
v -0.051737 0.028022 -0.004022
v -0.051000 0.035500 -0.003500
v -0.051000 0.036500 -0.004500
v -0.052000 0.035500 -0.004500
v -0.051000 0.035999 -0.003634
v -0.051499 0.035500 -0.003634
v -0.051478 0.035978 -0.003763
v -0.051499 0.036366 -0.004500
v -0.051000 0.036366 -0.004001
v -0.051478 0.036237 -0.004022
v -0.051866 0.035500 -0.004001
v -0.051866 0.035999 -0.004500
v -0.051737 0.035978 -0.004022
v -0.051000 0.027500 -0.011500
v -0.052000 0.028500 -0.011500
v -0.051000 0.028500 -0.012500
v -0.051499 0.027634 -0.011500
v -0.051000 0.027634 -0.011999
v -0.051478 0.027763 -0.011978
v -0.051866 0.028500 -0.011999
v -0.051866 0.028001 -0.011500
v -0.051737 0.028022 -0.011978
v -0.051000 0.028001 -0.012366
v -0.051499 0.028500 -0.012366
v -0.051478 0.028022 -0.012237
v -0.051000 0.036500 -0.011500
v -0.051000 0.035500 -0.012500
v -0.052000 0.035500 -0.011500
v -0.051000 0.036366 -0.011999
v -0.051499 0.036366 -0.011500
v -0.051478 0.036237 -0.011978
v -0.051499 0.035500 -0.012366
v -0.051000 0.035999 -0.012366
v -0.051478 0.035978 -0.012237
v -0.051866 0.035999 -0.011500
v -0.051866 0.035500 -0.011999
v -0.051737 0.035978 -0.011978
v -0.041000 0.027500 -0.004500
v -0.040000 0.028500 -0.004500
v -0.041000 0.028500 -0.003500
v -0.040501 0.027634 -0.004500
v -0.041000 0.027634 -0.004001
v -0.040522 0.027763 -0.004022
v -0.040134 0.028500 -0.004001
v -0.040134 0.028001 -0.004500
v -0.040263 0.028022 -0.004022
v -0.041000 0.028001 -0.003634
v -0.040501 0.028500 -0.003634
v -0.040522 0.028022 -0.003763
v -0.041000 0.036500 -0.004500
v -0.041000 0.035500 -0.003500
v -0.040000 0.035500 -0.004500
v -0.041000 0.036366 -0.004001
v -0.040501 0.036366 -0.004500
v -0.040522 0.036237 -0.004022
v -0.040501 0.035500 -0.003634
v -0.041000 0.035999 -0.003634
v -0.040522 0.035978 -0.003763
v -0.040134 0.035999 -0.004500
v -0.040134 0.035500 -0.004001
v -0.040263 0.035978 -0.004022
v -0.041000 0.027500 -0.011500
v -0.041000 0.028500 -0.012500
v -0.040000 0.028500 -0.011500
v -0.041000 0.027634 -0.011999
v -0.040501 0.027634 -0.011500
v -0.040522 0.027763 -0.011978
v -0.040501 0.028500 -0.012366
v -0.041000 0.028001 -0.012366
v -0.040522 0.028022 -0.012237
v -0.040134 0.028001 -0.011500
v -0.040134 0.028500 -0.011999
v -0.040263 0.028022 -0.011978
v -0.041000 0.036500 -0.011500
v -0.040000 0.035500 -0.011500
v -0.041000 0.035500 -0.012500
v -0.040501 0.036366 -0.011500
v -0.041000 0.036366 -0.011999
v -0.040522 0.036237 -0.011978
v -0.040134 0.035500 -0.011999
v -0.040134 0.035999 -0.011500
v -0.040263 0.035978 -0.011978
v -0.041000 0.035999 -0.012366
v -0.040501 0.035500 -0.012366
v -0.040522 0.035978 -0.012237
v -0.049500 0.031000 -0.013000
v -0.049500 0.033000 -0.013000
v -0.049500 0.031000 -0.015000
v -0.049500 0.033000 -0.015000
v -0.042500 0.031000 -0.013000
v -0.042500 0.033000 -0.013000
v -0.042500 0.031000 -0.015000
v -0.042500 0.033000 -0.015000
v 0.041000 -0.036500 -0.004500
v 0.041000 -0.035500 -0.003500
v 0.040000 -0.035500 -0.004500
v 0.041000 -0.036366 -0.004001
v 0.040501 -0.036366 -0.004500
v 0.040522 -0.036237 -0.004022
v 0.040501 -0.035500 -0.003634
v 0.041000 -0.035999 -0.003634
v 0.040522 -0.035978 -0.003763
v 0.040134 -0.035999 -0.004500
v 0.040134 -0.035500 -0.004001
v 0.040263 -0.035978 -0.004022
v 0.041000 -0.028500 -0.003500
v 0.041000 -0.027500 -0.004500
v 0.040000 -0.028500 -0.004500
v 0.041000 -0.028001 -0.003634
v 0.040501 -0.028500 -0.003634
v 0.040522 -0.028022 -0.003763
v 0.040501 -0.027634 -0.004500
v 0.041000 -0.027634 -0.004001
v 0.040522 -0.027763 -0.004022
v 0.040134 -0.028500 -0.004001
v 0.040134 -0.028001 -0.004500
v 0.040263 -0.028022 -0.004022
v 0.041000 -0.036500 -0.011500
v 0.040000 -0.035500 -0.011500
v 0.041000 -0.035500 -0.012500
v 0.040501 -0.036366 -0.011500
v 0.041000 -0.036366 -0.011999
v 0.040522 -0.036237 -0.011978
v 0.040134 -0.035500 -0.011999
v 0.040134 -0.035999 -0.011500
v 0.040263 -0.035978 -0.011978
v 0.041000 -0.035999 -0.012366
v 0.040501 -0.035500 -0.012366
v 0.040522 -0.035978 -0.012237
v 0.041000 -0.027500 -0.011500
v 0.041000 -0.028500 -0.012500
v 0.040000 -0.028500 -0.011500
v 0.041000 -0.027634 -0.011999
v 0.040501 -0.027634 -0.011500
v 0.040522 -0.027763 -0.011978
v 0.040501 -0.028500 -0.012366
v 0.041000 -0.028001 -0.012366
v 0.040522 -0.028022 -0.012237
v 0.040134 -0.028001 -0.011500
v 0.040134 -0.028500 -0.011999
v 0.040263 -0.028022 -0.011978
v 0.051000 -0.036500 -0.004500
v 0.052000 -0.035500 -0.004500
v 0.051000 -0.035500 -0.003500
v 0.051499 -0.036366 -0.004500
v 0.051000 -0.036366 -0.004001
v 0.051478 -0.036237 -0.004022
v 0.051866 -0.035500 -0.004001
v 0.051866 -0.035999 -0.004500
v 0.051737 -0.035978 -0.004022
v 0.051000 -0.035999 -0.003634
v 0.051499 -0.035500 -0.003634
v 0.051478 -0.035978 -0.003763
v 0.051000 -0.027500 -0.004500
v 0.051000 -0.028500 -0.003500
v 0.052000 -0.028500 -0.004500
v 0.051000 -0.027634 -0.004001
v 0.051499 -0.027634 -0.004500
v 0.051478 -0.027763 -0.004022
v 0.051499 -0.028500 -0.003634
v 0.051000 -0.028001 -0.003634
v 0.051478 -0.028022 -0.003763
v 0.051866 -0.028001 -0.004500
v 0.051866 -0.028500 -0.004001
v 0.051737 -0.028022 -0.004022
v 0.051000 -0.036500 -0.011500
v 0.051000 -0.035500 -0.012500
v 0.052000 -0.035500 -0.011500
v 0.051000 -0.036366 -0.011999
v 0.051499 -0.036366 -0.011500
v 0.051478 -0.036237 -0.011978
v 0.051499 -0.035500 -0.012366
v 0.051000 -0.035999 -0.012366
v 0.051478 -0.035978 -0.012237
v 0.051866 -0.035999 -0.011500
v 0.051866 -0.035500 -0.011999
v 0.051737 -0.035978 -0.011978
v 0.051000 -0.027500 -0.011500
v 0.052000 -0.028500 -0.011500
v 0.051000 -0.028500 -0.012500
v 0.051499 -0.027634 -0.011500
v 0.051000 -0.027634 -0.011999
v 0.051478 -0.027763 -0.011978
v 0.051866 -0.028500 -0.011999
v 0.051866 -0.028001 -0.011500
v 0.051737 -0.028022 -0.011978
v 0.051000 -0.028001 -0.012366
v 0.051499 -0.028500 -0.012366
v 0.051478 -0.028022 -0.012237
v 0.042500 -0.033000 -0.013000
v 0.042500 -0.031000 -0.013000
v 0.042500 -0.033000 -0.015000
v 0.042500 -0.031000 -0.015000
v 0.049500 -0.033000 -0.013000
v 0.049500 -0.031000 -0.013000
v 0.049500 -0.033000 -0.015000
v 0.049500 -0.031000 -0.015000
v 0.041000 -0.020500 -0.004500
v 0.041000 -0.019500 -0.003500
v 0.040000 -0.019500 -0.004500
v 0.041000 -0.020366 -0.004001
v 0.040501 -0.020366 -0.004500
v 0.040522 -0.020237 -0.004022
v 0.040501 -0.019500 -0.003634
v 0.041000 -0.019999 -0.003634
v 0.040522 -0.019978 -0.003763
v 0.040134 -0.019999 -0.004500
v 0.040134 -0.019500 -0.004001
v 0.040263 -0.019978 -0.004022
v 0.041000 -0.012500 -0.003500
v 0.041000 -0.011500 -0.004500
v 0.040000 -0.012500 -0.004500
v 0.041000 -0.012001 -0.003634
v 0.040501 -0.012500 -0.003634
v 0.040522 -0.012022 -0.003763
v 0.040501 -0.011634 -0.004500
v 0.041000 -0.011634 -0.004001
v 0.040522 -0.011763 -0.004022
v 0.040134 -0.012500 -0.004001
v 0.040134 -0.012001 -0.004500
v 0.040263 -0.012022 -0.004022
v 0.041000 -0.020500 -0.011500
v 0.040000 -0.019500 -0.011500
v 0.041000 -0.019500 -0.012500
v 0.040501 -0.020366 -0.011500
v 0.041000 -0.020366 -0.011999
v 0.040522 -0.020237 -0.011978
v 0.040134 -0.019500 -0.011999
v 0.040134 -0.019999 -0.011500
v 0.040263 -0.019978 -0.011978
v 0.041000 -0.019999 -0.012366
v 0.040501 -0.019500 -0.012366
v 0.040522 -0.019978 -0.012237
v 0.041000 -0.011500 -0.011500
v 0.041000 -0.012500 -0.012500
v 0.040000 -0.012500 -0.011500
v 0.041000 -0.011634 -0.011999
v 0.040501 -0.011634 -0.011500
v 0.040522 -0.011763 -0.011978
v 0.040501 -0.012500 -0.012366
v 0.041000 -0.012001 -0.012366
v 0.040522 -0.012022 -0.012237
v 0.040134 -0.012001 -0.011500
v 0.040134 -0.012500 -0.011999
v 0.040263 -0.012022 -0.011978
v 0.051000 -0.020500 -0.004500
v 0.052000 -0.019500 -0.004500
v 0.051000 -0.019500 -0.003500
v 0.051499 -0.020366 -0.004500
v 0.051000 -0.020366 -0.004001
v 0.051478 -0.020237 -0.004022
v 0.051866 -0.019500 -0.004001
v 0.051866 -0.019999 -0.004500
v 0.051737 -0.019978 -0.004022
v 0.051000 -0.019999 -0.003634
v 0.051499 -0.019500 -0.003634
v 0.051478 -0.019978 -0.003763
v 0.051000 -0.011500 -0.004500
v 0.051000 -0.012500 -0.003500
v 0.052000 -0.012500 -0.004500
v 0.051000 -0.011634 -0.004001
v 0.051499 -0.011634 -0.004500
v 0.051478 -0.011763 -0.004022
v 0.051499 -0.012500 -0.003634
v 0.051000 -0.012001 -0.003634
v 0.051478 -0.012022 -0.003763
v 0.051866 -0.012001 -0.004500
v 0.051866 -0.012500 -0.004001
v 0.051737 -0.012022 -0.004022
v 0.051000 -0.020500 -0.011500
v 0.051000 -0.019500 -0.012500
v 0.052000 -0.019500 -0.011500
v 0.051000 -0.020366 -0.011999
v 0.051499 -0.020366 -0.011500
v 0.051478 -0.020237 -0.011978
v 0.051499 -0.019500 -0.012366
v 0.051000 -0.019999 -0.012366
v 0.051478 -0.019978 -0.012237
v 0.051866 -0.019999 -0.011500
v 0.051866 -0.019500 -0.011999
v 0.051737 -0.019978 -0.011978
v 0.051000 -0.011500 -0.011500
v 0.052000 -0.012500 -0.011500
v 0.051000 -0.012500 -0.012500
v 0.051499 -0.011634 -0.011500
v 0.051000 -0.011634 -0.011999
v 0.051478 -0.011763 -0.011978
v 0.051866 -0.012500 -0.011999
v 0.051866 -0.012001 -0.011500
v 0.051737 -0.012022 -0.011978
v 0.051000 -0.012001 -0.012366
v 0.051499 -0.012500 -0.012366
v 0.051478 -0.012022 -0.012237
v 0.042500 -0.017000 -0.013000
v 0.042500 -0.015000 -0.013000
v 0.042500 -0.017000 -0.015000
v 0.042500 -0.015000 -0.015000
v 0.049500 -0.017000 -0.013000
v 0.049500 -0.015000 -0.013000
v 0.049500 -0.017000 -0.015000
v 0.049500 -0.015000 -0.015000
v 0.041000 -0.004500 -0.004500
v 0.041000 -0.003500 -0.003500
v 0.040000 -0.003500 -0.004500
v 0.041000 -0.004366 -0.004001
v 0.040501 -0.004366 -0.004500
v 0.040522 -0.004237 -0.004022
v 0.040501 -0.003500 -0.003634
v 0.041000 -0.003999 -0.003634
v 0.040522 -0.003978 -0.003763
v 0.040134 -0.003999 -0.004500
v 0.040134 -0.003500 -0.004001
v 0.040263 -0.003978 -0.004022
v 0.041000 0.003500 -0.003500
v 0.041000 0.004500 -0.004500
v 0.040000 0.003500 -0.004500
v 0.041000 0.003999 -0.003634
v 0.040501 0.003500 -0.003634
v 0.040522 0.003978 -0.003763
v 0.040501 0.004366 -0.004500
v 0.041000 0.004366 -0.004001
v 0.040522 0.004237 -0.004022
v 0.040134 0.003500 -0.004001
v 0.040134 0.003999 -0.004500
v 0.040263 0.003978 -0.004022
v 0.041000 -0.004500 -0.011500
v 0.040000 -0.003500 -0.011500
v 0.041000 -0.003500 -0.012500
v 0.040501 -0.004366 -0.011500
v 0.041000 -0.004366 -0.011999
v 0.040522 -0.004237 -0.011978
v 0.040134 -0.003500 -0.011999
v 0.040134 -0.003999 -0.011500
v 0.040263 -0.003978 -0.011978
v 0.041000 -0.003999 -0.012366
v 0.040501 -0.003500 -0.012366
v 0.040522 -0.003978 -0.012237
v 0.041000 0.004500 -0.011500
v 0.041000 0.003500 -0.012500
v 0.040000 0.003500 -0.011500
v 0.041000 0.004366 -0.011999
v 0.040501 0.004366 -0.011500
v 0.040522 0.004237 -0.011978
v 0.040501 0.003500 -0.012366
v 0.041000 0.003999 -0.012366
v 0.040522 0.003978 -0.012237
v 0.040134 0.003999 -0.011500
v 0.040134 0.003500 -0.011999
v 0.040263 0.003978 -0.011978
v 0.051000 -0.004500 -0.004500
v 0.052000 -0.003500 -0.004500
v 0.051000 -0.003500 -0.003500
v 0.051499 -0.004366 -0.004500
v 0.051000 -0.004366 -0.004001
v 0.051478 -0.004237 -0.004022
v 0.051866 -0.003500 -0.004001
v 0.051866 -0.003999 -0.004500
v 0.051737 -0.003978 -0.004022
v 0.051000 -0.003999 -0.003634
v 0.051499 -0.003500 -0.003634
v 0.051478 -0.003978 -0.003763
v 0.051000 0.004500 -0.004500
v 0.051000 0.003500 -0.003500
v 0.052000 0.003500 -0.004500
v 0.051000 0.004366 -0.004001
v 0.051499 0.004366 -0.004500
v 0.051478 0.004237 -0.004022
v 0.051499 0.003500 -0.003634
v 0.051000 0.003999 -0.003634
v 0.051478 0.003978 -0.003763
v 0.051866 0.003999 -0.004500
v 0.051866 0.003500 -0.004001
v 0.051737 0.003978 -0.004022
v 0.051000 -0.004500 -0.011500
v 0.051000 -0.003500 -0.012500
v 0.052000 -0.003500 -0.011500
v 0.051000 -0.004366 -0.011999
v 0.051499 -0.004366 -0.011500
v 0.051478 -0.004237 -0.011978
v 0.051499 -0.003500 -0.012366
v 0.051000 -0.003999 -0.012366
v 0.051478 -0.003978 -0.012237
v 0.051866 -0.003999 -0.011500
v 0.051866 -0.003500 -0.011999
v 0.051737 -0.003978 -0.011978
v 0.051000 0.004500 -0.011500
v 0.052000 0.003500 -0.011500
v 0.051000 0.003500 -0.012500
v 0.051499 0.004366 -0.011500
v 0.051000 0.004366 -0.011999
v 0.051478 0.004237 -0.011978
v 0.051866 0.003500 -0.011999
v 0.051866 0.003999 -0.011500
v 0.051737 0.003978 -0.011978
v 0.051000 0.003999 -0.012366
v 0.051499 0.003500 -0.012366
v 0.051478 0.003978 -0.012237
v 0.042500 -0.001000 -0.013000
v 0.042500 0.001000 -0.013000
v 0.042500 -0.001000 -0.015000
v 0.042500 0.001000 -0.015000
v 0.049500 -0.001000 -0.013000
v 0.049500 0.001000 -0.013000
v 0.049500 -0.001000 -0.015000
v 0.049500 0.001000 -0.015000
v 0.041000 0.011500 -0.004500
v 0.041000 0.012500 -0.003500
v 0.040000 0.012500 -0.004500
v 0.041000 0.011634 -0.004001
v 0.040501 0.011634 -0.004500
v 0.040522 0.011763 -0.004022
v 0.040501 0.012500 -0.003634
v 0.041000 0.012001 -0.003634
v 0.040522 0.012022 -0.003763
v 0.040134 0.012001 -0.004500
v 0.040134 0.012500 -0.004001
v 0.040263 0.012022 -0.004022
v 0.041000 0.019500 -0.003500
v 0.041000 0.020500 -0.004500
v 0.040000 0.019500 -0.004500
v 0.041000 0.019999 -0.003634
v 0.040501 0.019500 -0.003634
v 0.040522 0.019978 -0.003763
v 0.040501 0.020366 -0.004500
v 0.041000 0.020366 -0.004001
v 0.040522 0.020237 -0.004022
v 0.040134 0.019500 -0.004001
v 0.040134 0.019999 -0.004500
v 0.040263 0.019978 -0.004022
v 0.041000 0.011500 -0.011500
v 0.040000 0.012500 -0.011500
v 0.041000 0.012500 -0.012500
v 0.040501 0.011634 -0.011500
v 0.041000 0.011634 -0.011999
v 0.040522 0.011763 -0.011978
v 0.040134 0.012500 -0.011999
v 0.040134 0.012001 -0.011500
v 0.040263 0.012022 -0.011978
v 0.041000 0.012001 -0.012366
v 0.040501 0.012500 -0.012366
v 0.040522 0.012022 -0.012237
v 0.041000 0.020500 -0.011500
v 0.041000 0.019500 -0.012500
v 0.040000 0.019500 -0.011500
v 0.041000 0.020366 -0.011999
v 0.040501 0.020366 -0.011500
v 0.040522 0.020237 -0.011978
v 0.040501 0.019500 -0.012366
v 0.041000 0.019999 -0.012366
v 0.040522 0.019978 -0.012237
v 0.040134 0.019999 -0.011500
v 0.040134 0.019500 -0.011999
v 0.040263 0.019978 -0.011978
v 0.051000 0.011500 -0.004500
v 0.052000 0.012500 -0.004500
v 0.051000 0.012500 -0.003500
v 0.051499 0.011634 -0.004500
v 0.051000 0.011634 -0.004001
v 0.051478 0.011763 -0.004022
v 0.051866 0.012500 -0.004001
v 0.051866 0.012001 -0.004500
v 0.051737 0.012022 -0.004022
v 0.051000 0.012001 -0.003634
v 0.051499 0.012500 -0.003634
v 0.051478 0.012022 -0.003763
v 0.051000 0.020500 -0.004500
v 0.051000 0.019500 -0.003500
v 0.052000 0.019500 -0.004500
v 0.051000 0.020366 -0.004001
v 0.051499 0.020366 -0.004500
v 0.051478 0.020237 -0.004022
v 0.051499 0.019500 -0.003634
v 0.051000 0.019999 -0.003634
v 0.051478 0.019978 -0.003763
v 0.051866 0.019999 -0.004500
v 0.051866 0.019500 -0.004001
v 0.051737 0.019978 -0.004022
v 0.051000 0.011500 -0.011500
v 0.051000 0.012500 -0.012500
v 0.052000 0.012500 -0.011500
v 0.051000 0.011634 -0.011999
v 0.051499 0.011634 -0.011500
v 0.051478 0.011763 -0.011978
v 0.051499 0.012500 -0.012366
v 0.051000 0.012001 -0.012366
v 0.051478 0.012022 -0.012237
v 0.051866 0.012001 -0.011500
v 0.051866 0.012500 -0.011999
v 0.051737 0.012022 -0.011978
v 0.051000 0.020500 -0.011500
v 0.052000 0.019500 -0.011500
v 0.051000 0.019500 -0.012500
v 0.051499 0.020366 -0.011500
v 0.051000 0.020366 -0.011999
v 0.051478 0.020237 -0.011978
v 0.051866 0.019500 -0.011999
v 0.051866 0.019999 -0.011500
v 0.051737 0.019978 -0.011978
v 0.051000 0.019999 -0.012366
v 0.051499 0.019500 -0.012366
v 0.051478 0.019978 -0.012237
v 0.042500 0.015000 -0.013000
v 0.042500 0.017000 -0.013000
v 0.042500 0.015000 -0.015000
v 0.042500 0.017000 -0.015000
v 0.049500 0.015000 -0.013000
v 0.049500 0.017000 -0.013000
v 0.049500 0.015000 -0.015000
v 0.049500 0.017000 -0.015000
v 0.041000 0.027500 -0.004500
v 0.041000 0.028500 -0.003500
v 0.040000 0.028500 -0.004500
v 0.041000 0.027634 -0.004001
v 0.040501 0.027634 -0.004500
v 0.040522 0.027763 -0.004022
v 0.040501 0.028500 -0.003634
v 0.041000 0.028001 -0.003634
v 0.040522 0.028022 -0.003763
v 0.040134 0.028001 -0.004500
v 0.040134 0.028500 -0.004001
v 0.040263 0.028022 -0.004022
v 0.041000 0.035500 -0.003500
v 0.041000 0.036500 -0.004500
v 0.040000 0.035500 -0.004500
v 0.041000 0.035999 -0.003634
v 0.040501 0.035500 -0.003634
v 0.040522 0.035978 -0.003763
v 0.040501 0.036366 -0.004500
v 0.041000 0.036366 -0.004001
v 0.040522 0.036237 -0.004022
v 0.040134 0.035500 -0.004001
v 0.040134 0.035999 -0.004500
v 0.040263 0.035978 -0.004022
v 0.041000 0.027500 -0.011500
v 0.040000 0.028500 -0.011500
v 0.041000 0.028500 -0.012500
v 0.040501 0.027634 -0.011500
v 0.041000 0.027634 -0.011999
v 0.040522 0.027763 -0.011978
v 0.040134 0.028500 -0.011999
v 0.040134 0.028001 -0.011500
v 0.040263 0.028022 -0.011978
v 0.041000 0.028001 -0.012366
v 0.040501 0.028500 -0.012366
v 0.040522 0.028022 -0.012237
v 0.041000 0.036500 -0.011500
v 0.041000 0.035500 -0.012500
v 0.040000 0.035500 -0.011500
v 0.041000 0.036366 -0.011999
v 0.040501 0.036366 -0.011500
v 0.040522 0.036237 -0.011978
v 0.040501 0.035500 -0.012366
v 0.041000 0.035999 -0.012366
v 0.040522 0.035978 -0.012237
v 0.040134 0.035999 -0.011500
v 0.040134 0.035500 -0.011999
v 0.040263 0.035978 -0.011978
v 0.051000 0.027500 -0.004500
v 0.052000 0.028500 -0.004500
v 0.051000 0.028500 -0.003500
v 0.051499 0.027634 -0.004500
v 0.051000 0.027634 -0.004001
v 0.051478 0.027763 -0.004022
v 0.051866 0.028500 -0.004001
v 0.051866 0.028001 -0.004500
v 0.051737 0.028022 -0.004022
v 0.051000 0.028001 -0.003634
v 0.051499 0.028500 -0.003634
v 0.051478 0.028022 -0.003763
v 0.051000 0.036500 -0.004500
v 0.051000 0.035500 -0.003500
v 0.052000 0.035500 -0.004500
v 0.051000 0.036366 -0.004001
v 0.051499 0.036366 -0.004500
v 0.051478 0.036237 -0.004022
v 0.051499 0.035500 -0.003634
v 0.051000 0.035999 -0.003634
v 0.051478 0.035978 -0.003763
v 0.051866 0.035999 -0.004500
v 0.051866 0.035500 -0.004001
v 0.051737 0.035978 -0.004022
v 0.051000 0.027500 -0.011500
v 0.051000 0.028500 -0.012500
v 0.052000 0.028500 -0.011500
v 0.051000 0.027634 -0.011999
v 0.051499 0.027634 -0.011500
v 0.051478 0.027763 -0.011978
v 0.051499 0.028500 -0.012366
v 0.051000 0.028001 -0.012366
v 0.051478 0.028022 -0.012237
v 0.051866 0.028001 -0.011500
v 0.051866 0.028500 -0.011999
v 0.051737 0.028022 -0.011978
v 0.051000 0.036500 -0.011500
v 0.052000 0.035500 -0.011500
v 0.051000 0.035500 -0.012500
v 0.051499 0.036366 -0.011500
v 0.051000 0.036366 -0.011999
v 0.051478 0.036237 -0.011978
v 0.051866 0.035500 -0.011999
v 0.051866 0.035999 -0.011500
v 0.051737 0.035978 -0.011978
v 0.051000 0.035999 -0.012366
v 0.051499 0.035500 -0.012366
v 0.051478 0.035978 -0.012237
v 0.042500 0.031000 -0.013000
v 0.042500 0.033000 -0.013000
v 0.042500 0.031000 -0.015000
v 0.042500 0.033000 -0.015000
v 0.049500 0.031000 -0.013000
v 0.049500 0.033000 -0.013000
v 0.049500 0.031000 -0.015000
v 0.049500 0.033000 -0.015000
vn -0.2490 -0.9317 0.2646
vn -0.2187 -0.6900 0.6900
vn -0.2646 -0.2490 0.9317
vn -0.6900 -0.2187 0.6900
vn -0.9317 -0.2646 0.2490
vn -0.6900 -0.6900 0.2187
vn -0.5774 -0.5773 0.5774
vn -0.2490 0.2646 0.9317
vn -0.2187 0.6900 0.6900
vn -0.2646 0.9317 0.2490
vn -0.6900 0.6900 0.2187
vn -0.9317 0.2490 0.2646
vn -0.6900 0.2187 0.6900
vn -0.5774 0.5773 0.5774
vn -0.2646 -0.9317 -0.2490
vn -0.6900 -0.6900 -0.2187
vn -0.9317 -0.2490 -0.2646
vn -0.6900 -0.2187 -0.6900
vn -0.2490 -0.2646 -0.9317
vn -0.2187 -0.6900 -0.6900
vn -0.5774 -0.5773 -0.5774
vn -0.2490 0.9317 -0.2646
vn -0.2187 0.6900 -0.6900
vn -0.2646 0.2490 -0.9317
vn -0.6900 0.2187 -0.6900
vn -0.9317 0.2646 -0.2490
vn -0.6900 0.6900 -0.2187
vn -0.5774 0.5773 -0.5774
vn 0.2646 -0.9317 0.2490
vn 0.6900 -0.6900 0.2187
vn 0.9317 -0.2490 0.2646
vn 0.6900 -0.2187 0.6900
vn 0.2490 -0.2646 0.9317
vn 0.2187 -0.6900 0.6900
vn 0.5774 -0.5773 0.5774
vn 0.2490 0.9317 0.2646
vn 0.2187 0.6900 0.6900
vn 0.2646 0.2490 0.9317
vn 0.6900 0.2187 0.6900
vn 0.9317 0.2646 0.2490
vn 0.6900 0.6900 0.2187
vn 0.5774 0.5773 0.5774
vn 0.2490 -0.9317 -0.2646
vn 0.2187 -0.6900 -0.6900
vn 0.2646 -0.2490 -0.9317
vn 0.6900 -0.2187 -0.6900
vn 0.9317 -0.2646 -0.2490
vn 0.6900 -0.6900 -0.2187
vn 0.5774 -0.5773 -0.5774
vn 0.2646 0.9317 -0.2490
vn 0.6900 0.6900 -0.2187
vn 0.9317 0.2490 -0.2646
vn 0.6900 0.2187 -0.6900
vn 0.2490 0.2646 -0.9317
vn 0.2187 0.6900 -0.6900
vn 0.5774 0.5773 -0.5774
vn -0.2582 -0.9661 -0.0000
vn -0.7071 -0.7071 -0.0000
vn -0.9661 -0.2582 -0.0000
vn -0.2582 -0.0000 0.9661
vn -0.7071 -0.0000 0.7071
vn -0.9661 -0.0000 0.2582
vn -0.2582 0.9661 -0.0000
vn -0.7071 0.7071 -0.0000
vn -0.9661 0.2582 -0.0000
vn -0.2582 -0.0000 -0.9661
vn -0.7071 -0.0000 -0.7071
vn -0.9661 -0.0000 -0.2582
vn -0.0000 -0.9661 -0.2582
vn -0.0000 -0.7071 -0.7071
vn -0.0000 -0.2582 -0.9661
vn -0.0000 0.9661 -0.2582
vn -0.0000 0.7071 -0.7071
vn -0.0000 0.2582 -0.9661
vn 0.9661 -0.0000 -0.2582
vn 0.7071 -0.0000 -0.7071
vn 0.2582 -0.0000 -0.9661
vn 0.2582 -0.9661 -0.0000
vn 0.7071 -0.7071 -0.0000
vn 0.9661 -0.2582 -0.0000
vn 0.2582 0.9661 -0.0000
vn 0.7071 0.7071 -0.0000
vn 0.9661 0.2582 -0.0000
vn 0.2582 -0.0000 0.9661
vn 0.7071 -0.0000 0.7071
vn 0.9661 -0.0000 0.2582
vn -0.0000 -0.9661 0.2582
vn -0.0000 -0.7071 0.7071
vn -0.0000 -0.2582 0.9661
vn -0.0000 0.9661 0.2582
vn -0.0000 0.7071 0.7071
vn -0.0000 0.2582 0.9661
vn -0.0000 -1.0000 -0.0000
vn -1.0000 -0.0000 -0.0000
vn -0.0000 -0.0000 1.0000
vn -0.0000 1.0000 -0.0000
vn -0.0000 -0.0000 -1.0000
vn 1.0000 -0.0000 -0.0000
vn -0.5774 -0.5773 0.5773
vn -0.5774 0.5773 0.5773
vn -0.5774 -0.5774 -0.5773
vn -0.5774 0.5774 -0.5773
vn 0.5774 -0.5773 0.5773
vn 0.5774 0.5773 0.5773
vn 0.5774 -0.5774 -0.5773
vn 0.5774 0.5774 -0.5773
vn -0.5773 -0.5774 0.5774
vn -0.5773 -0.5774 -0.5774
vn 0.5773 -0.5774 0.5774
vn 0.5773 -0.5774 -0.5774
vn -0.2502 -0.9319 0.2625
vn -0.2166 -0.6903 0.6903
vn -0.2625 -0.2503 0.9319
vn -0.6903 -0.2166 0.6903
vn -0.9319 -0.2625 0.2503
vn -0.6903 -0.6903 0.2166
vn -0.5773 -0.5774 0.5773
vn -0.2503 0.2625 0.9319
vn -0.2166 0.6903 0.6903
vn -0.2625 0.9319 0.2503
vn -0.6903 0.6903 0.2166
vn -0.9319 0.2503 0.2625
vn -0.6903 0.2166 0.6903
vn -0.5773 0.5774 0.5773
vn -0.2625 -0.9319 -0.2503
vn -0.6903 -0.6903 -0.2166
vn -0.9319 -0.2503 -0.2625
vn -0.6903 -0.2166 -0.6903
vn -0.2503 -0.2625 -0.9319
vn -0.2166 -0.6903 -0.6903
vn -0.5773 -0.5774 -0.5773
vn -0.2503 0.9319 -0.2625
vn -0.2166 0.6903 -0.6903
vn -0.2625 0.2503 -0.9319
vn -0.6903 0.2166 -0.6903
vn -0.9319 0.2625 -0.2502
vn -0.6903 0.6903 -0.2166
vn -0.5773 0.5774 -0.5773
vn 0.2625 -0.9319 0.2502
vn 0.6903 -0.6903 0.2166
vn 0.9319 -0.2503 0.2625
vn 0.6903 -0.2166 0.6903
vn 0.2503 -0.2625 0.9319
vn 0.2166 -0.6903 0.6903
vn 0.5773 -0.5774 0.5773
vn 0.2503 0.9319 0.2625
vn 0.2166 0.6903 0.6903
vn 0.2625 0.2503 0.9319
vn 0.6903 0.2166 0.6903
vn 0.9319 0.2625 0.2503
vn 0.6903 0.6903 0.2166
vn 0.5773 0.5774 0.5773
vn 0.2502 -0.9319 -0.2625
vn 0.2166 -0.6903 -0.6903
vn 0.2625 -0.2503 -0.9319
vn 0.6903 -0.2166 -0.6903
vn 0.9319 -0.2625 -0.2503
vn 0.6903 -0.6903 -0.2166
vn 0.5773 -0.5774 -0.5773
vn 0.2625 0.9319 -0.2503
vn 0.6903 0.6903 -0.2166
vn 0.9319 0.2503 -0.2625
vn 0.6903 0.2166 -0.6903
vn 0.2503 0.2625 -0.9319
vn 0.2166 0.6903 -0.6903
vn 0.5773 0.5774 -0.5773
vn -0.2594 -0.9658 -0.0000
vn -0.9658 -0.2594 -0.0000
vn -0.2593 -0.0000 0.9658
vn -0.9658 -0.0000 0.2594
vn -0.2594 0.9658 -0.0000
vn -0.9658 0.2594 -0.0000
vn -0.2593 -0.0000 -0.9658
vn -0.9658 -0.0000 -0.2594
vn -0.0000 -0.9658 -0.2593
vn -0.0000 -0.2593 -0.9658
vn -0.0000 0.9658 -0.2594
vn -0.0000 0.2593 -0.9658
vn 0.9658 -0.0000 -0.2593
vn 0.2593 -0.0000 -0.9658
vn 0.2594 -0.9658 -0.0000
vn 0.9658 -0.2594 -0.0000
vn 0.2594 0.9658 -0.0000
vn 0.9658 0.2594 -0.0000
vn 0.2593 -0.0000 0.9658
vn 0.9658 -0.0000 0.2594
vn -0.0000 -0.9658 0.2593
vn -0.0000 -0.2593 0.9658
vn -0.0000 0.9658 0.2593
vn -0.0000 0.2593 0.9658
vn -0.2503 -0.9319 0.2625
vn -0.9319 -0.2625 0.2502
vn -0.6903 0.6903 0.2167
vn -0.5774 0.5774 0.5773
vn -0.2502 0.9319 -0.2625
vn 0.2625 -0.9319 0.2503
vn 0.9319 0.2625 0.2502
vn 0.5774 0.5774 0.5773
vn 0.2503 -0.9319 -0.2625
vn -0.2593 0.9658 -0.0000
vn -0.0000 -0.9658 -0.2594
vn -0.0000 0.9658 -0.2593
vn 0.9658 -0.0000 -0.2594
vn 0.2594 -0.0000 -0.9658
vn 0.2593 0.9658 -0.0000
vn -0.5774 -0.5774 0.5773
vn -0.6903 -0.6903 -0.2167
vn -0.9319 0.2625 -0.2503
vn 0.5774 -0.5774 0.5773
vn 0.9319 -0.2625 -0.2502
vn -0.2593 -0.9658 -0.0000
vn 0.2593 -0.9658 -0.0000
vn 0.2502 0.9319 0.2625
vn 0.2625 0.9319 -0.2502
vn -0.2625 -0.9319 -0.2502
vn -0.2594 -0.0000 -0.9658
vn 0.6903 0.6903 -0.2167
vn 0.6903 -0.6903 0.2167
vn -0.2625 0.9319 0.2502
vn -0.2646 -0.9317 0.2490
vn -0.2490 -0.2646 0.9317
vn -0.9317 -0.2490 0.2646
vn -0.2646 0.2490 0.9317
vn -0.2490 0.9317 0.2646
vn -0.9317 0.2646 0.2490
vn -0.2490 -0.9317 -0.2646
vn -0.9317 -0.2646 -0.2490
vn -0.2646 -0.2490 -0.9317
vn -0.2646 0.9317 -0.2490
vn -0.2490 0.2646 -0.9317
vn -0.9317 0.2490 -0.2646
vn 0.2490 -0.9317 0.2646
vn 0.9317 -0.2646 0.2490
vn 0.2646 -0.2490 0.9317
vn 0.2646 0.9317 0.2490
vn 0.2490 0.2646 0.9317
vn 0.9317 0.2490 0.2646
vn 0.2646 -0.9317 -0.2490
vn 0.2490 -0.2646 -0.9317
vn 0.9317 -0.2490 -0.2646
vn 0.2490 0.9317 -0.2646
vn 0.9317 0.2646 -0.2490
vn 0.2646 0.2490 -0.9317
vn -0.2625 -0.9319 0.2503
vn -0.2503 -0.2625 0.9319
vn -0.9319 -0.2503 0.2625
vn -0.2625 0.2503 0.9319
vn -0.2503 0.9319 0.2625
vn -0.9319 0.2625 0.2502
vn -0.2502 -0.9319 -0.2625
vn -0.9319 -0.2625 -0.2503
vn -0.2625 -0.2503 -0.9319
vn -0.2625 0.9319 -0.2503
vn -0.2503 0.2625 -0.9319
vn -0.9319 0.2503 -0.2625
vn 0.2502 -0.9319 0.2625
vn 0.9319 -0.2625 0.2503
vn 0.2625 -0.2503 0.9319
vn 0.2625 0.9319 0.2503
vn 0.2503 0.2625 0.9319
vn 0.9319 0.2503 0.2625
vn 0.2625 -0.9319 -0.2502
vn 0.2503 -0.2625 -0.9319
vn 0.9319 -0.2503 -0.2625
vn 0.2503 0.9319 -0.2625
vn 0.9319 0.2625 -0.2503
vn 0.2625 0.2503 -0.9319
vn -0.0000 -0.2594 -0.9658
vn -0.0000 0.2594 -0.9658
vn 0.9658 -0.0000 0.2593
vn -0.2502 0.9319 0.2625
vn -0.2503 -0.9319 -0.2625
vn -0.9319 -0.2625 -0.2502
vn 0.2503 -0.9319 0.2625
vn 0.2625 -0.9319 -0.2503
vn 0.2502 0.9319 -0.2625
vn 0.9319 0.2625 -0.2502
vn -0.9319 0.2625 0.2503
vn 0.9319 -0.2625 0.2502
vn 0.2625 0.9319 0.2502
vn -0.2625 -0.9319 0.2502
vn -0.9658 -0.0000 0.2593
vn -0.9658 -0.0000 -0.2593
vn -0.2625 0.9319 -0.2502
s 0
usemtl BoardBody
f 1//1 6//1 5//1
f 4//2 9//2 6//2
f 2//3 9//3 8//3
f 7//4 12//4 9//4
f 3//5 12//5 11//5
f 10//6 6//6 12//6
f 6//7 9//7 12//7
f 13//8 18//8 17//8
f 16//9 21//9 18//9
f 14//10 21//10 20//10
f 19//11 24//11 21//11
f 15//12 24//12 23//12
f 22//13 18//13 24//13
f 18//14 21//14 24//14
f 25//15 30//15 29//15
f 28//16 33//16 30//16
f 26//17 33//17 32//17
f 31//18 36//18 33//18
f 27//19 36//19 35//19
f 34//20 30//20 36//20
f 30//21 33//21 36//21
f 37//22 42//22 41//22
f 40//23 45//23 42//23
f 38//24 45//24 44//24
f 43//25 48//25 45//25
f 39//26 48//26 47//26
f 46//27 42//27 48//27
f 42//28 45//28 48//28
f 49//29 54//29 53//29
f 52//30 57//30 54//30
f 50//31 57//31 56//31
f 55//32 60//32 57//32
f 51//33 60//33 59//33
f 58//34 54//34 60//34
f 54//35 57//35 60//35
f 61//36 66//36 65//36
f 64//37 69//37 66//37
f 62//38 69//38 68//38
f 67//39 72//39 69//39
f 63//40 72//40 71//40
f 70//41 66//41 72//41
f 66//42 69//42 72//42
f 73//43 78//43 77//43
f 76//44 81//44 78//44
f 74//45 81//45 80//45
f 79//46 84//46 81//46
f 75//47 84//47 83//47
f 82//48 78//48 84//48
f 78//49 81//49 84//49
f 85//50 90//50 89//50
f 88//51 93//51 90//51
f 86//52 93//52 92//52
f 91//53 96//53 93//53
f 87//54 96//54 95//54
f 94//55 90//55 96//55
f 90//56 93//56 96//56
f 25//57 5//57 28//57
f 28//58 10//58 32//58
f 32//59 3//59 26//59
f 2//60 17//60 7//60
f 7//61 22//61 11//61
f 11//62 15//62 3//62
f 14//63 41//63 19//63
f 19//64 46//64 23//64
f 23//65 39//65 15//65
f 38//66 35//66 43//66
f 43//67 31//67 47//67
f 47//68 26//68 39//68
f 73//69 29//69 76//69
f 76//70 34//70 80//70
f 80//71 27//71 74//71
f 37//72 89//72 40//72
f 40//73 94//73 44//73
f 44//74 87//74 38//74
f 86//75 83//75 91//75
f 91//76 79//76 95//76
f 95//77 74//77 87//77
f 49//78 77//78 52//78
f 52//79 82//79 56//79
f 56//80 75//80 50//80
f 85//81 65//81 88//81
f 88//82 70//82 92//82
f 92//83 63//83 86//83
f 62//84 59//84 67//84
f 67//85 55//85 71//85
f 71//86 50//86 63//86
f 1//87 53//87 4//87
f 4//88 58//88 8//88
f 8//89 51//89 2//89
f 61//90 20//90 64//90
f 64//91 16//91 68//91
f 68//92 13//92 62//92
f 25//93 49//93 1//93
f 3//94 39//94 26//94
f 51//95 13//95 2//95
f 85//96 14//96 61//96
f 27//97 87//97 74//97
f 75//98 63//98 50//98
f 1//220 4//220 6//220
f 4//2 8//2 9//2
f 2//221 7//221 9//221
f 7//4 11//4 12//4
f 3//222 10//222 12//222
f 10//6 5//6 6//6
f 13//223 16//223 18//223
f 16//9 20//9 21//9
f 14//224 19//224 21//224
f 19//11 23//11 24//11
f 15//225 22//225 24//225
f 22//13 17//13 18//13
f 25//226 28//226 30//226
f 28//16 32//16 33//16
f 26//227 31//227 33//227
f 31//18 35//18 36//18
f 27//228 34//228 36//228
f 34//20 29//20 30//20
f 37//229 40//229 42//229
f 40//23 44//23 45//23
f 38//230 43//230 45//230
f 43//25 47//25 48//25
f 39//231 46//231 48//231
f 46//27 41//27 42//27
f 49//232 52//232 54//232
f 52//30 56//30 57//30
f 50//233 55//233 57//233
f 55//32 59//32 60//32
f 51//234 58//234 60//234
f 58//34 53//34 54//34
f 61//235 64//235 66//235
f 64//37 68//37 69//37
f 62//236 67//236 69//236
f 67//39 71//39 72//39
f 63//237 70//237 72//237
f 70//41 65//41 66//41
f 73//238 76//238 78//238
f 76//44 80//44 81//44
f 74//239 79//239 81//239
f 79//46 83//46 84//46
f 75//240 82//240 84//240
f 82//48 77//48 78//48
f 85//241 88//241 90//241
f 88//51 92//51 93//51
f 86//242 91//242 93//242
f 91//53 95//53 96//53
f 87//243 94//243 96//243
f 94//55 89//55 90//55
f 25//57 1//57 5//57
f 28//58 5//58 10//58
f 32//59 10//59 3//59
f 2//60 13//60 17//60
f 7//61 17//61 22//61
f 11//62 22//62 15//62
f 14//63 37//63 41//63
f 19//64 41//64 46//64
f 23//65 46//65 39//65
f 38//66 27//66 35//66
f 43//67 35//67 31//67
f 47//68 31//68 26//68
f 73//69 25//69 29//69
f 76//70 29//70 34//70
f 80//71 34//71 27//71
f 37//72 85//72 89//72
f 40//73 89//73 94//73
f 44//74 94//74 87//74
f 86//75 75//75 83//75
f 91//76 83//76 79//76
f 95//77 79//77 74//77
f 49//78 73//78 77//78
f 52//79 77//79 82//79
f 56//80 82//80 75//80
f 85//81 61//81 65//81
f 88//82 65//82 70//82
f 92//83 70//83 63//83
f 62//84 51//84 59//84
f 67//85 59//85 55//85
f 71//86 55//86 50//86
f 1//87 49//87 53//87
f 4//88 53//88 58//88
f 8//89 58//89 51//89
f 61//90 14//90 20//90
f 64//91 20//91 16//91
f 68//92 16//92 13//92
f 25//93 73//93 49//93
f 3//94 15//94 39//94
f 51//95 62//95 13//95
f 85//96 37//96 14//96
f 27//97 38//97 87//97
f 75//98 86//98 63//98
usemtl Black
f 97//1 102//1 101//1
f 100//2 105//2 102//2
f 98//3 105//3 104//3
f 103//4 108//4 105//4
f 99//5 108//5 107//5
f 106//6 102//6 108//6
f 102//99 105//99 108//99
f 109//8 114//8 113//8
f 112//9 117//9 114//9
f 110//10 117//10 116//10
f 115//11 120//11 117//11
f 111//12 120//12 119//12
f 118//13 114//13 120//13
f 114//100 117//100 120//100
f 121//15 126//15 125//15
f 124//16 129//16 126//16
f 122//17 129//17 128//17
f 127//18 132//18 129//18
f 123//19 132//19 131//19
f 130//20 126//20 132//20
f 126//101 129//101 132//101
f 133//22 138//22 137//22
f 136//23 141//23 138//23
f 134//24 141//24 140//24
f 139//25 144//25 141//25
f 135//26 144//26 143//26
f 142//27 138//27 144//27
f 138//102 141//102 144//102
f 145//29 150//29 149//29
f 148//30 153//30 150//30
f 146//31 153//31 152//31
f 151//32 156//32 153//32
f 147//33 156//33 155//33
f 154//34 150//34 156//34
f 150//103 153//103 156//103
f 157//36 162//36 161//36
f 160//37 165//37 162//37
f 158//38 165//38 164//38
f 163//39 168//39 165//39
f 159//40 168//40 167//40
f 166//41 162//41 168//41
f 162//104 165//104 168//104
f 169//43 174//43 173//43
f 172//44 177//44 174//44
f 170//45 177//45 176//45
f 175//46 180//46 177//46
f 171//47 180//47 179//47
f 178//48 174//48 180//48
f 174//105 177//105 180//105
f 181//50 186//50 185//50
f 184//51 189//51 186//51
f 182//52 189//52 188//52
f 187//53 192//53 189//53
f 183//54 192//54 191//54
f 190//55 186//55 192//55
f 186//106 189//106 192//106
f 121//57 101//57 124//57
f 124//58 106//58 128//58
f 128//59 99//59 122//59
f 98//60 113//60 103//60
f 103//61 118//61 107//61
f 107//62 111//62 99//62
f 110//63 137//63 115//63
f 115//64 142//64 119//64
f 119//65 135//65 111//65
f 134//66 131//66 139//66
f 139//67 127//67 143//67
f 143//68 122//68 135//68
f 169//69 125//69 172//69
f 172//70 130//70 176//70
f 176//71 123//71 170//71
f 133//72 185//72 136//72
f 136//73 190//73 140//73
f 140//74 183//74 134//74
f 182//75 179//75 187//75
f 187//76 175//76 191//76
f 191//77 170//77 183//77
f 145//78 173//78 148//78
f 148//79 178//79 152//79
f 152//80 171//80 146//80
f 181//81 161//81 184//81
f 184//82 166//82 188//82
f 188//83 159//83 182//83
f 158//84 155//84 163//84
f 163//85 151//85 167//85
f 167//86 146//86 159//86
f 97//87 149//87 100//87
f 100//88 154//88 104//88
f 104//89 147//89 98//89
f 157//90 116//90 160//90
f 160//91 112//91 164//91
f 164//92 109//92 158//92
f 121//93 145//93 97//93
f 99//94 135//94 122//94
f 147//95 109//95 98//95
f 181//96 110//96 157//96
f 123//97 183//97 170//97
f 171//98 159//98 146//98
f 289//111 294//111 293//111
f 292//112 297//112 294//112
f 290//113 297//113 296//113
f 295//114 300//114 297//114
f 291//115 300//115 299//115
f 298//116 294//116 300//116
f 294//117 297//117 300//117
f 301//118 306//118 305//118
f 304//119 309//119 306//119
f 302//120 309//120 308//120
f 307//121 312//121 309//121
f 303//122 312//122 311//122
f 310//123 306//123 312//123
f 306//124 309//124 312//124
f 313//125 318//125 317//125
f 316//126 321//126 318//126
f 314//127 321//127 320//127
f 319//128 324//128 321//128
f 315//129 324//129 323//129
f 322//130 318//130 324//130
f 318//131 321//131 324//131
f 325//132 330//132 329//132
f 328//133 333//133 330//133
f 326//134 333//134 332//134
f 331//135 336//135 333//135
f 327//136 336//136 335//136
f 334//137 330//137 336//137
f 330//138 333//138 336//138
f 337//139 342//139 341//139
f 340//140 345//140 342//140
f 338//141 345//141 344//141
f 343//142 348//142 345//142
f 339//143 348//143 347//143
f 346//144 342//144 348//144
f 342//145 345//145 348//145
f 349//146 354//146 353//146
f 352//147 357//147 354//147
f 350//148 357//148 356//148
f 355//149 360//149 357//149
f 351//150 360//150 359//150
f 358//151 354//151 360//151
f 354//152 357//152 360//152
f 361//153 366//153 365//153
f 364//154 369//154 366//154
f 362//155 369//155 368//155
f 367//156 372//156 369//156
f 363//157 372//157 371//157
f 370//158 366//158 372//158
f 366//159 369//159 372//159
f 373//160 378//160 377//160
f 376//161 381//161 378//161
f 374//162 381//162 380//162
f 379//163 384//163 381//163
f 375//164 384//164 383//164
f 382//165 378//165 384//165
f 378//166 381//166 384//166
f 313//167 293//167 316//167
f 316//58 298//58 320//58
f 320//168 291//168 314//168
f 290//169 305//169 295//169
f 295//61 310//61 299//61
f 299//170 303//170 291//170
f 302//171 329//171 307//171
f 307//64 334//64 311//64
f 311//172 327//172 303//172
f 326//173 323//173 331//173
f 331//67 319//67 335//67
f 335//174 314//174 327//174
f 361//175 317//175 364//175
f 364//70 322//70 368//70
f 368//176 315//176 362//176
f 325//177 377//177 328//177
f 328//73 382//73 332//73
f 332//178 375//178 326//178
f 374//179 371//179 379//179
f 379//76 367//76 383//76
f 383//180 362//180 375//180
f 337//181 365//181 340//181
f 340//79 370//79 344//79
f 344//182 363//182 338//182
f 373//183 353//183 376//183
f 376//82 358//82 380//82
f 380//184 351//184 374//184
f 350//185 347//185 355//185
f 355//85 343//85 359//85
f 359//186 338//186 351//186
f 289//187 341//187 292//187
f 292//88 346//88 296//88
f 296//188 339//188 290//188
f 349//189 308//189 352//189
f 352//91 304//91 356//91
f 356//190 301//190 350//190
f 313//93 337//93 289//93
f 291//94 327//94 314//94
f 339//95 301//95 290//95
f 373//96 302//96 349//96
f 315//97 375//97 362//97
f 363//98 351//98 338//98
f 393//191 398//191 397//191
f 396//112 401//112 398//112
f 394//113 401//113 400//113
f 399//114 404//114 401//114
f 395//192 404//192 403//192
f 402//116 398//116 404//116
f 398//117 401//117 404//117
f 405//118 410//118 409//118
f 408//119 413//119 410//119
f 406//120 413//120 412//120
f 411//193 416//193 413//193
f 407//122 416//122 415//122
f 414//123 410//123 416//123
f 410//194 413//194 416//194
f 417//125 422//125 421//125
f 420//126 425//126 422//126
f 418//127 425//127 424//127
f 423//128 428//128 425//128
f 419//129 428//129 427//129
f 426//130 422//130 428//130
f 422//131 425//131 428//131
f 429//195 434//195 433//195
f 432//133 437//133 434//133
f 430//134 437//134 436//134
f 435//135 440//135 437//135
f 431//136 440//136 439//136
f 438//137 434//137 440//137
f 434//102 437//102 440//102
f 441//196 446//196 445//196
f 444//140 449//140 446//140
f 442//141 449//141 448//141
f 447//142 452//142 449//142
f 443//143 452//143 451//143
f 450//144 446//144 452//144
f 446//145 449//145 452//145
f 453//146 458//146 457//146
f 456//147 461//147 458//147
f 454//148 461//148 460//148
f 459//149 464//149 461//149
f 455//197 464//197 463//197
f 462//151 458//151 464//151
f 458//198 461//198 464//198
f 465//199 470//199 469//199
f 468//154 473//154 470//154
f 466//155 473//155 472//155
f 471//156 476//156 473//156
f 467//157 476//157 475//157
f 474//158 470//158 476//158
f 470//159 473//159 476//159
f 477//160 482//160 481//160
f 480//161 485//161 482//161
f 478//162 485//162 484//162
f 483//163 488//163 485//163
f 479//164 488//164 487//164
f 486//165 482//165 488//165
f 482//106 485//106 488//106
f 417//167 397//167 420//167
f 420//58 402//58 424//58
f 424//168 395//168 418//168
f 394//169 409//169 399//169
f 399//61 414//61 403//61
f 403//170 407//170 395//170
f 406//200 433//200 411//200
f 411//64 438//64 415//64
f 415//172 431//172 407//172
f 430//173 427//173 435//173
f 435//67 423//67 439//67
f 439//174 418//174 431//174
f 465//201 421//201 468//201
f 468//70 426//70 472//70
f 472//176 419//176 466//176
f 429//202 481//202 432//202
f 432//73 486//73 436//73
f 436//178 479//178 430//178
f 478//203 475//203 483//203
f 483//76 471//76 487//76
f 487//204 466//204 479//204
f 441//181 469//181 444//181
f 444//79 474//79 448//79
f 448//182 467//182 442//182
f 477//205 457//205 480//205
f 480//82 462//82 484//82
f 484//184 455//184 478//184
f 454//185 451//185 459//185
f 459//85 447//85 463//85
f 463//186 442//186 455//186
f 393//187 445//187 396//187
f 396//88 450//88 400//88
f 400//188 443//188 394//188
f 453//189 412//189 456//189
f 456//91 408//91 460//91
f 460//190 405//190 454//190
f 417//93 441//93 393//93
f 395//94 431//94 418//94
f 443//95 405//95 394//95
f 477//96 406//96 453//96
f 419//97 479//97 466//97
f 467//98 455//98 442//98
f 497//191 502//191 501//191
f 500//112 505//112 502//112
f 498//113 505//113 504//113
f 503//114 508//114 505//114
f 499//115 508//115 507//115
f 506//116 502//116 508//116
f 502//206 505//206 508//206
f 509//118 514//118 513//118
f 512//119 517//119 514//119
f 510//120 517//120 516//120
f 515//193 520//193 517//193
f 511//122 520//122 519//122
f 518//123 514//123 520//123
f 514//194 517//194 520//194
f 521//125 526//125 525//125
f 524//207 529//207 526//207
f 522//127 529//127 528//127
f 527//128 532//128 529//128
f 523//129 532//129 531//129
f 530//130 526//130 532//130
f 526//101 529//101 532//101
f 533//132 538//132 537//132
f 536//133 541//133 538//133
f 534//134 541//134 540//134
f 539//135 544//135 541//135
f 535//208 544//208 543//208
f 542//137 538//137 544//137
f 538//102 541//102 544//102
f 545//196 550//196 549//196
f 548//140 553//140 550//140
f 546//141 553//141 552//141
f 551//142 556//142 553//142
f 547//143 556//143 555//143
f 554//144 550//144 556//144
f 550//209 553//209 556//209
f 557//146 562//146 561//146
f 560//147 565//147 562//147
f 558//148 565//148 564//148
f 563//149 568//149 565//149
f 559//197 568//197 567//197
f 566//151 562//151 568//151
f 562//198 565//198 568//198
f 569//199 574//199 573//199
f 572//154 577//154 574//154
f 570//155 577//155 576//155
f 575//156 580//156 577//156
f 571//210 580//210 579//210
f 578//158 574//158 580//158
f 574//105 577//105 580//105
f 581//160 586//160 585//160
f 584//161 589//161 586//161
f 582//162 589//162 588//162
f 587//163 592//163 589//163
f 583//164 592//164 591//164
f 590//165 586//165 592//165
f 586//106 589//106 592//106
f 521//211 501//211 524//211
f 524//58 506//58 528//58
f 528//168 499//168 522//168
f 498//169 513//169 503//169
f 503//61 518//61 507//61
f 507//170 511//170 499//170
f 510//200 537//200 515//200
f 515//64 542//64 519//64
f 519//172 535//172 511//172
f 534//173 531//173 539//173
f 539//67 527//67 543//67
f 543//174 522//174 535//174
f 569//175 525//175 572//175
f 572//70 530//70 576//70
f 576//176 523//176 570//176
f 533//202 585//202 536//202
f 536//73 590//73 540//73
f 540//178 583//178 534//178
f 582//203 579//203 587//203
f 587//76 575//76 591//76
f 591//204 570//204 583//204
f 545//212 573//212 548//212
f 548//79 578//79 552//79
f 552//182 571//182 546//182
f 581//205 561//205 584//205
f 584//82 566//82 588//82
f 588//184 559//184 582//184
f 558//185 555//185 563//185
f 563//85 551//85 567//85
f 567//186 546//186 559//186
f 497//187 549//187 500//187
f 500//88 554//88 504//88
f 504//188 547//188 498//188
f 557//189 516//189 560//189
f 560//91 512//91 564//91
f 564//190 509//190 558//190
f 521//93 545//93 497//93
f 499//94 535//94 522//94
f 547//95 509//95 498//95
f 581//96 510//96 557//96
f 523//97 583//97 570//97
f 571//98 559//98 546//98
f 601//111 606//111 605//111
f 604//112 609//112 606//112
f 602//113 609//113 608//113
f 607//114 612//114 609//114
f 603//192 612//192 611//192
f 610//116 606//116 612//116
f 606//206 609//206 612//206
f 613//118 618//118 617//118
f 616//119 621//119 618//119
f 614//120 621//120 620//120
f 619//121 624//121 621//121
f 615//122 624//122 623//122
f 622//123 618//123 624//123
f 618//124 621//124 624//124
f 625//125 630//125 629//125
f 628//207 633//207 630//207
f 626//127 633//127 632//127
f 631//128 636//128 633//128
f 627//129 636//129 635//129
f 634//130 630//130 636//130
f 630//101 633//101 636//101
f 637//132 642//132 641//132
f 640//133 645//133 642//133
f 638//134 645//134 644//134
f 643//135 648//135 645//135
f 639//136 648//136 647//136
f 646//137 642//137 648//137
f 642//138 645//138 648//138
f 649//196 654//196 653//196
f 652//140 657//140 654//140
f 650//141 657//141 656//141
f 655//142 660//142 657//142
f 651//143 660//143 659//143
f 658//144 654//144 660//144
f 654//209 657//209 660//209
f 661//146 666//146 665//146
f 664//147 669//147 666//147
f 662//148 669//148 668//148
f 667//149 672//149 669//149
f 663//150 672//150 671//150
f 670//151 666//151 672//151
f 666//152 669//152 672//152
f 673//153 678//153 677//153
f 676//154 681//154 678//154
f 674//155 681//155 680//155
f 679//156 684//156 681//156
f 675//210 684//210 683//210
f 682//158 678//158 684//158
f 678//105 681//105 684//105
f 685//160 690//160 689//160
f 688//161 693//161 690//161
f 686//162 693//162 692//162
f 691//163 696//163 693//163
f 687//164 696//164 695//164
f 694//165 690//165 696//165
f 690//166 693//166 696//166
f 625//211 605//211 628//211
f 628//58 610//58 632//58
f 632//168 603//168 626//168
f 602//169 617//169 607//169
f 607//61 622//61 611//61
f 611//170 615//170 603//170
f 614//171 641//171 619//171
f 619//64 646//64 623//64
f 623//172 639//172 615//172
f 638//173 635//173 643//173
f 643//67 631//67 647//67
f 647//174 626//174 639//174
f 673//175 629//175 676//175
f 676//70 634//70 680//70
f 680//176 627//176 674//176
f 637//177 689//177 640//177
f 640//73 694//73 644//73
f 644//178 687//178 638//178
f 686//203 683//203 691//203
f 691//76 679//76 695//76
f 695//204 674//204 687//204
f 649//212 677//212 652//212
f 652//79 682//79 656//79
f 656//182 675//182 650//182
f 685//183 665//183 688//183
f 688//82 670//82 692//82
f 692//184 663//184 686//184
f 662//185 659//185 667//185
f 667//85 655//85 671//85
f 671//186 650//186 663//186
f 601//187 653//187 604//187
f 604//88 658//88 608//88
f 608//188 651//188 602//188
f 661//189 620//189 664//189
f 664//91 616//91 668//91
f 668//190 613//190 662//190
f 625//93 649//93 601//93
f 603//94 639//94 626//94
f 651//95 613//95 602//95
f 685//96 614//96 661//96
f 627//97 687//97 674//97
f 675//98 663//98 650//98
f 705//191 710//191 709//191
f 708//112 713//112 710//112
f 706//113 713//113 712//113
f 711//114 716//114 713//114
f 707//192 716//192 715//192
f 714//116 710//116 716//116
f 710//117 713//117 716//117
f 717//118 722//118 721//118
f 720//119 725//119 722//119
f 718//120 725//120 724//120
f 723//121 728//121 725//121
f 719//122 728//122 727//122
f 726//123 722//123 728//123
f 722//124 725//124 728//124
f 729//125 734//125 733//125
f 732//126 737//126 734//126
f 730//127 737//127 736//127
f 735//128 740//128 737//128
f 731//129 740//129 739//129
f 738//130 734//130 740//130
f 734//131 737//131 740//131
f 741//195 746//195 745//195
f 744//133 749//133 746//133
f 742//134 749//134 748//134
f 747//135 752//135 749//135
f 743//208 752//208 751//208
f 750//137 746//137 752//137
f 746//138 749//138 752//138
f 753//196 758//196 757//196
f 756//140 761//140 758//140
f 754//141 761//141 760//141
f 759//142 764//142 761//142
f 755//143 764//143 763//143
f 762//144 758//144 764//144
f 758//145 761//145 764//145
f 765//213 770//213 769//213
f 768//147 773//147 770//147
f 766//148 773//148 772//148
f 771//149 776//149 773//149
f 767//150 776//150 775//150
f 774//151 770//151 776//151
f 770//152 773//152 776//152
f 777//199 782//199 781//199
f 780//154 785//154 782//154
f 778//155 785//155 784//155
f 783//156 788//156 785//156
f 779//157 788//157 787//157
f 786//158 782//158 788//158
f 782//159 785//159 788//159
f 789//214 794//214 793//214
f 792//161 797//161 794//161
f 790//162 797//162 796//162
f 795//163 800//163 797//163
f 791//164 800//164 799//164
f 798//165 794//165 800//165
f 794//166 797//166 800//166
f 729//167 709//167 732//167
f 732//58 714//58 736//58
f 736//168 707//168 730//168
f 706//169 721//169 711//169
f 711//61 726//61 715//61
f 715//170 719//170 707//170
f 718//171 745//171 723//171
f 723//64 750//64 727//64
f 727//172 743//172 719//172
f 742//173 739//173 747//173
f 747//67 735//67 751//67
f 751//174 730//174 743//174
f 777//201 733//201 780//201
f 780//70 738//70 784//70
f 784//176 731//176 778//176
f 741//202 793//202 744//202
f 744//73 798//73 748//73
f 748//178 791//178 742//178
f 790//179 787//179 795//179
f 795//76 783//76 799//76
f 799//180 778//180 791//180
f 753//181 781//181 756//181
f 756//79 786//79 760//79
f 760//182 779//182 754//182
f 789//183 769//183 792//183
f 792//82 774//82 796//82
f 796//184 767//184 790//184
f 766//185 763//185 771//185
f 771//85 759//85 775//85
f 775//186 754//186 767//186
f 705//187 757//187 708//187
f 708//88 762//88 712//88
f 712//188 755//188 706//188
f 765//189 724//189 768//189
f 768//91 720//91 772//91
f 772//190 717//190 766//190
f 729//93 753//93 705//93
f 707//94 743//94 730//94
f 755//95 717//95 706//95
f 789//96 718//96 765//96
f 731//97 791//97 778//97
f 779//98 767//98 754//98
f 809//111 814//111 813//111
f 812//112 817//112 814//112
f 810//113 817//113 816//113
f 815//114 820//114 817//114
f 811//115 820//115 819//115
f 818//116 814//116 820//116
f 814//117 817//117 820//117
f 821//118 826//118 825//118
f 824//119 829//119 826//119
f 822//120 829//120 828//120
f 827//121 832//121 829//121
f 823//122 832//122 831//122
f 830//123 826//123 832//123
f 826//124 829//124 832//124
f 833//215 838//215 837//215
f 836//126 841//126 838//126
f 834//127 841//127 840//127
f 839//128 844//128 841//128
f 835//129 844//129 843//129
f 842//130 838//130 844//130
f 838//131 841//131 844//131
f 845//132 850//132 849//132
f 848//133 853//133 850//133
f 846//134 853//134 852//134
f 851//135 856//135 853//135
f 847//208 856//208 855//208
f 854//137 850//137 856//137
f 850//138 853//138 856//138
f 857//196 862//196 861//196
f 860//140 865//140 862//140
f 858//141 865//141 864//141
f 863//142 868//142 865//142
f 859//143 868//143 867//143
f 866//144 862//144 868//144
f 862//145 865//145 868//145
f 869//146 874//146 873//146
f 872//147 877//147 874//147
f 870//148 877//148 876//148
f 875//149 880//149 877//149
f 871//197 880//197 879//197
f 878//151 874//151 880//151
f 874//152 877//152 880//152
f 881//153 886//153 885//153
f 884//154 889//154 886//154
f 882//155 889//155 888//155
f 887//156 892//156 889//156
f 883//157 892//157 891//157
f 890//158 886//158 892//158
f 886//159 889//159 892//159
f 893//160 898//160 897//160
f 896//161 901//161 898//161
f 894//162 901//162 900//162
f 899//163 904//163 901//163
f 895//164 904//164 903//164
f 902//165 898//165 904//165
f 898//166 901//166 904//166
f 833//167 813//167 836//167
f 836//58 818//58 840//58
f 840//168 811//168 834//168
f 810//169 825//169 815//169
f 815//61 830//61 819//61
f 819//170 823//170 811//170
f 822//171 849//171 827//171
f 827//64 854//64 831//64
f 831//172 847//172 823//172
f 846//216 843//216 851//216
f 851//67 839//67 855//67
f 855//174 834//174 847//174
f 881//175 837//175 884//175
f 884//70 842//70 888//70
f 888//176 835//176 882//176
f 845//177 897//177 848//177
f 848//73 902//73 852//73
f 852//178 895//178 846//178
f 894//203 891//203 899//203
f 899//76 887//76 903//76
f 903//180 882//180 895//180
f 857//181 885//181 860//181
f 860//79 890//79 864//79
f 864//182 883//182 858//182
f 893//183 873//183 896//183
f 896//82 878//82 900//82
f 900//184 871//184 894//184
f 870//185 867//185 875//185
f 875//85 863//85 879//85
f 879//186 858//186 871//186
f 809//187 861//187 812//187
f 812//88 866//88 816//88
f 816//188 859//188 810//188
f 869//189 828//189 872//189
f 872//91 824//91 876//91
f 876//190 821//190 870//190
f 833//93 857//93 809//93
f 811//94 847//94 834//94
f 859//95 821//95 810//95
f 893//96 822//96 869//96
f 835//97 895//97 882//97
f 883//98 871//98 858//98
f 913//191 918//191 917//191
f 916//112 921//112 918//112
f 914//113 921//113 920//113
f 919//114 924//114 921//114
f 915//115 924//115 923//115
f 922//116 918//116 924//116
f 918//117 921//117 924//117
f 925//118 930//118 929//118
f 928//119 933//119 930//119
f 926//120 933//120 932//120
f 931//121 936//121 933//121
f 927//122 936//122 935//122
f 934//123 930//123 936//123
f 930//194 933//194 936//194
f 937//125 942//125 941//125
f 940//126 945//126 942//126
f 938//127 945//127 944//127
f 943//128 948//128 945//128
f 939//129 948//129 947//129
f 946//130 942//130 948//130
f 942//131 945//131 948//131
f 949//195 954//195 953//195
f 952//133 957//133 954//133
f 950//134 957//134 956//134
f 955//135 960//135 957//135
f 951//136 960//136 959//136
f 958//137 954//137 960//137
f 954//102 957//102 960//102
f 961//196 966//196 965//196
f 964//140 969//140 966//140
f 962//141 969//141 968//141
f 967//142 972//142 969//142
f 963//143 972//143 971//143
f 970//144 966//144 972//144
f 966//145 969//145 972//145
f 973//213 978//213 977//213
f 976//147 981//147 978//147
f 974//148 981//148 980//148
f 979//149 984//149 981//149
f 975//197 984//197 983//197
f 982//151 978//151 984//151
f 978//198 981//198 984//198
f 985//199 990//199 989//199
f 988//154 993//154 990//154
f 986//155 993//155 992//155
f 991//156 996//156 993//156
f 987//210 996//210 995//210
f 994//158 990//158 996//158
f 990//159 993//159 996//159
f 997//160 1002//160 1001//160
f 1000//217 1005//217 1002//217
f 998//162 1005//162 1004//162
f 1003//163 1008//163 1005//163
f 999//164 1008//164 1007//164
f 1006//165 1002//165 1008//165
f 1002//106 1005//106 1008//106
f 937//167 917//167 940//167
f 940//58 922//58 944//58
f 944//168 915//168 938//168
f 914//169 929//169 919//169
f 919//61 934//61 923//61
f 923//170 927//170 915//170
f 926//200 953//200 931//200
f 931//64 958//64 935//64
f 935//172 951//172 927//172
f 950//173 947//173 955//173
f 955//67 943//67 959//67
f 959//174 938//174 951//174
f 985//201 941//201 988//201
f 988//70 946//70 992//70
f 992//176 939//176 986//176
f 949//202 1001//202 952//202
f 952//73 1006//73 956//73
f 956//178 999//178 950//178
f 998//203 995//203 1003//203
f 1003//76 991//76 1007//76
f 1007//204 986//204 999//204
f 961//181 989//181 964//181
f 964//79 994//79 968//79
f 968//182 987//182 962//182
f 997//205 977//205 1000//205
f 1000//82 982//82 1004//82
f 1004//184 975//184 998//184
f 974//185 971//185 979//185
f 979//85 967//85 983//85
f 983//186 962//186 975//186
f 913//187 965//187 916//187
f 916//88 970//88 920//88
f 920//188 963//188 914//188
f 973//189 932//189 976//189
f 976//91 928//91 980//91
f 980//190 925//190 974//190
f 937//93 961//93 913//93
f 915//94 951//94 938//94
f 963//95 925//95 914//95
f 997//96 926//96 973//96
f 939//97 999//97 986//97
f 987//98 975//98 962//98
f 1017//191 1022//191 1021//191
f 1020//112 1025//112 1022//112
f 1018//113 1025//113 1024//113
f 1023//114 1028//114 1025//114
f 1019//192 1028//192 1027//192
f 1026//116 1022//116 1028//116
f 1022//206 1025//206 1028//206
f 1029//118 1034//118 1033//118
f 1032//119 1037//119 1034//119
f 1030//120 1037//120 1036//120
f 1035//121 1040//121 1037//121
f 1031//122 1040//122 1039//122
f 1038//123 1034//123 1040//123
f 1034//194 1037//194 1040//194
f 1041//125 1046//125 1045//125
f 1044//126 1049//126 1046//126
f 1042//127 1049//127 1048//127
f 1047//128 1052//128 1049//128
f 1043//129 1052//129 1051//129
f 1050//130 1046//130 1052//130
f 1046//101 1049//101 1052//101
f 1053//132 1058//132 1057//132
f 1056//133 1061//133 1058//133
f 1054//134 1061//134 1060//134
f 1059//135 1064//135 1061//135
f 1055//136 1064//136 1063//136
f 1062//137 1058//137 1064//137
f 1058//102 1061//102 1064//102
f 1065//196 1070//196 1069//196
f 1068//218 1073//218 1070//218
f 1066//141 1073//141 1072//141
f 1071//142 1076//142 1073//142
f 1067//143 1076//143 1075//143
f 1074//144 1070//144 1076//144
f 1070//209 1073//209 1076//209
f 1077//146 1082//146 1081//146
f 1080//147 1085//147 1082//147
f 1078//148 1085//148 1084//148
f 1083//149 1088//149 1085//149
f 1079//150 1088//150 1087//150
f 1086//151 1082//151 1088//151
f 1082//198 1085//198 1088//198
f 1089//199 1094//199 1093//199
f 1092//154 1097//154 1094//154
f 1090//155 1097//155 1096//155
f 1095//156 1100//156 1097//156
f 1091//157 1100//157 1099//157
f 1098//158 1094//158 1100//158
f 1094//105 1097//105 1100//105
f 1101//160 1106//160 1105//160
f 1104//217 1109//217 1106//217
f 1102//162 1109//162 1108//162
f 1107//163 1112//163 1109//163
f 1103//164 1112//164 1111//164
f 1110//165 1106//165 1112//165
f 1106//106 1109//106 1112//106
f 1041//211 1021//211 1044//211
f 1044//58 1026//58 1048//58
f 1048//168 1019//168 1042//168
f 1018//169 1033//169 1023//169
f 1023//61 1038//61 1027//61
f 1027//170 1031//170 1019//170
f 1030//200 1057//200 1035//200
f 1035//64 1062//64 1039//64
f 1039//172 1055//172 1031//172
f 1054//173 1051//173 1059//173
f 1059//67 1047//67 1063//67
f 1063//174 1042//174 1055//174
f 1089//175 1045//175 1092//175
f 1092//70 1050//70 1096//70
f 1096//176 1043//176 1090//176
f 1053//202 1105//202 1056//202
f 1056//73 1110//73 1060//73
f 1060//178 1103//178 1054//178
f 1102//203 1099//203 1107//203
f 1107//76 1095//76 1111//76
f 1111//204 1090//204 1103//204
f 1065//212 1093//212 1068//212
f 1068//79 1098//79 1072//79
f 1072//182 1091//182 1066//182
f 1101//205 1081//205 1104//205
f 1104//82 1086//82 1108//82
f 1108//184 1079//184 1102//184
f 1078//185 1075//185 1083//185
f 1083//85 1071//85 1087//85
f 1087//186 1066//186 1079//186
f 1017//187 1069//187 1020//187
f 1020//88 1074//88 1024//88
f 1024//188 1067//188 1018//188
f 1077//189 1036//189 1080//189
f 1080//91 1032//91 1084//91
f 1084//190 1029//190 1078//190
f 1041//93 1065//93 1017//93
f 1019//94 1055//94 1042//94
f 1067//95 1029//95 1018//95
f 1101//96 1030//96 1077//96
f 1043//97 1103//97 1090//97
f 1091//98 1079//98 1066//98
f 1121//191 1126//191 1125//191
f 1124//112 1129//112 1126//112
f 1122//113 1129//113 1128//113
f 1127//114 1132//114 1129//114
f 1123//192 1132//192 1131//192
f 1130//116 1126//116 1132//116
f 1126//206 1129//206 1132//206
f 1133//118 1138//118 1137//118
f 1136//119 1141//119 1138//119
f 1134//120 1141//120 1140//120
f 1139//121 1144//121 1141//121
f 1135//122 1144//122 1143//122
f 1142//123 1138//123 1144//123
f 1138//124 1141//124 1144//124
f 1145//125 1150//125 1149//125
f 1148//126 1153//126 1150//126
f 1146//127 1153//127 1152//127
f 1151//128 1156//128 1153//128
f 1147//129 1156//129 1155//129
f 1154//130 1150//130 1156//130
f 1150//101 1153//101 1156//101
f 1157//132 1162//132 1161//132
f 1160//133 1165//133 1162//133
f 1158//134 1165//134 1164//134
f 1163//135 1168//135 1165//135
f 1159//208 1168//208 1167//208
f 1166//137 1162//137 1168//137
f 1162//138 1165//138 1168//138
f 1169//196 1174//196 1173//196
f 1172//218 1177//218 1174//218
f 1170//141 1177//141 1176//141
f 1175//142 1180//142 1177//142
f 1171//143 1180//143 1179//143
f 1178//144 1174//144 1180//144
f 1174//209 1177//209 1180//209
f 1181//146 1186//146 1185//146
f 1184//147 1189//147 1186//147
f 1182//148 1189//148 1188//148
f 1187//149 1192//149 1189//149
f 1183//197 1192//197 1191//197
f 1190//151 1186//151 1192//151
f 1186//152 1189//152 1192//152
f 1193//153 1198//153 1197//153
f 1196//154 1201//154 1198//154
f 1194//155 1201//155 1200//155
f 1199//156 1204//156 1201//156
f 1195//210 1204//210 1203//210
f 1202//158 1198//158 1204//158
f 1198//105 1201//105 1204//105
f 1205//160 1210//160 1209//160
f 1208//161 1213//161 1210//161
f 1206//162 1213//162 1212//162
f 1211//163 1216//163 1213//163
f 1207//164 1216//164 1215//164
f 1214//165 1210//165 1216//165
f 1210//166 1213//166 1216//166
f 1145//211 1125//211 1148//211
f 1148//58 1130//58 1152//58
f 1152//168 1123//168 1146//168
f 1122//169 1137//169 1127//169
f 1127//61 1142//61 1131//61
f 1131//170 1135//170 1123//170
f 1134//171 1161//171 1139//171
f 1139//64 1166//64 1143//64
f 1143//172 1159//172 1135//172
f 1158//173 1155//173 1163//173
f 1163//67 1151//67 1167//67
f 1167//174 1146//174 1159//174
f 1193//175 1149//175 1196//175
f 1196//70 1154//70 1200//70
f 1200//176 1147//176 1194//176
f 1157//177 1209//177 1160//177
f 1160//73 1214//73 1164//73
f 1164//178 1207//178 1158//178
f 1206//203 1203//203 1211//203
f 1211//76 1199//76 1215//76
f 1215//204 1194//204 1207//204
f 1169//212 1197//212 1172//212
f 1172//79 1202//79 1176//79
f 1176//182 1195//182 1170//182
f 1205//183 1185//183 1208//183
f 1208//82 1190//82 1212//82
f 1212//184 1183//184 1206//184
f 1182//185 1179//185 1187//185
f 1187//85 1175//85 1191//85
f 1191//186 1170//186 1183//186
f 1121//187 1173//187 1124//187
f 1124//88 1178//88 1128//88
f 1128//188 1171//188 1122//188
f 1181//189 1140//189 1184//189
f 1184//91 1136//91 1188//91
f 1188//190 1133//190 1182//190
f 1145//93 1169//93 1121//93
f 1123//94 1159//94 1146//94
f 1171//95 1133//95 1122//95
f 1205//96 1134//96 1181//96
f 1147//97 1207//97 1194//97
f 1195//98 1183//98 1170//98
f 1225//191 1230//191 1229//191
f 1228//112 1233//112 1230//112
f 1226//113 1233//113 1232//113
f 1231//114 1236//114 1233//114
f 1227//115 1236//115 1235//115
f 1234//116 1230//116 1236//116
f 1230//117 1233//117 1236//117
f 1237//118 1242//118 1241//118
f 1240//119 1245//119 1242//119
f 1238//219 1245//219 1244//219
f 1243//121 1248//121 1245//121
f 1239//122 1248//122 1247//122
f 1246//123 1242//123 1248//123
f 1242//124 1245//124 1248//124
f 1249//125 1254//125 1253//125
f 1252//126 1257//126 1254//126
f 1250//127 1257//127 1256//127
f 1255//128 1260//128 1257//128
f 1251//129 1260//129 1259//129
f 1258//130 1254//130 1260//130
f 1254//131 1257//131 1260//131
f 1261//195 1266//195 1265//195
f 1264//133 1269//133 1266//133
f 1262//134 1269//134 1268//134
f 1267//135 1272//135 1269//135
f 1263//208 1272//208 1271//208
f 1270//137 1266//137 1272//137
f 1266//138 1269//138 1272//138
f 1273//196 1278//196 1277//196
f 1276//140 1281//140 1278//140
f 1274//141 1281//141 1280//141
f 1279//142 1284//142 1281//142
f 1275//143 1284//143 1283//143
f 1282//144 1278//144 1284//144
f 1278//145 1281//145 1284//145
f 1285//213 1290//213 1289//213
f 1288//147 1293//147 1290//147
f 1286//148 1293//148 1292//148
f 1291//149 1296//149 1293//149
f 1287//150 1296//150 1295//150
f 1294//151 1290//151 1296//151
f 1290//152 1293//152 1296//152
f 1297//199 1302//199 1301//199
f 1300//154 1305//154 1302//154
f 1298//155 1305//155 1304//155
f 1303//156 1308//156 1305//156
f 1299//210 1308//210 1307//210
f 1306//158 1302//158 1308//158
f 1302//159 1305//159 1308//159
f 1309//160 1314//160 1313//160
f 1312//161 1317//161 1314//161
f 1310//162 1317//162 1316//162
f 1315//163 1320//163 1317//163
f 1311//164 1320//164 1319//164
f 1318//165 1314//165 1320//165
f 1314//166 1317//166 1320//166
f 1249//167 1229//167 1252//167
f 1252//58 1234//58 1256//58
f 1256//168 1227//168 1250//168
f 1226//169 1241//169 1231//169
f 1231//61 1246//61 1235//61
f 1235//170 1239//170 1227//170
f 1238//171 1265//171 1243//171
f 1243//64 1270//64 1247//64
f 1247//172 1263//172 1239//172
f 1262//216 1259//216 1267//216
f 1267//67 1255//67 1271//67
f 1271//174 1250//174 1263//174
f 1297//201 1253//201 1300//201
f 1300//70 1258//70 1304//70
f 1304//176 1251//176 1298//176
f 1261//202 1313//202 1264//202
f 1264//73 1318//73 1268//73
f 1268//178 1311//178 1262//178
f 1310//203 1307//203 1315//203
f 1315//76 1303//76 1319//76
f 1319//180 1298//180 1311//180
f 1273//181 1301//181 1276//181
f 1276//79 1306//79 1280//79
f 1280//182 1299//182 1274//182
f 1309//183 1289//183 1312//183
f 1312//82 1294//82 1316//82
f 1316//184 1287//184 1310//184
f 1286//185 1283//185 1291//185
f 1291//85 1279//85 1295//85
f 1295//186 1274//186 1287//186
f 1225//187 1277//187 1228//187
f 1228//88 1282//88 1232//88
f 1232//188 1275//188 1226//188
f 1285//189 1244//189 1288//189
f 1288//91 1240//91 1292//91
f 1292//190 1237//190 1286//190
f 1249//93 1273//93 1225//93
f 1227//94 1263//94 1250//94
f 1275//95 1237//95 1226//95
f 1309//96 1238//96 1285//96
f 1251//97 1311//97 1298//97
f 1299//98 1287//98 1274//98
f 97//220 100//220 102//220
f 100//2 104//2 105//2
f 98//221 103//221 105//221
f 103//4 107//4 108//4
f 99//222 106//222 108//222
f 106//6 101//6 102//6
f 109//223 112//223 114//223
f 112//9 116//9 117//9
f 110//224 115//224 117//224
f 115//11 119//11 120//11
f 111//225 118//225 120//225
f 118//13 113//13 114//13
f 121//226 124//226 126//226
f 124//16 128//16 129//16
f 122//227 127//227 129//227
f 127//18 131//18 132//18
f 123//228 130//228 132//228
f 130//20 125//20 126//20
f 133//229 136//229 138//229
f 136//23 140//23 141//23
f 134//230 139//230 141//230
f 139//25 143//25 144//25
f 135//231 142//231 144//231
f 142//27 137//27 138//27
f 145//232 148//232 150//232
f 148//30 152//30 153//30
f 146//233 151//233 153//233
f 151//32 155//32 156//32
f 147//234 154//234 156//234
f 154//34 149//34 150//34
f 157//235 160//235 162//235
f 160//37 164//37 165//37
f 158//236 163//236 165//236
f 163//39 167//39 168//39
f 159//237 166//237 168//237
f 166//41 161//41 162//41
f 169//238 172//238 174//238
f 172//44 176//44 177//44
f 170//239 175//239 177//239
f 175//46 179//46 180//46
f 171//240 178//240 180//240
f 178//48 173//48 174//48
f 181//241 184//241 186//241
f 184//51 188//51 189//51
f 182//242 187//242 189//242
f 187//53 191//53 192//53
f 183//243 190//243 192//243
f 190//55 185//55 186//55
f 121//57 97//57 101//57
f 124//58 101//58 106//58
f 128//59 106//59 99//59
f 98//60 109//60 113//60
f 103//61 113//61 118//61
f 107//62 118//62 111//62
f 110//63 133//63 137//63
f 115//64 137//64 142//64
f 119//65 142//65 135//65
f 134//66 123//66 131//66
f 139//67 131//67 127//67
f 143//68 127//68 122//68
f 169//69 121//69 125//69
f 172//70 125//70 130//70
f 176//71 130//71 123//71
f 133//72 181//72 185//72
f 136//73 185//73 190//73
f 140//74 190//74 183//74
f 182//75 171//75 179//75
f 187//76 179//76 175//76
f 191//77 175//77 170//77
f 145//78 169//78 173//78
f 148//79 173//79 178//79
f 152//80 178//80 171//80
f 181//81 157//81 161//81
f 184//82 161//82 166//82
f 188//83 166//83 159//83
f 158//84 147//84 155//84
f 163//85 155//85 151//85
f 167//86 151//86 146//86
f 97//87 145//87 149//87
f 100//88 149//88 154//88
f 104//89 154//89 147//89
f 157//90 110//90 116//90
f 160//91 116//91 112//91
f 164//92 112//92 109//92
f 121//93 169//93 145//93
f 99//94 111//94 135//94
f 147//95 158//95 109//95
f 181//96 133//96 110//96
f 123//97 134//97 183//97
f 171//98 182//98 159//98
f 289//244 292//244 294//244
f 292//112 296//112 297//112
f 290//245 295//245 297//245
f 295//114 299//114 300//114
f 291//246 298//246 300//246
f 298//116 293//116 294//116
f 301//247 304//247 306//247
f 304//119 308//119 309//119
f 302//248 307//248 309//248
f 307//121 311//121 312//121
f 303//249 310//249 312//249
f 310//123 305//123 306//123
f 313//250 316//250 318//250
f 316//126 320//126 321//126
f 314//251 319//251 321//251
f 319//128 323//128 324//128
f 315//252 322//252 324//252
f 322//130 317//130 318//130
f 325//253 328//253 330//253
f 328//133 332//133 333//133
f 326//254 331//254 333//254
f 331//135 335//135 336//135
f 327//255 334//255 336//255
f 334//137 329//137 330//137
f 337//256 340//256 342//256
f 340//140 344//140 345//140
f 338//257 343//257 345//257
f 343//142 347//142 348//142
f 339//258 346//258 348//258
f 346//144 341//144 342//144
f 349//259 352//259 354//259
f 352//147 356//147 357//147
f 350//260 355//260 357//260
f 355//149 359//149 360//149
f 351//261 358//261 360//261
f 358//151 353//151 354//151
f 361//262 364//262 366//262
f 364//154 368//154 369//154
f 362//263 367//263 369//263
f 367//156 371//156 372//156
f 363//264 370//264 372//264
f 370//158 365//158 366//158
f 373//265 376//265 378//265
f 376//161 380//161 381//161
f 374//266 379//266 381//266
f 379//163 383//163 384//163
f 375//267 382//267 384//267
f 382//165 377//165 378//165
f 313//211 289//211 293//211
f 316//58 293//58 298//58
f 320//168 298//168 291//168
f 290//169 301//169 305//169
f 295//61 305//61 310//61
f 299//170 310//170 303//170
f 302//200 325//200 329//200
f 307//64 329//64 334//64
f 311//172 334//172 327//172
f 326//173 315//173 323//173
f 331//67 323//67 319//67
f 335//174 319//174 314//174
f 361//175 313//175 317//175
f 364//70 317//70 322//70
f 368//268 322//268 315//268
f 325//202 373//202 377//202
f 328//73 377//73 382//73
f 332//269 382//269 375//269
f 374//203 363//203 371//203
f 379//76 371//76 367//76
f 383//204 367//204 362//204
f 337//212 361//212 365//212
f 340//79 365//79 370//79
f 344//182 370//182 363//182
f 373//205 349//205 353//205
f 376//82 353//82 358//82
f 380//184 358//184 351//184
f 350//185 339//185 347//185
f 355//85 347//85 343//85
f 359//270 343//270 338//270
f 289//187 337//187 341//187
f 292//88 341//88 346//88
f 296//188 346//188 339//188
f 349//189 302//189 308//189
f 352//91 308//91 304//91
f 356//190 304//190 301//190
f 313//93 361//93 337//93
f 291//94 303//94 327//94
f 339//95 350//95 301//95
f 373//96 325//96 302//96
f 315//97 326//97 375//97
f 363//98 374//98 351//98
f 393//244 396//244 398//244
f 396//112 400//112 401//112
f 394//245 399//245 401//245
f 399//114 403//114 404//114
f 395//246 402//246 404//246
f 402//116 397//116 398//116
f 405//247 408//247 410//247
f 408//119 412//119 413//119
f 406//271 411//271 413//271
f 411//121 415//121 416//121
f 407//249 414//249 416//249
f 414//123 409//123 410//123
f 417//272 420//272 422//272
f 420//126 424//126 425//126
f 418//273 423//273 425//273
f 423//128 427//128 428//128
f 419//252 426//252 428//252
f 426//130 421//130 422//130
f 429//253 432//253 434//253
f 432//133 436//133 437//133
f 430//254 435//254 437//254
f 435//135 439//135 440//135
f 431//255 438//255 440//255
f 438//137 433//137 434//137
f 441//274 444//274 446//274
f 444//140 448//140 449//140
f 442//257 447//257 449//257
f 447//142 451//142 452//142
f 443//258 450//258 452//258
f 450//144 445//144 446//144
f 453//259 456//259 458//259
f 456//147 460//147 461//147
f 454//260 459//260 461//260
f 459//149 463//149 464//149
f 455//261 462//261 464//261
f 462//151 457//151 458//151
f 465//275 468//275 470//275
f 468//154 472//154 473//154
f 466//263 471//263 473//263
f 471//156 475//156 476//156
f 467//264 474//264 476//264
f 474//158 469//158 470//158
f 477//276 480//276 482//276
f 480//161 484//161 485//161
f 478//277 483//277 485//277
f 483//163 487//163 488//163
f 479//267 486//267 488//267
f 486//165 481//165 482//165
f 417//211 393//211 397//211
f 420//58 397//58 402//58
f 424//168 402//168 395//168
f 394//169 405//169 409//169
f 399//61 409//61 414//61
f 403//170 414//170 407//170
f 406//200 429//200 433//200
f 411//64 433//64 438//64
f 415//172 438//172 431//172
f 430//216 419//216 427//216
f 435//67 427//67 423//67
f 439//174 423//174 418//174
f 465//175 417//175 421//175
f 468//70 421//70 426//70
f 472//268 426//268 419//268
f 429//202 477//202 481//202
f 432//73 481//73 486//73
f 436//269 486//269 479//269
f 478//203 467//203 475//203
f 483//76 475//76 471//76
f 487//180 471//180 466//180
f 441//212 465//212 469//212
f 444//79 469//79 474//79
f 448//182 474//182 467//182
f 477//205 453//205 457//205
f 480//82 457//82 462//82
f 484//184 462//184 455//184
f 454//185 443//185 451//185
f 459//85 451//85 447//85
f 463//186 447//186 442//186
f 393//187 441//187 445//187
f 396//88 445//88 450//88
f 400//188 450//188 443//188
f 453//189 406//189 412//189
f 456//91 412//91 408//91
f 460//190 408//190 405//190
f 417//93 465//93 441//93
f 395//94 407//94 431//94
f 443//95 454//95 405//95
f 477//96 429//96 406//96
f 419//97 430//97 479//97
f 467//98 478//98 455//98
f 497//244 500//244 502//244
f 500//112 504//112 505//112
f 498//245 503//245 505//245
f 503//114 507//114 508//114
f 499//246 506//246 508//246
f 506//116 501//116 502//116
f 509//247 512//247 514//247
f 512//119 516//119 517//119
f 510//248 515//248 517//248
f 515//121 519//121 520//121
f 511//278 518//278 520//278
f 518//123 513//123 514//123
f 521//272 524//272 526//272
f 524//126 528//126 529//126
f 522//251 527//251 529//251
f 527//128 531//128 532//128
f 523//252 530//252 532//252
f 530//130 525//130 526//130
f 533//253 536//253 538//253
f 536//133 540//133 541//133
f 534//254 539//254 541//254
f 539//135 543//135 544//135
f 535//255 542//255 544//255
f 542//137 537//137 538//137
f 545//274 548//274 550//274
f 548//140 552//140 553//140
f 546//279 551//279 553//279
f 551//142 555//142 556//142
f 547//258 554//258 556//258
f 554//144 549//144 550//144
f 557//259 560//259 562//259
f 560//147 564//147 565//147
f 558//260 563//260 565//260
f 563//149 567//149 568//149
f 559//261 566//261 568//261
f 566//151 561//151 562//151
f 569//275 572//275 574//275
f 572//154 576//154 577//154
f 570//263 575//263 577//263
f 575//156 579//156 580//156
f 571//264 578//264 580//264
f 578//158 573//158 574//158
f 581//265 584//265 586//265
f 584//161 588//161 589//161
f 582//277 587//277 589//277
f 587//163 591//163 592//163
f 583//267 590//267 592//267
f 590//165 585//165 586//165
f 521//211 497//211 501//211
f 524//58 501//58 506//58
f 528//168 506//168 499//168
f 498//169 509//169 513//169
f 503//61 513//61 518//61
f 507//170 518//170 511//170
f 510//200 533//200 537//200
f 515//64 537//64 542//64
f 519//172 542//172 535//172
f 534//216 523//216 531//216
f 539//67 531//67 527//67
f 543//174 527//174 522//174
f 569//175 521//175 525//175
f 572//70 525//70 530//70
f 576//268 530//268 523//268
f 533//202 581//202 585//202
f 536//73 585//73 590//73
f 540//269 590//269 583//269
f 582//203 571//203 579//203
f 587//76 579//76 575//76
f 591//180 575//180 570//180
f 545//212 569//212 573//212
f 548//79 573//79 578//79
f 552//182 578//182 571//182
f 581//205 557//205 561//205
f 584//82 561//82 566//82
f 588//184 566//184 559//184
f 558//185 547//185 555//185
f 563//85 555//85 551//85
f 567//186 551//186 546//186
f 497//187 545//187 549//187
f 500//88 549//88 554//88
f 504//188 554//188 547//188
f 557//189 510//189 516//189
f 560//91 516//91 512//91
f 564//190 512//190 509//190
f 521//93 569//93 545//93
f 499//94 511//94 535//94
f 547//95 558//95 509//95
f 581//96 533//96 510//96
f 523//97 534//97 583//97
f 571//98 582//98 559//98
f 601//244 604//244 606//244
f 604//112 608//112 609//112
f 602//245 607//245 609//245
f 607//114 611//114 612//114
f 603//246 610//246 612//246
f 610//116 605//116 606//116
f 613//247 616//247 618//247
f 616//119 620//119 621//119
f 614//248 619//248 621//248
f 619//121 623//121 624//121
f 615//249 622//249 624//249
f 622//123 617//123 618//123
f 625//250 628//250 630//250
f 628//126 632//126 633//126
f 626//273 631//273 633//273
f 631//128 635//128 636//128
f 627//252 634//252 636//252
f 634//130 629//130 630//130
f 637//253 640//253 642//253
f 640//133 644//133 645//133
f 638//254 643//254 645//254
f 643//135 647//135 648//135
f 639//255 646//255 648//255
f 646//137 641//137 642//137
f 649//274 652//274 654//274
f 652//140 656//140 657//140
f 650//279 655//279 657//279
f 655//142 659//142 660//142
f 651//258 658//258 660//258
f 658//144 653//144 654//144
f 661//259 664//259 666//259
f 664//147 668//147 669//147
f 662//260 667//260 669//260
f 667//149 671//149 672//149
f 663//261 670//261 672//261
f 670//151 665//151 666//151
f 673//275 676//275 678//275
f 676//154 680//154 681//154
f 674//263 679//263 681//263
f 679//156 683//156 684//156
f 675//264 682//264 684//264
f 682//158 677//158 678//158
f 685//265 688//265 690//265
f 688//161 692//161 693//161
f 686//266 691//266 693//266
f 691//163 695//163 696//163
f 687//267 694//267 696//267
f 694//165 689//165 690//165
f 625//211 601//211 605//211
f 628//58 605//58 610//58
f 632//168 610//168 603//168
f 602//169 613//169 617//169
f 607//61 617//61 622//61
f 611//170 622//170 615//170
f 614//200 637//200 641//200
f 619//64 641//64 646//64
f 623//172 646//172 639//172
f 638//216 627//216 635//216
f 643//67 635//67 631//67
f 647//174 631//174 626//174
f 673//175 625//175 629//175
f 676//70 629//70 634//70
f 680//268 634//268 627//268
f 637//202 685//202 689//202
f 640//73 689//73 694//73
f 644//269 694//269 687//269
f 686//203 675//203 683//203
f 691//76 683//76 679//76
f 695//180 679//180 674//180
f 649//212 673//212 677//212
f 652//79 677//79 682//79
f 656//182 682//182 675//182
f 685//205 661//205 665//205
f 688//82 665//82 670//82
f 692//184 670//184 663//184
f 662//185 651//185 659//185
f 667//85 659//85 655//85
f 671//186 655//186 650//186
f 601//187 649//187 653//187
f 604//88 653//88 658//88
f 608//188 658//188 651//188
f 661//189 614//189 620//189
f 664//91 620//91 616//91
f 668//190 616//190 613//190
f 625//93 673//93 649//93
f 603//94 615//94 639//94
f 651//95 662//95 613//95
f 685//96 637//96 614//96
f 627//97 638//97 687//97
f 675//98 686//98 663//98
f 705//244 708//244 710//244
f 708//112 712//112 713//112
f 706//245 711//245 713//245
f 711//114 715//114 716//114
f 707//246 714//246 716//246
f 714//116 709//116 710//116
f 717//247 720//247 722//247
f 720//119 724//119 725//119
f 718//271 723//271 725//271
f 723//121 727//121 728//121
f 719//278 726//278 728//278
f 726//123 721//123 722//123
f 729//272 732//272 734//272
f 732//126 736//126 737//126
f 730//273 735//273 737//273
f 735//128 739//128 740//128
f 731//252 738//252 740//252
f 738//130 733//130 734//130
f 741//253 744//253 746//253
f 744//133 748//133 749//133
f 742//254 747//254 749//254
f 747//135 751//135 752//135
f 743//255 750//255 752//255
f 750//137 745//137 746//137
f 753//274 756//274 758//274
f 756//140 760//140 761//140
f 754//257 759//257 761//257
f 759//142 763//142 764//142
f 755//258 762//258 764//258
f 762//144 757//144 758//144
f 765//280 768//280 770//280
f 768//147 772//147 773//147
f 766//260 771//260 773//260
f 771//149 775//149 776//149
f 767//261 774//261 776//261
f 774//151 769//151 770//151
f 777//275 780//275 782//275
f 780//154 784//154 785//154
f 778//263 783//263 785//263
f 783//156 787//156 788//156
f 779//264 786//264 788//264
f 786//158 781//158 782//158
f 789//276 792//276 794//276
f 792//161 796//161 797//161
f 790//266 795//266 797//266
f 795//163 799//163 800//163
f 791//267 798//267 800//267
f 798//165 793//165 794//165
f 729//211 705//211 709//211
f 732//58 709//58 714//58
f 736//168 714//168 707//168
f 706//169 717//169 721//169
f 711//61 721//61 726//61
f 715//170 726//170 719//170
f 718//200 741//200 745//200
f 723//64 745//64 750//64
f 727//172 750//172 743//172
f 742//173 731//173 739//173
f 747//67 739//67 735//67
f 751//174 735//174 730//174
f 777//175 729//175 733//175
f 780//70 733//70 738//70
f 784//268 738//268 731//268
f 741//202 789//202 793//202
f 744//73 793//73 798//73
f 748//269 798//269 791//269
f 790//203 779//203 787//203
f 795//76 787//76 783//76
f 799//204 783//204 778//204
f 753//212 777//212 781//212
f 756//79 781//79 786//79
f 760//182 786//182 779//182
f 789//205 765//205 769//205
f 792//82 769//82 774//82
f 796//184 774//184 767//184
f 766//185 755//185 763//185
f 771//85 763//85 759//85
f 775//270 759//270 754//270
f 705//187 753//187 757//187
f 708//88 757//88 762//88
f 712//188 762//188 755//188
f 765//189 718//189 724//189
f 768//91 724//91 720//91
f 772//190 720//190 717//190
f 729//93 777//93 753//93
f 707//94 719//94 743//94
f 755//95 766//95 717//95
f 789//96 741//96 718//96
f 731//97 742//97 791//97
f 779//98 790//98 767//98
f 809//281 812//281 814//281
f 812//112 816//112 817//112
f 810//245 815//245 817//245
f 815//114 819//114 820//114
f 811//246 818//246 820//246
f 818//116 813//116 814//116
f 821//247 824//247 826//247
f 824//119 828//119 829//119
f 822//248 827//248 829//248
f 827//121 831//121 832//121
f 823//278 830//278 832//278
f 830//123 825//123 826//123
f 833//250 836//250 838//250
f 836//126 840//126 841//126
f 834//251 839//251 841//251
f 839//128 843//128 844//128
f 835//252 842//252 844//252
f 842//130 837//130 838//130
f 845//253 848//253 850//253
f 848//133 852//133 853//133
f 846//254 851//254 853//254
f 851//135 855//135 856//135
f 847//255 854//255 856//255
f 854//137 849//137 850//137
f 857//256 860//256 862//256
f 860//140 864//140 865//140
f 858//257 863//257 865//257
f 863//142 867//142 868//142
f 859//258 866//258 868//258
f 866//144 861//144 862//144
f 869//259 872//259 874//259
f 872//147 876//147 877//147
f 870//260 875//260 877//260
f 875//149 879//149 880//149
f 871//261 878//261 880//261
f 878//151 873//151 874//151
f 881//275 884//275 886//275
f 884//154 888//154 889//154
f 882//263 887//263 889//263
f 887//156 891//156 892//156
f 883//264 890//264 892//264
f 890//158 885//158 886//158
f 893//265 896//265 898//265
f 896//161 900//161 901//161
f 894//277 899//277 901//277
f 899//163 903//163 904//163
f 895//267 902//267 904//267
f 902//165 897//165 898//165
f 833//211 809//211 813//211
f 836//58 813//58 818//58
f 840//168 818//168 811//168
f 810//169 821//169 825//169
f 815//61 825//61 830//61
f 819//282 830//282 823//282
f 822//200 845//200 849//200
f 827//64 849//64 854//64
f 831//172 854//172 847//172
f 846//173 835//173 843//173
f 851//67 843//67 839//67
f 855//283 839//283 834//283
f 881//175 833//175 837//175
f 884//70 837//70 842//70
f 888//268 842//268 835//268
f 845//202 893//202 897//202
f 848//73 897//73 902//73
f 852//269 902//269 895//269
f 894//203 883//203 891//203
f 899//76 891//76 887//76
f 903//180 887//180 882//180
f 857//212 881//212 885//212
f 860//79 885//79 890//79
f 864//182 890//182 883//182
f 893//205 869//205 873//205
f 896//82 873//82 878//82
f 900//184 878//184 871//184
f 870//185 859//185 867//185
f 875//85 867//85 863//85
f 879//186 863//186 858//186
f 809//187 857//187 861//187
f 812//88 861//88 866//88
f 816//188 866//188 859//188
f 869//189 822//189 828//189
f 872//91 828//91 824//91
f 876//190 824//190 821//190
f 833//93 881//93 857//93
f 811//94 823//94 847//94
f 859//95 870//95 821//95
f 893//96 845//96 822//96
f 835//97 846//97 895//97
f 883//98 894//98 871//98
f 913//244 916//244 918//244
f 916//112 920//112 921//112
f 914//245 919//245 921//245
f 919//114 923//114 924//114
f 915//246 922//246 924//246
f 922//116 917//116 918//116
f 925//247 928//247 930//247
f 928//119 932//119 933//119
f 926//248 931//248 933//248
f 931//121 935//121 936//121
f 927//249 934//249 936//249
f 934//123 929//123 930//123
f 937//272 940//272 942//272
f 940//126 944//126 945//126
f 938//251 943//251 945//251
f 943//128 947//128 948//128
f 939//252 946//252 948//252
f 946//130 941//130 942//130
f 949//253 952//253 954//253
f 952//133 956//133 957//133
f 950//254 955//254 957//254
f 955//135 959//135 960//135
f 951//255 958//255 960//255
f 958//137 953//137 954//137
f 961//274 964//274 966//274
f 964//140 968//140 969//140
f 962//279 967//279 969//279
f 967//142 971//142 972//142
f 963//258 970//258 972//258
f 970//144 965//144 966//144
f 973//259 976//259 978//259
f 976//147 980//147 981//147
f 974//260 979//260 981//260
f 979//149 983//149 984//149
f 975//261 982//261 984//261
f 982//151 977//151 978//151
f 985//275 988//275 990//275
f 988//154 992//154 993//154
f 986//263 991//263 993//263
f 991//156 995//156 996//156
f 987//264 994//264 996//264
f 994//158 989//158 990//158
f 997//276 1000//276 1002//276
f 1000//161 1004//161 1005//161
f 998//277 1003//277 1005//277
f 1003//163 1007//163 1008//163
f 999//267 1006//267 1008//267
f 1006//165 1001//165 1002//165
f 937//211 913//211 917//211
f 940//58 917//58 922//58
f 944//168 922//168 915//168
f 914//169 925//169 929//169
f 919//61 929//61 934//61
f 923//170 934//170 927//170
f 926//200 949//200 953//200
f 931//64 953//64 958//64
f 935//172 958//172 951//172
f 950//216 939//216 947//216
f 955//67 947//67 943//67
f 959//174 943//174 938//174
f 985//175 937//175 941//175
f 988//70 941//70 946//70
f 992//268 946//268 939//268
f 949//202 997//202 1001//202
f 952//73 1001//73 1006//73
f 956//269 1006//269 999//269
f 998//203 987//203 995//203
f 1003//76 995//76 991//76
f 1007//180 991//180 986//180
f 961//212 985//212 989//212
f 964//79 989//79 994//79
f 968//182 994//182 987//182
f 997//205 973//205 977//205
f 1000//82 977//82 982//82
f 1004//184 982//184 975//184
f 974//185 963//185 971//185
f 979//85 971//85 967//85
f 983//186 967//186 962//186
f 913//187 961//187 965//187
f 916//88 965//88 970//88
f 920//188 970//188 963//188
f 973//189 926//189 932//189
f 976//91 932//91 928//91
f 980//190 928//190 925//190
f 937//93 985//93 961//93
f 915//94 927//94 951//94
f 963//95 974//95 925//95
f 997//96 949//96 926//96
f 939//97 950//97 999//97
f 987//98 998//98 975//98
f 1017//244 1020//244 1022//244
f 1020//112 1024//112 1025//112
f 1018//245 1023//245 1025//245
f 1023//114 1027//114 1028//114
f 1019//246 1026//246 1028//246
f 1026//116 1021//116 1022//116
f 1029//247 1032//247 1034//247
f 1032//119 1036//119 1037//119
f 1030//248 1035//248 1037//248
f 1035//121 1039//121 1040//121
f 1031//249 1038//249 1040//249
f 1038//123 1033//123 1034//123
f 1041//272 1044//272 1046//272
f 1044//126 1048//126 1049//126
f 1042//273 1047//273 1049//273
f 1047//128 1051//128 1052//128
f 1043//252 1050//252 1052//252
f 1050//130 1045//130 1046//130
f 1053//253 1056//253 1058//253
f 1056//133 1060//133 1061//133
f 1054//254 1059//254 1061//254
f 1059//135 1063//135 1064//135
f 1055//255 1062//255 1064//255
f 1062//137 1057//137 1058//137
f 1065//274 1068//274 1070//274
f 1068//140 1072//140 1073//140
f 1066//257 1071//257 1073//257
f 1071//142 1075//142 1076//142
f 1067//258 1074//258 1076//258
f 1074//144 1069//144 1070//144
f 1077//259 1080//259 1082//259
f 1080//147 1084//147 1085//147
f 1078//260 1083//260 1085//260
f 1083//149 1087//149 1088//149
f 1079//261 1086//261 1088//261
f 1086//151 1081//151 1082//151
f 1089//275 1092//275 1094//275
f 1092//154 1096//154 1097//154
f 1090//263 1095//263 1097//263
f 1095//156 1099//156 1100//156
f 1091//264 1098//264 1100//264
f 1098//158 1093//158 1094//158
f 1101//265 1104//265 1106//265
f 1104//161 1108//161 1109//161
f 1102//266 1107//266 1109//266
f 1107//163 1111//163 1112//163
f 1103//267 1110//267 1112//267
f 1110//165 1105//165 1106//165
f 1041//211 1017//211 1021//211
f 1044//58 1021//58 1026//58
f 1048//168 1026//168 1019//168
f 1018//169 1029//169 1033//169
f 1023//61 1033//61 1038//61
f 1027//170 1038//170 1031//170
f 1030//200 1053//200 1057//200
f 1035//64 1057//64 1062//64
f 1039//172 1062//172 1055//172
f 1054//216 1043//216 1051//216
f 1059//67 1051//67 1047//67
f 1063//174 1047//174 1042//174
f 1089//175 1041//175 1045//175
f 1092//70 1045//70 1050//70
f 1096//268 1050//268 1043//268
f 1053//202 1101//202 1105//202
f 1056//73 1105//73 1110//73
f 1060//269 1110//269 1103//269
f 1102//203 1091//203 1099//203
f 1107//76 1099//76 1095//76
f 1111//180 1095//180 1090//180
f 1065//212 1089//212 1093//212
f 1068//79 1093//79 1098//79
f 1072//182 1098//182 1091//182
f 1101//205 1077//205 1081//205
f 1104//82 1081//82 1086//82
f 1108//184 1086//184 1079//184
f 1078//185 1067//185 1075//185
f 1083//85 1075//85 1071//85
f 1087//186 1071//186 1066//186
f 1017//187 1065//187 1069//187
f 1020//88 1069//88 1074//88
f 1024//188 1074//188 1067//188
f 1077//189 1030//189 1036//189
f 1080//91 1036//91 1032//91
f 1084//190 1032//190 1029//190
f 1041//93 1089//93 1065//93
f 1019//94 1031//94 1055//94
f 1067//95 1078//95 1029//95
f 1101//96 1053//96 1030//96
f 1043//97 1054//97 1103//97
f 1091//98 1102//98 1079//98
f 1121//244 1124//244 1126//244
f 1124//112 1128//112 1129//112
f 1122//245 1127//245 1129//245
f 1127//114 1131//114 1132//114
f 1123//246 1130//246 1132//246
f 1130//116 1125//116 1126//116
f 1133//247 1136//247 1138//247
f 1136//119 1140//119 1141//119
f 1134//248 1139//248 1141//248
f 1139//121 1143//121 1144//121
f 1135//278 1142//278 1144//278
f 1142//123 1137//123 1138//123
f 1145//250 1148//250 1150//250
f 1148//126 1152//126 1153//126
f 1146//273 1151//273 1153//273
f 1151//128 1155//128 1156//128
f 1147//252 1154//252 1156//252
f 1154//130 1149//130 1150//130
f 1157//253 1160//253 1162//253
f 1160//133 1164//133 1165//133
f 1158//254 1163//254 1165//254
f 1163//135 1167//135 1168//135
f 1159//255 1166//255 1168//255
f 1166//137 1161//137 1162//137
f 1169//256 1172//256 1174//256
f 1172//140 1176//140 1177//140
f 1170//279 1175//279 1177//279
f 1175//142 1179//142 1180//142
f 1171//258 1178//258 1180//258
f 1178//144 1173//144 1174//144
f 1181//259 1184//259 1186//259
f 1184//147 1188//147 1189//147
f 1182//260 1187//260 1189//260
f 1187//149 1191//149 1192//149
f 1183//261 1190//261 1192//261
f 1190//151 1185//151 1186//151
f 1193//275 1196//275 1198//275
f 1196//154 1200//154 1201//154
f 1194//263 1199//263 1201//263
f 1199//156 1203//156 1204//156
f 1195//264 1202//264 1204//264
f 1202//158 1197//158 1198//158
f 1205//265 1208//265 1210//265
f 1208//161 1212//161 1213//161
f 1206//277 1211//277 1213//277
f 1211//163 1215//163 1216//163
f 1207//267 1214//267 1216//267
f 1214//165 1209//165 1210//165
f 1145//211 1121//211 1125//211
f 1148//58 1125//58 1130//58
f 1152//168 1130//168 1123//168
f 1122//169 1133//169 1137//169
f 1127//61 1137//61 1142//61
f 1131//170 1142//170 1135//170
f 1134//200 1157//200 1161//200
f 1139//64 1161//64 1166//64
f 1143//172 1166//172 1159//172
f 1158//216 1147//216 1155//216
f 1163//67 1155//67 1151//67
f 1167//174 1151//174 1146//174
f 1193//175 1145//175 1149//175
f 1196//70 1149//70 1154//70
f 1200//268 1154//268 1147//268
f 1157//202 1205//202 1209//202
f 1160//73 1209//73 1214//73
f 1164//269 1214//269 1207//269
f 1206//203 1195//203 1203//203
f 1211//76 1203//76 1199//76
f 1215//180 1199//180 1194//180
f 1169//212 1193//212 1197//212
f 1172//79 1197//79 1202//79
f 1176//182 1202//182 1195//182
f 1205//205 1181//205 1185//205
f 1208//82 1185//82 1190//82
f 1212//184 1190//184 1183//184
f 1182//185 1171//185 1179//185
f 1187//85 1179//85 1175//85
f 1191//186 1175//186 1170//186
f 1121//187 1169//187 1173//187
f 1124//88 1173//88 1178//88
f 1128//188 1178//188 1171//188
f 1181//189 1134//189 1140//189
f 1184//91 1140//91 1136//91
f 1188//190 1136//190 1133//190
f 1145//93 1193//93 1169//93
f 1123//94 1135//94 1159//94
f 1171//95 1182//95 1133//95
f 1205//96 1157//96 1134//96
f 1147//97 1158//97 1207//97
f 1195//98 1206//98 1183//98
f 1225//244 1228//244 1230//244
f 1228//112 1232//112 1233//112
f 1226//245 1231//245 1233//245
f 1231//114 1235//114 1236//114
f 1227//246 1234//246 1236//246
f 1234//116 1229//116 1230//116
f 1237//247 1240//247 1242//247
f 1240//119 1244//119 1245//119
f 1238//271 1243//271 1245//271
f 1243//121 1247//121 1248//121
f 1239//278 1246//278 1248//278
f 1246//123 1241//123 1242//123
f 1249//272 1252//272 1254//272
f 1252//126 1256//126 1257//126
f 1250//251 1255//251 1257//251
f 1255//128 1259//128 1260//128
f 1251//252 1258//252 1260//252
f 1258//130 1253//130 1254//130
f 1261//284 1264//284 1266//284
f 1264//133 1268//133 1269//133
f 1262//254 1267//254 1269//254
f 1267//135 1271//135 1272//135
f 1263//255 1270//255 1272//255
f 1270//137 1265//137 1266//137
f 1273//274 1276//274 1278//274
f 1276//140 1280//140 1281//140
f 1274//279 1279//279 1281//279
f 1279//142 1283//142 1284//142
f 1275//258 1282//258 1284//258
f 1282//144 1277//144 1278//144
f 1285//259 1288//259 1290//259
f 1288//147 1292//147 1293//147
f 1286//260 1291//260 1293//260
f 1291//149 1295//149 1296//149
f 1287//261 1294//261 1296//261
f 1294//151 1289//151 1290//151
f 1297//275 1300//275 1302//275
f 1300//154 1304//154 1305//154
f 1298//263 1303//263 1305//263
f 1303//156 1307//156 1308//156
f 1299//264 1306//264 1308//264
f 1306//158 1301//158 1302//158
f 1309//276 1312//276 1314//276
f 1312//161 1316//161 1317//161
f 1310//266 1315//266 1317//266
f 1315//163 1319//163 1320//163
f 1311//267 1318//267 1320//267
f 1318//165 1313//165 1314//165
f 1249//211 1225//211 1229//211
f 1252//58 1229//58 1234//58
f 1256//168 1234//168 1227//168
f 1226//169 1237//169 1241//169
f 1231//61 1241//61 1246//61
f 1235//282 1246//282 1239//282
f 1238//200 1261//200 1265//200
f 1243//64 1265//64 1270//64
f 1247//172 1270//172 1263//172
f 1262//173 1251//173 1259//173
f 1267//67 1259//67 1255//67
f 1271//283 1255//283 1250//283
f 1297//175 1249//175 1253//175
f 1300//70 1253//70 1258//70
f 1304//268 1258//268 1251//268
f 1261//202 1309//202 1313//202
f 1264//73 1313//73 1318//73
f 1268//269 1318//269 1311//269
f 1310//203 1299//203 1307//203
f 1315//76 1307//76 1303//76
f 1319//180 1303//180 1298//180
f 1273//212 1297//212 1301//212
f 1276//79 1301//79 1306//79
f 1280//182 1306//182 1299//182
f 1309//205 1285//205 1289//205
f 1312//82 1289//82 1294//82
f 1316//184 1294//184 1287//184
f 1286//185 1275//185 1283//185
f 1291//85 1283//85 1279//85
f 1295//186 1279//186 1274//186
f 1225//187 1273//187 1277//187
f 1228//88 1277//88 1282//88
f 1232//188 1282//188 1275//188
f 1285//189 1238//189 1244//189
f 1288//91 1244//91 1240//91
f 1292//190 1240//190 1237//190
f 1249//93 1297//93 1273//93
f 1227//94 1239//94 1263//94
f 1275//95 1286//95 1237//95
f 1309//96 1261//96 1238//96
f 1251//97 1262//97 1311//97
f 1299//98 1310//98 1287//98
usemtl Silver
f 193//1 198//1 197//1
f 196//2 201//2 198//2
f 194//3 201//3 200//3
f 199//4 204//4 201//4
f 195//5 204//5 203//5
f 202//6 198//6 204//6
f 198//107 201//107 204//107
f 205//8 210//8 209//8
f 208//9 213//9 210//9
f 206//10 213//10 212//10
f 211//11 216//11 213//11
f 207//12 216//12 215//12
f 214//13 210//13 216//13
f 210//100 213//100 216//100
f 217//15 222//15 221//15
f 220//16 225//16 222//16
f 218//17 225//17 224//17
f 223//18 228//18 225//18
f 219//19 228//19 227//19
f 226//20 222//20 228//20
f 222//108 225//108 228//108
f 229//22 234//22 233//22
f 232//23 237//23 234//23
f 230//24 237//24 236//24
f 235//25 240//25 237//25
f 231//26 240//26 239//26
f 238//27 234//27 240//27
f 234//28 237//28 240//28
f 241//29 246//29 245//29
f 244//30 249//30 246//30
f 242//31 249//31 248//31
f 247//32 252//32 249//32
f 243//33 252//33 251//33
f 250//34 246//34 252//34
f 246//109 249//109 252//109
f 253//36 258//36 257//36
f 256//37 261//37 258//37
f 254//38 261//38 260//38
f 259//39 264//39 261//39
f 255//40 264//40 263//40
f 262//41 258//41 264//41
f 258//104 261//104 264//104
f 265//43 270//43 269//43
f 268//44 273//44 270//44
f 266//45 273//45 272//45
f 271//46 276//46 273//46
f 267//47 276//47 275//47
f 274//48 270//48 276//48
f 270//110 273//110 276//110
f 277//50 282//50 281//50
f 280//51 285//51 282//51
f 278//52 285//52 284//52
f 283//53 288//53 285//53
f 279//54 288//54 287//54
f 286//55 282//55 288//55
f 282//56 285//56 288//56
f 217//57 197//57 220//57
f 220//58 202//58 224//58
f 224//59 195//59 218//59
f 194//60 209//60 199//60
f 199//61 214//61 203//61
f 203//62 207//62 195//62
f 206//63 233//63 211//63
f 211//64 238//64 215//64
f 215//65 231//65 207//65
f 230//66 227//66 235//66
f 235//67 223//67 239//67
f 239//68 218//68 231//68
f 265//69 221//69 268//69
f 268//70 226//70 272//70
f 272//71 219//71 266//71
f 229//72 281//72 232//72
f 232//73 286//73 236//73
f 236//74 279//74 230//74
f 278//75 275//75 283//75
f 283//76 271//76 287//76
f 287//77 266//77 279//77
f 241//78 269//78 244//78
f 244//79 274//79 248//79
f 248//80 267//80 242//80
f 277//81 257//81 280//81
f 280//82 262//82 284//82
f 284//83 255//83 278//83
f 254//84 251//84 259//84
f 259//85 247//85 263//85
f 263//86 242//86 255//86
f 193//87 245//87 196//87
f 196//88 250//88 200//88
f 200//89 243//89 194//89
f 253//90 212//90 256//90
f 256//91 208//91 260//91
f 260//92 205//92 254//92
f 217//93 241//93 193//93
f 195//94 231//94 218//94
f 243//95 205//95 194//95
f 277//96 206//96 253//96
f 219//97 279//97 266//97
f 267//98 255//98 242//98
f 193//220 196//220 198//220
f 196//2 200//2 201//2
f 194//221 199//221 201//221
f 199//4 203//4 204//4
f 195//222 202//222 204//222
f 202//6 197//6 198//6
f 205//223 208//223 210//223
f 208//9 212//9 213//9
f 206//224 211//224 213//224
f 211//11 215//11 216//11
f 207//225 214//225 216//225
f 214//13 209//13 210//13
f 217//226 220//226 222//226
f 220//16 224//16 225//16
f 218//227 223//227 225//227
f 223//18 227//18 228//18
f 219//228 226//228 228//228
f 226//20 221//20 222//20
f 229//229 232//229 234//229
f 232//23 236//23 237//23
f 230//230 235//230 237//230
f 235//25 239//25 240//25
f 231//231 238//231 240//231
f 238//27 233//27 234//27
f 241//232 244//232 246//232
f 244//30 248//30 249//30
f 242//233 247//233 249//233
f 247//32 251//32 252//32
f 243//234 250//234 252//234
f 250//34 245//34 246//34
f 253//235 256//235 258//235
f 256//37 260//37 261//37
f 254//236 259//236 261//236
f 259//39 263//39 264//39
f 255//237 262//237 264//237
f 262//41 257//41 258//41
f 265//238 268//238 270//238
f 268//44 272//44 273//44
f 266//239 271//239 273//239
f 271//46 275//46 276//46
f 267//240 274//240 276//240
f 274//48 269//48 270//48
f 277//241 280//241 282//241
f 280//51 284//51 285//51
f 278//242 283//242 285//242
f 283//53 287//53 288//53
f 279//243 286//243 288//243
f 286//55 281//55 282//55
f 217//57 193//57 197//57
f 220//58 197//58 202//58
f 224//59 202//59 195//59
f 194//60 205//60 209//60
f 199//61 209//61 214//61
f 203//62 214//62 207//62
f 206//63 229//63 233//63
f 211//64 233//64 238//64
f 215//65 238//65 231//65
f 230//66 219//66 227//66
f 235//67 227//67 223//67
f 239//68 223//68 218//68
f 265//69 217//69 221//69
f 268//70 221//70 226//70
f 272//71 226//71 219//71
f 229//72 277//72 281//72
f 232//73 281//73 286//73
f 236//74 286//74 279//74
f 278//75 267//75 275//75
f 283//76 275//76 271//76
f 287//77 271//77 266//77
f 241//78 265//78 269//78
f 244//79 269//79 274//79
f 248//80 274//80 267//80
f 277//81 253//81 257//81
f 280//82 257//82 262//82
f 284//83 262//83 255//83
f 254//84 243//84 251//84
f 259//85 251//85 247//85
f 263//86 247//86 242//86
f 193//87 241//87 245//87
f 196//88 245//88 250//88
f 200//89 250//89 243//89
f 253//90 206//90 212//90
f 256//91 212//91 208//91
f 260//92 208//92 205//92
f 217//93 265//93 241//93
f 195//94 207//94 231//94
f 243//95 254//95 205//95
f 277//96 229//96 206//96
f 219//97 230//97 279//97
f 267//98 278//98 255//98
usemtl Gold
f 385//94 388//94 387//94
f 387//97 392//97 391//97
f 391//98 390//98 389//98
f 389//95 386//95 385//95
f 387//93 389//93 385//93
f 392//96 386//96 390//96
f 489//94 492//94 491//94
f 491//97 496//97 495//97
f 495//98 494//98 493//98
f 493//95 490//95 489//95
f 491//93 493//93 489//93
f 496//96 490//96 494//96
f 593//94 596//94 595//94
f 595//97 600//97 599//97
f 599//98 598//98 597//98
f 597//95 594//95 593//95
f 595//93 597//93 593//93
f 600//96 594//96 598//96
f 697//94 700//94 699//94
f 699//97 704//97 703//97
f 703//98 702//98 701//98
f 701//95 698//95 697//95
f 699//93 701//93 697//93
f 704//96 698//96 702//96
f 801//94 804//94 803//94
f 803//97 808//97 807//97
f 807//98 806//98 805//98
f 805//95 802//95 801//95
f 803//93 805//93 801//93
f 808//96 802//96 806//96
f 905//94 908//94 907//94
f 907//97 912//97 911//97
f 911//98 910//98 909//98
f 909//95 906//95 905//95
f 907//93 909//93 905//93
f 912//96 906//96 910//96
f 1009//94 1012//94 1011//94
f 1011//97 1016//97 1015//97
f 1015//98 1014//98 1013//98
f 1013//95 1010//95 1009//95
f 1011//93 1013//93 1009//93
f 1016//96 1010//96 1014//96
f 1113//94 1116//94 1115//94
f 1115//97 1120//97 1119//97
f 1119//98 1118//98 1117//98
f 1117//95 1114//95 1113//95
f 1115//93 1117//93 1113//93
f 1120//96 1114//96 1118//96
f 1217//94 1220//94 1219//94
f 1219//97 1224//97 1223//97
f 1223//98 1222//98 1221//98
f 1221//95 1218//95 1217//95
f 1219//93 1221//93 1217//93
f 1224//96 1218//96 1222//96
f 1321//94 1324//94 1323//94
f 1323//97 1328//97 1327//97
f 1327//98 1326//98 1325//98
f 1325//95 1322//95 1321//95
f 1323//93 1325//93 1321//93
f 1328//96 1322//96 1326//96
f 385//94 386//94 388//94
f 387//97 388//97 392//97
f 391//98 392//98 390//98
f 389//95 390//95 386//95
f 387//93 391//93 389//93
f 392//96 388//96 386//96
f 489//94 490//94 492//94
f 491//97 492//97 496//97
f 495//98 496//98 494//98
f 493//95 494//95 490//95
f 491//93 495//93 493//93
f 496//96 492//96 490//96
f 593//94 594//94 596//94
f 595//97 596//97 600//97
f 599//98 600//98 598//98
f 597//95 598//95 594//95
f 595//93 599//93 597//93
f 600//96 596//96 594//96
f 697//94 698//94 700//94
f 699//97 700//97 704//97
f 703//98 704//98 702//98
f 701//95 702//95 698//95
f 699//93 703//93 701//93
f 704//96 700//96 698//96
f 801//94 802//94 804//94
f 803//97 804//97 808//97
f 807//98 808//98 806//98
f 805//95 806//95 802//95
f 803//93 807//93 805//93
f 808//96 804//96 802//96
f 905//94 906//94 908//94
f 907//97 908//97 912//97
f 911//98 912//98 910//98
f 909//95 910//95 906//95
f 907//93 911//93 909//93
f 912//96 908//96 906//96
f 1009//94 1010//94 1012//94
f 1011//97 1012//97 1016//97
f 1015//98 1016//98 1014//98
f 1013//95 1014//95 1010//95
f 1011//93 1015//93 1013//93
f 1016//96 1012//96 1010//96
f 1113//94 1114//94 1116//94
f 1115//97 1116//97 1120//97
f 1119//98 1120//98 1118//98
f 1117//95 1118//95 1114//95
f 1115//93 1119//93 1117//93
f 1120//96 1116//96 1114//96
f 1217//94 1218//94 1220//94
f 1219//97 1220//97 1224//97
f 1223//98 1224//98 1222//98
f 1221//95 1222//95 1218//95
f 1219//93 1223//93 1221//93
f 1224//96 1220//96 1218//96
f 1321//94 1322//94 1324//94
f 1323//97 1324//97 1328//97
f 1327//98 1328//98 1326//98
f 1325//95 1326//95 1322//95
f 1323//93 1327//93 1325//93
f 1328//96 1324//96 1322//96
