# Blender 4.5.5 LTS
# www.blender.org
mtllib arduino_uno.mtl
o arduino_uno
v -0.032620 -0.000800 0.025000
v -0.032620 -0.000400 0.025400
v -0.033020 -0.000400 0.025000
v -0.032620 -0.000747 0.025200
v -0.032820 -0.000747 0.025000
v -0.032811 -0.000695 0.025191
v -0.032820 -0.000400 0.025347
v -0.032620 -0.000600 0.025347
v -0.032811 -0.000591 0.025295
v -0.032967 -0.000600 0.025000
v -0.032967 -0.000400 0.025200
v -0.032915 -0.000591 0.025191
v -0.032620 0.000400 0.025400
v -0.032620 0.000800 0.025000
v -0.033020 0.000400 0.025000
v -0.032620 0.000600 0.025347
v -0.032820 0.000400 0.025347
v -0.032811 0.000591 0.025295
v -0.032820 0.000747 0.025000
v -0.032620 0.000747 0.025200
v -0.032811 0.000695 0.025191
v -0.032967 0.000400 0.025200
v -0.032967 0.000600 0.025000
v -0.032915 0.000591 0.025191
v -0.032620 -0.000800 -0.025000
v -0.033020 -0.000400 -0.025000
v -0.032620 -0.000400 -0.025400
v -0.032820 -0.000747 -0.025000
v -0.032620 -0.000747 -0.025200
v -0.032811 -0.000695 -0.025191
v -0.032967 -0.000400 -0.025200
v -0.032967 -0.000600 -0.025000
v -0.032915 -0.000591 -0.025191
v -0.032620 -0.000600 -0.025347
v -0.032820 -0.000400 -0.025347
v -0.032811 -0.000591 -0.025295
v -0.032620 0.000800 -0.025000
v -0.032620 0.000400 -0.025400
v -0.033020 0.000400 -0.025000
v -0.032620 0.000747 -0.025200
v -0.032820 0.000747 -0.025000
v -0.032811 0.000695 -0.025191
v -0.032820 0.000400 -0.025347
v -0.032620 0.000600 -0.025347
v -0.032811 0.000591 -0.025295
v -0.032967 0.000600 -0.025000
v -0.032967 0.000400 -0.025200
v -0.032915 0.000591 -0.025191
v 0.032620 -0.000800 0.025000
v 0.033020 -0.000400 0.025000
v 0.032620 -0.000400 0.025400
v 0.032820 -0.000747 0.025000
v 0.032620 -0.000747 0.025200
v 0.032811 -0.000695 0.025191
v 0.032967 -0.000400 0.025200
v 0.032967 -0.000600 0.025000
v 0.032915 -0.000591 0.025191
v 0.032620 -0.000600 0.025347
v 0.032820 -0.000400 0.025347
v 0.032811 -0.000591 0.025295
v 0.032620 0.000800 0.025000
v 0.032620 0.000400 0.025400
v 0.033020 0.000400 0.025000
v 0.032620 0.000747 0.025200
v 0.032820 0.000747 0.025000
v 0.032811 0.000695 0.025191
v 0.032820 0.000400 0.025347
v 0.032620 0.000600 0.025347
v 0.032811 0.000591 0.025295
v 0.032967 0.000600 0.025000
v 0.032967 0.000400 0.025200
v 0.032915 0.000591 0.025191
v 0.032620 -0.000800 -0.025000
v 0.032620 -0.000400 -0.025400
v 0.033020 -0.000400 -0.025000
v 0.032620 -0.000747 -0.025200
v 0.032820 -0.000747 -0.025000
v 0.032811 -0.000695 -0.025191
v 0.032820 -0.000400 -0.025347
v 0.032620 -0.000600 -0.025347
v 0.032811 -0.000591 -0.025295
v 0.032967 -0.000600 -0.025000
v 0.032967 -0.000400 -0.025200
v 0.032915 -0.000591 -0.025191
v 0.032620 0.000800 -0.025000
v 0.033020 0.000400 -0.025000
v 0.032620 0.000400 -0.025400
v 0.032820 0.000747 -0.025000
v 0.032620 0.000747 -0.025200
v 0.032811 0.000695 -0.025191
v 0.032967 0.000400 -0.025200
v 0.032967 0.000600 -0.025000
v 0.032915 0.000591 -0.025191
v 0.032620 0.000600 -0.025347
v 0.032820 0.000400 -0.025347
v 0.032811 0.000591 -0.025295
v -0.019380 -0.000800 0.022860
v -0.019074 -0.000800 0.023800
v -0.019302 -0.000800 0.023354
v -0.019302 -0.000800 0.022366
v -0.018274 -0.000800 0.024382
v -0.018274 -0.000800 0.021338
v -0.018720 -0.000800 0.024154
v -0.018720 -0.000800 0.021566
v -0.019074 -0.000800 0.021920
v -0.016840 -0.000800 0.021566
v -0.017286 -0.000800 0.024382
v -0.017286 -0.000800 0.021338
v -0.016486 -0.000800 0.023800
v -0.016180 -0.000800 0.022860
v -0.016258 -0.000800 0.023354
v -0.016258 -0.000800 0.022366
v -0.016486 -0.000800 0.021920
v -0.017780 -0.000800 0.024460
v -0.016840 -0.000800 0.024154
v -0.017780 -0.000800 0.021260
v -0.019302 0.000800 0.023354
v -0.019380 0.000800 0.022860
v -0.019074 0.000800 0.023800
v -0.019302 0.000800 0.022366
v -0.019074 0.000800 0.021920
v -0.018720 0.000800 0.024154
v -0.018274 0.000800 0.021338
v -0.018274 0.000800 0.024382
v -0.018720 0.000800 0.021566
v -0.017780 0.000800 0.024460
v -0.016840 0.000800 0.024154
v -0.016840 0.000800 0.021566
v -0.017286 0.000800 0.024382
v -0.017286 0.000800 0.021338
v -0.016180 0.000800 0.022860
v -0.016258 0.000800 0.022366
v -0.016486 0.000800 0.023800
v -0.016258 0.000800 0.023354
v -0.016486 0.000800 0.021920
v -0.017780 0.000800 0.021260
v -0.020572 -0.000800 -0.022366
v -0.020650 -0.000800 -0.022860
v -0.020627 -0.000800 -0.023008
v -0.020344 -0.000800 -0.021920
v -0.020572 -0.000800 -0.023354
v -0.020344 -0.000800 -0.023800
v -0.019990 -0.000800 -0.024154
v -0.019544 -0.000800 -0.021338
v -0.019990 -0.000800 -0.021566
v -0.019544 -0.000800 -0.024382
v -0.018110 -0.000800 -0.021566
v -0.018110 -0.000800 -0.024154
v -0.018556 -0.000800 -0.021338
v -0.018556 -0.000800 -0.024382
v -0.017450 -0.000800 -0.022860
v -0.017528 -0.000800 -0.023354
v -0.017756 -0.000800 -0.021920
v -0.017528 -0.000800 -0.022366
v -0.017756 -0.000800 -0.023800
v -0.019050 -0.000800 -0.024460
v -0.019050 -0.000800 -0.021260
v -0.020572 0.000800 -0.022366
v -0.020650 0.000800 -0.022860
v -0.020595 0.000800 -0.023206
v -0.020344 0.000800 -0.021920
v -0.020572 0.000800 -0.023354
v -0.020344 0.000800 -0.023800
v -0.019990 0.000800 -0.021566
v -0.019544 0.000800 -0.024382
v -0.019544 0.000800 -0.021338
v -0.019990 0.000800 -0.024154
v -0.018110 0.000800 -0.021566
v -0.018110 0.000800 -0.024154
v -0.018556 0.000800 -0.021338
v -0.018556 0.000800 -0.024382
v -0.017450 0.000800 -0.022860
v -0.017528 0.000800 -0.023354
v -0.017756 0.000800 -0.021920
v -0.017528 0.000800 -0.022366
v -0.017756 0.000800 -0.023800
v -0.019050 0.000800 -0.024460
v -0.019050 0.000800 -0.021260
v 0.028958 -0.000800 -0.017286
v 0.028880 -0.000800 -0.017780
v 0.029186 -0.000800 -0.016840
v 0.028958 -0.000800 -0.018274
v 0.029186 -0.000800 -0.018720
v 0.029540 -0.000800 -0.019074
v 0.029986 -0.000800 -0.016258
v 0.029540 -0.000800 -0.016486
v 0.029986 -0.000800 -0.019302
v 0.031420 -0.000800 -0.016486
v 0.031420 -0.000800 -0.019074
v 0.030974 -0.000800 -0.016258
v 0.030974 -0.000800 -0.019302
v 0.032080 -0.000800 -0.017780
v 0.032002 -0.000800 -0.018274
v 0.031774 -0.000800 -0.016840
v 0.032002 -0.000800 -0.017286
v 0.031774 -0.000800 -0.018720
v 0.030480 -0.000800 -0.019380
v 0.030480 -0.000800 -0.016180
v 0.028958 0.000800 -0.017286
v 0.028880 0.000800 -0.017780
v 0.029186 0.000800 -0.016840
v 0.028958 0.000800 -0.018274
v 0.029186 0.000800 -0.018720
v 0.029540 0.000800 -0.016486
v 0.029986 0.000800 -0.019302
v 0.029986 0.000800 -0.016258
v 0.029540 0.000800 -0.019074
v 0.031420 0.000800 -0.016486
v 0.031420 0.000800 -0.019074
v 0.030974 0.000800 -0.016258
v 0.030974 0.000800 -0.019302
v 0.032080 0.000800 -0.017780
v 0.032002 0.000800 -0.018274
v 0.031774 0.000800 -0.016840
v 0.032002 0.000800 -0.017286
v 0.031774 0.000800 -0.018720
v 0.030480 0.000800 -0.019380
v 0.030480 0.000800 -0.016180
v 0.031803 -0.000800 0.009275
v 0.031886 -0.000800 0.010881
v 0.032002 -0.000800 0.010654
v 0.032002 -0.000800 0.009666
v 0.032080 -0.000800 0.010160
v 0.031774 -0.000800 0.011100
v 0.031774 -0.000800 0.009220
v 0.031420 -0.000800 0.008866
v 0.028880 -0.000800 0.010160
v 0.028958 -0.000800 0.010654
v 0.028958 -0.000800 0.009666
v 0.029186 -0.000800 0.011100
v 0.029540 -0.000800 0.008866
v 0.029186 -0.000800 0.009220
v 0.029986 -0.000800 0.011682
v 0.030480 -0.000800 0.008560
v 0.031420 -0.000800 0.011454
v 0.030974 -0.000800 0.011682
v 0.030480 -0.000800 0.011760
v 0.030974 -0.000800 0.008638
v 0.029540 -0.000800 0.011454
v 0.029986 -0.000800 0.008638
v 0.031886 0.000800 0.010881
v 0.031774 0.000800 0.011100
v 0.031803 0.000800 0.009275
v 0.031774 0.000800 0.009220
v 0.028880 0.000800 0.010160
v 0.028958 0.000800 0.010654
v 0.028958 0.000800 0.009666
v 0.029540 0.000800 0.011454
v 0.029540 0.000800 0.008866
v 0.029186 0.000800 0.011100
v 0.029186 0.000800 0.009220
v 0.029986 0.000800 0.008638
v 0.030480 0.000800 0.011760
v 0.030480 0.000800 0.008560
v 0.031420 0.000800 0.011454
v 0.031420 0.000800 0.008866
v 0.030974 0.000800 0.011682
v 0.030974 0.000800 0.008638
v 0.029986 0.000800 0.011682
v 0.032002 0.000800 0.010654
v 0.032002 0.000800 0.009666
v 0.032080 0.000800 0.010160
v -0.016470 0.000800 0.023870
v -0.016470 0.001100 0.024170
v -0.016770 0.001100 0.023870
v -0.016470 0.000840 0.024020
v -0.016620 0.000840 0.023870
v -0.016613 0.000879 0.024013
v -0.016620 0.001100 0.024130
v -0.016470 0.000950 0.024130
v -0.016613 0.000957 0.024091
v -0.016730 0.000950 0.023870
v -0.016730 0.001100 0.024020
v -0.016691 0.000957 0.024013
v -0.016470 0.009000 0.024170
v -0.016470 0.009300 0.023870
v -0.016770 0.009000 0.023870
v -0.016470 0.009150 0.024130
v -0.016620 0.009000 0.024130
v -0.016613 0.009143 0.024091
v -0.016620 0.009260 0.023870
v -0.016470 0.009260 0.024020
v -0.016613 0.009221 0.024013
v -0.016730 0.009000 0.024020
v -0.016730 0.009150 0.023870
v -0.016691 0.009143 0.024013
v -0.016470 0.000800 0.021930
v -0.016770 0.001100 0.021930
v -0.016470 0.001100 0.021630
v -0.016620 0.000840 0.021930
v -0.016470 0.000840 0.021780
v -0.016613 0.000879 0.021787
v -0.016730 0.001100 0.021780
v -0.016730 0.000950 0.021930
v -0.016691 0.000957 0.021787
v -0.016470 0.000950 0.021670
v -0.016620 0.001100 0.021670
v -0.016613 0.000957 0.021709
v -0.016470 0.009300 0.021930
v -0.016470 0.009000 0.021630
v -0.016770 0.009000 0.021930
v -0.016470 0.009260 0.021780
v -0.016620 0.009260 0.021930
v -0.016613 0.009221 0.021787
v -0.016620 0.009000 0.021670
v -0.016470 0.009150 0.021670
v -0.016613 0.009143 0.021709
v -0.016730 0.009150 0.021930
v -0.016730 0.009000 0.021780
v -0.016691 0.009143 0.021787
v 0.008330 0.000800 0.023870
v 0.008630 0.001100 0.023870
v 0.008330 0.001100 0.024170
v 0.008480 0.000840 0.023870
v 0.008330 0.000840 0.024020
v 0.008473 0.000879 0.024013
v 0.008590 0.001100 0.024020
v 0.008590 0.000950 0.023870
v 0.008551 0.000957 0.024013
v 0.008330 0.000950 0.024130
v 0.008480 0.001100 0.024130
v 0.008473 0.000957 0.024091
v 0.008330 0.009300 0.023870
v 0.008330 0.009000 0.024170
v 0.008630 0.009000 0.023870
v 0.008330 0.009260 0.024020
v 0.008480 0.009260 0.023870
v 0.008473 0.009221 0.024013
v 0.008480 0.009000 0.024130
v 0.008330 0.009150 0.024130
v 0.008473 0.009143 0.024091
v 0.008590 0.009150 0.023870
v 0.008590 0.009000 0.024020
v 0.008551 0.009143 0.024013
v 0.008330 0.000800 0.021930
v 0.008330 0.001100 0.021630
v 0.008630 0.001100 0.021930
v 0.008330 0.000840 0.021780
v 0.008480 0.000840 0.021930
v 0.008473 0.000879 0.021787
v 0.008480 0.001100 0.021670
v 0.008330 0.000950 0.021670
v 0.008473 0.000957 0.021709
v 0.008590 0.000950 0.021930
v 0.008590 0.001100 0.021780
v 0.008551 0.000957 0.021787
v 0.008330 0.009300 0.021930
v 0.008630 0.009000 0.021930
v 0.008330 0.009000 0.021630
v 0.008480 0.009260 0.021930
v 0.008330 0.009260 0.021780
v 0.008473 0.009221 0.021787
v 0.008590 0.009000 0.021780
v 0.008590 0.009150 0.021930
v 0.008551 0.009143 0.021787
v 0.008330 0.009150 0.021670
v 0.008480 0.009000 0.021670
v 0.008473 0.009143 0.021709
v 0.010450 0.000800 0.023870
v 0.010450 0.001100 0.024170
v 0.010150 0.001100 0.023870
v 0.010450 0.000840 0.024020
v 0.010300 0.000840 0.023870
v 0.010307 0.000879 0.024013
v 0.010300 0.001100 0.024130
v 0.010450 0.000950 0.024130
v 0.010307 0.000957 0.024091
v 0.010190 0.000950 0.023870
v 0.010190 0.001100 0.024020
v 0.010229 0.000957 0.024013
v 0.010450 0.009000 0.024170
v 0.010450 0.009300 0.023870
v 0.010150 0.009000 0.023870
v 0.010450 0.009150 0.024130
v 0.010300 0.009000 0.024130
v 0.010307 0.009143 0.024091
v 0.010300 0.009260 0.023870
v 0.010450 0.009260 0.024020
v 0.010307 0.009221 0.024013
v 0.010190 0.009000 0.024020
v 0.010190 0.009150 0.023870
v 0.010229 0.009143 0.024013
v 0.010450 0.000800 0.021930
v 0.010150 0.001100 0.021930
v 0.010450 0.001100 0.021630
v 0.010300 0.000840 0.021930
v 0.010450 0.000840 0.021780
v 0.010307 0.000879 0.021787
v 0.010190 0.001100 0.021780
v 0.010190 0.000950 0.021930
v 0.010229 0.000957 0.021787
v 0.010450 0.000950 0.021670
v 0.010300 0.001100 0.021670
v 0.010307 0.000957 0.021709
v 0.010450 0.009300 0.021930
v 0.010450 0.009000 0.021630
v 0.010150 0.009000 0.021930
v 0.010450 0.009260 0.021780
v 0.010300 0.009260 0.021930
v 0.010307 0.009221 0.021787
v 0.010300 0.009000 0.021670
v 0.010450 0.009150 0.021670
v 0.010307 0.009143 0.021709
v 0.010190 0.009150 0.021930
v 0.010190 0.009000 0.021780
v 0.010229 0.009143 0.021787
v 0.030170 0.000800 0.023870
v 0.030470 0.001100 0.023870
v 0.030170 0.001100 0.024170
v 0.030320 0.000840 0.023870
v 0.030170 0.000840 0.024020
v 0.030313 0.000879 0.024013
v 0.030430 0.001100 0.024020
v 0.030430 0.000950 0.023870
v 0.030391 0.000957 0.024013
v 0.030170 0.000950 0.024130
v 0.030320 0.001100 0.024130
v 0.030313 0.000957 0.024091
v 0.030170 0.009300 0.023870
v 0.030170 0.009000 0.024170
v 0.030470 0.009000 0.023870
v 0.030170 0.009260 0.024020
v 0.030320 0.009260 0.023870
v 0.030313 0.009221 0.024013
v 0.030320 0.009000 0.024130
v 0.030170 0.009150 0.024130
v 0.030313 0.009143 0.024091
v 0.030430 0.009150 0.023870
v 0.030430 0.009000 0.024020
v 0.030391 0.009143 0.024013
v 0.030170 0.000800 0.021930
v 0.030170 0.001100 0.021630
v 0.030470 0.001100 0.021930
v 0.030170 0.000840 0.021780
v 0.030320 0.000840 0.021930
v 0.030313 0.000879 0.021787
v 0.030320 0.001100 0.021670
v 0.030170 0.000950 0.021670
v 0.030313 0.000957 0.021709
v 0.030430 0.000950 0.021930
v 0.030430 0.001100 0.021780
v 0.030391 0.000957 0.021787
v 0.030170 0.009300 0.021930
v 0.030470 0.009000 0.021930
v 0.030170 0.009000 0.021630
v 0.030320 0.009260 0.021930
v 0.030170 0.009260 0.021780
v 0.030313 0.009221 0.021787
v 0.030430 0.009000 0.021780
v 0.030430 0.009150 0.021930
v 0.030391 0.009143 0.021787
v 0.030170 0.009150 0.021670
v 0.030320 0.009000 0.021670
v 0.030313 0.009143 0.021709
v -0.015200 0.000800 -0.021930
v -0.015200 0.001100 -0.021630
v -0.015500 0.001100 -0.021930
v -0.015200 0.000840 -0.021780
v -0.015350 0.000840 -0.021930
v -0.015343 0.000879 -0.021787
v -0.015350 0.001100 -0.021670
v -0.015200 0.000950 -0.021670
v -0.015343 0.000957 -0.021709
v -0.015460 0.000950 -0.021930
v -0.015460 0.001100 -0.021780
v -0.015421 0.000957 -0.021787
v -0.015200 0.009000 -0.021630
v -0.015200 0.009300 -0.021930
v -0.015500 0.009000 -0.021930
v -0.015200 0.009150 -0.021670
v -0.015350 0.009000 -0.021670
v -0.015343 0.009143 -0.021709
v -0.015350 0.009260 -0.021930
v -0.015200 0.009260 -0.021780
v -0.015343 0.009221 -0.021787
v -0.015460 0.009000 -0.021780
v -0.015460 0.009150 -0.021930
v -0.015421 0.009143 -0.021787
v -0.015200 0.000800 -0.023870
v -0.015500 0.001100 -0.023870
v -0.015200 0.001100 -0.024170
v -0.015350 0.000840 -0.023870
v -0.015200 0.000840 -0.024020
v -0.015343 0.000879 -0.024013
v -0.015460 0.001100 -0.024020
v -0.015460 0.000950 -0.023870
v -0.015421 0.000957 -0.024013
v -0.015200 0.000950 -0.024130
v -0.015350 0.001100 -0.024130
v -0.015343 0.000957 -0.024091
v -0.015200 0.009300 -0.023870
v -0.015200 0.009000 -0.024170
v -0.015500 0.009000 -0.023870
v -0.015200 0.009260 -0.024020
v -0.015350 0.009260 -0.023870
v -0.015343 0.009221 -0.024013
v -0.015350 0.009000 -0.024130
v -0.015200 0.009150 -0.024130
v -0.015343 0.009143 -0.024091
v -0.015460 0.009150 -0.023870
v -0.015460 0.009000 -0.024020
v -0.015421 0.009143 -0.024013
v 0.004500 0.000800 -0.021930
v 0.004800 0.001100 -0.021930
v 0.004500 0.001100 -0.021630
v 0.004650 0.000840 -0.021930
v 0.004500 0.000840 -0.021780
v 0.004643 0.000879 -0.021787
v 0.004760 0.001100 -0.021780
v 0.004760 0.000950 -0.021930
v 0.004721 0.000957 -0.021787
v 0.004500 0.000950 -0.021670
v 0.004650 0.001100 -0.021670
v 0.004643 0.000957 -0.021709
v 0.004500 0.009300 -0.021930
v 0.004500 0.009000 -0.021630
v 0.004800 0.009000 -0.021930
v 0.004500 0.009260 -0.021780
v 0.004650 0.009260 -0.021930
v 0.004643 0.009221 -0.021787
v 0.004650 0.009000 -0.021670
v 0.004500 0.009150 -0.021670
v 0.004643 0.009143 -0.021709
v 0.004760 0.009150 -0.021930
v 0.004760 0.009000 -0.021780
v 0.004721 0.009143 -0.021787
v 0.004500 0.000800 -0.023870
v 0.004500 0.001100 -0.024170
v 0.004800 0.001100 -0.023870
v 0.004500 0.000840 -0.024020
v 0.004650 0.000840 -0.023870
v 0.004643 0.000879 -0.024013
v 0.004650 0.001100 -0.024130
v 0.004500 0.000950 -0.024130
v 0.004643 0.000957 -0.024091
v 0.004760 0.000950 -0.023870
v 0.004760 0.001100 -0.024020
v 0.004721 0.000957 -0.024013
v 0.004500 0.009300 -0.023870
v 0.004800 0.009000 -0.023870
v 0.004500 0.009000 -0.024170
v 0.004650 0.009260 -0.023870
v 0.004500 0.009260 -0.024020
v 0.004643 0.009221 -0.024013
v 0.004760 0.009000 -0.024020
v 0.004760 0.009150 -0.023870
v 0.004721 0.009143 -0.024013
v 0.004500 0.009150 -0.024130
v 0.004650 0.009000 -0.024130
v 0.004643 0.009143 -0.024091
v 0.008000 0.000800 -0.021930
v 0.008000 0.001100 -0.021630
v 0.007700 0.001100 -0.021930
v 0.008000 0.000840 -0.021780
v 0.007850 0.000840 -0.021930
v 0.007857 0.000879 -0.021787
v 0.007850 0.001100 -0.021670
v 0.008000 0.000950 -0.021670
v 0.007857 0.000957 -0.021709
v 0.007740 0.000950 -0.021930
v 0.007740 0.001100 -0.021780
v 0.007779 0.000957 -0.021787
v 0.008000 0.009000 -0.021630
v 0.008000 0.009300 -0.021930
v 0.007700 0.009000 -0.021930
v 0.008000 0.009150 -0.021670
v 0.007850 0.009000 -0.021670
v 0.007857 0.009143 -0.021709
v 0.007850 0.009260 -0.021930
v 0.008000 0.009260 -0.021780
v 0.007857 0.009221 -0.021787
v 0.007740 0.009000 -0.021780
v 0.007740 0.009150 -0.021930
v 0.007779 0.009143 -0.021787
v 0.008000 0.000800 -0.023870
v 0.007700 0.001100 -0.023870
v 0.008000 0.001100 -0.024170
v 0.007850 0.000840 -0.023870
v 0.008000 0.000840 -0.024020
v 0.007857 0.000879 -0.024013
v 0.007740 0.001100 -0.024020
v 0.007740 0.000950 -0.023870
v 0.007779 0.000957 -0.024013
v 0.008000 0.000950 -0.024130
v 0.007850 0.001100 -0.024130
v 0.007857 0.000957 -0.024091
v 0.008000 0.009300 -0.023870
v 0.008000 0.009000 -0.024170
v 0.007700 0.009000 -0.023870
v 0.008000 0.009260 -0.024020
v 0.007850 0.009260 -0.023870
v 0.007857 0.009221 -0.024013
v 0.007850 0.009000 -0.024130
v 0.008000 0.009150 -0.024130
v 0.007857 0.009143 -0.024091
v 0.007740 0.009150 -0.023870
v 0.007740 0.009000 -0.024020
v 0.007779 0.009143 -0.024013
v 0.022600 0.000800 -0.021930
v 0.022900 0.001100 -0.021930
v 0.022600 0.001100 -0.021630
v 0.022750 0.000840 -0.021930
v 0.022600 0.000840 -0.021780
v 0.022743 0.000879 -0.021787
v 0.022860 0.001100 -0.021780
v 0.022860 0.000950 -0.021930
v 0.022821 0.000957 -0.021787
v 0.022600 0.000950 -0.021670
v 0.022750 0.001100 -0.021670
v 0.022743 0.000957 -0.021709
v 0.022600 0.009300 -0.021930
v 0.022600 0.009000 -0.021630
v 0.022900 0.009000 -0.021930
v 0.022600 0.009260 -0.021780
v 0.022750 0.009260 -0.021930
v 0.022743 0.009221 -0.021787
v 0.022750 0.009000 -0.021670
v 0.022600 0.009150 -0.021670
v 0.022743 0.009143 -0.021709
v 0.022860 0.009150 -0.021930
v 0.022860 0.009000 -0.021780
v 0.022821 0.009143 -0.021787
v 0.022600 0.000800 -0.023870
v 0.022600 0.001100 -0.024170
v 0.022900 0.001100 -0.023870
v 0.022600 0.000840 -0.024020
v 0.022750 0.000840 -0.023870
v 0.022743 0.000879 -0.024013
v 0.022750 0.001100 -0.024130
v 0.022600 0.000950 -0.024130
v 0.022743 0.000957 -0.024091
v 0.022860 0.000950 -0.023870
v 0.022860 0.001100 -0.024020
v 0.022821 0.000957 -0.024013
v 0.022600 0.009300 -0.023870
v 0.022900 0.009000 -0.023870
v 0.022600 0.009000 -0.024170
v 0.022750 0.009260 -0.023870
v 0.022600 0.009260 -0.024020
v 0.022743 0.009221 -0.024013
v 0.022860 0.009000 -0.024020
v 0.022860 0.009150 -0.023870
v 0.022821 0.009143 -0.024013
v 0.022600 0.009150 -0.024130
v 0.022750 0.009000 -0.024130
v 0.022743 0.009143 -0.024091
v 0.028750 0.009200 0.023350
v 0.028750 0.009400 0.023350
v 0.028750 0.009200 0.022450
v 0.028750 0.009400 0.022450
v 0.029650 0.009200 0.023350
v 0.029650 0.009400 0.023350
v 0.029650 0.009200 0.022450
v 0.029650 0.009400 0.022450
v 0.026210 0.009200 0.023350
v 0.026210 0.009400 0.023350
v 0.026210 0.009200 0.022450
v 0.026210 0.009400 0.022450
v 0.027110 0.009200 0.023350
v 0.027110 0.009400 0.023350
v 0.027110 0.009200 0.022450
v 0.027110 0.009400 0.022450
v 0.023670 0.009200 0.023350
v 0.023670 0.009400 0.023350
v 0.023670 0.009200 0.022450
v 0.023670 0.009400 0.022450
v 0.024570 0.009200 0.023350
v 0.024570 0.009400 0.023350
v 0.024570 0.009200 0.022450
v 0.024570 0.009400 0.022450
v 0.021130 0.009200 0.023350
v 0.021130 0.009400 0.023350
v 0.021130 0.009200 0.022450
v 0.021130 0.009400 0.022450
v 0.022030 0.009200 0.023350
v 0.022030 0.009400 0.023350
v 0.022030 0.009200 0.022450
v 0.022030 0.009400 0.022450
v 0.018590 0.009200 0.023350
v 0.018590 0.009400 0.023350
v 0.018590 0.009200 0.022450
v 0.018590 0.009400 0.022450
v 0.019490 0.009200 0.023350
v 0.019490 0.009400 0.023350
v 0.019490 0.009200 0.022450
v 0.019490 0.009400 0.022450
v 0.016050 0.009200 0.023350
v 0.016050 0.009400 0.023350
v 0.016050 0.009200 0.022450
v 0.016050 0.009400 0.022450
v 0.016950 0.009200 0.023350
v 0.016950 0.009400 0.023350
v 0.016950 0.009200 0.022450
v 0.016950 0.009400 0.022450
v 0.013510 0.009200 0.023350
v 0.013510 0.009400 0.023350
v 0.013510 0.009200 0.022450
v 0.013510 0.009400 0.022450
v 0.014410 0.009200 0.023350
v 0.014410 0.009400 0.023350
v 0.014410 0.009200 0.022450
v 0.014410 0.009400 0.022450
v 0.010970 0.009200 0.023350
v 0.010970 0.009400 0.023350
v 0.010970 0.009200 0.022450
v 0.010970 0.009400 0.022450
v 0.011870 0.009200 0.023350
v 0.011870 0.009400 0.023350
v 0.011870 0.009200 0.022450
v 0.011870 0.009400 0.022450
v 0.006910 0.009200 0.023350
v 0.006910 0.009400 0.023350
v 0.006910 0.009200 0.022450
v 0.006910 0.009400 0.022450
v 0.007810 0.009200 0.023350
v 0.007810 0.009400 0.023350
v 0.007810 0.009200 0.022450
v 0.007810 0.009400 0.022450
v 0.004370 0.009200 0.023350
v 0.004370 0.009400 0.023350
v 0.004370 0.009200 0.022450
v 0.004370 0.009400 0.022450
v 0.005270 0.009200 0.023350
v 0.005270 0.009400 0.023350
v 0.005270 0.009200 0.022450
v 0.005270 0.009400 0.022450
v 0.001830 0.009200 0.023350
v 0.001830 0.009400 0.023350
v 0.001830 0.009200 0.022450
v 0.001830 0.009400 0.022450
v 0.002730 0.009200 0.023350
v 0.002730 0.009400 0.023350
v 0.002730 0.009200 0.022450
v 0.002730 0.009400 0.022450
v -0.000710 0.009200 0.023350
v -0.000710 0.009400 0.023350
v -0.000710 0.009200 0.022450
v -0.000710 0.009400 0.022450
v 0.000190 0.009200 0.023350
v 0.000190 0.009400 0.023350
v 0.000190 0.009200 0.022450
v 0.000190 0.009400 0.022450
v -0.003250 0.009200 0.023350
v -0.003250 0.009400 0.023350
v -0.003250 0.009200 0.022450
v -0.003250 0.009400 0.022450
v -0.002350 0.009200 0.023350
v -0.002350 0.009400 0.023350
v -0.002350 0.009200 0.022450
v -0.002350 0.009400 0.022450
v -0.005790 0.009200 0.023350
v -0.005790 0.009400 0.023350
v -0.005790 0.009200 0.022450
v -0.005790 0.009400 0.022450
v -0.004890 0.009200 0.023350
v -0.004890 0.009400 0.023350
v -0.004890 0.009200 0.022450
v -0.004890 0.009400 0.022450
v -0.034800 0.000800 0.021700
v -0.034800 0.001600 0.022500
v -0.035600 0.001600 0.021700
v -0.034800 0.000907 0.022099
v -0.035199 0.000907 0.021700
v -0.035183 0.001011 0.022083
v -0.035199 0.001600 0.022393
v -0.034800 0.001201 0.022393
v -0.035183 0.001217 0.022289
v -0.035493 0.001201 0.021700
v -0.035493 0.001600 0.022099
v -0.035389 0.001217 0.022083
v -0.034800 0.011000 0.022500
v -0.034800 0.011800 0.021700
v -0.035600 0.011000 0.021700
v -0.034800 0.011399 0.022393
v -0.035199 0.011000 0.022393
v -0.035183 0.011383 0.022289
v -0.035199 0.011693 0.021700
v -0.034800 0.011693 0.022099
v -0.035183 0.011589 0.022083
v -0.035493 0.011000 0.022099
v -0.035493 0.011399 0.021700
v -0.035389 0.011383 0.022083
v -0.034800 0.000800 0.011300
v -0.035600 0.001600 0.011300
v -0.034800 0.001600 0.010500
v -0.035199 0.000907 0.011300
v -0.034800 0.000907 0.010901
v -0.035183 0.001011 0.010917
v -0.035493 0.001600 0.010901
v -0.035493 0.001201 0.011300
v -0.035389 0.001217 0.010917
v -0.034800 0.001201 0.010607
v -0.035199 0.001600 0.010607
v -0.035183 0.001217 0.010711
v -0.034800 0.011800 0.011300
v -0.034800 0.011000 0.010500
v -0.035600 0.011000 0.011300
v -0.034800 0.011693 0.010901
v -0.035199 0.011693 0.011300
v -0.035183 0.011589 0.010917
v -0.035199 0.011000 0.010607
v -0.034800 0.011399 0.010607
v -0.035183 0.011383 0.010711
v -0.035493 0.011399 0.011300
v -0.035493 0.011000 0.010901
v -0.035389 0.011383 0.010917
v -0.020400 0.000800 0.021700
v -0.019600 0.001600 0.021700
v -0.020400 0.001600 0.022500
v -0.020001 0.000907 0.021700
v -0.020400 0.000907 0.022099
v -0.020017 0.001011 0.022083
v -0.019707 0.001600 0.022099
v -0.019707 0.001201 0.021700
v -0.019811 0.001217 0.022083
v -0.020400 0.001201 0.022393
v -0.020001 0.001600 0.022393
v -0.020017 0.001217 0.022289
v -0.020400 0.011800 0.021700
v -0.020400 0.011000 0.022500
v -0.019600 0.011000 0.021700
v -0.020400 0.011693 0.022099
v -0.020001 0.011693 0.021700
v -0.020017 0.011589 0.022083
v -0.020001 0.011000 0.022393
v -0.020400 0.011399 0.022393
v -0.020017 0.011383 0.022289
v -0.019707 0.011399 0.021700
v -0.019707 0.011000 0.022099
v -0.019811 0.011383 0.022083
v -0.020400 0.000800 0.011300
v -0.020400 0.001600 0.010500
v -0.019600 0.001600 0.011300
v -0.020400 0.000907 0.010901
v -0.020001 0.000907 0.011300
v -0.020017 0.001011 0.010917
v -0.020001 0.001600 0.010607
v -0.020400 0.001201 0.010607
v -0.020017 0.001217 0.010711
v -0.019707 0.001201 0.011300
v -0.019707 0.001600 0.010901
v -0.019811 0.001217 0.010917
v -0.020400 0.011800 0.011300
v -0.019600 0.011000 0.011300
v -0.020400 0.011000 0.010500
v -0.020001 0.011693 0.011300
v -0.020400 0.011693 0.010901
v -0.020017 0.011589 0.010917
v -0.019707 0.011000 0.010901
v -0.019707 0.011399 0.011300
v -0.019811 0.011383 0.010917
v -0.020400 0.011399 0.010607
v -0.020001 0.011000 0.010607
v -0.020017 0.011383 0.010711
v -0.033800 0.000800 -0.013800
v -0.033800 0.001600 -0.013000
v -0.034600 0.001600 -0.013800
v -0.033800 0.000907 -0.013401
v -0.034199 0.000907 -0.013800
v -0.034183 0.001011 -0.013417
v -0.034199 0.001600 -0.013107
v -0.033800 0.001201 -0.013107
v -0.034183 0.001217 -0.013211
v -0.034493 0.001201 -0.013800
v -0.034493 0.001600 -0.013401
v -0.034389 0.001217 -0.013417
v -0.033800 0.009000 -0.013000
v -0.033800 0.009800 -0.013800
v -0.034600 0.009000 -0.013800
v -0.033800 0.009399 -0.013107
v -0.034199 0.009000 -0.013107
v -0.034183 0.009383 -0.013211
v -0.034199 0.009693 -0.013800
v -0.033800 0.009693 -0.013401
v -0.034183 0.009589 -0.013417
v -0.034493 0.009000 -0.013401
v -0.034493 0.009399 -0.013800
v -0.034389 0.009383 -0.013417
v -0.033800 0.000800 -0.021200
v -0.034600 0.001600 -0.021200
v -0.033800 0.001600 -0.022000
v -0.034199 0.000907 -0.021200
v -0.033800 0.000907 -0.021599
v -0.034183 0.001011 -0.021583
v -0.034493 0.001600 -0.021599
v -0.034493 0.001201 -0.021200
v -0.034389 0.001217 -0.021583
v -0.033800 0.001201 -0.021893
v -0.034199 0.001600 -0.021893
v -0.034183 0.001217 -0.021789
v -0.033800 0.009800 -0.021200
v -0.033800 0.009000 -0.022000
v -0.034600 0.009000 -0.021200
v -0.033800 0.009693 -0.021599
v -0.034199 0.009693 -0.021200
v -0.034183 0.009589 -0.021583
v -0.034199 0.009000 -0.021893
v -0.033800 0.009399 -0.021893
v -0.034183 0.009383 -0.021789
v -0.034493 0.009399 -0.021200
v -0.034493 0.009000 -0.021599
v -0.034389 0.009383 -0.021583
v -0.021400 0.000800 -0.013800
v -0.020600 0.001600 -0.013800
v -0.021400 0.001600 -0.013000
v -0.021001 0.000907 -0.013800
v -0.021400 0.000907 -0.013401
v -0.021017 0.001011 -0.013417
v -0.020707 0.001600 -0.013401
v -0.020707 0.001201 -0.013800
v -0.020811 0.001217 -0.013417
v -0.021400 0.001201 -0.013107
v -0.021001 0.001600 -0.013107
v -0.021017 0.001217 -0.013211
v -0.021400 0.009800 -0.013800
v -0.021400 0.009000 -0.013000
v -0.020600 0.009000 -0.013800
v -0.021400 0.009693 -0.013401
v -0.021001 0.009693 -0.013800
v -0.021017 0.009589 -0.013417
v -0.021001 0.009000 -0.013107
v -0.021400 0.009399 -0.013107
v -0.021017 0.009383 -0.013211
v -0.020707 0.009399 -0.013800
v -0.020707 0.009000 -0.013401
v -0.020811 0.009383 -0.013417
v -0.021400 0.000800 -0.021200
v -0.021400 0.001600 -0.022000
v -0.020600 0.001600 -0.021200
v -0.021400 0.000907 -0.021599
v -0.021001 0.000907 -0.021200
v -0.021017 0.001011 -0.021583
v -0.021001 0.001600 -0.021893
v -0.021400 0.001201 -0.021893
v -0.021017 0.001217 -0.021789
v -0.020707 0.001201 -0.021200
v -0.020707 0.001600 -0.021599
v -0.020811 0.001217 -0.021583
v -0.021400 0.009800 -0.021200
v -0.020600 0.009000 -0.021200
v -0.021400 0.009000 -0.022000
v -0.021001 0.009693 -0.021200
v -0.021400 0.009693 -0.021599
v -0.021017 0.009589 -0.021583
v -0.020707 0.009000 -0.021599
v -0.020707 0.009399 -0.021200
v -0.020811 0.009383 -0.021583
v -0.021400 0.009399 -0.021893
v -0.021001 0.009000 -0.021893
v -0.021017 0.009383 -0.021789
v -0.006100 0.000800 -0.006150
v -0.006100 0.001200 -0.005750
v -0.006500 0.001200 -0.006150
v -0.006100 0.000853 -0.005950
v -0.006300 0.000853 -0.006150
v -0.006291 0.000905 -0.005959
v -0.006300 0.001200 -0.005803
v -0.006100 0.001000 -0.005803
v -0.006291 0.001009 -0.005855
v -0.006447 0.001000 -0.006150
v -0.006447 0.001200 -0.005950
v -0.006395 0.001009 -0.005959
v -0.006100 0.004400 -0.005750
v -0.006100 0.004800 -0.006150
v -0.006500 0.004400 -0.006150
v -0.006100 0.004600 -0.005803
v -0.006300 0.004400 -0.005803
v -0.006291 0.004591 -0.005855
v -0.006300 0.004747 -0.006150
v -0.006100 0.004747 -0.005950
v -0.006291 0.004695 -0.005959
v -0.006447 0.004400 -0.005950
v -0.006447 0.004600 -0.006150
v -0.006395 0.004591 -0.005959
v -0.006100 0.000800 -0.012850
v -0.006500 0.001200 -0.012850
v -0.006100 0.001200 -0.013250
v -0.006300 0.000853 -0.012850
v -0.006100 0.000853 -0.013050
v -0.006291 0.000905 -0.013041
v -0.006447 0.001200 -0.013050
v -0.006447 0.001000 -0.012850
v -0.006395 0.001009 -0.013041
v -0.006100 0.001000 -0.013197
v -0.006300 0.001200 -0.013197
v -0.006291 0.001009 -0.013145
v -0.006100 0.004800 -0.012850
v -0.006100 0.004400 -0.013250
v -0.006500 0.004400 -0.012850
v -0.006100 0.004747 -0.013050
v -0.006300 0.004747 -0.012850
v -0.006291 0.004695 -0.013041
v -0.006300 0.004400 -0.013197
v -0.006100 0.004600 -0.013197
v -0.006291 0.004591 -0.013145
v -0.006447 0.004600 -0.012850
v -0.006447 0.004400 -0.013050
v -0.006395 0.004591 -0.013041
v 0.028100 0.000800 -0.006150
v 0.028500 0.001200 -0.006150
v 0.028100 0.001200 -0.005750
v 0.028300 0.000853 -0.006150
v 0.028100 0.000853 -0.005950
v 0.028291 0.000905 -0.005959
v 0.028447 0.001200 -0.005950
v 0.028447 0.001000 -0.006150
v 0.028395 0.001009 -0.005959
v 0.028100 0.001000 -0.005803
v 0.028300 0.001200 -0.005803
v 0.028291 0.001009 -0.005855
v 0.028100 0.004800 -0.006150
v 0.028100 0.004400 -0.005750
v 0.028500 0.004400 -0.006150
v 0.028100 0.004747 -0.005950
v 0.028300 0.004747 -0.006150
v 0.028291 0.004695 -0.005959
v 0.028300 0.004400 -0.005803
v 0.028100 0.004600 -0.005803
v 0.028291 0.004591 -0.005855
v 0.028447 0.004600 -0.006150
v 0.028447 0.004400 -0.005950
v 0.028395 0.004591 -0.005959
v 0.028100 0.000800 -0.012850
v 0.028100 0.001200 -0.013250
v 0.028500 0.001200 -0.012850
v 0.028100 0.000853 -0.013050
v 0.028300 0.000853 -0.012850
v 0.028291 0.000905 -0.013041
v 0.028300 0.001200 -0.013197
v 0.028100 0.001000 -0.013197
v 0.028291 0.001009 -0.013145
v 0.028447 0.001000 -0.012850
v 0.028447 0.001200 -0.013050
v 0.028395 0.001009 -0.013041
v 0.028100 0.004800 -0.012850
v 0.028500 0.004400 -0.012850
v 0.028100 0.004400 -0.013250
v 0.028300 0.004747 -0.012850
v 0.028100 0.004747 -0.013050
v 0.028291 0.004695 -0.013041
v 0.028447 0.004400 -0.013050
v 0.028447 0.004600 -0.012850
v 0.028395 0.004591 -0.013041
v 0.028100 0.004600 -0.013197
v 0.028300 0.004400 -0.013197
v 0.028291 0.004591 -0.013145
v -0.011000 0.002600 -0.005800
v -0.001000 0.002600 -0.005800
v -0.011000 0.001911 -0.005663
v -0.001000 0.001911 -0.005663
v -0.011000 0.001327 -0.005273
v -0.001000 0.001327 -0.005273
v -0.011000 0.000937 -0.004689
v -0.001000 0.000937 -0.004689
v -0.011000 0.000800 -0.004000
v -0.001000 0.000800 -0.004000
v -0.011000 0.000937 -0.003311
v -0.001000 0.000937 -0.003311
v -0.011000 0.001327 -0.002727
v -0.001000 0.001327 -0.002727
v -0.011000 0.001911 -0.002337
v -0.001000 0.001911 -0.002337
v -0.011000 0.002600 -0.002200
v -0.001000 0.002600 -0.002200
v -0.011000 0.003289 -0.002337
v -0.001000 0.003289 -0.002337
v -0.011000 0.003873 -0.002727
v -0.001000 0.003873 -0.002727
v -0.011000 0.004263 -0.003311
v -0.001000 0.004263 -0.003311
v -0.011000 0.004400 -0.004000
v -0.001000 0.004400 -0.004000
v -0.011000 0.004263 -0.004689
v -0.001000 0.004263 -0.004689
v -0.011000 0.003873 -0.005273
v -0.001000 0.003873 -0.005273
v -0.011000 0.003289 -0.005663
v -0.001000 0.003289 -0.005663
vn -0.2502 -0.9353 0.2502
vn -0.2178 -0.6901 0.6901
vn -0.2502 -0.2502 0.9353
vn -0.6901 -0.2178 0.6901
vn -0.9353 -0.2502 0.2502
vn -0.6901 -0.6901 0.2178
vn -0.5774 -0.5773 0.5773
vn -0.2502 0.2502 0.9353
vn -0.2178 0.6901 0.6901
vn -0.2502 0.9353 0.2502
vn -0.6901 0.6901 0.2178
vn -0.9353 0.2502 0.2503
vn -0.6901 0.2178 0.6901
vn -0.5773 0.5773 0.5774
vn -0.2502 -0.9353 -0.2502
vn -0.6901 -0.6901 -0.2178
vn -0.9353 -0.2502 -0.2502
vn -0.6901 -0.2178 -0.6901
vn -0.2502 -0.2502 -0.9353
vn -0.2178 -0.6901 -0.6901
vn -0.5774 -0.5773 -0.5773
vn -0.2502 0.9353 -0.2502
vn -0.2178 0.6901 -0.6901
vn -0.2502 0.2502 -0.9353
vn -0.6901 0.2178 -0.6901
vn -0.9353 0.2502 -0.2502
vn -0.6901 0.6901 -0.2178
vn -0.5774 0.5773 -0.5773
vn 0.2502 -0.9353 0.2502
vn 0.6901 -0.6901 0.2178
vn 0.9353 -0.2502 0.2502
vn 0.6901 -0.2178 0.6901
vn 0.2502 -0.2502 0.9353
vn 0.2178 -0.6901 0.6901
vn 0.5774 -0.5773 0.5773
vn 0.2502 0.9353 0.2502
vn 0.2178 0.6901 0.6901
vn 0.2502 0.2502 0.9353
vn 0.6901 0.2178 0.6901
vn 0.9353 0.2502 0.2502
vn 0.6901 0.6901 0.2178
vn 0.5774 0.5773 0.5773
vn 0.2502 -0.9353 -0.2502
vn 0.2178 -0.6901 -0.6901
vn 0.2502 -0.2502 -0.9353
vn 0.6901 -0.2178 -0.6901
vn 0.9353 -0.2502 -0.2502
vn 0.6901 -0.6901 -0.2178
vn 0.5774 -0.5773 -0.5773
vn 0.2502 0.9353 -0.2502
vn 0.6901 0.6901 -0.2178
vn 0.9353 0.2502 -0.2502
vn 0.6901 0.2178 -0.6901
vn 0.2502 0.2502 -0.9353
vn 0.2178 0.6901 -0.6901
vn 0.5774 0.5773 -0.5773
vn -0.2585 -0.9660 -0.0000
vn -0.7071 -0.7071 -0.0000
vn -0.9660 -0.2585 -0.0000
vn -0.2584 -0.0000 0.9660
vn -0.7071 -0.0000 0.7071
vn -0.9660 -0.0000 0.2585
vn -0.2585 0.9660 -0.0000
vn -0.7071 0.7071 -0.0000
vn -0.9660 0.2585 -0.0000
vn -0.2584 -0.0000 -0.9660
vn -0.7071 -0.0000 -0.7071
vn -0.9660 -0.0000 -0.2585
vn -0.0000 -0.9660 -0.2585
vn -0.0000 -0.7071 -0.7071
vn -0.0000 -0.2585 -0.9660
vn -0.0000 0.9660 -0.2585
vn -0.0000 0.7071 -0.7071
vn -0.0000 0.2585 -0.9660
vn 0.9660 -0.0000 -0.2585
vn 0.7071 -0.0000 -0.7071
vn 0.2585 -0.0000 -0.9660
vn 0.2585 -0.9660 -0.0000
vn 0.7071 -0.7071 -0.0000
vn 0.9660 -0.2585 -0.0000
vn 0.2585 0.9660 -0.0000
vn 0.7071 0.7071 -0.0000
vn 0.9660 0.2585 -0.0000
vn 0.2584 -0.0000 0.9660
vn 0.7071 -0.0000 0.7071
vn 0.9660 -0.0000 0.2585
vn -0.0000 -0.9660 0.2585
vn -0.0000 -0.7071 0.7071
vn -0.0000 -0.2585 0.9660
vn -0.0000 0.9660 0.2585
vn -0.0000 0.7071 0.7071
vn -0.0000 0.2585 0.9660
vn -0.0000 -1.0000 -0.0000
vn -1.0000 -0.0000 -0.0000
vn -0.0000 -0.0000 1.0000
vn -0.0000 1.0000 -0.0000
vn -0.0000 -0.0000 -1.0000
vn 1.0000 -0.0000 -0.0000
vn -0.1564 -0.0000 0.9877
vn -0.4540 -0.0000 0.8910
vn -0.8910 -0.0000 0.4540
vn -0.9877 -0.0000 0.1564
vn -0.9877 -0.0000 -0.1564
vn -0.8910 -0.0000 -0.4540
vn -0.4540 -0.0000 -0.8910
vn -0.1564 -0.0000 -0.9877
vn 0.1564 -0.0000 -0.9877
vn 0.4540 -0.0000 -0.8910
vn 0.8910 -0.0000 -0.4540
vn 0.9877 -0.0000 -0.1564
vn 0.9877 -0.0000 0.1564
vn 0.8910 -0.0000 0.4540
vn 0.4540 -0.0000 0.8910
vn 0.1564 -0.0000 0.9877
vn 0.9877 -0.0000 0.1565
vn -0.2502 -0.2503 0.9353
vn -0.2502 0.2503 0.9353
vn -0.9353 0.2502 0.2502
vn -0.5773 0.5774 0.5774
vn -0.2178 -0.6901 -0.6902
vn -0.2178 0.6902 -0.6901
vn -0.6902 0.6901 -0.2178
vn -0.5773 0.5774 -0.5774
vn 0.5773 0.5774 0.5774
vn 0.5773 -0.5773 -0.5774
vn 0.5773 0.5774 -0.5773
vn -0.9660 -0.2584 -0.0000
vn -0.2585 -0.0000 0.9660
vn -0.9660 -0.0000 0.2584
vn -0.2585 -0.0000 -0.9660
vn 0.9660 -0.0000 -0.2584
vn 0.2584 -0.0000 -0.9660
vn 0.9660 -0.2584 -0.0000
vn 0.9660 0.2584 -0.0000
vn 0.2585 -0.0000 0.9660
vn -0.5774 -0.5774 0.5773
vn -0.5773 0.5774 0.5773
vn -0.5774 -0.5774 -0.5773
vn -0.5773 0.5774 -0.5773
vn 0.5773 0.5774 -0.5774
vn -0.0000 -0.2584 -0.9660
vn -0.0000 0.2584 -0.9660
vn 0.9660 -0.0000 0.2584
vn -0.5774 0.5774 0.5773
vn -0.9353 -0.2502 -0.2503
vn -0.2502 -0.2503 -0.9353
vn -0.5774 0.5774 -0.5773
vn 0.5774 -0.5774 0.5773
vn 0.5773 0.5774 0.5773
vn 0.5774 -0.5774 -0.5773
vn 0.2502 0.2503 -0.9353
vn -0.2502 0.2503 -0.9353
vn 0.9353 -0.2502 0.2503
vn 0.9353 0.2502 -0.2503
vn -0.0000 -0.9660 0.2584
vn -0.0000 -0.2584 0.9660
vn -0.5774 0.5773 0.5773
vn 0.5773 -0.5773 0.5774
vn 0.5774 0.5773 0.5774
vn 0.5773 0.5773 -0.5774
vn -0.9660 0.2584 -0.0000
vn -0.5773 -0.5773 0.5774
vn -0.5774 0.5773 0.5774
vn -0.5773 -0.5773 -0.5774
vn -0.5774 0.5773 -0.5774
vn 0.5774 0.5774 0.5773
vn 0.5774 0.5774 -0.5774
vn 0.2178 0.6902 0.6901
vn 0.2178 -0.6902 -0.6901
vn 0.5774 0.5774 -0.5773
vn -0.9660 -0.0000 -0.2584
vn -0.0000 0.2584 0.9660
vn -0.0000 -0.1951 -0.9808
vn -0.0000 -0.5556 -0.8315
vn -0.0000 -0.8315 -0.5556
vn -0.0000 -0.9808 -0.1951
vn -0.0000 -0.9808 0.1951
vn -0.0000 -0.8315 0.5556
vn -0.0000 -0.5556 0.8315
vn -0.0000 -0.1951 0.9808
vn -0.0000 0.1951 0.9808
vn -0.0000 0.5556 0.8315
vn -0.0000 0.8315 0.5556
vn -0.0000 0.9808 0.1951
vn -0.0000 0.9808 -0.1951
vn -0.0000 0.8315 -0.5556
vn -0.0000 0.5556 -0.8315
vn -0.0000 0.1951 -0.9808
vn -0.2635 -0.9280 0.2635
vn -0.2635 -0.2635 0.9280
vn -0.9280 -0.2635 0.2635
vn -0.2635 0.2635 0.9280
vn -0.2178 0.6901 0.6902
vn -0.2635 0.9280 0.2635
vn -0.9280 0.2635 0.2635
vn -0.2635 -0.9280 -0.2635
vn -0.9280 -0.2635 -0.2635
vn -0.2635 -0.2635 -0.9280
vn -0.2635 0.9280 -0.2635
vn -0.2635 0.2635 -0.9280
vn -0.9280 0.2635 -0.2635
vn 0.2635 -0.9280 0.2635
vn 0.9280 -0.2635 0.2635
vn 0.2635 -0.2635 0.9280
vn 0.2178 -0.6901 0.6902
vn 0.2635 0.9280 0.2635
vn 0.2635 0.2635 0.9280
vn 0.9280 0.2635 0.2635
vn 0.2635 -0.9280 -0.2635
vn 0.2635 -0.2635 -0.9280
vn 0.9280 -0.2635 -0.2635
vn 0.2635 0.9280 -0.2635
vn 0.9280 0.2635 -0.2635
vn 0.2635 0.2635 -0.9280
vn 0.2178 0.6901 -0.6902
vn -0.0000 -0.9660 -0.2584
vn -0.0000 0.9660 -0.2584
vn -0.0000 0.9660 0.2584
vn 0.2178 -0.6901 -0.6902
vn 0.6901 0.2178 0.6902
vn 0.9280 0.2635 0.2634
vn 0.2178 0.6902 -0.6901
vt 0.126514 0.749014
vt 0.125758 0.748031
vt 0.126514 0.748032
vt 0.125790 0.750000
vt 0.125790 0.748973
vt 0.437500 1.000000
vt 0.375000 0.998486
vt 0.437500 0.998486
vt 0.437500 0.000000
vt 0.375000 0.001027
vt 0.375000 0.000000
vt 0.375000 0.001968
vt 0.437500 0.000986
vt 0.437500 0.001969
vt 0.125000 0.748973
vt 0.125000 0.748031
vt 0.593709 0.998486
vt 0.562500 1.000000
vt 0.562500 0.998486
vt 0.625000 0.999210
vt 0.592388 0.999210
vt 0.875000 0.748031
vt 0.873486 0.750000
vt 0.873486 0.748032
vt 0.593709 0.001968
vt 0.625000 0.000000
vt 0.625000 0.001968
vt 0.562500 0.000986
vt 0.562500 0.001969
vt 0.562500 0.000000
vt 0.592388 0.001027
vt 0.592388 0.999601
vt 0.125758 0.501969
vt 0.126514 0.500986
vt 0.126514 0.501968
vt 0.125000 0.501027
vt 0.125790 0.501027
vt 0.437500 0.249014
vt 0.375000 0.248032
vt 0.437500 0.248031
vt 0.437500 0.250758
vt 0.375000 0.248973
vt 0.375000 0.251514
vt 0.437500 0.251514
vt 0.126514 0.500000
vt 0.125790 0.500000
vt 0.873486 0.500000
vt 0.875000 0.501969
vt 0.873486 0.501969
vt 0.625000 0.251514
vt 0.592388 0.250790
vt 0.625000 0.250442
vt 0.562500 0.250758
vt 0.593709 0.251514
vt 0.562500 0.251514
vt 0.592388 0.249083
vt 0.593709 0.248031
vt 0.562500 0.249014
vt 0.562500 0.248031
vt 0.625000 0.248032
vt 0.374242 0.748032
vt 0.373486 0.749014
vt 0.373486 0.748032
vt 0.405058 0.748973
vt 0.374210 0.748973
vt 0.437500 0.749014
vt 0.406291 0.748032
vt 0.437500 0.748032
vt 0.437500 0.750758
vt 0.374242 0.750756
vt 0.437500 0.751514
vt 0.374710 0.750500
vt 0.625756 0.750758
vt 0.625758 0.748031
vt 0.626514 0.748031
vt 0.592388 0.750790
vt 0.625500 0.750290
vt 0.562500 0.750758
vt 0.593709 0.751514
vt 0.562500 0.751514
vt 0.592388 0.749083
vt 0.593709 0.748031
vt 0.562500 0.749015
vt 0.562500 0.748032
vt 0.373486 0.500986
vt 0.374242 0.501969
vt 0.373486 0.501969
vt 0.374710 0.499500
vt 0.374210 0.501027
vt 0.437500 0.499242
vt 0.374242 0.499244
vt 0.437500 0.498486
vt 0.405058 0.501027
vt 0.406291 0.501968
vt 0.437500 0.500986
vt 0.437500 0.501969
vt 0.625758 0.501969
vt 0.625756 0.499242
vt 0.626514 0.501969
vt 0.592388 0.501027
vt 0.619455 0.500500
vt 0.562500 0.500986
vt 0.593709 0.501969
vt 0.562500 0.501969
vt 0.562500 0.499242
vt 0.593709 0.498486
vt 0.562500 0.498486
vt 0.592388 0.499311
vt 0.125000 0.501969
vt 0.126514 0.750000
vt 0.625000 0.998486
vt 0.179132 0.731130
vt 0.177792 0.732872
vt 0.371145 0.672567
vt 0.370285 0.542128
vt 0.371145 0.539933
vt 0.183645 0.514933
vt 0.363513 0.530011
vt 0.361825 0.531130
vt 0.177885 0.504626
vt 0.817308 0.745374
vt 0.828172 0.512500
vt 0.823068 0.735067
vt 0.628855 0.539933
vt 0.629715 0.542128
vt 0.628855 0.672567
vt 0.822115 0.504626
vt 1.000000 0.650000
vt 0.950000 0.850000
vt 1.000000 0.850000
vt 0.950000 0.650000
vt 0.900000 0.850000
vt 0.900000 0.650000
vt 0.850000 0.850000
vt 0.800000 0.650000
vt 0.850000 0.650000
vt 0.750000 0.650000
vt 0.800000 0.850000
vt 0.700000 0.650000
vt 0.750000 0.850000
vt 0.650000 0.650000
vt 0.700000 0.850000
vt 0.600000 0.650000
vt 0.650000 0.850000
vt 0.550000 0.650000
vt 0.600000 0.850000
vt 0.500000 0.650000
vt 0.550000 0.850000
vt 0.450000 0.650000
vt 0.500000 0.850000
vt 0.400000 0.650000
vt 0.450000 0.850000
vt 0.350000 0.650000
vt 0.400000 0.850000
vt 0.300000 0.850000
vt 0.350000 0.850000
vt 0.300000 0.650000
vt 0.250000 0.850000
vt 0.250000 0.650000
vt 0.200000 0.850000
vt 0.200000 0.650000
vt 0.150000 0.850000
vt 0.150000 0.650000
vt 0.100000 0.850000
vt 0.100000 0.650000
vt 0.050000 0.850000
vt 0.050000 0.650000
vt -0.000000 0.850000
vt 0.215000 0.850000
vt 0.235000 0.650000
vt 0.843750 0.650000
vt 0.843750 0.850000
vt 0.674608 0.650000
vt 0.674608 0.850000
vt 0.127953 0.735217
vt 0.126478 0.720472
vt 0.127953 0.720473
vt 0.126541 0.750000
vt 0.126541 0.734593
vt 0.383823 1.000000
vt 0.375000 0.997047
vt 0.383824 0.997047
vt 0.383824 0.014783
vt 0.383824 0.000000
vt 0.375000 0.029528
vt 0.383824 0.029528
vt 0.125000 0.734593
vt 0.125000 0.720472
vt 0.620582 0.997047
vt 0.616176 1.000000
vt 0.616176 0.997047
vt 0.625000 0.997047
vt 0.620396 0.998459
vt 0.875000 0.720472
vt 0.872047 0.750000
vt 0.872047 0.720473
vt 0.625000 0.029528
vt 0.620396 0.015407
vt 0.616176 0.014783
vt 0.620582 0.029528
vt 0.616176 0.029528
vt 0.620396 0.007777
vt 0.625000 0.998459
vt 0.620396 0.999222
vt 0.126478 0.529528
vt 0.127953 0.514783
vt 0.127953 0.529528
vt 0.125000 0.529528
vt 0.126541 0.515407
vt 0.383824 0.235217
vt 0.375000 0.220472
vt 0.383824 0.220472
vt 0.375000 0.251541
vt 0.375000 0.234593
vt 0.375000 0.252953
vt 0.383823 0.251478
vt 0.383824 0.252953
vt 0.127953 0.500000
vt 0.126541 0.500000
vt 0.125000 0.515407
vt 0.872047 0.500000
vt 0.875000 0.529528
vt 0.872047 0.529528
vt 0.620582 0.252953
vt 0.625000 0.250861
vt 0.625000 0.252953
vt 0.616176 0.251478
vt 0.616176 0.252953
vt 0.616176 0.235217
vt 0.620396 0.251541
vt 0.620582 0.220472
vt 0.616176 0.220472
vt 0.620396 0.235845
vt 0.373522 0.720472
vt 0.372047 0.735217
vt 0.372047 0.720473
vt 0.379418 0.720472
vt 0.373459 0.734593
vt 0.383824 0.735217
vt 0.383823 0.720472
vt 0.374434 0.750975
vt 0.379188 0.734593
vt 0.373521 0.751474
vt 0.383823 0.751478
vt 0.383824 0.752953
vt 0.626474 0.751479
vt 0.626478 0.720472
vt 0.627953 0.720473
vt 0.620396 0.751541
vt 0.625975 0.750566
vt 0.616176 0.751478
vt 0.620582 0.752953
vt 0.616176 0.752953
vt 0.616176 0.735217
vt 0.620582 0.720472
vt 0.616176 0.720472
vt 0.620396 0.735845
vt 0.372047 0.514783
vt 0.373522 0.529528
vt 0.372047 0.529527
vt 0.373521 0.498526
vt 0.373459 0.515407
vt 0.383824 0.498522
vt 0.383824 0.497047
vt 0.379188 0.515407
vt 0.374434 0.499025
vt 0.379418 0.529528
vt 0.383824 0.514783
vt 0.383823 0.529527
vt 0.626478 0.529528
vt 0.626474 0.498521
vt 0.627953 0.529527
vt 0.620582 0.529527
vt 0.625121 0.510494
vt 0.616176 0.514783
vt 0.616177 0.529528
vt 0.616176 0.498522
vt 0.620396 0.515407
vt 0.620583 0.497047
vt 0.616176 0.497047
vt 0.620396 0.499180
vt 0.616177 0.000000
vt 0.625000 0.220472
vt 0.127953 0.750000
vt 0.128691 0.735217
vt 0.126848 0.720472
vt 0.128691 0.720472
vt 0.126926 0.750000
vt 0.126926 0.734593
vt 0.375000 0.996309
vt 0.383824 0.996309
vt 0.383824 0.000000
vt 0.375000 0.029528
vt 0.383823 0.029528
vt 0.125000 0.720472
vt 0.620582 0.996309
vt 0.616177 0.996309
vt 0.625000 0.998074
vt 0.620396 0.998074
vt 0.875000 0.720473
vt 0.871309 0.750000
vt 0.871309 0.720472
vt 0.625000 0.029528
vt 0.620396 0.015407
vt 0.616176 0.014783
vt 0.620582 0.029528
vt 0.616176 0.029528
vt 0.620396 0.999028
vt 0.126848 0.529528
vt 0.128691 0.514783
vt 0.128691 0.529528
vt 0.126926 0.515407
vt 0.383824 0.235217
vt 0.375000 0.220472
vt 0.383823 0.220472
vt 0.375000 0.251926
vt 0.375000 0.253691
vt 0.383823 0.251848
vt 0.383824 0.253691
vt 0.126926 0.500000
vt 0.128691 0.500000
vt 0.871309 0.500000
vt 0.875000 0.529528
vt 0.871309 0.529527
vt 0.625000 0.253691
vt 0.620396 0.251926
vt 0.625000 0.251076
vt 0.616177 0.251848
vt 0.620582 0.253691
vt 0.616176 0.253691
vt 0.620396 0.235860
vt 0.620582 0.220472
vt 0.616176 0.220472
vt 0.373152 0.720472
vt 0.371309 0.735217
vt 0.371309 0.720472
vt 0.379417 0.720472
vt 0.373074 0.734593
vt 0.383824 0.735217
vt 0.383824 0.720472
vt 0.383824 0.751848
vt 0.379173 0.734593
vt 0.373152 0.751843
vt 0.383824 0.753691
vt 0.374293 0.751219
vt 0.626843 0.751848
vt 0.626848 0.720472
vt 0.628691 0.720472
vt 0.620396 0.751926
vt 0.626219 0.750707
vt 0.616176 0.751848
vt 0.620582 0.753691
vt 0.616176 0.753691
vt 0.620396 0.735860
vt 0.620582 0.720472
vt 0.616176 0.735217
vt 0.616176 0.720472
vt 0.371309 0.514783
vt 0.373152 0.529528
vt 0.371309 0.529528
vt 0.373152 0.498157
vt 0.373074 0.515407
vt 0.383824 0.498152
vt 0.383824 0.496309
vt 0.379173 0.515407
vt 0.374293 0.498781
vt 0.379418 0.529528
vt 0.383824 0.514783
vt 0.626848 0.529528
vt 0.626843 0.498152
vt 0.628691 0.529528
vt 0.620396 0.515407
vt 0.625365 0.510382
vt 0.616176 0.514783
vt 0.620582 0.529527
vt 0.616176 0.529528
vt 0.616176 0.498152
vt 0.620582 0.496309
vt 0.616176 0.496309
vt 0.620396 0.498825
vt 0.125000 0.529528
vt 0.625000 0.220472
vt 0.128691 0.750000
vt 0.625000 0.996309
vt 0.128695 0.735217
vt 0.126850 0.720472
vt 0.128695 0.720472
vt 0.126928 0.750000
vt 0.126928 0.734593
vt 0.375000 0.996306
vt 0.383824 0.996305
vt 0.383824 0.014783
vt 0.375000 0.029528
vt 0.383824 0.029528
vt 0.125000 0.720472
vt 0.125000 0.734593
vt 0.620582 0.996305
vt 0.616177 0.996306
vt 0.625000 0.996305
vt 0.620396 0.998072
vt 0.871305 0.750000
vt 0.871305 0.720472
vt 0.620396 0.015407
vt 0.620582 0.029528
vt 0.616176 0.029528
vt 0.616177 0.000000
vt 0.625000 0.998072
vt 0.620396 0.999027
vt 0.126850 0.529528
vt 0.128695 0.514783
vt 0.128695 0.529528
vt 0.126928 0.515407
vt 0.383824 0.235217
vt 0.375000 0.220472
vt 0.383823 0.220472
vt 0.375000 0.251928
vt 0.375000 0.253695
vt 0.383823 0.251850
vt 0.383823 0.253695
vt 0.126928 0.500000
vt 0.128695 0.500000
vt 0.871305 0.500000
vt 0.875000 0.529528
vt 0.871305 0.529527
vt 0.625000 0.253695
vt 0.620396 0.251928
vt 0.625000 0.251077
vt 0.616176 0.251850
vt 0.620583 0.253695
vt 0.616176 0.253695
vt 0.616176 0.235217
vt 0.620582 0.220472
vt 0.616176 0.220472
vt 0.625000 0.220472
vt 0.620396 0.235860
vt 0.373150 0.720472
vt 0.371305 0.735217
vt 0.371305 0.720472
vt 0.379418 0.720472
vt 0.373072 0.734593
vt 0.383824 0.735217
vt 0.374292 0.751220
vt 0.379173 0.734593
vt 0.373150 0.751844
vt 0.383823 0.751850
vt 0.383824 0.753695
vt 0.626845 0.751850
vt 0.626850 0.720472
vt 0.628695 0.720472
vt 0.620583 0.753695
vt 0.626220 0.750708
vt 0.616176 0.751850
vt 0.616176 0.753695
vt 0.620396 0.751928
vt 0.620583 0.720472
vt 0.616176 0.720472
vt 0.620396 0.735860
vt 0.371305 0.514783
vt 0.373150 0.529528
vt 0.371305 0.529527
vt 0.374292 0.498780
vt 0.373072 0.515407
vt 0.383823 0.498150
vt 0.373150 0.498156
vt 0.383824 0.496305
vt 0.379173 0.515407
vt 0.379418 0.529528
vt 0.383824 0.514783
vt 0.383824 0.529528
vt 0.626850 0.529528
vt 0.626845 0.498150
vt 0.628695 0.529528
vt 0.620396 0.515407
vt 0.625366 0.510382
vt 0.616177 0.514783
vt 0.620582 0.529528
vt 0.616176 0.529528
vt 0.620396 0.498823
vt 0.620582 0.496305
vt 0.616176 0.498150
vt 0.616176 0.496305
vt 0.128695 0.750000
vt 0.129934 0.735217
vt 0.127470 0.720472
vt 0.129934 0.720472
vt 0.127575 0.750000
vt 0.127575 0.734593
vt 0.383824 1.000000
vt 0.375000 0.995066
vt 0.383824 0.995066
vt 0.383824 0.014783
vt 0.375000 0.029528
vt 0.383824 0.029528
vt 0.125000 0.734593
vt 0.620582 0.995066
vt 0.616176 1.000000
vt 0.616176 0.995066
vt 0.625000 0.995066
vt 0.620396 0.997425
vt 0.875000 0.720472
vt 0.870066 0.750000
vt 0.870066 0.720472
vt 0.620396 0.015407
vt 0.616176 0.014783
vt 0.616176 0.029528
vt 0.625000 0.997426
vt 0.620396 0.998701
vt 0.127470 0.529528
vt 0.129934 0.514783
vt 0.129934 0.529528
vt 0.125000 0.515407
vt 0.127575 0.515407
vt 0.383824 0.235217
vt 0.375000 0.252575
vt 0.375000 0.234593
vt 0.375000 0.254934
vt 0.383824 0.252470
vt 0.383824 0.254934
vt 0.127575 0.500000
vt 0.129934 0.500000
vt 0.870066 0.500000
vt 0.870066 0.529528
vt 0.625000 0.254934
vt 0.620396 0.252575
vt 0.625000 0.251439
vt 0.616176 0.252470
vt 0.620583 0.254934
vt 0.616176 0.254934
vt 0.616176 0.235217
vt 0.620582 0.220472
vt 0.625000 0.220472
vt 0.620396 0.235885
vt 0.372530 0.720472
vt 0.370066 0.735217
vt 0.370066 0.720472
vt 0.379147 0.734593
vt 0.372425 0.734593
vt 0.383824 0.752470
vt 0.372530 0.752464
vt 0.383823 0.754934
vt 0.374054 0.751629
vt 0.627464 0.752470
vt 0.627470 0.720472
vt 0.629934 0.720472
vt 0.620396 0.752575
vt 0.626629 0.750946
vt 0.616176 0.752470
vt 0.620582 0.754934
vt 0.616176 0.754934
vt 0.616176 0.735217
vt 0.620582 0.720472
vt 0.620396 0.735886
vt 0.370066 0.514783
vt 0.372530 0.529528
vt 0.370066 0.529528
vt 0.372530 0.497536
vt 0.372425 0.515407
vt 0.383823 0.497530
vt 0.383823 0.495066
vt 0.383824 0.514783
vt 0.374054 0.498371
vt 0.379417 0.529528
vt 0.383824 0.529527
vt 0.379147 0.515407
vt 0.627470 0.529528
vt 0.627464 0.497530
vt 0.629934 0.529528
vt 0.620396 0.515407
vt 0.625775 0.510194
vt 0.616176 0.514783
vt 0.620396 0.498226
vt 0.620583 0.495066
vt 0.616176 0.497530
vt 0.616176 0.495066
vt 0.129934 0.750000
vt 0.375000 0.250000
vt 0.625000 0.250000
vt 0.375000 0.500000
vt 0.625000 0.500000
vt 0.375000 0.750000
vt 0.625000 0.750000
vt 0.375000 1.000000
vt 0.125000 0.750000
vt 0.125000 0.500000
vt 0.875000 0.500000
vt 0.137500 0.741656
vt 0.131258 0.733333
vt 0.137500 0.733333
vt 0.131522 0.750000
vt 0.131522 0.741304
vt 0.393182 1.000000
vt 0.375000 0.987500
vt 0.393182 0.987500
vt 0.393182 0.008344
vt 0.393182 0.000000
vt 0.375000 0.016667
vt 0.393182 0.016667
vt 0.125000 0.741304
vt 0.125000 0.733333
vt 0.615897 0.987500
vt 0.606818 1.000000
vt 0.606818 0.987500
vt 0.625000 0.987500
vt 0.615513 0.993478
vt 0.875000 0.733333
vt 0.862500 0.750000
vt 0.862500 0.733333
vt 0.615897 0.016667
vt 0.625000 0.016667
vt 0.606818 0.008344
vt 0.606818 0.016667
vt 0.615513 0.004389
vt 0.615513 0.008696
vt 0.625000 0.993478
vt 0.615513 0.996708
vt 0.131258 0.516667
vt 0.137500 0.508344
vt 0.137500 0.516667
vt 0.125000 0.508696
vt 0.131522 0.508696
vt 0.393182 0.241656
vt 0.375000 0.233333
vt 0.393182 0.233333
vt 0.375000 0.256522
vt 0.375000 0.241304
vt 0.375000 0.262500
vt 0.393182 0.256258
vt 0.393182 0.262500
vt 0.131522 0.500000
vt 0.137500 0.500000
vt 0.862500 0.500000
vt 0.875000 0.516667
vt 0.862500 0.516667
vt 0.625000 0.262500
vt 0.615513 0.256522
vt 0.625000 0.253645
vt 0.606818 0.256258
vt 0.615897 0.262500
vt 0.606818 0.262500
vt 0.606818 0.241656
vt 0.615897 0.233333
vt 0.606818 0.233333
vt 0.625000 0.233333
vt 0.615513 0.242231
vt 0.368742 0.733333
vt 0.362500 0.741656
vt 0.362500 0.733333
vt 0.383498 0.741304
vt 0.368478 0.741304
vt 0.393182 0.741656
vt 0.384103 0.733333
vt 0.393182 0.733333
vt 0.372605 0.754127
vt 0.368750 0.756250
vt 0.393182 0.756258
vt 0.393182 0.762500
vt 0.631250 0.756250
vt 0.631258 0.733333
vt 0.637500 0.733333
vt 0.615513 0.756522
vt 0.629127 0.752396
vt 0.606818 0.756258
vt 0.615897 0.762500
vt 0.606818 0.762500
vt 0.606818 0.741656
vt 0.615897 0.733333
vt 0.606818 0.733333
vt 0.615513 0.742231
vt 0.362500 0.508344
vt 0.368742 0.516667
vt 0.362500 0.516667
vt 0.372604 0.495873
vt 0.368478 0.508696
vt 0.393182 0.493742
vt 0.368750 0.493750
vt 0.393182 0.487500
vt 0.393182 0.508344
vt 0.384103 0.516667
vt 0.393182 0.516667
vt 0.383498 0.508696
vt 0.631258 0.516667
vt 0.631250 0.493750
vt 0.637500 0.516667
vt 0.615513 0.508696
vt 0.627368 0.504284
vt 0.606818 0.508344
vt 0.615897 0.516667
vt 0.606818 0.516667
vt 0.606818 0.493742
vt 0.615897 0.487500
vt 0.606818 0.487500
vt 0.615513 0.494322
vt 0.125000 0.516667
vt 0.606818 0.000000
vt 0.137500 0.750000
vt 0.139286 0.738874
vt 0.132152 0.727778
vt 0.139286 0.727778
vt 0.139286 0.750000
vt 0.132454 0.738405
vt 0.397222 1.000000
vt 0.375000 0.985714
vt 0.397222 0.985714
vt 0.397222 0.011126
vt 0.397222 0.000000
vt 0.375000 0.022222
vt 0.397222 0.022222
vt 0.125000 0.727778
vt 0.125000 0.738405
vt 0.132454 0.750000
vt 0.613874 0.985714
vt 0.602778 1.000000
vt 0.602778 0.985714
vt 0.625000 0.985714
vt 0.613405 0.992546
vt 0.875000 0.727778
vt 0.860714 0.750000
vt 0.860714 0.727778
vt 0.613874 0.022222
vt 0.625000 0.022222
vt 0.602778 0.011126
vt 0.602778 0.022222
vt 0.602778 0.000000
vt 0.613405 0.011595
vt 0.625000 0.992546
vt 0.613405 0.996238
vt 0.132152 0.522222
vt 0.139286 0.511126
vt 0.139286 0.522222
vt 0.125000 0.522222
vt 0.132454 0.511595
vt 0.397222 0.238874
vt 0.375000 0.227778
vt 0.397222 0.227778
vt 0.375000 0.257454
vt 0.375000 0.238405
vt 0.375000 0.264286
vt 0.397222 0.257152
vt 0.397222 0.264286
vt 0.139286 0.500000
vt 0.132454 0.500000
vt 0.125000 0.511595
vt 0.860714 0.500000
vt 0.875000 0.522222
vt 0.860714 0.522222
vt 0.625000 0.264286
vt 0.613405 0.257454
vt 0.625000 0.254166
vt 0.602778 0.257152
vt 0.613874 0.264286
vt 0.602778 0.264286
vt 0.602778 0.238874
vt 0.613874 0.227778
vt 0.602778 0.227778
vt 0.625000 0.227778
vt 0.613405 0.239593
vt 0.367848 0.727778
vt 0.360714 0.738874
vt 0.360714 0.727778
vt 0.386126 0.727778
vt 0.367546 0.738405
vt 0.397222 0.738874
vt 0.397222 0.727778
vt 0.372262 0.754716
vt 0.385407 0.738405
vt 0.367860 0.757145
vt 0.397222 0.757152
vt 0.397222 0.764286
vt 0.632145 0.757140
vt 0.632152 0.727778
vt 0.639286 0.727778
vt 0.613405 0.757454
vt 0.629716 0.752738
vt 0.602778 0.757152
vt 0.613874 0.764286
vt 0.602778 0.764286
vt 0.602778 0.738874
vt 0.613874 0.727778
vt 0.602778 0.727778
vt 0.613405 0.739593
vt 0.360714 0.511126
vt 0.367848 0.522222
vt 0.360714 0.522222
vt 0.367860 0.492855
vt 0.367546 0.511595
vt 0.397222 0.492848
vt 0.397222 0.485714
vt 0.397222 0.511126
vt 0.372262 0.495284
vt 0.386126 0.522222
vt 0.397222 0.522222
vt 0.385407 0.511595
vt 0.632152 0.522222
vt 0.632145 0.492860
vt 0.639286 0.522222
vt 0.613874 0.522222
vt 0.627567 0.506073
vt 0.602778 0.511126
vt 0.602778 0.522222
vt 0.613405 0.493575
vt 0.613405 0.511595
vt 0.613874 0.485714
vt 0.602778 0.492848
vt 0.602778 0.485714
vt 0.127857 0.743325
vt 0.126430 0.736667
vt 0.127857 0.736667
vt 0.127857 0.750000
vt 0.126491 0.743043
vt 0.400000 1.000000
vt 0.375000 0.997143
vt 0.400000 0.997143
vt 0.400000 0.006675
vt 0.400000 0.000000
vt 0.375000 0.013333
vt 0.400000 0.013333
vt 0.125000 0.736667
vt 0.125000 0.743043
vt 0.126491 0.750000
vt 0.612484 0.997143
vt 0.600000 1.000000
vt 0.600000 0.997143
vt 0.625000 0.997143
vt 0.611955 0.998509
vt 0.875000 0.736667
vt 0.872143 0.750000
vt 0.872143 0.736667
vt 0.612484 0.013333
vt 0.625000 0.013333
vt 0.600000 0.006675
vt 0.600000 0.013333
vt 0.611955 0.003512
vt 0.611955 0.006957
vt 0.625000 0.998509
vt 0.611955 0.999248
vt 0.126430 0.513333
vt 0.127857 0.506675
vt 0.127857 0.513333
vt 0.125000 0.513333
vt 0.126491 0.506957
vt 0.400000 0.243325
vt 0.375000 0.236667
vt 0.400000 0.236667
vt 0.375000 0.251491
vt 0.375000 0.243043
vt 0.375000 0.252857
vt 0.400000 0.251430
vt 0.400000 0.252857
vt 0.126491 0.500000
vt 0.127857 0.500000
vt 0.125000 0.506957
vt 0.872143 0.500000
vt 0.875000 0.513333
vt 0.872143 0.513333
vt 0.625000 0.252857
vt 0.611955 0.251491
vt 0.625000 0.250833
vt 0.600000 0.251430
vt 0.612484 0.252857
vt 0.600000 0.252857
vt 0.600000 0.243325
vt 0.612484 0.236667
vt 0.600000 0.236667
vt 0.625000 0.236667
vt 0.611955 0.243639
vt 0.373569 0.736667
vt 0.372143 0.743325
vt 0.372143 0.736667
vt 0.387516 0.736667
vt 0.373509 0.743043
vt 0.400000 0.743324
vt 0.400000 0.736667
vt 0.374453 0.750943
vt 0.386977 0.743043
vt 0.373569 0.751426
vt 0.400000 0.751430
vt 0.400000 0.752857
vt 0.626426 0.751431
vt 0.626431 0.736667
vt 0.627857 0.736667
vt 0.611955 0.751491
vt 0.625943 0.750547
vt 0.600000 0.751430
vt 0.612484 0.752857
vt 0.600000 0.752857
vt 0.600000 0.743325
vt 0.612484 0.736667
vt 0.600000 0.736667
vt 0.611955 0.743639
vt 0.372143 0.506675
vt 0.373570 0.513333
vt 0.372143 0.513333
vt 0.374453 0.499057
vt 0.373509 0.506957
vt 0.400000 0.498569
vt 0.373569 0.498574
vt 0.400000 0.497143
vt 0.400000 0.506675
vt 0.387516 0.513333
vt 0.400000 0.513333
vt 0.386977 0.506957
vt 0.626430 0.513333
vt 0.626426 0.498569
vt 0.627857 0.513333
vt 0.611955 0.506957
vt 0.623525 0.504508
vt 0.600000 0.506675
vt 0.612484 0.513333
vt 0.600000 0.513333
vt 0.611955 0.498896
vt 0.612484 0.497143
vt 0.600000 0.498570
vt 0.600000 0.497143
vt 0.600000 0.000000
vt 1.000000 1.000000
vt 0.937500 0.500000
vt 1.000000 0.500000
vt 0.937500 1.000000
vt 0.875000 1.000000
vt 0.812500 0.500000
vt 0.812500 1.000000
vt 0.750000 0.500000
vt 0.687500 1.000000
vt 0.687500 0.500000
vt 0.625000 1.000000
vt 0.562500 0.500000
vt 0.562500 1.000000
vt 0.500000 0.500000
vt 0.500000 1.000000
vt 0.437500 0.500000
vt 0.437500 1.000000
vt 0.312500 0.500000
vt 0.312500 1.000000
vt 0.250000 0.500000
vt 0.250000 1.000000
vt 0.187500 0.500000
vt 0.187500 1.000000
vt 0.080294 0.080294
vt 0.419706 0.080294
vt 0.419706 0.419706
vt 0.125000 1.000000
vt 0.062500 0.500000
vt 0.062500 1.000000
vt 0.000000 0.500000
vt 0.841844 0.028269
vt 0.528269 0.158156
vt 0.658156 0.471731
vt 0.375000 0.999210
vt 0.874210 0.750000
vt 0.592388 0.000518
vt 0.375000 0.250790
vt 0.874210 0.500000
vt 0.176932 0.735067
vt 0.176635 0.737500
vt 0.180821 0.730011
vt 0.368945 0.531130
vt 0.367256 0.530011
vt 0.370708 0.678548
vt 0.371145 0.677433
vt 0.371442 0.675000
vt 0.370285 0.532872
vt 0.371145 0.535067
vt 0.370392 0.670646
vt 0.365385 0.545374
vt 0.371442 0.537500
vt 0.367256 0.544989
vt 0.368945 0.543870
vt 0.176932 0.739933
vt 0.177792 0.742128
vt 0.370285 0.679628
vt 0.368945 0.681370
vt 0.179132 0.743870
vt 0.180821 0.744989
vt 0.367256 0.682489
vt 0.365385 0.682874
vt 0.182692 0.745374
vt 0.363513 0.682489
vt 0.361825 0.681370
vt 0.184564 0.744989
vt 0.186253 0.743870
vt 0.360485 0.679628
vt 0.359624 0.677433
vt 0.187592 0.742128
vt 0.188453 0.739933
vt 0.188749 0.737500
vt 0.359328 0.675000
vt 0.188453 0.735067
vt 0.359624 0.672567
vt 0.187592 0.732872
vt 0.360484 0.670372
vt 0.186253 0.731130
vt 0.361824 0.668630
vt 0.184564 0.730011
vt 0.363513 0.667512
vt 0.182692 0.729626
vt 0.171917 0.511770
vt 0.171828 0.512500
vt 0.172124 0.514933
vt 0.365385 0.667126
vt 0.367256 0.667512
vt 0.172984 0.517128
vt 0.174324 0.518870
vt 0.368945 0.668630
vt 0.370285 0.670372
vt 0.363513 0.544989
vt 0.176013 0.519988
vt 0.177885 0.520374
vt 0.361824 0.543870
vt 0.360484 0.542128
vt 0.179756 0.519989
vt 0.181445 0.518870
vt 0.359624 0.539933
vt 0.359328 0.537500
vt 0.182785 0.517128
vt 0.183942 0.512500
vt 0.365385 0.529626
vt 0.359624 0.535067
vt 0.360484 0.532872
vt 0.172124 0.510067
vt 0.183645 0.510067
vt 0.182785 0.507872
vt 0.172984 0.507872
vt 0.174324 0.506130
vt 0.181445 0.506130
vt 0.179756 0.505011
vt 0.176013 0.505011
vt 0.823068 0.739933
vt 0.823365 0.737500
vt 0.811251 0.737500
vt 0.811547 0.739933
vt 0.812408 0.742128
vt 0.822208 0.742128
vt 0.820868 0.743870
vt 0.813748 0.743870
vt 0.815436 0.744989
vt 0.819179 0.744989
vt 0.634616 0.529626
vt 0.632744 0.530011
vt 0.816059 0.512500
vt 0.816355 0.514933
vt 0.817215 0.517128
vt 0.636487 0.530011
vt 0.638176 0.531130
vt 0.818555 0.518870
vt 0.820244 0.519989
vt 0.639515 0.532872
vt 0.822115 0.520374
vt 0.640376 0.535067
vt 0.640672 0.537500
vt 0.640376 0.539933
vt 0.639516 0.542128
vt 0.638176 0.543870
vt 0.636487 0.544989
vt 0.629608 0.670646
vt 0.634615 0.545374
vt 0.629715 0.670372
vt 0.631055 0.668630
vt 0.632744 0.667511
vt 0.634615 0.667126
vt 0.823987 0.519989
vt 0.636487 0.667511
vt 0.825676 0.518870
vt 0.638176 0.668630
vt 0.639516 0.670372
vt 0.640376 0.672567
vt 0.640672 0.675000
vt 0.640376 0.677433
vt 0.639516 0.679628
vt 0.638176 0.681370
vt 0.629292 0.678548
vt 0.629715 0.679628
vt 0.811547 0.735067
vt 0.812408 0.732872
vt 0.631055 0.681370
vt 0.632744 0.682489
vt 0.813748 0.731130
vt 0.815436 0.730011
vt 0.634615 0.682874
vt 0.636487 0.682489
vt 0.817308 0.729626
vt 0.819179 0.730011
vt 0.820868 0.731130
vt 0.827016 0.517128
vt 0.822208 0.732872
vt 0.827876 0.514933
vt 0.827965 0.510797
vt 0.631055 0.531130
vt 0.629715 0.532872
vt 0.628855 0.677433
vt 0.628559 0.675000
vt 0.628855 0.535067
vt 0.628558 0.537500
vt 0.632744 0.544989
vt 0.631055 0.543870
vt 0.816355 0.510067
vt 0.827876 0.510067
vt 0.827015 0.507872
vt 0.817215 0.507872
vt 0.818555 0.506130
vt 0.825675 0.506130
vt 0.823987 0.505011
vt 0.820244 0.505011
vt -0.000000 0.650000
vt 0.375000 0.998459
vt 0.375000 0.015407
vt 0.873459 0.750000
vt 0.873459 0.500000
vt 0.375000 0.998074
vt 0.375000 0.015407
vt 0.873074 0.750000
vt 0.873074 0.500000
vt 0.375000 0.998072
vt 0.873072 0.750000
vt 0.873072 0.500000
vt 0.375000 0.997425
vt 0.872425 0.750000
vt 0.872425 0.500000
vt 0.875000 0.750000
vt 0.375000 0.993478
vt 0.375000 0.008696
vt 0.868478 0.750000
vt 0.868478 0.500000
vt 0.375000 0.992546
vt 0.375000 0.011595
vt 0.867546 0.750000
vt 0.613405 0.005853
vt 0.867546 0.500000
vt 0.375000 0.998509
vt 0.375000 0.006957
vt 0.873509 0.750000
vt 0.873509 0.500000
vt 0.750000 1.000000
vt 0.341844 0.471731
vt 0.250000 0.490000
vt 0.158156 0.471731
vt 0.080294 0.419706
vt 0.028269 0.341844
vt 0.010000 0.250000
vt 0.028269 0.158156
vt 0.158156 0.028269
vt 0.250000 0.010000
vt 0.341844 0.028269
vt 0.471731 0.158156
vt 0.490000 0.250000
vt 0.471731 0.341844
vt 0.000000 1.000000
vt 0.750000 0.490000
vt 0.841844 0.471731
vt 0.919706 0.419706
vt 0.971731 0.341844
vt 0.990000 0.250000
vt 0.971731 0.158156
vt 0.919706 0.080294
vt 0.750000 0.010000
vt 0.658156 0.028269
vt 0.580294 0.080294
vt 0.510000 0.250000
vt 0.528269 0.341844
vt 0.580294 0.419706
s 0
usemtl UnoBlue
f 4/1/1 5/2/1 1/3/1
f 4/1/2 9/4/2 6/5/2
f 7/6/3 8/7/3 2/8/3
f 7/9/4 12/10/4 9/11/4
f 10/12/5 11/13/5 3/14/5
f 5/2/6 12/15/6 10/16/6
f 6/5/7 9/4/7 12/15/7
f 16/17/8 17/18/8 13/19/8
f 16/17/9 21/20/9 18/21/9
f 19/22/10 20/23/10 14/24/10
f 23/25/11 21/26/11 19/27/11
f 22/28/12 23/25/12 15/29/12
f 17/30/13 24/31/13 22/28/13
f 18/21/14 21/20/14 24/32/14
f 28/33/15 29/34/15 25/35/15
f 28/33/16 33/36/16 30/37/16
f 31/38/17 32/39/17 26/40/17
f 35/41/18 33/42/18 31/38/18
f 34/43/19 35/41/19 27/44/19
f 34/45/20 30/37/20 36/46/20
f 30/37/21 33/36/21 36/46/21
f 40/47/22 41/48/22 37/49/22
f 40/50/23 45/51/23 42/52/23
f 43/53/24 44/54/24 38/55/24
f 43/53/25 48/56/25 45/51/25
f 46/57/26 47/58/26 39/59/26
f 41/60/27 48/56/27 46/57/27
f 42/52/28 45/51/28 48/56/28
f 52/61/29 53/62/29 49/63/29
f 52/61/30 57/64/30 54/65/30
f 55/66/31 56/67/31 50/68/31
f 59/69/32 57/64/32 55/66/32
f 58/70/33 59/69/33 51/71/33
f 58/70/34 54/65/34 60/72/34
f 54/65/35 57/64/35 60/72/35
f 64/73/36 65/74/36 61/75/36
f 64/73/37 69/76/37 66/77/37
f 67/78/38 68/79/38 62/80/38
f 67/78/39 72/81/39 69/76/39
f 70/82/40 71/83/40 63/84/40
f 65/74/41 72/81/41 70/82/41
f 66/77/42 69/76/42 72/81/42
f 76/85/43 77/86/43 73/87/43
f 76/85/44 81/88/44 78/89/44
f 79/90/45 80/91/45 74/92/45
f 79/90/46 84/93/46 81/88/46
f 82/94/47 83/95/47 75/96/47
f 77/86/48 84/93/48 82/94/48
f 78/89/49 81/88/49 84/93/49
f 88/97/50 89/98/50 85/99/50
f 88/97/51 93/100/51 90/101/51
f 91/102/52 92/103/52 86/104/52
f 95/105/53 93/100/53 91/102/53
f 94/106/54 95/105/54 87/107/54
f 94/106/55 90/101/55 96/108/55
f 90/101/56 93/100/56 96/108/56
f 1/3/57 28/33/57 25/35/57
f 5/2/58 32/109/58 28/33/58
f 10/12/59 26/40/59 32/39/59
f 13/19/60 7/6/60 2/8/60
f 17/30/61 11/13/61 7/9/61
f 22/28/62 3/14/62 11/13/62
f 37/49/63 19/22/63 14/24/63
f 41/60/64 23/25/64 19/27/64
f 46/57/65 15/29/65 23/25/65
f 27/44/66 43/53/66 38/55/66
f 35/41/67 47/58/67 43/53/67
f 31/38/68 39/59/68 47/58/68
f 25/35/69 76/85/69 73/87/69
f 29/34/70 80/91/70 76/85/70
f 80/91/71 27/44/71 74/92/71
f 85/99/72 40/47/72 37/49/72
f 89/98/73 44/54/73 40/50/73
f 44/54/74 87/107/74 38/55/74
f 75/96/75 91/102/75 86/104/75
f 83/95/76 95/105/76 91/102/76
f 79/90/77 87/107/77 95/105/77
f 73/87/78 52/61/78 49/63/78
f 77/86/79 56/67/79 52/61/79
f 82/94/80 50/68/80 56/67/80
f 61/75/81 88/97/81 85/99/81
f 65/74/82 92/103/82 88/97/82
f 70/82/83 86/104/83 92/103/83
f 51/71/84 67/78/84 62/80/84
f 59/69/85 71/83/85 67/78/85
f 55/66/86 63/84/86 71/83/86
f 49/63/87 4/1/87 1/3/87
f 53/62/88 8/110/88 4/1/88
f 8/7/89 51/71/89 2/8/89
f 14/24/90 64/73/90 61/75/90
f 20/111/91 68/79/91 64/73/91
f 68/79/92 13/19/92 62/80/92
f 1/3/93 104/112/93 105/113/93
f 222/114/93 194/115/93 195/116/93
f 154/117/93 187/118/93 184/119/93
f 25/35/93 73/87/93 156/120/93
f 15/29/94 26/40/94 3/14/94
f 62/80/95 2/8/95 51/71/95
f 14/24/96 61/75/96 126/121/96
f 159/122/96 37/49/96 120/123/96
f 215/124/96 214/125/96 261/126/96
f 85/99/96 37/49/96 177/127/96
f 38/55/97 74/92/97 27/44/97
f 86/104/98 50/68/98 75/96/98
f 116/128/99 130/129/99 136/130/99
f 108/131/100 128/132/100 130/129/100
f 106/133/61 135/134/61 128/132/61
f 112/135/101 135/134/101 113/136/101
f 110/137/102 132/138/102 112/135/102
f 111/139/103 131/140/103 110/137/103
f 109/141/104 134/142/104 111/139/104
f 115/143/67 133/144/67 109/141/67
f 107/145/105 127/146/105 115/143/105
f 114/147/106 129/148/106 107/145/106
f 101/149/107 126/150/107 114/147/107
f 103/151/108 124/152/108 101/149/108
f 98/153/76 122/154/76 103/151/76
f 98/153/109 117/155/109 119/156/109
f 99/157/110 118/158/110 117/155/110
f 97/159/111 120/160/111 118/158/111
f 100/161/112 121/162/112 120/160/112
f 105/163/85 125/164/85 121/162/85
f 104/165/113 123/166/113 125/164/113
f 102/167/114 136/168/114 123/166/114
f 156/128/99 171/129/99 177/130/99
f 150/131/100 169/132/100 171/129/100
f 148/133/61 176/134/61 169/132/61
f 152/135/101 176/134/101 155/136/101
f 151/137/102 173/138/102 152/135/102
f 154/139/103 172/140/103 151/137/103
f 153/141/104 175/142/104 154/139/104
f 147/143/67 174/144/67 153/141/67
f 149/145/105 168/146/105 147/143/105
f 157/147/106 170/148/106 149/145/106
f 144/149/107 178/150/107 157/147/107
f 145/151/108 166/152/108 144/149/108
f 140/153/76 164/154/76 145/151/76
f 140/153/109 158/155/109 161/156/109
f 137/157/110 159/158/110 158/155/110
f 160/169/115 139/170/115 162/160/115
f 141/161/112 163/162/112 162/160/112
f 142/163/85 167/164/85 163/162/85
f 143/165/113 165/166/113 167/164/113
f 146/167/114 177/168/114 165/166/114
f 197/128/99 211/129/99 217/130/99
f 191/131/100 209/132/100 211/129/100
f 189/133/61 216/134/61 209/132/61
f 193/135/101 216/134/101 196/136/101
f 192/137/102 213/138/102 193/135/102
f 195/139/103 212/140/103 192/137/103
f 194/141/104 215/142/104 195/139/104
f 188/143/67 214/144/67 194/141/67
f 190/145/105 208/146/105 188/143/105
f 198/147/106 210/148/106 190/145/106
f 185/149/107 218/150/107 198/147/107
f 186/151/108 206/152/108 185/149/108
f 181/153/76 204/154/76 186/151/76
f 181/153/109 199/155/109 201/156/109
f 179/157/110 200/158/110 199/155/110
f 180/159/111 202/160/111 200/158/111
f 182/161/112 203/162/112 202/160/112
f 183/163/85 207/164/85 203/162/85
f 184/165/113 205/166/113 207/164/113
f 187/167/114 217/168/114 205/166/114
f 234/128/99 258/129/99 254/130/99
f 238/131/100 256/132/100 258/129/100
f 226/133/61 244/134/61 256/132/61
f 219/171/101 261/138/101 243/172/101
f 223/137/102 261/138/102 222/135/102
f 221/139/103 262/140/103 223/137/103
f 220/173/104 242/144/104 241/174/104
f 235/143/67 242/144/67 224/141/67
f 236/145/105 255/146/105 235/143/105
f 237/147/106 257/148/106 236/145/106
f 233/149/107 253/150/107 237/147/107
f 239/151/108 259/152/108 233/149/108
f 239/151/76 250/156/76 248/154/76
f 230/153/109 246/155/109 250/156/109
f 228/157/110 245/158/110 246/155/110
f 227/159/111 247/160/111 245/158/111
f 229/161/112 251/162/112 247/160/112
f 232/163/85 249/164/85 251/162/85
f 231/165/113 252/166/113 249/164/113
f 240/167/114 254/168/114 252/166/114
f 4/1/189 6/5/189 5/2/189
f 4/1/2 8/110/2 9/4/2
f 7/6/190 9/948/190 8/7/190
f 7/9/4 11/13/4 12/10/4
f 10/12/191 12/10/191 11/13/191
f 5/2/6 6/5/6 12/15/6
f 16/17/192 18/21/192 17/18/192
f 16/17/193 20/111/193 21/20/193
f 19/22/194 21/949/194 20/23/194
f 23/25/11 24/31/11 21/26/11
f 22/28/195 24/31/195 23/25/195
f 17/30/13 18/950/13 24/31/13
f 28/33/196 30/37/196 29/34/196
f 28/33/16 32/109/16 33/36/16
f 31/38/197 33/42/197 32/39/197
f 35/41/18 36/951/18 33/42/18
f 34/43/198 36/951/198 35/41/198
f 34/45/120 29/34/120 30/37/120
f 40/47/199 42/952/199 41/48/199
f 40/50/23 44/54/23 45/51/23
f 43/53/200 45/51/200 44/54/200
f 43/53/25 47/58/25 48/56/25
f 46/57/201 48/56/201 47/58/201
f 41/60/27 42/52/27 48/56/27
f 52/61/202 54/65/202 53/62/202
f 52/61/30 56/67/30 57/64/30
f 55/66/203 57/64/203 56/67/203
f 59/69/32 60/72/32 57/64/32
f 58/70/204 60/72/204 59/69/204
f 58/70/205 53/62/205 54/65/205
f 64/73/206 66/77/206 65/74/206
f 64/73/37 68/79/37 69/76/37
f 67/78/207 69/76/207 68/79/207
f 67/78/39 71/83/39 72/81/39
f 70/82/208 72/81/208 71/83/208
f 65/74/41 66/77/41 72/81/41
f 76/85/209 78/89/209 77/86/209
f 76/85/44 80/91/44 81/88/44
f 79/90/210 81/88/210 80/91/210
f 79/90/46 83/95/46 84/93/46
f 82/94/211 84/93/211 83/95/211
f 77/86/48 78/89/48 84/93/48
f 88/97/212 90/101/212 89/98/212
f 88/97/51 92/103/51 93/100/51
f 91/102/213 93/100/213 92/103/213
f 95/105/53 96/108/53 93/100/53
f 94/106/214 96/108/214 95/105/214
f 94/106/215 89/98/215 90/101/215
f 1/3/57 5/2/57 28/33/57
f 5/2/58 10/16/58 32/109/58
f 10/12/59 3/14/59 26/40/59
f 13/19/128 17/18/128 7/6/128
f 17/30/61 22/28/61 11/13/61
f 22/28/62 15/29/62 3/14/62
f 37/49/63 41/48/63 19/22/63
f 41/60/64 46/57/64 23/25/64
f 46/57/65 39/59/65 15/29/65
f 27/44/130 35/41/130 43/53/130
f 35/41/67 31/38/67 47/58/67
f 31/38/68 26/40/68 39/59/68
f 25/35/216 29/34/216 76/85/216
f 29/34/70 34/45/70 80/91/70
f 80/91/141 34/43/141 27/44/141
f 85/99/217 89/98/217 40/47/217
f 89/98/73 94/106/73 44/54/73
f 44/54/142 94/106/142 87/107/142
f 75/96/75 83/95/75 91/102/75
f 83/95/76 79/90/76 95/105/76
f 79/90/132 74/92/132 87/107/132
f 73/87/78 77/86/78 52/61/78
f 77/86/79 82/94/79 56/67/79
f 82/94/80 75/96/80 50/68/80
f 61/75/81 65/74/81 88/97/81
f 65/74/82 70/82/82 92/103/82
f 70/82/83 63/84/83 86/104/83
f 51/71/135 59/69/135 67/78/135
f 59/69/85 55/66/85 71/83/85
f 55/66/86 50/68/86 63/84/86
f 49/63/155 53/62/155 4/1/155
f 53/62/88 58/70/88 8/110/88
f 8/7/156 58/70/156 51/71/156
f 14/24/218 20/23/218 64/73/218
f 20/111/91 16/17/91 68/79/91
f 68/79/172 16/17/172 13/19/172
f 100/953/93 97/954/93 1/3/93
f 1/3/93 25/35/93 102/955/93
f 1/3/93 102/955/93 104/112/93
f 105/113/93 100/953/93 1/3/93
f 189/956/93 191/957/93 73/87/93
f 49/63/93 220/958/93 221/959/93
f 49/63/93 221/959/93 223/960/93
f 196/961/93 189/956/93 73/87/93
f 193/962/93 196/961/93 73/87/93
f 73/87/93 49/63/93 223/960/93
f 222/114/93 219/963/93 198/964/93
f 73/87/93 223/960/93 222/114/93
f 192/965/93 193/962/93 73/87/93
f 192/965/93 73/87/93 222/114/93
f 222/114/93 198/964/93 190/966/93
f 222/114/93 190/966/93 188/967/93
f 195/116/93 192/965/93 222/114/93
f 222/114/93 188/967/93 194/115/93
f 1/3/93 97/954/93 99/968/93
f 1/3/93 99/968/93 98/969/93
f 224/970/93 220/958/93 49/63/93
f 235/971/93 224/970/93 49/63/93
f 1/3/93 98/969/93 103/972/93
f 1/3/93 103/972/93 101/973/93
f 236/974/93 235/971/93 49/63/93
f 237/975/93 236/974/93 49/63/93
f 1/3/93 101/973/93 114/976/93
f 49/63/93 1/3/93 114/976/93
f 233/977/93 237/975/93 49/63/93
f 239/978/93 233/977/93 49/63/93
f 49/63/93 114/976/93 107/979/93
f 49/63/93 107/979/93 115/980/93
f 230/981/93 239/978/93 49/63/93
f 228/982/93 230/981/93 49/63/93
f 49/63/93 115/980/93 109/983/93
f 49/63/93 109/983/93 111/984/93
f 228/982/93 49/63/93 111/984/93
f 228/982/93 111/984/93 110/985/93
f 227/986/93 228/982/93 110/985/93
f 227/986/93 110/985/93 112/987/93
f 229/988/93 227/986/93 112/987/93
f 229/988/93 112/987/93 113/989/93
f 232/990/93 229/988/93 113/989/93
f 232/990/93 113/989/93 106/991/93
f 231/992/93 232/990/93 106/991/93
f 231/992/93 106/991/93 108/993/93
f 240/994/93 231/992/93 108/993/93
f 116/995/93 102/955/93 25/35/93
f 240/994/93 108/993/93 116/995/93
f 240/994/93 116/995/93 25/35/93
f 25/35/93 139/996/93 138/997/93
f 25/35/93 138/997/93 137/998/93
f 234/999/93 240/994/93 25/35/93
f 238/1000/93 234/999/93 25/35/93
f 25/35/93 137/998/93 140/1001/93
f 25/35/93 140/1001/93 145/1002/93
f 226/1003/93 238/1000/93 25/35/93
f 198/964/93 219/963/93 225/1004/93
f 226/1003/93 25/35/93 145/1002/93
f 198/964/93 225/1004/93 226/1003/93
f 185/1005/93 198/964/93 226/1003/93
f 226/1003/93 145/1002/93 144/1006/93
f 226/1003/93 144/1006/93 157/1007/93
f 186/1008/93 185/1005/93 226/1003/93
f 181/1009/93 186/1008/93 226/1003/93
f 226/1003/93 157/1007/93 149/1010/93
f 226/1003/93 149/1010/93 147/1011/93
f 179/1012/93 181/1009/93 226/1003/93
f 180/1013/93 179/1012/93 226/1003/93
f 226/1003/93 147/1011/93 153/1014/93
f 154/117/93 151/1015/93 73/87/93
f 226/1003/93 153/1014/93 154/117/93
f 180/1013/93 226/1003/93 154/117/93
f 73/87/93 191/957/93 197/1016/93
f 73/87/93 197/1016/93 187/118/93
f 182/1017/93 180/1013/93 154/117/93
f 183/1018/93 182/1017/93 154/117/93
f 154/117/93 73/87/93 187/118/93
f 184/119/93 183/1018/93 154/117/93
f 141/1019/93 139/996/93 25/35/93
f 73/87/93 151/1015/93 152/1020/93
f 73/87/93 152/1020/93 155/1021/93
f 142/1022/93 141/1019/93 25/35/93
f 143/1023/93 142/1022/93 25/35/93
f 73/87/93 155/1021/93 148/1024/93
f 73/87/93 148/1024/93 150/1025/93
f 146/1026/93 143/1023/93 25/35/93
f 73/87/93 150/1025/93 156/120/93
f 156/120/93 146/1026/93 25/35/93
f 15/29/94 39/59/94 26/40/94
f 62/80/95 13/19/95 2/8/95
f 117/1027/96 118/1028/96 14/24/96
f 61/75/96 131/1029/96 134/1030/96
f 61/75/96 134/1030/96 133/1031/96
f 119/1032/96 117/1027/96 14/24/96
f 122/1033/96 119/1032/96 14/24/96
f 61/75/96 133/1031/96 127/1034/96
f 61/75/96 127/1034/96 129/1035/96
f 124/1036/96 122/1033/96 14/24/96
f 61/75/96 129/1035/96 126/121/96
f 126/121/96 124/1036/96 14/24/96
f 217/1037/96 211/1038/96 85/99/96
f 85/99/96 172/1039/96 175/1040/96
f 85/99/96 175/1040/96 174/1041/96
f 205/1042/96 217/1037/96 85/99/96
f 207/1043/96 205/1042/96 85/99/96
f 85/99/96 174/1041/96 168/1044/96
f 85/99/96 168/1044/96 170/1045/96
f 203/1046/96 207/1043/96 85/99/96
f 203/1046/96 85/99/96 170/1045/96
f 203/1046/96 170/1045/96 178/1047/96
f 202/1048/96 203/1046/96 178/1047/96
f 200/1049/96 202/1048/96 178/1047/96
f 199/1050/96 200/1049/96 178/1047/96
f 201/1051/96 199/1050/96 178/1047/96
f 204/1052/96 201/1051/96 178/1047/96
f 206/1053/96 204/1052/96 178/1047/96
f 243/1054/96 218/1055/96 206/1053/96
f 244/1056/96 243/1054/96 206/1053/96
f 256/1057/96 244/1056/96 206/1053/96
f 258/1058/96 256/1057/96 206/1053/96
f 258/1058/96 206/1053/96 178/1047/96
f 254/1059/96 258/1058/96 178/1047/96
f 254/1059/96 178/1047/96 166/1060/96
f 252/1061/96 254/1059/96 166/1060/96
f 252/1061/96 166/1060/96 164/1062/96
f 249/1063/96 252/1061/96 164/1062/96
f 251/1064/96 249/1063/96 164/1062/96
f 247/1065/96 251/1064/96 164/1062/96
f 245/1066/96 247/1065/96 164/1062/96
f 246/1067/96 245/1066/96 164/1062/96
f 250/1068/96 246/1067/96 164/1062/96
f 248/1069/96 250/1068/96 164/1062/96
f 61/75/96 241/1070/96 242/1071/96
f 132/1072/96 131/1029/96 61/75/96
f 135/1073/96 132/1072/96 61/75/96
f 61/75/96 242/1071/96 255/1074/96
f 61/75/96 255/1074/96 257/1075/96
f 128/1076/96 135/1073/96 61/75/96
f 130/1077/96 128/1076/96 61/75/96
f 61/75/96 257/1075/96 253/1078/96
f 61/75/96 253/1078/96 259/1079/96
f 136/1080/96 130/1077/96 61/75/96
f 136/1080/96 61/75/96 259/1079/96
f 136/1080/96 259/1079/96 248/1069/96
f 123/1081/96 136/1080/96 248/1069/96
f 123/1081/96 248/1069/96 164/1062/96
f 125/1082/96 123/1081/96 164/1062/96
f 125/1082/96 164/1062/96 161/1083/96
f 121/1084/96 125/1082/96 161/1083/96
f 121/1084/96 161/1083/96 158/1085/96
f 14/24/96 118/1028/96 120/123/96
f 120/123/96 121/1084/96 158/1085/96
f 159/122/96 160/1086/96 37/49/96
f 120/123/96 158/1085/96 159/122/96
f 37/49/96 14/24/96 120/123/96
f 85/99/96 211/1038/96 209/1087/96
f 85/99/96 209/1087/96 216/1088/96
f 260/1089/96 241/1070/96 61/75/96
f 262/1090/96 260/1089/96 61/75/96
f 85/99/96 216/1088/96 213/1091/96
f 85/99/96 213/1091/96 212/1092/96
f 262/1090/96 61/75/96 85/99/96
f 218/1055/96 243/1054/96 261/126/96
f 261/126/96 262/1090/96 85/99/96
f 261/126/96 85/99/96 212/1092/96
f 210/1093/96 218/1055/96 261/126/96
f 208/1094/96 210/1093/96 261/126/96
f 261/126/96 212/1092/96 215/124/96
f 214/125/96 208/1094/96 261/126/96
f 173/1095/96 172/1039/96 85/99/96
f 37/49/96 160/1086/96 162/1096/96
f 37/49/96 162/1096/96 163/1097/96
f 176/1098/96 173/1095/96 85/99/96
f 169/1099/96 176/1098/96 85/99/96
f 37/49/96 163/1097/96 167/1100/96
f 37/49/96 167/1100/96 165/1101/96
f 171/1102/96 169/1099/96 85/99/96
f 37/49/96 165/1101/96 177/127/96
f 177/127/96 171/1102/96 85/99/96
f 38/55/97 87/107/97 74/92/97
f 86/104/98 63/84/98 50/68/98
f 116/128/99 108/131/99 130/129/99
f 108/131/100 106/133/100 128/132/100
f 106/133/61 113/136/61 135/134/61
f 112/135/101 132/138/101 135/134/101
f 110/137/102 131/140/102 132/138/102
f 111/139/103 134/142/103 131/140/103
f 109/141/104 133/144/104 134/142/104
f 115/143/67 127/146/67 133/144/67
f 107/145/105 129/148/105 127/146/105
f 114/147/106 126/150/106 129/148/106
f 101/149/107 124/152/107 126/150/107
f 103/151/108 122/154/108 124/152/108
f 98/153/76 119/156/76 122/154/76
f 98/153/109 99/157/109 117/155/109
f 99/157/110 97/159/110 118/158/110
f 97/159/111 100/161/111 120/160/111
f 100/161/112 105/163/112 121/162/112
f 105/163/85 104/165/85 125/164/85
f 104/165/113 102/167/113 123/166/113
f 102/167/114 116/1103/114 136/168/114
f 156/128/99 150/131/99 171/129/99
f 150/131/100 148/133/100 169/132/100
f 148/133/61 155/136/61 176/134/61
f 152/135/101 173/138/101 176/134/101
f 151/137/102 172/140/102 173/138/102
f 154/139/103 175/142/103 172/140/103
f 153/141/104 174/144/104 175/142/104
f 147/143/67 168/146/67 174/144/67
f 149/145/105 170/148/105 168/146/105
f 157/147/106 178/150/106 170/148/106
f 144/149/107 166/152/107 178/150/107
f 145/151/108 164/154/108 166/152/108
f 140/153/76 161/156/76 164/154/76
f 140/153/109 137/157/109 158/155/109
f 137/157/110 138/159/110 159/158/110
f 160/169/111 159/158/111 138/159/111
f 139/170/111 141/161/111 162/160/111
f 160/169/115 138/159/115 139/170/115
f 141/161/112 142/163/112 163/162/112
f 142/163/85 143/165/85 167/164/85
f 143/165/113 146/167/113 165/166/113
f 146/167/114 156/1103/114 177/168/114
f 197/128/99 191/131/99 211/129/99
f 191/131/100 189/133/100 209/132/100
f 189/133/61 196/136/61 216/134/61
f 193/135/101 213/138/101 216/134/101
f 192/137/102 212/140/102 213/138/102
f 195/139/103 215/142/103 212/140/103
f 194/141/104 214/144/104 215/142/104
f 188/143/67 208/146/67 214/144/67
f 190/145/105 210/148/105 208/146/105
f 198/147/106 218/150/106 210/148/106
f 185/149/107 206/152/107 218/150/107
f 186/151/108 204/154/108 206/152/108
f 181/153/76 201/156/76 204/154/76
f 181/153/109 179/157/109 199/155/109
f 179/157/110 180/159/110 200/158/110
f 180/159/111 182/161/111 202/160/111
f 182/161/112 183/163/112 203/162/112
f 183/163/85 184/165/85 207/164/85
f 184/165/113 187/167/113 205/166/113
f 187/167/114 197/1103/114 217/168/114
f 234/128/99 238/131/99 258/129/99
f 238/131/100 226/133/100 256/132/100
f 226/133/61 225/136/61 244/134/61
f 244/134/101 225/136/101 219/171/101
f 219/171/101 222/135/101 261/138/101
f 243/172/101 244/134/101 219/171/101
f 223/137/102 262/140/102 261/138/102
f 221/139/103 260/142/103 262/140/103
f 260/142/104 221/139/104 220/173/104
f 220/173/104 224/141/104 242/144/104
f 241/174/104 260/142/104 220/173/104
f 235/143/67 255/146/67 242/144/67
f 236/145/105 257/148/105 255/146/105
f 237/147/106 253/150/106 257/148/106
f 233/149/107 259/152/107 253/150/107
f 239/151/108 248/154/108 259/152/108
f 239/151/76 230/153/76 250/156/76
f 230/153/109 228/157/109 246/155/109
f 228/157/110 227/159/110 245/158/110
f 227/159/111 229/161/111 247/160/111
f 229/161/112 232/163/112 251/162/112
f 232/163/85 231/165/85 249/164/85
f 231/165/113 240/167/113 252/166/113
f 240/167/114 234/1103/114 254/168/114
usemtl Black
f 266/175/1 267/176/1 263/177/1
f 266/175/2 271/178/2 268/179/2
f 269/180/116 270/181/116 264/182/116
f 273/183/4 271/11/4 269/184/4
f 272/185/5 273/183/5 265/186/5
f 267/176/6 274/187/6 272/188/6
f 268/179/7 271/178/7 274/187/7
f 278/189/117 279/190/117 275/191/117
f 282/192/9 280/193/9 278/189/9
f 281/194/10 282/195/10 276/196/10
f 281/197/11 286/198/11 283/26/11
f 284/199/118 285/200/118 277/201/118
f 284/199/13 280/202/13 286/198/13
f 280/193/119 283/203/119 286/204/119
f 290/205/15 291/206/15 287/207/15
f 294/208/16 292/209/16 290/205/16
f 293/210/17 294/211/17 288/212/17
f 293/210/18 298/213/18 295/214/18
f 296/215/19 297/216/19 289/217/19
f 296/218/120 292/209/120 298/219/120
f 292/209/21 295/220/21 298/219/21
f 302/221/22 303/222/22 299/223/22
f 306/224/121 304/225/121 302/226/121
f 305/227/24 306/224/24 300/228/24
f 309/229/25 307/230/25 305/227/25
f 308/231/26 309/229/26 301/232/26
f 308/231/122 304/225/122 310/233/122
f 304/225/123 307/230/123 310/233/123
f 314/234/29 315/235/29 311/236/29
f 318/237/30 316/238/30 314/234/30
f 317/239/31 318/237/31 312/240/31
f 317/239/32 322/241/32 319/242/32
f 320/243/33 321/244/33 313/245/33
f 315/235/34 322/241/34 320/243/34
f 316/238/35 319/242/35 322/241/35
f 326/246/36 327/247/36 323/248/36
f 326/246/37 331/249/37 328/250/37
f 329/251/38 330/252/38 324/253/38
f 333/254/39 331/249/39 329/251/39
f 332/255/40 333/254/40 325/256/40
f 327/247/41 334/257/41 332/255/41
f 328/250/124 331/249/124 334/257/124
f 338/258/43 339/259/43 335/260/43
f 342/261/44 340/262/44 338/258/44
f 341/263/45 342/261/45 336/264/45
f 341/263/46 346/265/46 343/266/46
f 344/267/47 345/268/47 337/269/47
f 339/259/48 346/265/48 344/267/48
f 340/262/125 343/266/125 346/265/125
f 350/270/50 351/271/50 347/272/50
f 354/273/51 352/274/51 350/270/51
f 353/275/52 354/273/52 348/276/52
f 357/277/53 355/278/53 353/275/53
f 356/279/54 357/277/54 349/280/54
f 351/271/55 358/281/55 356/279/55
f 352/274/126 355/278/126 358/281/126
f 287/207/57 267/176/57 290/205/57
f 267/176/58 294/208/58 290/205/58
f 294/211/127 265/186/127 288/212/127
f 275/191/128 269/180/128 264/182/128
f 279/282/61 273/183/61 269/184/61
f 284/199/129 265/186/129 273/183/129
f 299/223/63 281/194/63 276/196/63
f 303/283/64 285/200/64 281/197/64
f 308/231/65 277/201/65 285/200/65
f 289/217/130 305/227/130 300/228/130
f 297/216/67 309/229/67 305/227/67
f 293/210/68 301/232/68 309/229/68
f 287/207/69 338/258/69 335/260/69
f 291/206/70 342/261/70 338/258/70
f 296/215/71 336/264/71 342/261/71
f 347/272/72 302/221/72 299/223/72
f 351/271/73 306/224/73 302/226/73
f 356/279/74 300/228/74 306/224/74
f 337/269/131 353/275/131 348/276/131
f 353/275/76 341/263/76 357/277/76
f 341/263/132 349/280/132 357/277/132
f 335/260/78 314/234/78 311/236/78
f 339/259/79 318/237/79 314/234/79
f 344/267/133 312/240/133 318/237/133
f 323/248/81 350/270/81 347/272/81
f 327/247/82 354/273/82 350/270/82
f 332/255/134 348/276/134 354/273/134
f 313/245/135 329/251/135 324/253/135
f 321/244/85 333/254/85 329/251/85
f 317/239/86 325/256/86 333/254/86
f 311/236/87 266/175/87 263/177/87
f 315/235/88 270/284/88 266/175/88
f 320/243/89 264/182/89 270/181/89
f 276/196/90 326/246/90 323/248/90
f 282/192/91 330/252/91 326/246/91
f 278/189/92 324/253/92 330/252/92
f 335/260/93 263/177/93 287/207/93
f 277/201/94 288/212/94 265/186/94
f 324/253/95 264/182/95 313/245/95
f 299/223/96 323/248/96 347/272/96
f 300/228/97 336/264/97 289/217/97
f 348/276/98 312/240/98 337/269/98
f 362/285/1 363/286/1 359/287/1
f 362/285/2 367/288/2 364/289/2
f 365/180/3 366/290/3 360/291/3
f 369/183/4 367/11/4 365/292/4
f 368/293/5 369/183/5 361/294/5
f 363/286/6 370/187/6 368/295/6
f 364/289/136 367/288/136 370/187/136
f 374/296/8 375/190/8 371/297/8
f 374/296/9 379/298/9 376/299/9
f 377/300/10 378/301/10 372/302/10
f 377/303/11 382/304/11 379/26/11
f 380/305/118 381/306/118 373/307/118
f 375/282/13 382/304/13 380/305/13
f 376/299/137 379/298/137 382/308/137
f 386/309/15 387/310/15 383/311/15
f 386/309/16 391/220/16 388/312/16
f 389/313/17 390/314/17 384/315/17
f 389/313/18 394/316/18 391/214/18
f 392/317/19 393/318/19 385/319/19
f 387/310/20 394/320/20 392/321/20
f 388/312/138 391/220/138 394/320/138
f 398/322/22 399/323/22 395/324/22
f 398/325/23 403/326/23 400/327/23
f 401/328/24 402/329/24 396/330/24
f 401/328/25 406/331/25 403/326/25
f 404/332/26 405/229/26 397/333/26
f 404/332/27 400/327/27 406/331/27
f 400/327/139 403/326/139 406/331/139
f 410/334/29 411/335/29 407/336/29
f 414/337/30 412/338/30 410/334/30
f 413/339/31 414/337/31 408/340/31
f 417/341/32 415/342/32 413/339/32
f 416/343/33 417/341/33 409/344/33
f 416/343/34 412/338/34 418/345/34
f 412/338/35 415/342/35 418/345/35
f 422/346/36 423/347/36 419/348/36
f 422/346/37 427/349/37 424/350/37
f 425/351/38 426/352/38 420/353/38
f 425/351/39 430/354/39 427/349/39
f 428/355/40 429/356/40 421/357/40
f 423/347/41 430/354/41 428/355/41
f 424/350/124 427/349/124 430/354/124
f 434/358/43 435/359/43 431/360/43
f 438/361/44 436/362/44 434/358/44
f 437/363/45 438/361/45 432/364/45
f 437/363/46 442/365/46 439/366/46
f 440/367/47 441/368/47 433/269/47
f 435/359/48 442/365/48 440/367/48
f 436/362/49 439/366/49 442/365/49
f 446/369/50 447/370/50 443/371/50
f 446/369/51 451/372/51 448/373/51
f 449/374/52 450/375/52 444/376/52
f 453/377/53 451/372/53 449/374/53
f 452/378/54 453/377/54 445/379/54
f 447/370/55 454/380/55 452/378/55
f 448/373/140 451/372/140 454/380/140
f 359/287/57 386/309/57 383/311/57
f 363/286/58 390/381/58 386/309/58
f 368/293/59 384/315/59 390/314/59
f 371/297/128 365/180/128 360/291/128
f 375/282/61 369/183/61 365/292/61
f 380/305/62 361/294/62 369/183/62
f 395/324/63 377/300/63 372/302/63
f 399/382/64 381/306/64 377/303/64
f 404/332/65 373/307/65 381/306/65
f 385/319/130 401/328/130 396/330/130
f 393/318/67 405/229/67 401/328/67
f 389/313/68 397/333/68 405/229/68
f 383/311/69 434/358/69 431/360/69
f 387/310/70 438/361/70 434/358/70
f 392/317/141 432/364/141 438/361/141
f 443/371/72 398/322/72 395/324/72
f 447/370/73 402/329/73 398/325/73
f 452/378/142 396/330/142 402/329/142
f 433/269/75 449/374/75 444/376/75
f 441/368/76 453/377/76 449/374/76
f 437/363/77 445/379/77 453/377/77
f 431/360/78 410/334/78 407/336/78
f 435/359/79 414/337/79 410/334/79
f 440/367/133 408/340/133 414/337/133
f 419/348/81 446/369/81 443/371/81
f 423/347/82 450/375/82 446/369/82
f 428/355/134 444/376/134 450/375/134
f 409/344/135 425/351/135 420/353/135
f 417/341/85 429/356/85 425/351/85
f 413/339/143 421/357/143 429/356/143
f 407/336/87 362/285/87 359/287/87
f 411/335/88 366/383/88 362/285/88
f 416/343/89 360/291/89 366/290/89
f 372/302/90 422/346/90 419/348/90
f 378/384/91 426/352/91 422/346/91
f 374/296/92 420/353/92 426/352/92
f 431/360/93 359/287/93 383/311/93
f 373/307/94 384/315/94 361/294/94
f 420/353/95 360/291/95 409/344/95
f 395/324/96 419/348/96 443/371/96
f 396/330/97 432/364/97 385/319/97
f 444/376/98 408/340/98 433/269/98
f 458/385/1 459/386/1 455/387/1
f 458/385/2 463/388/2 460/389/2
f 461/180/3 462/390/3 456/391/3
f 465/392/4 463/11/4 461/292/4
f 464/393/5 465/392/5 457/394/5
f 464/395/6 460/389/6 466/396/6
f 460/389/136 463/388/136 466/396/136
f 470/397/8 471/190/8 467/398/8
f 474/399/9 472/400/9 470/397/9
f 473/194/10 474/401/10 468/402/10
f 473/303/11 478/403/11 475/26/11
f 476/305/118 477/404/118 469/405/118
f 471/406/13 478/403/13 476/305/13
f 472/400/144 475/407/144 478/408/144
f 482/409/15 483/410/15 479/411/15
f 482/409/16 487/220/16 484/412/16
f 485/413/145 486/414/145 480/415/145
f 485/413/18 490/416/18 487/214/18
f 488/417/146 489/418/146 481/419/146
f 483/410/20 490/420/20 488/421/20
f 484/412/21 487/220/21 490/420/21
f 494/422/22 495/423/22 491/424/22
f 494/425/23 499/426/23 496/427/23
f 497/428/24 498/429/24 492/430/24
f 501/431/25 499/426/25 497/428/25
f 500/432/26 501/431/26 493/433/26
f 495/434/27 502/435/27 500/432/27
f 496/427/147 499/426/147 502/435/147
f 506/436/29 507/437/29 503/438/29
f 510/439/30 508/440/30 506/436/30
f 509/441/31 510/439/31 504/340/31
f 509/441/32 514/442/32 511/443/32
f 512/444/33 513/445/33 505/446/33
f 507/437/34 514/442/34 512/444/34
f 508/440/148 511/443/148 514/442/148
f 518/447/36 519/448/36 515/449/36
f 522/450/37 520/451/37 518/447/37
f 521/452/38 522/450/38 516/453/38
f 525/356/39 523/454/39 521/452/39
f 524/455/40 525/356/40 517/456/40
f 519/448/41 526/457/41 524/455/41
f 520/451/149 523/454/149 526/457/149
f 530/458/43 531/459/43 527/460/43
f 530/458/44 535/461/44 532/462/44
f 533/463/45 534/464/45 528/465/45
f 533/463/46 538/466/46 535/461/46
f 536/467/47 537/468/47 529/469/47
f 531/459/48 538/466/48 536/467/48
f 532/462/150 535/461/150 538/466/150
f 542/470/50 543/471/50 539/472/50
f 542/470/51 547/473/51 544/474/51
f 545/475/52 546/476/52 540/477/52
f 545/475/53 550/478/53 547/473/53
f 548/479/151 549/480/151 541/481/151
f 543/471/55 550/478/55 548/479/55
f 544/474/126 547/473/126 550/478/126
f 455/387/57 482/409/57 479/411/57
f 459/386/58 486/208/58 482/409/58
f 464/393/59 480/415/59 486/414/59
f 467/398/128 461/180/128 456/391/128
f 471/406/61 465/392/61 461/292/61
f 476/305/62 457/394/62 465/392/62
f 491/424/63 473/194/63 468/402/63
f 495/434/64 477/404/64 473/303/64
f 500/432/65 469/405/65 477/404/65
f 481/419/130 497/428/130 492/430/130
f 489/418/67 501/431/67 497/428/67
f 485/413/68 493/433/68 501/431/68
f 527/460/69 483/410/69 530/458/69
f 483/410/70 534/464/70 530/458/70
f 488/417/71 528/465/71 534/464/71
f 491/424/72 543/471/72 494/422/72
f 543/471/73 498/429/73 494/425/73
f 548/479/74 492/430/74 498/429/74
f 529/469/75 545/475/75 540/477/75
f 537/468/76 549/480/76 545/475/76
f 533/463/77 541/481/77 549/480/77
f 527/460/78 506/436/78 503/438/78
f 531/459/79 510/439/79 506/436/79
f 536/467/80 504/340/80 510/439/80
f 515/449/81 542/470/81 539/472/81
f 519/448/82 546/476/82 542/470/82
f 524/455/83 540/477/83 546/476/83
f 505/446/135 521/452/135 516/453/135
f 513/445/85 525/356/85 521/452/85
f 509/441/86 517/456/86 525/356/86
f 455/387/87 507/437/87 458/385/87
f 507/437/88 462/482/88 458/385/88
f 512/444/89 456/391/89 462/390/89
f 468/402/90 518/447/90 515/449/90
f 474/399/91 522/450/91 518/447/91
f 470/397/92 516/453/92 522/450/92
f 527/460/93 455/387/93 479/411/93
f 469/405/94 480/415/94 457/394/94
f 516/453/95 456/391/95 505/446/95
f 491/424/96 515/449/96 539/472/96
f 492/430/97 528/465/97 481/419/97
f 540/477/98 504/340/98 529/469/98
f 554/483/1 555/484/1 551/485/1
f 554/483/2 559/486/2 556/487/2
f 557/488/3 558/489/3 552/490/3
f 561/491/4 559/11/4 557/184/4
f 560/492/5 561/491/5 553/493/5
f 560/295/6 556/487/6 562/494/6
f 556/487/7 559/486/7 562/494/7
f 566/495/8 567/496/8 563/497/8
f 570/498/9 568/499/9 566/495/9
f 569/500/10 570/501/10 564/502/10
f 569/197/11 574/503/11 571/26/11
f 572/504/118 573/306/118 565/505/118
f 572/504/13 568/202/13 574/503/13
f 568/499/119 571/506/119 574/507/119
f 578/508/15 579/509/15 575/510/15
f 578/508/16 583/511/16 580/512/16
f 581/513/17 582/314/17 576/415/17
f 581/513/18 586/514/18 583/515/18
f 584/516/19 585/517/19 577/518/19
f 579/509/20 586/519/20 584/520/20
f 580/512/21 583/511/21 586/519/21
f 590/521/22 591/323/22 587/522/22
f 590/523/23 595/524/23 592/525/23
f 593/526/152 594/527/152 588/528/152
f 597/529/25 595/524/25 593/526/25
f 596/530/26 597/529/26 589/433/26
f 591/531/27 598/532/27 596/530/27
f 592/525/123 595/524/123 598/532/123
f 602/533/29 603/534/29 599/535/29
f 602/533/30 607/536/30 604/537/30
f 605/239/153 606/439/153 600/340/153
f 609/538/32 607/536/32 605/239/32
f 608/539/33 609/538/33 601/540/33
f 603/534/34 610/541/34 608/539/34
f 604/537/35 607/536/35 610/541/35
f 614/542/36 615/543/36 611/544/36
f 614/542/37 619/545/37 616/546/37
f 617/547/38 618/548/38 612/549/38
f 621/550/39 619/545/39 617/547/39
f 620/551/40 621/550/40 613/256/40
f 620/551/41 616/546/41 622/552/41
f 616/546/124 619/545/124 622/552/124
f 626/553/43 627/554/43 623/555/43
f 630/556/44 628/557/44 626/553/44
f 629/558/45 630/556/45 624/559/45
f 633/560/46 631/561/46 629/558/46
f 632/562/47 633/560/47 625/563/47
f 632/562/48 628/557/48 634/564/48
f 628/557/49 631/561/49 634/564/49
f 638/565/50 639/566/50 635/567/50
f 638/565/51 643/568/51 640/569/51
f 641/570/154 642/476/154 636/477/154
f 641/570/53 646/571/53 643/568/53
f 644/572/54 645/573/54 637/574/54
f 639/566/55 646/571/55 644/572/55
f 640/569/140 643/568/140 646/571/140
f 551/485/57 578/508/57 575/510/57
f 555/484/58 582/208/58 578/508/58
f 560/492/59 576/415/59 582/314/59
f 563/497/128 557/488/128 552/490/128
f 567/406/61 561/491/61 557/184/61
f 572/504/62 553/493/62 561/491/62
f 587/522/63 569/500/63 564/502/63
f 591/531/64 573/306/64 569/197/64
f 596/530/65 565/505/65 573/306/65
f 577/518/130 593/526/130 588/528/130
f 593/526/67 581/513/67 597/529/67
f 581/513/68 589/433/68 597/529/68
f 575/510/69 626/553/69 623/555/69
f 579/509/70 630/556/70 626/553/70
f 584/516/71 624/559/71 630/556/71
f 635/567/72 590/521/72 587/522/72
f 639/566/73 594/527/73 590/523/73
f 594/527/142 637/574/142 588/528/142
f 625/563/131 641/570/131 636/477/131
f 633/560/76 645/573/76 641/570/76
f 629/558/77 637/574/77 645/573/77
f 623/555/78 602/533/78 599/535/78
f 627/554/79 606/439/79 602/533/79
f 632/562/80 600/340/80 606/439/80
f 611/544/81 638/565/81 635/567/81
f 615/543/82 642/476/82 638/565/82
f 620/551/83 636/477/83 642/476/83
f 601/540/84 617/547/84 612/549/84
f 609/538/85 621/550/85 617/547/85
f 621/550/86 600/340/86 613/256/86
f 599/535/155 554/483/155 551/485/155
f 603/534/88 558/575/88 554/483/88
f 558/489/156 601/540/156 552/490/156
f 564/502/90 614/542/90 611/544/90
f 570/498/91 618/548/91 614/542/91
f 566/495/92 612/549/92 618/548/92
f 623/555/93 551/485/93 575/510/93
f 565/505/94 576/415/94 553/493/94
f 612/549/95 552/490/95 601/540/95
f 587/522/96 611/544/96 635/567/96
f 588/528/97 624/559/97 577/518/97
f 636/477/98 600/340/98 625/563/98
f 858/696/1 859/697/1 855/698/1
f 862/699/2 860/700/2 858/696/2
f 861/701/3 862/702/3 856/703/3
f 865/704/4 863/11/4 861/705/4
f 864/706/5 865/704/5 857/707/5
f 864/708/6 860/700/6 866/709/6
f 860/700/162 863/710/162 866/709/162
f 870/711/8 871/712/8 867/713/8
f 874/714/9 872/715/9 870/711/9
f 873/716/10 874/717/10 868/718/10
f 877/719/11 875/26/11 873/720/11
f 876/721/118 877/719/118 869/722/118
f 871/723/13 878/724/13 876/721/13
f 872/715/163 875/725/163 878/726/163
f 882/727/15 883/728/15 879/729/15
f 886/730/16 884/731/16 882/727/16
f 885/732/17 886/733/17 880/734/17
f 885/732/18 890/735/18 887/736/18
f 888/737/19 889/738/19 881/739/19
f 888/740/20 884/731/20 890/741/20
f 884/731/164 887/742/164 890/741/164
f 894/743/22 895/744/22 891/745/22
f 894/746/23 899/747/23 896/748/23
f 897/749/24 898/750/24 892/751/24
f 901/752/25 899/747/25 897/749/25
f 900/753/26 901/752/26 893/754/26
f 895/755/27 902/756/27 900/753/27
f 896/748/165 899/747/165 902/756/165
f 906/757/29 907/758/29 903/759/29
f 910/760/30 908/761/30 906/757/30
f 909/762/31 910/760/31 904/763/31
f 909/762/32 914/764/32 911/765/32
f 912/766/33 913/767/33 905/768/33
f 907/758/34 914/764/34 912/766/34
f 908/761/148 911/765/148 914/764/148
f 918/769/36 919/770/36 915/771/36
f 918/769/37 923/772/37 920/773/37
f 921/774/38 922/775/38 916/776/38
f 925/777/39 923/772/39 921/774/39
f 924/778/40 925/777/40 917/779/40
f 924/778/41 920/773/41 926/780/41
f 920/773/166 923/772/166 926/780/166
f 930/781/43 931/782/43 927/783/43
f 934/784/44 932/785/44 930/781/44
f 933/786/45 934/784/45 928/787/45
f 937/788/46 935/789/46 933/786/46
f 936/790/47 937/788/47 929/791/47
f 931/782/48 938/792/48 936/790/48
f 932/785/49 935/789/49 938/792/49
f 942/793/50 943/794/50 939/795/50
f 946/796/51 944/797/51 942/793/51
f 945/798/52 946/796/52 940/799/52
f 945/798/53 950/800/53 947/801/53
f 948/802/54 949/803/54 941/804/54
f 948/802/55 944/797/55 950/800/55
f 944/797/167 947/801/167 950/800/167
f 855/698/57 882/727/57 879/729/57
f 859/697/58 886/730/58 882/727/58
f 864/706/59 880/734/59 886/733/59
f 867/713/128 861/701/128 856/703/128
f 871/723/61 865/704/61 861/705/61
f 876/721/62 857/707/62 865/704/62
f 891/745/63 873/716/63 868/718/63
f 895/755/64 877/719/64 873/720/64
f 900/753/65 869/722/65 877/719/65
f 892/751/130 889/738/130 897/749/130
f 889/738/67 901/752/67 897/749/67
f 885/732/68 893/754/68 901/752/68
f 879/729/69 930/781/69 927/783/69
f 930/781/70 888/740/70 934/784/70
f 888/737/71 928/787/71 934/784/71
f 939/795/72 894/743/72 891/745/72
f 943/794/73 898/750/73 894/746/73
f 948/802/74 892/751/74 898/750/74
f 940/799/75 937/788/75 945/798/75
f 937/788/76 949/803/76 945/798/76
f 933/786/77 941/804/77 949/803/77
f 927/783/78 906/757/78 903/759/78
f 931/782/79 910/760/79 906/757/79
f 936/790/80 904/763/80 910/760/80
f 915/771/81 942/793/81 939/795/81
f 919/770/82 946/796/82 942/793/82
f 924/778/83 940/799/83 946/796/83
f 916/776/135 913/767/135 921/774/135
f 913/767/85 925/777/85 921/774/85
f 909/762/86 917/779/86 925/777/86
f 903/759/87 858/696/87 855/698/87
f 907/758/88 862/699/88 858/696/88
f 862/702/89 905/768/89 856/703/89
f 868/718/90 918/769/90 915/771/90
f 874/714/91 922/775/91 918/769/91
f 870/711/92 916/776/92 922/775/92
f 927/783/93 855/698/93 879/729/93
f 869/722/94 880/734/94 857/707/94
f 916/776/95 856/703/95 905/768/95
f 891/745/96 915/771/96 939/795/96
f 892/751/97 928/787/97 881/739/97
f 940/799/98 904/763/98 929/791/98
f 954/805/1 955/806/1 951/807/1
f 958/808/2 956/809/2 954/805/2
f 957/810/3 958/811/3 952/812/3
f 961/813/4 959/11/4 957/814/4
f 960/815/5 961/813/5 953/816/5
f 960/817/6 956/809/6 962/818/6
f 956/809/7 959/819/7 962/818/7
f 966/820/8 967/821/8 963/822/8
f 970/823/9 968/824/9 966/820/9
f 969/825/10 970/826/10 964/827/10
f 973/828/11 971/26/11 969/829/11
f 972/830/118 973/828/118 965/831/118
f 972/830/13 968/832/13 974/833/13
f 968/824/157 971/834/157 974/835/157
f 978/836/15 979/837/15 975/838/15
f 982/839/16 980/840/16 978/836/16
f 981/841/17 982/842/17 976/843/17
f 981/841/18 986/844/18 983/845/18
f 984/846/19 985/847/19 977/848/19
f 979/837/20 986/849/20 984/850/20
f 980/840/21 983/851/21 986/849/21
f 990/852/22 991/853/22 987/854/22
f 990/855/23 995/856/23 992/857/23
f 993/858/24 994/859/24 988/860/24
f 997/861/25 995/856/25 993/858/25
f 996/862/26 997/861/26 989/863/26
f 991/864/27 998/865/27 996/862/27
f 992/857/28 995/856/28 998/865/28
f 1002/866/29 1003/867/29 999/868/29
f 1006/869/30 1004/870/30 1002/866/30
f 1005/871/31 1006/869/31 1000/872/31
f 1005/871/32 1010/873/32 1007/874/32
f 1008/875/33 1009/876/33 1001/877/33
f 1008/875/34 1004/870/34 1010/873/34
f 1004/870/148 1007/874/148 1010/873/148
f 1014/878/36 1015/879/36 1011/880/36
f 1014/878/168 1019/881/168 1016/882/168
f 1017/883/38 1018/884/38 1012/885/38
f 1021/886/39 1019/881/39 1017/883/39
f 1020/887/40 1021/886/40 1013/888/40
f 1020/887/41 1016/882/41 1022/889/41
f 1016/882/166 1019/881/166 1022/889/166
f 1026/890/43 1027/891/43 1023/892/43
f 1026/890/169 1031/893/169 1028/894/169
f 1029/895/45 1030/896/45 1024/897/45
f 1033/898/46 1031/893/46 1029/895/46
f 1032/899/47 1033/898/47 1025/900/47
f 1032/899/48 1028/894/48 1034/901/48
f 1028/894/150 1031/893/150 1034/901/150
f 1038/902/50 1039/903/50 1035/904/50
f 1038/902/51 1043/905/51 1040/906/51
f 1041/907/52 1042/908/52 1036/909/52
f 1041/907/53 1046/910/53 1043/905/53
f 1044/911/54 1045/912/54 1037/913/54
f 1039/903/55 1046/910/55 1044/911/55
f 1040/906/170 1043/905/170 1046/910/170
f 951/807/57 978/836/57 975/838/57
f 955/806/58 982/839/58 978/836/58
f 960/815/127 976/843/127 982/842/127
f 963/822/128 957/810/128 952/812/128
f 967/914/61 961/813/61 957/814/61
f 972/830/62 953/816/62 961/813/62
f 987/854/63 969/825/63 964/827/63
f 991/864/64 973/828/64 969/829/64
f 996/862/161 965/831/161 973/828/161
f 977/848/130 993/858/130 988/860/130
f 985/847/67 997/861/67 993/858/67
f 981/841/171 989/863/171 997/861/171
f 975/838/69 1026/890/69 1023/892/69
f 979/837/70 1030/896/70 1026/890/70
f 984/846/71 1024/897/71 1030/896/71
f 1035/904/72 990/852/72 987/854/72
f 1039/903/73 994/859/73 990/855/73
f 1044/911/74 988/860/74 994/859/74
f 1025/900/131 1041/907/131 1036/909/131
f 1033/898/76 1045/912/76 1041/907/76
f 1029/895/77 1037/913/77 1045/912/77
f 1023/892/78 1002/866/78 999/868/78
f 1027/891/79 1006/869/79 1002/866/79
f 1032/899/133 1000/872/133 1006/869/133
f 1011/880/81 1038/902/81 1035/904/81
f 1015/879/82 1042/908/82 1038/902/82
f 1020/887/134 1036/909/134 1042/908/134
f 1001/877/135 1017/883/135 1012/885/135
f 1009/876/85 1021/886/85 1017/883/85
f 1005/871/143 1013/888/143 1021/886/143
f 999/868/87 954/805/87 951/807/87
f 1003/867/88 958/808/88 954/805/88
f 1008/875/156 952/812/156 958/811/156
f 964/827/90 1014/878/90 1011/880/90
f 970/823/91 1018/884/91 1014/878/91
f 966/820/172 1012/885/172 1018/884/172
f 1023/892/93 951/807/93 975/838/93
f 965/831/94 976/843/94 953/816/94
f 1012/885/95 952/812/95 1001/877/95
f 987/854/96 1011/880/96 1035/904/96
f 988/860/97 1024/897/97 977/848/97
f 1036/909/98 1000/872/98 1025/900/98
f 266/175/189 268/179/189 267/176/189
f 266/175/2 270/284/2 271/178/2
f 269/180/190 271/1104/190 270/181/190
f 273/183/4 274/1105/4 271/11/4
f 272/185/191 274/1105/191 273/183/191
f 267/176/6 268/179/6 274/187/6
f 278/189/192 280/193/192 279/190/192
f 282/192/9 283/203/9 280/193/9
f 281/194/194 283/1106/194 282/195/194
f 281/197/11 285/200/11 286/198/11
f 284/199/195 286/198/195 285/200/195
f 284/199/13 279/282/13 280/202/13
f 290/205/196 292/209/196 291/206/196
f 294/208/16 295/220/16 292/209/16
f 293/210/197 295/214/197 294/211/197
f 293/210/18 297/216/18 298/213/18
f 296/215/198 298/213/198 297/216/198
f 296/218/20 291/206/20 292/209/20
f 302/221/199 304/1107/199 303/222/199
f 306/224/23 307/230/23 304/225/23
f 305/227/200 307/230/200 306/224/200
f 309/229/25 310/233/25 307/230/25
f 308/231/201 310/233/201 309/229/201
f 308/231/27 303/283/27 304/225/27
f 314/234/202 316/238/202 315/235/202
f 318/237/30 319/242/30 316/238/30
f 317/239/203 319/242/203 318/237/203
f 317/239/32 321/244/32 322/241/32
f 320/243/204 322/241/204 321/244/204
f 315/235/34 316/238/34 322/241/34
f 326/246/206 328/250/206 327/247/206
f 326/246/37 330/252/37 331/249/37
f 329/251/207 331/249/207 330/252/207
f 333/254/39 334/257/39 331/249/39
f 332/255/208 334/257/208 333/254/208
f 327/247/41 328/250/41 334/257/41
f 338/258/209 340/262/209 339/259/209
f 342/261/219 343/266/219 340/262/219
f 341/263/210 343/266/210 342/261/210
f 341/263/46 345/268/46 346/265/46
f 344/267/211 346/265/211 345/268/211
f 339/259/48 340/262/48 346/265/48
f 350/270/212 352/274/212 351/271/212
f 354/273/51 355/278/51 352/274/51
f 353/275/213 355/278/213 354/273/213
f 357/277/53 358/281/53 355/278/53
f 356/279/214 358/281/214 357/277/214
f 351/271/55 352/274/55 358/281/55
f 287/207/57 263/177/57 267/176/57
f 267/176/58 272/188/58 294/208/58
f 294/211/59 272/185/59 265/186/59
f 275/191/128 279/190/128 269/180/128
f 279/282/61 284/199/61 273/183/61
f 284/199/62 277/201/62 265/186/62
f 299/223/63 303/222/63 281/194/63
f 303/283/64 308/231/64 285/200/64
f 308/231/65 301/232/65 277/201/65
f 289/217/66 297/216/66 305/227/66
f 297/216/67 293/210/67 309/229/67
f 293/210/68 288/212/68 301/232/68
f 287/207/69 291/206/69 338/258/69
f 291/206/70 296/218/70 342/261/70
f 296/215/141 289/217/141 336/264/141
f 347/272/72 351/271/72 302/221/72
f 351/271/73 356/279/73 306/224/73
f 356/279/74 349/280/74 300/228/74
f 337/269/75 345/268/75 353/275/75
f 353/275/76 345/268/76 341/263/76
f 341/263/77 336/264/77 349/280/77
f 335/260/78 339/259/78 314/234/78
f 339/259/79 344/267/79 318/237/79
f 344/267/80 337/269/80 312/240/80
f 323/248/81 327/247/81 350/270/81
f 327/247/82 332/255/82 354/273/82
f 332/255/134 325/256/134 348/276/134
f 313/245/84 321/244/84 329/251/84
f 321/244/85 317/239/85 333/254/85
f 317/239/143 312/240/143 325/256/143
f 311/236/87 315/235/87 266/175/87
f 315/235/88 320/243/88 270/284/88
f 320/243/156 313/245/156 264/182/156
f 276/196/90 282/195/90 326/246/90
f 282/192/91 278/189/91 330/252/91
f 278/189/92 275/191/92 324/253/92
f 335/260/93 311/236/93 263/177/93
f 277/201/94 301/232/94 288/212/94
f 324/253/95 275/191/95 264/182/95
f 299/223/96 276/196/96 323/248/96
f 300/228/97 349/280/97 336/264/97
f 348/276/98 325/256/98 312/240/98
f 362/285/189 364/289/189 363/286/189
f 362/285/2 366/383/2 367/288/2
f 365/180/190 367/1108/190 366/290/190
f 369/183/4 370/1109/4 367/11/4
f 368/293/191 370/1109/191 369/183/191
f 363/286/6 364/289/6 370/187/6
f 374/296/192 376/299/192 375/190/192
f 374/296/9 378/384/9 379/298/9
f 377/300/194 379/1110/194 378/301/194
f 377/303/11 381/306/11 382/304/11
f 380/305/195 382/304/195 381/306/195
f 375/282/13 376/202/13 382/304/13
f 386/309/196 388/312/196 387/310/196
f 386/309/16 390/381/16 391/220/16
f 389/313/197 391/214/197 390/314/197
f 389/313/18 393/318/18 394/316/18
f 392/317/198 394/316/198 393/318/198
f 387/310/20 388/312/20 394/320/20
f 398/322/199 400/1111/199 399/323/199
f 398/325/23 402/329/23 403/326/23
f 401/328/200 403/326/200 402/329/200
f 401/328/25 405/229/25 406/331/25
f 404/332/201 406/331/201 405/229/201
f 404/332/27 399/382/27 400/327/27
f 410/334/202 412/338/202 411/335/202
f 414/337/30 415/342/30 412/338/30
f 413/339/203 415/342/203 414/337/203
f 417/341/32 418/345/32 415/342/32
f 416/343/204 418/345/204 417/341/204
f 416/343/34 411/335/34 412/338/34
f 422/346/206 424/350/206 423/347/206
f 422/346/37 426/352/37 427/349/37
f 425/351/207 427/349/207 426/352/207
f 425/351/39 429/356/39 430/354/39
f 428/355/208 430/354/208 429/356/208
f 423/347/41 424/350/41 430/354/41
f 434/358/209 436/362/209 435/359/209
f 438/361/44 439/366/44 436/362/44
f 437/363/210 439/366/210 438/361/210
f 437/363/46 441/368/46 442/365/46
f 440/367/211 442/365/211 441/368/211
f 435/359/48 436/362/48 442/365/48
f 446/369/212 448/373/212 447/370/212
f 446/369/51 450/375/51 451/372/51
f 449/374/213 451/372/213 450/375/213
f 453/377/53 454/380/53 451/372/53
f 452/378/214 454/380/214 453/377/214
f 447/370/55 448/373/55 454/380/55
f 359/287/57 363/286/57 386/309/57
f 363/286/58 368/295/58 390/381/58
f 368/293/59 361/294/59 384/315/59
f 371/297/128 375/190/128 365/180/128
f 375/282/61 380/305/61 369/183/61
f 380/305/62 373/307/62 361/294/62
f 395/324/63 399/323/63 377/300/63
f 399/382/64 404/332/64 381/306/64
f 404/332/65 397/333/65 373/307/65
f 385/319/130 393/318/130 401/328/130
f 393/318/67 389/313/67 405/229/67
f 389/313/68 384/315/68 397/333/68
f 383/311/69 387/310/69 434/358/69
f 387/310/70 392/321/70 438/361/70
f 392/317/141 385/319/141 432/364/141
f 443/371/72 447/370/72 398/322/72
f 447/370/73 452/378/73 402/329/73
f 452/378/142 445/379/142 396/330/142
f 433/269/131 441/368/131 449/374/131
f 441/368/76 437/363/76 453/377/76
f 437/363/77 432/364/77 445/379/77
f 431/360/78 435/359/78 410/334/78
f 435/359/79 440/367/79 414/337/79
f 440/367/133 433/269/133 408/340/133
f 419/348/81 423/347/81 446/369/81
f 423/347/82 428/355/82 450/375/82
f 428/355/134 421/357/134 444/376/134
f 409/344/135 417/341/135 425/351/135
f 417/341/85 413/339/85 429/356/85
f 413/339/86 408/340/86 421/357/86
f 407/336/87 411/335/87 362/285/87
f 411/335/88 416/343/88 366/383/88
f 416/343/156 409/344/156 360/291/156
f 372/302/90 378/301/90 422/346/90
f 378/384/91 374/296/91 426/352/91
f 374/296/172 371/297/172 420/353/172
f 431/360/93 407/336/93 359/287/93
f 373/307/94 397/333/94 384/315/94
f 420/353/95 371/297/95 360/291/95
f 395/324/96 372/302/96 419/348/96
f 396/330/97 445/379/97 432/364/97
f 444/376/98 421/357/98 408/340/98
f 458/385/189 460/389/189 459/386/189
f 458/385/2 462/482/2 463/388/2
f 461/180/190 463/1112/190 462/390/190
f 465/392/4 466/1105/4 463/11/4
f 464/393/191 466/1105/191 465/392/191
f 464/395/6 459/386/6 460/389/6
f 470/397/192 472/400/192 471/190/192
f 474/399/9 475/407/9 472/400/9
f 473/194/194 475/1113/194 474/401/194
f 473/303/11 477/404/11 478/403/11
f 476/305/195 478/403/195 477/404/195
f 471/406/13 472/202/13 478/403/13
f 482/409/196 484/412/196 483/410/196
f 482/409/16 486/208/16 487/220/16
f 485/413/197 487/214/197 486/414/197
f 485/413/18 489/418/18 490/416/18
f 488/417/198 490/416/198 489/418/198
f 483/410/20 484/412/20 490/420/20
f 494/422/199 496/1114/199 495/423/199
f 494/425/23 498/429/23 499/426/23
f 497/428/200 499/426/200 498/429/200
f 501/431/25 502/435/25 499/426/25
f 500/432/201 502/435/201 501/431/201
f 495/434/27 496/427/27 502/435/27
f 506/436/202 508/440/202 507/437/202
f 510/439/30 511/443/30 508/440/30
f 509/441/203 511/443/203 510/439/203
f 509/441/32 513/445/32 514/442/32
f 512/444/204 514/442/204 513/445/204
f 507/437/34 508/440/34 514/442/34
f 518/447/206 520/451/206 519/448/206
f 522/450/37 523/454/37 520/451/37
f 521/452/207 523/454/207 522/450/207
f 525/356/39 526/457/39 523/454/39
f 524/455/208 526/457/208 525/356/208
f 519/448/41 520/451/41 526/457/41
f 530/458/209 532/462/209 531/459/209
f 530/458/44 534/464/44 535/461/44
f 533/463/210 535/461/210 534/464/210
f 533/463/46 537/468/46 538/466/46
f 536/467/211 538/466/211 537/468/211
f 531/459/48 532/462/48 538/466/48
f 542/470/212 544/474/212 543/471/212
f 542/470/51 546/476/51 547/473/51
f 545/475/213 547/473/213 546/476/213
f 545/475/53 549/480/53 550/478/53
f 548/479/214 550/478/214 549/480/214
f 543/471/55 544/474/55 550/478/55
f 455/387/57 459/386/57 482/409/57
f 459/386/58 464/395/58 486/208/58
f 464/393/59 457/394/59 480/415/59
f 467/398/128 471/190/128 461/180/128
f 471/406/61 476/305/61 465/392/61
f 476/305/62 469/405/62 457/394/62
f 491/424/63 495/423/63 473/194/63
f 495/434/64 500/432/64 477/404/64
f 500/432/161 493/433/161 469/405/161
f 481/419/130 489/418/130 497/428/130
f 489/418/67 485/413/67 501/431/67
f 485/413/68 480/415/68 493/433/68
f 527/460/69 479/411/69 483/410/69
f 483/410/70 488/421/70 534/464/70
f 488/417/141 481/419/141 528/465/141
f 491/424/72 539/472/72 543/471/72
f 543/471/73 548/479/73 498/429/73
f 548/479/142 541/481/142 492/430/142
f 529/469/75 537/468/75 545/475/75
f 537/468/76 533/463/76 549/480/76
f 533/463/77 528/465/77 541/481/77
f 527/460/78 531/459/78 506/436/78
f 531/459/79 536/467/79 510/439/79
f 536/467/80 529/469/80 504/340/80
f 515/449/81 519/448/81 542/470/81
f 519/448/82 524/455/82 546/476/82
f 524/455/83 517/456/83 540/477/83
f 505/446/135 513/445/135 521/452/135
f 513/445/85 509/441/85 525/356/85
f 509/441/86 504/340/86 517/456/86
f 455/387/87 503/438/87 507/437/87
f 507/437/88 512/444/88 462/482/88
f 512/444/156 505/446/156 456/391/156
f 468/402/90 474/401/90 518/447/90
f 474/399/91 470/397/91 522/450/91
f 470/397/172 467/398/172 516/453/172
f 527/460/93 503/438/93 455/387/93
f 469/405/94 493/433/94 480/415/94
f 516/453/95 467/398/95 456/391/95
f 491/424/96 468/402/96 515/449/96
f 492/430/97 541/481/97 528/465/97
f 540/477/98 517/456/98 504/340/98
f 554/483/189 556/487/189 555/484/189
f 554/483/2 558/575/2 559/486/2
f 557/488/190 559/1115/190 558/489/190
f 561/491/4 562/1109/4 559/11/4
f 560/492/191 562/1109/191 561/491/191
f 560/295/6 555/484/6 556/487/6
f 566/495/192 568/499/192 567/496/192
f 570/498/9 571/506/9 568/499/9
f 569/500/194 571/1116/194 570/501/194
f 569/197/11 573/306/11 574/503/11
f 572/504/195 574/503/195 573/306/195
f 572/504/13 567/406/13 568/202/13
f 578/508/196 580/512/196 579/509/196
f 578/508/16 582/208/16 583/511/16
f 581/513/197 583/515/197 582/314/197
f 581/513/18 585/517/18 586/514/18
f 584/516/198 586/514/198 585/517/198
f 579/509/20 580/512/20 586/519/20
f 590/521/199 592/1117/199 591/323/199
f 590/523/23 594/527/23 595/524/23
f 593/526/200 595/524/200 594/527/200
f 597/529/25 598/532/25 595/524/25
f 596/530/201 598/532/201 597/529/201
f 591/531/27 592/525/27 598/532/27
f 602/533/202 604/537/202 603/534/202
f 602/533/30 606/439/30 607/536/30
f 605/239/203 607/536/203 606/439/203
f 609/538/32 610/541/32 607/536/32
f 608/539/204 610/541/204 609/538/204
f 603/534/34 604/537/34 610/541/34
f 614/542/206 616/546/206 615/543/206
f 614/542/37 618/548/37 619/545/37
f 617/547/207 619/545/207 618/548/207
f 621/550/220 622/552/220 619/545/220
f 620/551/221 622/552/221 621/550/221
f 620/551/41 615/543/41 616/546/41
f 626/553/209 628/557/209 627/554/209
f 630/556/44 631/561/44 628/557/44
f 629/558/210 631/561/210 630/556/210
f 633/560/46 634/564/46 631/561/46
f 632/562/211 634/564/211 633/560/211
f 632/562/48 627/554/48 628/557/48
f 638/565/212 640/569/212 639/566/212
f 638/565/51 642/476/51 643/568/51
f 641/570/213 643/568/213 642/476/213
f 641/570/53 645/573/53 646/571/53
f 644/572/214 646/571/214 645/573/214
f 639/566/55 640/569/55 646/571/55
f 551/485/57 555/484/57 578/508/57
f 555/484/58 560/295/58 582/208/58
f 560/492/59 553/493/59 576/415/59
f 563/497/128 567/496/128 557/488/128
f 567/406/61 572/504/61 561/491/61
f 572/504/62 565/505/62 553/493/62
f 587/522/63 591/323/63 569/500/63
f 591/531/64 596/530/64 573/306/64
f 596/530/65 589/433/65 565/505/65
f 577/518/66 585/517/66 593/526/66
f 593/526/67 585/517/67 581/513/67
f 581/513/68 576/415/68 589/433/68
f 575/510/69 579/509/69 626/553/69
f 579/509/70 584/520/70 630/556/70
f 584/516/141 577/518/141 624/559/141
f 635/567/72 639/566/72 590/521/72
f 639/566/73 644/572/73 594/527/73
f 594/527/74 644/572/74 637/574/74
f 625/563/75 633/560/75 641/570/75
f 633/560/76 629/558/76 645/573/76
f 629/558/132 624/559/132 637/574/132
f 623/555/78 627/554/78 602/533/78
f 627/554/79 632/562/79 606/439/79
f 632/562/80 625/563/80 600/340/80
f 611/544/81 615/543/81 638/565/81
f 615/543/82 620/551/82 642/476/82
f 620/551/83 613/256/83 636/477/83
f 601/540/135 609/538/135 617/547/135
f 609/538/85 605/239/85 621/550/85
f 621/550/86 605/239/86 600/340/86
f 599/535/87 603/534/87 554/483/87
f 603/534/88 608/539/88 558/575/88
f 558/489/89 608/539/89 601/540/89
f 564/502/90 570/501/90 614/542/90
f 570/498/91 566/495/91 618/548/91
f 566/495/172 563/497/172 612/549/172
f 623/555/93 599/535/93 551/485/93
f 565/505/94 589/433/94 576/415/94
f 612/549/95 563/497/95 552/490/95
f 587/522/96 564/502/96 611/544/96
f 588/528/97 637/574/97 624/559/97
f 636/477/98 613/256/98 600/340/98
f 858/696/189 860/700/189 859/697/189
f 862/699/2 863/710/2 860/700/2
f 861/701/190 863/1123/190 862/702/190
f 865/704/4 866/1124/4 863/11/4
f 864/706/191 866/1124/191 865/704/191
f 864/708/6 859/697/6 860/700/6
f 870/711/192 872/715/192 871/712/192
f 874/714/9 875/725/9 872/715/9
f 873/716/194 875/1125/194 874/717/194
f 877/719/11 878/724/11 875/26/11
f 876/721/195 878/724/195 877/719/195
f 871/723/13 872/1126/13 878/724/13
f 882/727/196 884/731/196 883/728/196
f 886/730/16 887/742/16 884/731/16
f 885/732/197 887/736/197 886/733/197
f 885/732/18 889/738/18 890/735/18
f 888/737/198 890/735/198 889/738/198
f 888/740/20 883/728/20 884/731/20
f 894/743/199 896/1127/199 895/744/199
f 894/746/23 898/750/23 899/747/23
f 897/749/200 899/747/200 898/750/200
f 901/752/25 902/756/25 899/747/25
f 900/753/201 902/756/201 901/752/201
f 895/755/27 896/748/27 902/756/27
f 906/757/202 908/761/202 907/758/202
f 910/760/30 911/765/30 908/761/30
f 909/762/203 911/765/203 910/760/203
f 909/762/32 913/767/32 914/764/32
f 912/766/204 914/764/204 913/767/204
f 907/758/34 908/761/34 914/764/34
f 918/769/206 920/773/206 919/770/206
f 918/769/37 922/775/37 923/772/37
f 921/774/207 923/772/207 922/775/207
f 925/777/39 926/780/39 923/772/39
f 924/778/208 926/780/208 925/777/208
f 924/778/41 919/770/41 920/773/41
f 930/781/209 932/785/209 931/782/209
f 934/784/44 935/789/44 932/785/44
f 933/786/210 935/789/210 934/784/210
f 937/788/46 938/792/46 935/789/46
f 936/790/211 938/792/211 937/788/211
f 931/782/48 932/785/48 938/792/48
f 942/793/212 944/797/212 943/794/212
f 946/796/51 947/801/51 944/797/51
f 945/798/213 947/801/213 946/796/213
f 945/798/53 949/803/53 950/800/53
f 948/802/214 950/800/214 949/803/214
f 948/802/55 943/794/55 944/797/55
f 855/698/57 859/697/57 882/727/57
f 859/697/58 864/708/58 886/730/58
f 864/706/59 857/707/59 880/734/59
f 867/713/128 871/712/128 861/701/128
f 871/723/61 876/721/61 865/704/61
f 876/721/62 869/722/62 857/707/62
f 891/745/63 895/744/63 873/716/63
f 895/755/64 900/753/64 877/719/64
f 900/753/65 893/754/65 869/722/65
f 892/751/130 881/739/130 889/738/130
f 889/738/67 885/732/67 901/752/67
f 885/732/171 880/734/171 893/754/171
f 879/729/69 883/728/69 930/781/69
f 930/781/70 883/728/70 888/740/70
f 888/737/71 881/739/71 928/787/71
f 939/795/72 943/794/72 894/743/72
f 943/794/73 948/802/73 898/750/73
f 948/802/74 941/804/74 892/751/74
f 940/799/75 929/791/75 937/788/75
f 937/788/76 933/786/76 949/803/76
f 933/786/77 928/787/77 941/804/77
f 927/783/78 931/782/78 906/757/78
f 931/782/79 936/790/79 910/760/79
f 936/790/80 929/791/80 904/763/80
f 915/771/81 919/770/81 942/793/81
f 919/770/82 924/778/82 946/796/82
f 924/778/83 917/779/83 940/799/83
f 916/776/135 905/768/135 913/767/135
f 913/767/85 909/762/85 925/777/85
f 909/762/86 904/763/86 917/779/86
f 903/759/87 907/758/87 858/696/87
f 907/758/88 912/766/88 862/699/88
f 862/702/156 912/766/156 905/768/156
f 868/718/90 874/717/90 918/769/90
f 874/714/91 870/711/91 922/775/91
f 870/711/92 867/713/92 916/776/92
f 927/783/93 903/759/93 855/698/93
f 869/722/94 893/754/94 880/734/94
f 916/776/95 867/713/95 856/703/95
f 891/745/96 868/718/96 915/771/96
f 892/751/97 941/804/97 928/787/97
f 940/799/98 917/779/98 904/763/98
f 954/805/189 956/809/189 955/806/189
f 958/808/2 959/819/2 956/809/2
f 957/810/190 959/1128/190 958/811/190
f 961/813/4 962/1129/4 959/11/4
f 960/815/191 962/1129/191 961/813/191
f 960/817/6 955/806/6 956/809/6
f 966/820/192 968/824/192 967/821/192
f 970/823/9 971/834/9 968/824/9
f 969/825/194 971/1130/194 970/826/194
f 973/828/11 974/833/11 971/26/11
f 972/830/195 974/833/195 973/828/195
f 972/830/13 967/914/13 968/832/13
f 978/836/196 980/840/196 979/837/196
f 982/839/16 983/851/16 980/840/16
f 981/841/197 983/845/197 982/842/197
f 981/841/18 985/847/18 986/844/18
f 984/846/198 986/844/198 985/847/198
f 979/837/20 980/840/20 986/849/20
f 990/852/199 992/1131/199 991/853/199
f 990/855/23 994/859/23 995/856/23
f 993/858/200 995/856/200 994/859/200
f 997/861/25 998/865/25 995/856/25
f 996/862/201 998/865/201 997/861/201
f 991/864/27 992/857/27 998/865/27
f 1002/866/202 1004/870/202 1003/867/202
f 1006/869/30 1007/874/30 1004/870/30
f 1005/871/203 1007/874/203 1006/869/203
f 1005/871/32 1009/876/32 1010/873/32
f 1008/875/204 1010/873/204 1009/876/204
f 1008/875/34 1003/867/34 1004/870/34
f 1014/878/206 1016/882/206 1015/879/206
f 1014/878/37 1018/884/37 1019/881/37
f 1017/883/207 1019/881/207 1018/884/207
f 1021/886/39 1022/889/39 1019/881/39
f 1020/887/208 1022/889/208 1021/886/208
f 1020/887/41 1015/879/41 1016/882/41
f 1026/890/209 1028/894/209 1027/891/209
f 1026/890/44 1030/896/44 1031/893/44
f 1029/895/210 1031/893/210 1030/896/210
f 1033/898/46 1034/901/46 1031/893/46
f 1032/899/211 1034/901/211 1033/898/211
f 1032/899/48 1027/891/48 1028/894/48
f 1038/902/212 1040/906/212 1039/903/212
f 1038/902/51 1042/908/51 1043/905/51
f 1041/907/213 1043/905/213 1042/908/213
f 1041/907/53 1045/912/53 1046/910/53
f 1044/911/214 1046/910/214 1045/912/214
f 1039/903/222 1040/906/222 1046/910/222
f 951/807/57 955/806/57 978/836/57
f 955/806/58 960/817/58 982/839/58
f 960/815/127 953/816/127 976/843/127
f 963/822/128 967/821/128 957/810/128
f 967/914/61 972/830/61 961/813/61
f 972/830/129 965/831/129 953/816/129
f 987/854/63 991/853/63 969/825/63
f 991/864/64 996/862/64 973/828/64
f 996/862/161 989/863/161 965/831/161
f 977/848/130 985/847/130 993/858/130
f 985/847/67 981/841/67 997/861/67
f 981/841/171 976/843/171 989/863/171
f 975/838/69 979/837/69 1026/890/69
f 979/837/70 984/850/70 1030/896/70
f 984/846/141 977/848/141 1024/897/141
f 1035/904/72 1039/903/72 990/852/72
f 1039/903/73 1044/911/73 994/859/73
f 1044/911/142 1037/913/142 988/860/142
f 1025/900/131 1033/898/131 1041/907/131
f 1033/898/76 1029/895/76 1045/912/76
f 1029/895/77 1024/897/77 1037/913/77
f 1023/892/78 1027/891/78 1002/866/78
f 1027/891/79 1032/899/79 1006/869/79
f 1032/899/133 1025/900/133 1000/872/133
f 1011/880/81 1015/879/81 1038/902/81
f 1015/879/82 1020/887/82 1042/908/82
f 1020/887/134 1013/888/134 1036/909/134
f 1001/877/135 1009/876/135 1017/883/135
f 1009/876/85 1005/871/85 1021/886/85
f 1005/871/143 1000/872/143 1013/888/143
f 999/868/87 1003/867/87 954/805/87
f 1003/867/88 1008/875/88 958/808/88
f 1008/875/89 1001/877/89 952/812/89
f 964/827/90 970/826/90 1014/878/90
f 970/823/91 966/820/91 1018/884/91
f 966/820/92 963/822/92 1012/885/92
f 1023/892/93 999/868/93 951/807/93
f 965/831/94 989/863/94 976/843/94
f 1012/885/95 963/822/95 952/812/95
f 987/854/96 964/827/96 1011/880/96
f 988/860/97 1037/913/97 1024/897/97
f 1036/909/98 1013/888/98 1000/872/98
usemtl Gold
f 648/26/94 649/576/94 647/11/94
f 650/577/97 653/578/97 649/576/97
f 654/579/98 651/580/98 653/578/98
f 652/581/95 647/582/95 651/580/95
f 653/578/93 647/583/93 649/584/93
f 650/585/96 652/581/96 654/579/96
f 656/26/94 657/576/94 655/11/94
f 658/577/97 661/578/97 657/576/97
f 662/579/98 659/580/98 661/578/98
f 660/581/95 655/582/95 659/580/95
f 661/578/93 655/583/93 657/584/93
f 658/585/96 660/581/96 662/579/96
f 664/26/94 665/576/94 663/11/94
f 666/577/97 669/578/97 665/576/97
f 670/579/98 667/580/98 669/578/98
f 668/581/95 663/582/95 667/580/95
f 669/578/93 663/583/93 665/584/93
f 666/585/96 668/581/96 670/579/96
f 672/26/94 673/576/94 671/11/94
f 674/577/97 677/578/97 673/576/97
f 678/579/98 675/580/98 677/578/98
f 676/581/95 671/582/95 675/580/95
f 677/578/93 671/583/93 673/584/93
f 674/585/96 676/581/96 678/579/96
f 680/26/94 681/576/94 679/11/94
f 682/577/97 685/578/97 681/576/97
f 686/579/98 683/580/98 685/578/98
f 684/581/95 679/582/95 683/580/95
f 685/578/93 679/583/93 681/584/93
f 682/585/96 684/581/96 686/579/96
f 688/26/94 689/576/94 687/11/94
f 690/577/97 693/578/97 689/576/97
f 694/579/98 691/580/98 693/578/98
f 692/581/95 687/582/95 691/580/95
f 693/578/93 687/583/93 689/584/93
f 690/585/96 692/581/96 694/579/96
f 696/26/94 697/576/94 695/11/94
f 698/577/97 701/578/97 697/576/97
f 702/579/98 699/580/98 701/578/98
f 700/581/95 695/582/95 699/580/95
f 701/578/93 695/583/93 697/584/93
f 698/585/96 700/581/96 702/579/96
f 704/26/94 705/576/94 703/11/94
f 706/577/97 709/578/97 705/576/97
f 710/579/98 707/580/98 709/578/98
f 708/581/95 703/582/95 707/580/95
f 709/578/93 703/583/93 705/584/93
f 706/585/96 708/581/96 710/579/96
f 712/26/94 713/576/94 711/11/94
f 714/577/97 717/578/97 713/576/97
f 718/579/98 715/580/98 717/578/98
f 716/581/95 711/582/95 715/580/95
f 717/578/93 711/583/93 713/584/93
f 714/585/96 716/581/96 718/579/96
f 720/26/94 721/576/94 719/11/94
f 722/577/97 725/578/97 721/576/97
f 726/579/98 723/580/98 725/578/98
f 724/581/95 719/582/95 723/580/95
f 725/578/93 719/583/93 721/584/93
f 722/585/96 724/581/96 726/579/96
f 728/26/94 729/576/94 727/11/94
f 730/577/97 733/578/97 729/576/97
f 734/579/98 731/580/98 733/578/98
f 732/581/95 727/582/95 731/580/95
f 733/578/93 727/583/93 729/584/93
f 730/585/96 732/581/96 734/579/96
f 736/26/94 737/576/94 735/11/94
f 738/577/97 741/578/97 737/576/97
f 742/579/98 739/580/98 741/578/98
f 740/581/95 735/582/95 739/580/95
f 741/578/93 735/583/93 737/584/93
f 738/585/96 740/581/96 742/579/96
f 744/26/94 745/576/94 743/11/94
f 746/577/97 749/578/97 745/576/97
f 750/579/98 747/580/98 749/578/98
f 748/581/95 743/582/95 747/580/95
f 749/578/93 743/583/93 745/584/93
f 746/585/96 748/581/96 750/579/96
f 752/26/94 753/576/94 751/11/94
f 754/577/97 757/578/97 753/576/97
f 758/579/98 755/580/98 757/578/98
f 756/581/95 751/582/95 755/580/95
f 757/578/93 751/583/93 753/584/93
f 754/585/96 756/581/96 758/579/96
f 648/26/94 650/577/94 649/576/94
f 650/577/97 654/579/97 653/578/97
f 654/579/98 652/581/98 651/580/98
f 652/581/95 648/925/95 647/582/95
f 653/578/93 651/580/93 647/583/93
f 650/585/96 648/1118/96 652/581/96
f 656/26/94 658/577/94 657/576/94
f 658/577/97 662/579/97 661/578/97
f 662/579/98 660/581/98 659/580/98
f 660/581/95 656/925/95 655/582/95
f 661/578/93 659/580/93 655/583/93
f 658/585/96 656/1118/96 660/581/96
f 664/26/94 666/577/94 665/576/94
f 666/577/97 670/579/97 669/578/97
f 670/579/98 668/581/98 667/580/98
f 668/581/95 664/925/95 663/582/95
f 669/578/93 667/580/93 663/583/93
f 666/585/96 664/1118/96 668/581/96
f 672/26/94 674/577/94 673/576/94
f 674/577/97 678/579/97 677/578/97
f 678/579/98 676/581/98 675/580/98
f 676/581/95 672/925/95 671/582/95
f 677/578/93 675/580/93 671/583/93
f 674/585/96 672/1118/96 676/581/96
f 680/26/94 682/577/94 681/576/94
f 682/577/97 686/579/97 685/578/97
f 686/579/98 684/581/98 683/580/98
f 684/581/95 680/925/95 679/582/95
f 685/578/93 683/580/93 679/583/93
f 682/585/96 680/1118/96 684/581/96
f 688/26/94 690/577/94 689/576/94
f 690/577/97 694/579/97 693/578/97
f 694/579/98 692/581/98 691/580/98
f 692/581/95 688/925/95 687/582/95
f 693/578/93 691/580/93 687/583/93
f 690/585/96 688/1118/96 692/581/96
f 696/26/94 698/577/94 697/576/94
f 698/577/97 702/579/97 701/578/97
f 702/579/98 700/581/98 699/580/98
f 700/581/95 696/925/95 695/582/95
f 701/578/93 699/580/93 695/583/93
f 698/585/96 696/1118/96 700/581/96
f 704/26/94 706/577/94 705/576/94
f 706/577/97 710/579/97 709/578/97
f 710/579/98 708/581/98 707/580/98
f 708/581/95 704/925/95 703/582/95
f 709/578/93 707/580/93 703/583/93
f 706/585/96 704/1118/96 708/581/96
f 712/26/94 714/577/94 713/576/94
f 714/577/97 718/579/97 717/578/97
f 718/579/98 716/581/98 715/580/98
f 716/581/95 712/925/95 711/582/95
f 717/578/93 715/580/93 711/583/93
f 714/585/96 712/1118/96 716/581/96
f 720/26/94 722/577/94 721/576/94
f 722/577/97 726/579/97 725/578/97
f 726/579/98 724/581/98 723/580/98
f 724/581/95 720/925/95 719/582/95
f 725/578/93 723/580/93 719/583/93
f 722/585/96 720/1118/96 724/581/96
f 728/26/94 730/577/94 729/576/94
f 730/577/97 734/579/97 733/578/97
f 734/579/98 732/581/98 731/580/98
f 732/581/95 728/925/95 727/582/95
f 733/578/93 731/580/93 727/583/93
f 730/585/96 728/1118/96 732/581/96
f 736/26/94 738/577/94 737/576/94
f 738/577/97 742/579/97 741/578/97
f 742/579/98 740/581/98 739/580/98
f 740/581/95 736/925/95 735/582/95
f 741/578/93 739/580/93 735/583/93
f 738/585/96 736/1118/96 740/581/96
f 744/26/94 746/577/94 745/576/94
f 746/577/97 750/579/97 749/578/97
f 750/579/98 748/581/98 747/580/98
f 748/581/95 744/925/95 743/582/95
f 749/578/93 747/580/93 743/583/93
f 746/585/96 744/1118/96 748/581/96
f 752/26/94 754/577/94 753/576/94
f 754/577/97 758/579/97 757/578/97
f 758/579/98 756/581/98 755/580/98
f 756/581/95 752/925/95 751/582/95
f 757/578/93 755/580/93 751/583/93
f 754/585/96 752/1118/96 756/581/96
usemtl Silver
f 762/586/1 763/587/1 759/588/1
f 762/586/2 767/589/2 764/590/2
f 765/591/3 766/592/3 760/593/3
f 769/594/4 767/11/4 765/595/4
f 768/596/5 769/594/5 761/597/5
f 763/587/6 770/598/6 768/599/6
f 764/590/7 767/589/7 770/598/7
f 774/600/8 775/601/8 771/602/8
f 778/603/9 776/604/9 774/600/9
f 777/605/10 778/606/10 772/607/10
f 781/608/11 779/26/11 777/609/11
f 780/610/118 781/608/118 773/611/118
f 780/610/13 776/612/13 782/613/13
f 776/604/157 779/614/157 782/615/157
f 786/616/15 787/617/15 783/618/15
f 786/616/16 791/619/16 788/620/16
f 789/621/17 790/622/17 784/623/17
f 789/621/18 794/624/18 791/625/18
f 792/626/19 793/627/19 785/628/19
f 787/617/20 794/629/20 792/630/20
f 788/620/21 791/619/21 794/629/21
f 798/631/22 799/632/22 795/633/22
f 798/634/23 803/635/23 800/636/23
f 801/637/24 802/638/24 796/639/24
f 805/640/25 803/635/25 801/637/25
f 804/641/26 805/640/26 797/642/26
f 799/643/27 806/644/27 804/641/27
f 800/636/28 803/635/28 806/644/28
f 810/645/29 811/646/29 807/647/29
f 810/645/30 815/648/30 812/649/30
f 813/650/31 814/651/31 808/652/31
f 813/650/32 818/653/32 815/648/32
f 816/654/33 817/655/33 809/656/33
f 816/654/34 812/649/34 818/653/34
f 812/649/158 815/648/158 818/653/158
f 822/657/36 823/658/36 819/659/36
f 822/657/37 827/660/37 824/661/37
f 825/662/38 826/663/38 820/664/38
f 829/665/39 827/660/39 825/662/39
f 828/666/40 829/665/40 821/667/40
f 823/658/41 830/668/41 828/666/41
f 824/661/159 827/660/159 830/668/159
f 834/669/43 835/670/43 831/671/43
f 834/669/44 839/672/44 836/673/44
f 837/674/45 838/675/45 832/676/45
f 841/677/46 839/672/46 837/674/46
f 840/678/47 841/677/47 833/679/47
f 840/678/48 836/673/48 842/680/48
f 836/673/125 839/672/125 842/680/125
f 846/681/50 847/682/50 843/683/50
f 846/681/51 851/684/51 848/685/51
f 849/686/52 850/687/52 844/688/52
f 853/689/53 851/684/53 849/686/53
f 852/690/54 853/689/54 845/691/54
f 852/690/55 848/685/55 854/692/55
f 848/685/160 851/684/160 854/692/160
f 759/588/57 786/616/57 783/618/57
f 763/587/58 790/693/58 786/616/58
f 768/596/127 784/623/127 790/622/127
f 771/602/128 765/591/128 760/593/128
f 775/694/61 769/594/61 765/595/61
f 780/610/62 761/597/62 769/594/62
f 795/633/63 777/605/63 772/607/63
f 799/643/64 781/608/64 777/609/64
f 804/641/161 773/611/161 781/608/161
f 796/639/130 793/627/130 801/637/130
f 793/627/67 805/640/67 801/637/67
f 789/621/68 797/642/68 805/640/68
f 783/618/69 834/669/69 831/671/69
f 787/617/70 838/675/70 834/669/70
f 792/626/71 832/676/71 838/675/71
f 843/683/72 798/631/72 795/633/72
f 847/682/73 802/638/73 798/634/73
f 852/690/74 796/639/74 802/638/74
f 844/688/131 841/677/131 849/686/131
f 841/677/76 853/689/76 849/686/76
f 837/674/77 845/691/77 853/689/77
f 831/671/78 810/645/78 807/647/78
f 835/670/79 814/651/79 810/645/79
f 840/678/133 808/652/133 814/651/133
f 819/659/81 846/681/81 843/683/81
f 823/658/82 850/687/82 846/681/82
f 828/666/134 844/688/134 850/687/134
f 820/664/135 817/655/135 825/662/135
f 817/655/85 829/665/85 825/662/85
f 813/650/143 821/667/143 829/665/143
f 807/647/87 762/586/87 759/588/87
f 811/646/88 766/695/88 762/586/88
f 816/654/89 760/593/89 766/592/89
f 772/607/90 822/657/90 819/659/90
f 778/603/91 826/663/91 822/657/91
f 774/600/92 820/664/92 826/663/92
f 831/671/93 759/588/93 783/618/93
f 773/611/94 784/623/94 761/597/94
f 820/664/95 760/593/95 809/656/95
f 795/633/96 819/659/96 843/683/96
f 796/639/97 832/676/97 785/628/97
f 844/688/98 808/652/98 833/679/98
f 1048/915/173 1049/916/173 1047/917/173
f 1050/918/174 1051/585/174 1049/916/174
f 1052/919/175 1053/920/175 1051/585/175
f 1054/921/176 1055/922/176 1053/920/176
f 1055/922/177 1058/923/177 1057/924/177
f 1058/923/178 1059/579/178 1057/924/178
f 1060/925/179 1061/926/179 1059/579/179
f 1062/927/180 1063/928/180 1061/926/180
f 1064/929/181 1065/930/181 1063/928/181
f 1066/931/182 1067/578/182 1065/930/182
f 1068/582/183 1069/932/183 1067/578/183
f 1070/933/184 1071/934/184 1069/932/184
f 1072/935/185 1073/936/185 1071/934/185
f 1074/937/186 1075/584/186 1073/936/186
f 1068/938/98 1060/939/98 1052/940/98
f 1076/941/187 1077/942/187 1075/584/187
f 1078/943/188 1047/944/188 1077/942/188
f 1061/945/94 1069/946/94 1077/947/94
f 762/586/189 764/590/189 763/587/189
f 762/586/2 766/695/2 767/589/2
f 765/591/190 767/1119/190 766/592/190
f 769/594/4 770/1120/4 767/11/4
f 768/596/191 770/1120/191 769/594/191
f 763/587/6 764/590/6 770/598/6
f 774/600/192 776/604/192 775/601/192
f 778/603/9 779/614/9 776/604/9
f 777/605/194 779/1121/194 778/606/194
f 781/608/11 782/613/11 779/26/11
f 780/610/195 782/613/195 781/608/195
f 780/610/13 775/694/13 776/612/13
f 786/616/196 788/620/196 787/617/196
f 786/616/16 790/693/16 791/619/16
f 789/621/197 791/625/197 790/622/197
f 789/621/18 793/627/18 794/624/18
f 792/626/198 794/624/198 793/627/198
f 787/617/20 788/620/20 794/629/20
f 798/631/199 800/1122/199 799/632/199
f 798/634/23 802/638/23 803/635/23
f 801/637/200 803/635/200 802/638/200
f 805/640/25 806/644/25 803/635/25
f 804/641/201 806/644/201 805/640/201
f 799/643/27 800/636/27 806/644/27
f 810/645/202 812/649/202 811/646/202
f 810/645/30 814/651/30 815/648/30
f 813/650/203 815/648/203 814/651/203
f 813/650/32 817/655/32 818/653/32
f 816/654/204 818/653/204 817/655/204
f 816/654/34 811/646/34 812/649/34
f 822/657/206 824/661/206 823/658/206
f 822/657/37 826/663/37 827/660/37
f 825/662/207 827/660/207 826/663/207
f 829/665/39 830/668/39 827/660/39
f 828/666/208 830/668/208 829/665/208
f 823/658/41 824/661/41 830/668/41
f 834/669/209 836/673/209 835/670/209
f 834/669/44 838/675/44 839/672/44
f 837/674/210 839/672/210 838/675/210
f 841/677/46 842/680/46 839/672/46
f 840/678/211 842/680/211 841/677/211
f 840/678/48 835/670/48 836/673/48
f 846/681/212 848/685/212 847/682/212
f 846/681/51 850/687/51 851/684/51
f 849/686/213 851/684/213 850/687/213
f 853/689/53 854/692/53 851/684/53
f 852/690/214 854/692/214 853/689/214
f 852/690/55 847/682/55 848/685/55
f 759/588/57 763/587/57 786/616/57
f 763/587/58 768/599/58 790/693/58
f 768/596/127 761/597/127 784/623/127
f 771/602/128 775/601/128 765/591/128
f 775/694/61 780/610/61 769/594/61
f 780/610/129 773/611/129 761/597/129
f 795/633/63 799/632/63 777/605/63
f 799/643/64 804/641/64 781/608/64
f 804/641/161 797/642/161 773/611/161
f 796/639/130 785/628/130 793/627/130
f 793/627/67 789/621/67 805/640/67
f 789/621/171 784/623/171 797/642/171
f 783/618/69 787/617/69 834/669/69
f 787/617/70 792/630/70 838/675/70
f 792/626/71 785/628/71 832/676/71
f 843/683/72 847/682/72 798/631/72
f 847/682/73 852/690/73 802/638/73
f 852/690/74 845/691/74 796/639/74
f 844/688/131 833/679/131 841/677/131
f 841/677/76 837/674/76 853/689/76
f 837/674/77 832/676/77 845/691/77
f 831/671/78 835/670/78 810/645/78
f 835/670/79 840/678/79 814/651/79
f 840/678/133 833/679/133 808/652/133
f 819/659/81 823/658/81 846/681/81
f 823/658/82 828/666/82 850/687/82
f 828/666/134 821/667/134 844/688/134
f 820/664/135 809/656/135 817/655/135
f 817/655/85 813/650/85 829/665/85
f 813/650/86 808/652/86 821/667/86
f 807/647/87 811/646/87 762/586/87
f 811/646/88 816/654/88 766/695/88
f 816/654/89 809/656/89 760/593/89
f 772/607/90 778/606/90 822/657/90
f 778/603/91 774/600/91 826/663/91
f 774/600/92 771/602/92 820/664/92
f 831/671/93 807/647/93 759/588/93
f 773/611/94 797/642/94 784/623/94
f 820/664/95 771/602/95 760/593/95
f 795/633/96 772/607/96 819/659/96
f 796/639/97 845/691/97 832/676/97
f 844/688/98 821/667/98 808/652/98
f 1048/915/173 1050/918/173 1049/916/173
f 1050/918/174 1052/919/174 1051/585/174
f 1052/919/175 1054/921/175 1053/920/175
f 1054/921/176 1056/1132/176 1055/922/176
f 1055/922/177 1056/1132/177 1058/923/177
f 1058/923/178 1060/925/178 1059/579/178
f 1060/925/179 1062/927/179 1061/926/179
f 1062/927/180 1064/929/180 1063/928/180
f 1064/929/181 1066/931/181 1065/930/181
f 1066/931/182 1068/582/182 1067/578/182
f 1068/582/183 1070/933/183 1069/932/183
f 1070/933/184 1072/935/184 1071/934/184
f 1072/935/185 1074/937/185 1073/936/185
f 1074/937/186 1076/941/186 1075/584/186
f 1052/940/98 1050/1133/98 1048/1134/98
f 1048/1134/98 1078/1135/98 1076/1136/98
f 1076/1136/98 1074/1137/98 1072/1138/98
f 1072/1138/98 1070/1139/98 1068/938/98
f 1068/938/98 1066/1140/98 1064/1141/98
f 1064/1141/98 1062/1142/98 1060/939/98
f 1060/939/98 1058/1143/98 1056/1144/98
f 1056/1144/98 1054/1145/98 1052/940/98
f 1052/940/98 1048/1134/98 1076/1136/98
f 1076/1136/98 1072/1138/98 1068/938/98
f 1068/938/98 1064/1141/98 1060/939/98
f 1060/939/98 1056/1144/98 1052/940/98
f 1052/940/98 1076/1136/98 1068/938/98
f 1076/941/187 1078/943/187 1077/942/187
f 1078/943/188 1048/1146/188 1047/944/188
f 1077/947/94 1047/1147/94 1049/1148/94
f 1049/1148/94 1051/1149/94 1053/1150/94
f 1053/1150/94 1055/1151/94 1057/1152/94
f 1057/1152/94 1059/1153/94 1061/945/94
f 1061/945/94 1063/1154/94 1065/1155/94
f 1065/1155/94 1067/1156/94 1069/946/94
f 1069/946/94 1071/1157/94 1073/1158/94
f 1073/1158/94 1075/1159/94 1077/947/94
f 1077/947/94 1049/1148/94 1053/1150/94
f 1053/1150/94 1057/1152/94 1061/945/94
f 1061/945/94 1065/1155/94 1069/946/94
f 1069/946/94 1073/1158/94 1077/947/94
f 1077/947/94 1053/1150/94 1061/945/94
