# Blender 5.2.1 LTS
# www.blender.org
mtllib base.mtl
o base
v 0.039400 -0.003000 0.020000
v -0.032000 0.009500 -0.035800
v -0.014500 0.009400 0.031000
v 0.039400 0.003000 0.020000
v 0.039400 -0.003000 -0.020000
v 0.032000 0.009500 0.028200
v 0.039400 0.003000 -0.020000
v -0.014500 0.009400 0.025000
v -0.039400 -0.003000 0.020000
v 0.032000 0.009500 -0.035800
v -0.039400 0.003000 0.020000
v -0.032000 0.009500 0.028200
v -0.039400 -0.003000 -0.020000
v 0.014500 0.009400 0.031000
v -0.039400 0.003000 -0.020000
v 0.033174 0.009500 0.028386
v -0.036000 -0.010000 0.036000
v 0.033174 0.009500 -0.035614
v 0.014500 0.009400 0.025000
v 0.034234 0.009500 0.028926
v -0.030826 0.009500 0.028386
v -0.036000 -0.006000 0.040000
v 0.035074 0.009500 0.029766
v 0.034234 0.009500 -0.035074
v -0.030826 0.009500 -0.035614
v 0.035614 0.009500 0.030826
v 0.035074 0.009500 -0.034234
v -0.029766 0.009500 0.028926
v 0.035800 0.009500 0.032000
v -0.040000 -0.006000 0.036000
v -0.036000 -0.009466 0.037997
v 0.035614 0.009500 0.033174
v 0.035614 0.009500 -0.033174
v -0.028926 0.009500 0.029766
v 0.035074 0.009500 0.034234
v -0.029766 0.009500 -0.035074
v 0.035800 0.009500 -0.032000
v 0.034234 0.009500 0.035074
v -0.037997 -0.009466 0.036000
v 0.033174 0.009500 0.035614
v -0.028386 0.009500 0.030826
v 0.035614 0.009500 -0.030826
v -0.037913 -0.008947 0.037913
v 0.032000 0.009500 0.035800
v -0.028926 0.009500 -0.034234
v 0.030826 0.009500 0.035614
v 0.035074 0.009500 -0.029766
v -0.037997 -0.006000 0.039466
v 0.034234 0.009500 -0.028926
v 0.029766 0.009500 0.035074
v -0.028200 0.009500 0.032000
v 0.028926 0.009500 0.034234
v -0.036000 -0.007997 0.039466
v -0.028386 0.009500 0.033174
v 0.028386 0.009500 0.033174
v 0.033174 0.009500 -0.028386
v -0.037913 -0.007913 0.038947
v 0.028200 0.009500 0.032000
v -0.028386 0.009500 -0.033174
v 0.032000 0.009500 -0.028200
v 0.028386 0.009500 0.030826
v -0.039466 -0.007997 0.036000
v 0.030826 0.009500 -0.028386
v -0.028926 0.009500 0.034234
v 0.028926 0.009500 0.029766
v -0.039466 -0.006000 0.037997
v 0.029766 0.009500 0.028926
v 0.029766 0.009500 -0.028926
v -0.029766 0.009500 0.035074
v -0.028200 0.009500 -0.032000
v 0.030826 0.009500 0.028386
v 0.028926 0.009500 -0.029766
v -0.038947 -0.007913 0.037913
v -0.028386 0.009500 -0.030826
v -0.030826 0.009500 0.035614
v 0.028386 0.009500 -0.030826
v -0.036000 0.006000 0.040000
v -0.036000 0.010000 0.036000
v 0.028200 0.009500 -0.032000
v -0.032000 0.009500 0.035800
v 0.028386 0.009500 -0.033174
v -0.040000 0.006000 0.036000
v -0.028926 0.009500 -0.029766
v -0.033174 0.009500 0.035614
v 0.028926 0.009500 -0.034234
v -0.036000 0.007997 0.039466
v 0.029766 0.009500 -0.035074
v -0.037997 0.006000 0.039466
v -0.034234 0.009500 0.035074
v 0.030826 0.009500 -0.035614
v -0.029766 0.009500 -0.028926
v -0.037913 0.007913 0.038947
v -0.035074 0.009500 0.034234
v -0.037997 0.009466 0.036000
v -0.035614 0.009500 0.033174
v -0.030826 0.009500 -0.028386
v -0.036000 0.009466 0.037997
v -0.035800 0.009500 0.032000
v -0.032000 0.009500 -0.028200
v -0.037913 0.008947 0.037913
v -0.035614 0.009500 0.030826
v -0.039466 0.006000 0.037997
v -0.039466 0.007997 0.036000
v -0.035074 0.009500 0.029766
v -0.033174 0.009500 -0.028386
v -0.038947 0.007913 0.037913
v -0.034234 0.009500 0.028926
v -0.036000 -0.010000 -0.036000
v -0.034234 0.009500 -0.028926
v -0.033174 0.009500 0.028386
v -0.040000 -0.006000 -0.036000
v -0.036000 -0.006000 -0.040000
v -0.035074 0.009500 -0.029766
v -0.037997 -0.009466 -0.036000
v -0.036000 -0.009466 -0.037997
v -0.035614 0.009500 -0.030826
v -0.037913 -0.008947 -0.037913
v -0.035800 0.009500 -0.032000
v -0.039466 -0.006000 -0.037997
v -0.039466 -0.007997 -0.036000
v -0.038947 -0.007913 -0.037913
v -0.035614 0.009500 -0.033174
v -0.036000 -0.007997 -0.039466
v -0.037997 -0.006000 -0.039466
v -0.035074 0.009500 -0.034234
v -0.037913 -0.007913 -0.038947
v -0.036000 0.010000 -0.036000
v -0.034234 0.009500 -0.035074
v -0.036000 0.006000 -0.040000
v -0.040000 0.006000 -0.036000
v -0.033174 0.009500 -0.035614
v -0.036000 0.009466 -0.037997
v -0.037997 0.009466 -0.036000
v -0.037913 0.008947 -0.037913
v -0.037997 0.006000 -0.039466
v -0.036000 0.007997 -0.039466
v -0.037913 0.007913 -0.038947
v -0.039466 0.007997 -0.036000
v -0.039466 0.006000 -0.037997
v -0.038947 0.007913 -0.037913
v 0.036000 -0.010000 0.036000
v 0.040000 -0.006000 0.036000
v 0.036000 -0.006000 0.040000
v 0.037997 -0.009466 0.036000
v 0.036000 -0.009466 0.037997
v 0.037913 -0.008947 0.037913
v 0.039466 -0.006000 0.037997
v 0.039466 -0.007997 0.036000
v 0.038947 -0.007913 0.037913
v 0.036000 -0.007997 0.039466
v 0.037997 -0.006000 0.039466
v 0.037913 -0.007913 0.038947
v 0.036000 0.010000 0.036000
v 0.036000 0.006000 0.040000
v 0.040000 0.006000 0.036000
v 0.036000 0.009466 0.037997
v 0.037997 0.009466 0.036000
v 0.037913 0.008947 0.037913
v 0.037997 0.006000 0.039466
v 0.036000 0.007997 0.039466
v 0.037913 0.007913 0.038947
v 0.039466 0.007997 0.036000
v 0.039466 0.006000 0.037997
v 0.038947 0.007913 0.037913
v 0.036000 -0.010000 -0.036000
v 0.036000 -0.006000 -0.040000
v 0.040000 -0.006000 -0.036000
v 0.036000 -0.009466 -0.037997
v 0.037997 -0.009466 -0.036000
v 0.037913 -0.008947 -0.037913
v 0.037997 -0.006000 -0.039466
v 0.036000 -0.007997 -0.039466
v 0.037913 -0.007913 -0.038947
v 0.039466 -0.007997 -0.036000
v 0.039466 -0.006000 -0.037997
v 0.038947 -0.007913 -0.037913
v 0.036000 0.010000 -0.036000
v 0.040000 0.006000 -0.036000
v 0.036000 0.006000 -0.040000
v 0.037997 0.009466 -0.036000
v 0.036000 0.009466 -0.037997
v 0.037913 0.008947 -0.037913
v 0.039466 0.006000 -0.037997
v 0.039466 0.007997 -0.036000
v 0.038947 0.007913 -0.037913
v 0.036000 0.007997 -0.039466
v 0.037997 0.006000 -0.039466
v 0.037913 0.007913 -0.038947
v -0.033746 -0.010000 -0.033746
v -0.033469 -0.010000 -0.034023
v -0.032773 -0.010000 -0.034378
v -0.030531 -0.010000 -0.034023
v -0.031227 -0.010000 -0.034378
v -0.032000 -0.010000 -0.034500
v -0.029977 -0.010000 -0.030531
v -0.029500 -0.010000 -0.032000
v -0.029622 -0.010000 -0.031227
v -0.029622 -0.010000 -0.032773
v -0.029977 -0.010000 -0.033469
v -0.034378 -0.010000 -0.031227
v -0.034500 -0.010000 -0.032000
v -0.034023 -0.010000 -0.033469
v -0.034023 -0.010000 -0.030531
v -0.034378 -0.010000 -0.032773
v -0.032773 -0.010000 -0.029622
v -0.033469 -0.010000 -0.029977
v -0.030531 -0.010000 -0.029977
v -0.031227 -0.010000 -0.029622
v -0.032000 -0.010000 -0.029500
v -0.033746 -0.010000 0.033746
v -0.032773 -0.010000 0.034378
v -0.033469 -0.010000 0.034023
v -0.032000 -0.010000 0.034500
v -0.031227 -0.010000 0.034378
v -0.029977 -0.010000 0.033469
v -0.029977 -0.010000 0.030531
v -0.029500 -0.010000 0.032000
v -0.029622 -0.010000 0.032773
v -0.029622 -0.010000 0.031227
v -0.030531 -0.010000 0.034023
v -0.034500 -0.010000 0.032000
v -0.034378 -0.010000 0.032773
v -0.034378 -0.010000 0.031227
v -0.034023 -0.010000 0.033469
v -0.034023 -0.010000 0.030531
v -0.032000 -0.010000 0.029500
v -0.032773 -0.010000 0.029622
v -0.030531 -0.010000 0.029977
v -0.031227 -0.010000 0.029622
v -0.033469 -0.010000 0.029977
v 0.029622 -0.010000 -0.031227
v 0.029500 -0.010000 -0.032000
v 0.029977 -0.010000 -0.030531
v 0.029622 -0.010000 -0.032773
v 0.029977 -0.010000 -0.033469
v 0.030531 -0.010000 -0.034023
v 0.031227 -0.010000 -0.029622
v 0.030531 -0.010000 -0.029977
v 0.031227 -0.010000 -0.034378
v 0.033469 -0.010000 -0.029977
v 0.033516 -0.010000 -0.033976
v 0.033469 -0.010000 -0.034023
v 0.032773 -0.010000 -0.029622
v 0.032773 -0.010000 -0.034378
v 0.034500 -0.010000 -0.032000
v 0.034378 -0.010000 -0.032773
v 0.034023 -0.010000 -0.030531
v 0.034378 -0.010000 -0.031227
v 0.034023 -0.010000 -0.033469
v 0.032000 -0.010000 -0.034500
v 0.032000 -0.010000 -0.029500
v 0.029622 -0.010000 0.032773
v 0.029500 -0.010000 0.032000
v 0.029977 -0.010000 0.033469
v 0.029622 -0.010000 0.031227
v 0.031227 -0.010000 0.034378
v 0.031227 -0.010000 0.029622
v 0.030531 -0.010000 0.034023
v 0.030531 -0.010000 0.029977
v 0.029977 -0.010000 0.030531
v 0.033469 -0.010000 0.029977
v 0.032773 -0.010000 0.034378
v 0.032773 -0.010000 0.029622
v 0.033976 -0.010000 0.033516
v 0.034023 -0.010000 0.033469
v 0.034500 -0.010000 0.032000
v 0.034378 -0.010000 0.032773
v 0.034378 -0.010000 0.031227
v 0.032000 -0.010000 0.034500
v 0.033469 -0.010000 0.034023
v 0.034023 -0.010000 0.030531
v 0.032000 -0.010000 0.029500
v -0.030000 -0.011600 -0.033595
v -0.030000 -0.011200 -0.034000
v -0.030000 -0.011483 -0.033881
v -0.030000 -0.010000 -0.033595
v -0.030000 -0.010400 -0.034000
v -0.030000 -0.010117 -0.033881
v -0.028889 -0.011600 -0.033419
v -0.028764 -0.011200 -0.033804
v -0.028801 -0.011483 -0.033691
v -0.028889 -0.010000 -0.033419
v -0.028764 -0.010400 -0.033804
v -0.028801 -0.010117 -0.033691
v -0.027887 -0.011600 -0.032908
v -0.027649 -0.011200 -0.033236
v -0.027719 -0.011483 -0.033140
v -0.027887 -0.010000 -0.032908
v -0.027649 -0.010400 -0.033236
v -0.027719 -0.010117 -0.033140
v -0.027092 -0.011600 -0.032113
v -0.026764 -0.011200 -0.032351
v -0.026860 -0.011483 -0.032281
v -0.027092 -0.010000 -0.032113
v -0.026764 -0.010400 -0.032351
v -0.026860 -0.010117 -0.032281
v -0.026581 -0.011600 -0.031111
v -0.026196 -0.011200 -0.031236
v -0.026309 -0.011483 -0.031199
v -0.026581 -0.010000 -0.031111
v -0.026196 -0.010400 -0.031236
v -0.026309 -0.010117 -0.031199
v -0.026405 -0.011600 -0.030000
v -0.026000 -0.011200 -0.030000
v -0.026119 -0.011483 -0.030000
v -0.026405 -0.010000 -0.030000
v -0.026000 -0.010400 -0.030000
v -0.026119 -0.010117 -0.030000
v -0.026581 -0.011600 -0.028889
v -0.026196 -0.011200 -0.028764
v -0.026309 -0.011483 -0.028801
v -0.026581 -0.010000 -0.028889
v -0.026196 -0.010400 -0.028764
v -0.026309 -0.010117 -0.028801
v -0.027092 -0.011600 -0.027887
v -0.026764 -0.011200 -0.027649
v -0.026860 -0.011483 -0.027719
v -0.027092 -0.010000 -0.027887
v -0.026764 -0.010400 -0.027649
v -0.026860 -0.010117 -0.027719
v -0.027887 -0.011600 -0.027092
v -0.027649 -0.011200 -0.026764
v -0.027719 -0.011483 -0.026860
v -0.027887 -0.010000 -0.027092
v -0.027649 -0.010400 -0.026764
v -0.027719 -0.010117 -0.026860
v -0.028889 -0.011600 -0.026581
v -0.028764 -0.011200 -0.026196
v -0.028801 -0.011483 -0.026309
v -0.028889 -0.010000 -0.026581
v -0.028764 -0.010400 -0.026196
v -0.028801 -0.010117 -0.026309
v -0.030000 -0.011600 -0.026405
v -0.030000 -0.011200 -0.026000
v -0.030000 -0.011483 -0.026119
v -0.030000 -0.010000 -0.026405
v -0.030000 -0.010400 -0.026000
v -0.030000 -0.010117 -0.026119
v -0.031111 -0.011600 -0.026581
v -0.031236 -0.011200 -0.026196
v -0.031199 -0.011483 -0.026309
v -0.031111 -0.010000 -0.026581
v -0.031236 -0.010400 -0.026196
v -0.031199 -0.010117 -0.026309
v -0.032113 -0.011600 -0.027092
v -0.032351 -0.011200 -0.026764
v -0.032281 -0.011483 -0.026860
v -0.032113 -0.010000 -0.027092
v -0.032351 -0.010400 -0.026764
v -0.032281 -0.010117 -0.026860
v -0.032908 -0.011600 -0.027887
v -0.033236 -0.011200 -0.027649
v -0.033140 -0.011483 -0.027719
v -0.032908 -0.010000 -0.027887
v -0.033236 -0.010400 -0.027649
v -0.033140 -0.010117 -0.027719
v -0.033419 -0.011600 -0.028889
v -0.033804 -0.011200 -0.028764
v -0.033691 -0.011483 -0.028801
v -0.033419 -0.010000 -0.028889
v -0.033804 -0.010400 -0.028764
v -0.033691 -0.010117 -0.028801
v -0.033595 -0.011600 -0.030000
v -0.034000 -0.011200 -0.030000
v -0.033881 -0.011483 -0.030000
v -0.033595 -0.010000 -0.030000
v -0.034000 -0.010400 -0.030000
v -0.033881 -0.010117 -0.030000
v -0.033419 -0.011600 -0.031111
v -0.033804 -0.011200 -0.031236
v -0.033691 -0.011483 -0.031199
v -0.033419 -0.010000 -0.031111
v -0.033804 -0.010400 -0.031236
v -0.033691 -0.010117 -0.031199
v -0.032908 -0.011600 -0.032113
v -0.033236 -0.011200 -0.032351
v -0.033140 -0.011483 -0.032281
v -0.032908 -0.010000 -0.032113
v -0.033236 -0.010400 -0.032351
v -0.033140 -0.010117 -0.032281
v -0.032113 -0.011600 -0.032908
v -0.032351 -0.011200 -0.033236
v -0.032281 -0.011483 -0.033140
v -0.032113 -0.010000 -0.032908
v -0.032351 -0.010400 -0.033236
v -0.032281 -0.010117 -0.033140
v -0.031111 -0.011600 -0.033419
v -0.031236 -0.011200 -0.033804
v -0.031199 -0.011483 -0.033691
v -0.031111 -0.010000 -0.033419
v -0.031236 -0.010400 -0.033804
v -0.031199 -0.010117 -0.033691
v -0.030000 -0.011600 0.026405
v -0.030000 -0.011200 0.026000
v -0.030000 -0.011483 0.026119
v -0.030000 -0.010000 0.026405
v -0.030000 -0.010400 0.026000
v -0.030000 -0.010117 0.026119
v -0.028889 -0.011600 0.026581
v -0.028764 -0.011200 0.026196
v -0.028801 -0.011483 0.026309
v -0.028889 -0.010000 0.026581
v -0.028764 -0.010400 0.026196
v -0.028801 -0.010117 0.026309
v -0.027887 -0.011600 0.027092
v -0.027649 -0.011200 0.026764
v -0.027719 -0.011483 0.026860
v -0.027887 -0.010000 0.027092
v -0.027649 -0.010400 0.026764
v -0.027719 -0.010117 0.026860
v -0.027092 -0.011600 0.027887
v -0.026764 -0.011200 0.027649
v -0.026860 -0.011483 0.027719
v -0.027092 -0.010000 0.027887
v -0.026764 -0.010400 0.027649
v -0.026860 -0.010117 0.027719
v -0.026581 -0.011600 0.028889
v -0.026196 -0.011200 0.028764
v -0.026309 -0.011483 0.028801
v -0.026581 -0.010000 0.028889
v -0.026196 -0.010400 0.028764
v -0.026309 -0.010117 0.028801
v -0.026405 -0.011600 0.030000
v -0.026000 -0.011200 0.030000
v -0.026119 -0.011483 0.030000
v -0.026405 -0.010000 0.030000
v -0.026000 -0.010400 0.030000
v -0.026119 -0.010117 0.030000
v -0.026581 -0.011600 0.031111
v -0.026196 -0.011200 0.031236
v -0.026309 -0.011483 0.031199
v -0.026581 -0.010000 0.031111
v -0.026196 -0.010400 0.031236
v -0.026309 -0.010117 0.031199
v -0.027092 -0.011600 0.032113
v -0.026764 -0.011200 0.032351
v -0.026860 -0.011483 0.032281
v -0.027092 -0.010000 0.032113
v -0.026764 -0.010400 0.032351
v -0.026860 -0.010117 0.032281
v -0.027887 -0.011600 0.032908
v -0.027649 -0.011200 0.033236
v -0.027719 -0.011483 0.033140
v -0.027887 -0.010000 0.032908
v -0.027649 -0.010400 0.033236
v -0.027719 -0.010117 0.033140
v -0.028889 -0.011600 0.033419
v -0.028764 -0.011200 0.033804
v -0.028801 -0.011483 0.033691
v -0.028889 -0.010000 0.033419
v -0.028764 -0.010400 0.033804
v -0.028801 -0.010117 0.033691
v -0.030000 -0.011600 0.033595
v -0.030000 -0.011200 0.034000
v -0.030000 -0.011483 0.033881
v -0.030000 -0.010000 0.033595
v -0.030000 -0.010400 0.034000
v -0.030000 -0.010117 0.033881
v -0.031111 -0.011600 0.033419
v -0.031236 -0.011200 0.033804
v -0.031199 -0.011483 0.033691
v -0.031111 -0.010000 0.033419
v -0.031236 -0.010400 0.033804
v -0.031199 -0.010117 0.033691
v -0.032113 -0.011600 0.032908
v -0.032351 -0.011200 0.033236
v -0.032281 -0.011483 0.033140
v -0.032113 -0.010000 0.032908
v -0.032351 -0.010400 0.033236
v -0.032281 -0.010117 0.033140
v -0.032908 -0.011600 0.032113
v -0.033236 -0.011200 0.032351
v -0.033140 -0.011483 0.032281
v -0.032908 -0.010000 0.032113
v -0.033236 -0.010400 0.032351
v -0.033140 -0.010117 0.032281
v -0.033419 -0.011600 0.031111
v -0.033804 -0.011200 0.031236
v -0.033691 -0.011483 0.031199
v -0.033419 -0.010000 0.031111
v -0.033804 -0.010400 0.031236
v -0.033691 -0.010117 0.031199
v -0.033595 -0.011600 0.030000
v -0.034000 -0.011200 0.030000
v -0.033881 -0.011483 0.030000
v -0.033595 -0.010000 0.030000
v -0.034000 -0.010400 0.030000
v -0.033881 -0.010117 0.030000
v -0.033419 -0.011600 0.028889
v -0.033804 -0.011200 0.028764
v -0.033691 -0.011483 0.028801
v -0.033419 -0.010000 0.028889
v -0.033804 -0.010400 0.028764
v -0.033691 -0.010117 0.028801
v -0.032908 -0.011600 0.027887
v -0.033236 -0.011200 0.027649
v -0.033140 -0.011483 0.027719
v -0.032908 -0.010000 0.027887
v -0.033236 -0.010400 0.027649
v -0.033140 -0.010117 0.027719
v -0.032113 -0.011600 0.027092
v -0.032351 -0.011200 0.026764
v -0.032281 -0.011483 0.026860
v -0.032113 -0.010000 0.027092
v -0.032351 -0.010400 0.026764
v -0.032281 -0.010117 0.026860
v -0.031111 -0.011600 0.026581
v -0.031236 -0.011200 0.026196
v -0.031199 -0.011483 0.026309
v -0.031111 -0.010000 0.026581
v -0.031236 -0.010400 0.026196
v -0.031199 -0.010117 0.026309
v 0.030000 -0.011600 -0.033595
v 0.030000 -0.011200 -0.034000
v 0.030000 -0.011483 -0.033881
v 0.030000 -0.010000 -0.033595
v 0.030000 -0.010400 -0.034000
v 0.030000 -0.010117 -0.033881
v 0.031111 -0.011600 -0.033419
v 0.031236 -0.011200 -0.033804
v 0.031199 -0.011483 -0.033691
v 0.031111 -0.010000 -0.033419
v 0.031236 -0.010400 -0.033804
v 0.031199 -0.010117 -0.033691
v 0.032113 -0.011600 -0.032908
v 0.032351 -0.011200 -0.033236
v 0.032281 -0.011483 -0.033140
v 0.032113 -0.010000 -0.032908
v 0.032351 -0.010400 -0.033236
v 0.032281 -0.010117 -0.033140
v 0.032908 -0.011600 -0.032113
v 0.033236 -0.011200 -0.032351
v 0.033140 -0.011483 -0.032281
v 0.032908 -0.010000 -0.032113
v 0.033236 -0.010400 -0.032351
v 0.033140 -0.010117 -0.032281
v 0.033419 -0.011600 -0.031111
v 0.033804 -0.011200 -0.031236
v 0.033691 -0.011483 -0.031199
v 0.033419 -0.010000 -0.031111
v 0.033804 -0.010400 -0.031236
v 0.033691 -0.010117 -0.031199
v 0.033595 -0.011600 -0.030000
v 0.034000 -0.011200 -0.030000
v 0.033881 -0.011483 -0.030000
v 0.033595 -0.010000 -0.030000
v 0.034000 -0.010400 -0.030000
v 0.033881 -0.010117 -0.030000
v 0.033419 -0.011600 -0.028889
v 0.033804 -0.011200 -0.028764
v 0.033691 -0.011483 -0.028801
v 0.033419 -0.010000 -0.028889
v 0.033804 -0.010400 -0.028764
v 0.033691 -0.010117 -0.028801
v 0.032908 -0.011600 -0.027887
v 0.033236 -0.011200 -0.027649
v 0.033140 -0.011483 -0.027719
v 0.032908 -0.010000 -0.027887
v 0.033236 -0.010400 -0.027649
v 0.033140 -0.010117 -0.027719
v 0.032113 -0.011600 -0.027092
v 0.032351 -0.011200 -0.026764
v 0.032281 -0.011483 -0.026860
v 0.032113 -0.010000 -0.027092
v 0.032351 -0.010400 -0.026764
v 0.032281 -0.010117 -0.026860
v 0.031111 -0.011600 -0.026581
v 0.031236 -0.011200 -0.026196
v 0.031199 -0.011483 -0.026309
v 0.031111 -0.010000 -0.026581
v 0.031236 -0.010400 -0.026196
v 0.031199 -0.010117 -0.026309
v 0.030000 -0.011600 -0.026405
v 0.030000 -0.011200 -0.026000
v 0.030000 -0.011483 -0.026119
v 0.030000 -0.010000 -0.026405
v 0.030000 -0.010400 -0.026000
v 0.030000 -0.010117 -0.026119
v 0.028889 -0.011600 -0.026581
v 0.028764 -0.011200 -0.026196
v 0.028801 -0.011483 -0.026309
v 0.028889 -0.010000 -0.026581
v 0.028764 -0.010400 -0.026196
v 0.028801 -0.010117 -0.026309
v 0.027887 -0.011600 -0.027092
v 0.027649 -0.011200 -0.026764
v 0.027719 -0.011483 -0.026860
v 0.027887 -0.010000 -0.027092
v 0.027649 -0.010400 -0.026764
v 0.027719 -0.010117 -0.026860
v 0.027092 -0.011600 -0.027887
v 0.026764 -0.011200 -0.027649
v 0.026860 -0.011483 -0.027719
v 0.027092 -0.010000 -0.027887
v 0.026764 -0.010400 -0.027649
v 0.026860 -0.010117 -0.027719
v 0.026581 -0.011600 -0.028889
v 0.026196 -0.011200 -0.028764
v 0.026309 -0.011483 -0.028801
v 0.026581 -0.010000 -0.028889
v 0.026196 -0.010400 -0.028764
v 0.026309 -0.010117 -0.028801
v 0.026405 -0.011600 -0.030000
v 0.026000 -0.011200 -0.030000
v 0.026119 -0.011483 -0.030000
v 0.026405 -0.010000 -0.030000
v 0.026000 -0.010400 -0.030000
v 0.026119 -0.010117 -0.030000
v 0.026581 -0.011600 -0.031111
v 0.026196 -0.011200 -0.031236
v 0.026309 -0.011483 -0.031199
v 0.026581 -0.010000 -0.031111
v 0.026196 -0.010400 -0.031236
v 0.026309 -0.010117 -0.031199
v 0.027092 -0.011600 -0.032113
v 0.026764 -0.011200 -0.032351
v 0.026860 -0.011483 -0.032281
v 0.027092 -0.010000 -0.032113
v 0.026764 -0.010400 -0.032351
v 0.026860 -0.010117 -0.032281
v 0.027887 -0.011600 -0.032908
v 0.027649 -0.011200 -0.033236
v 0.027719 -0.011483 -0.033140
v 0.027887 -0.010000 -0.032908
v 0.027649 -0.010400 -0.033236
v 0.027719 -0.010117 -0.033140
v 0.028889 -0.011600 -0.033419
v 0.028764 -0.011200 -0.033804
v 0.028801 -0.011483 -0.033691
v 0.028889 -0.010000 -0.033419
v 0.028764 -0.010400 -0.033804
v 0.028801 -0.010117 -0.033691
v 0.030000 -0.011600 0.026405
v 0.030000 -0.011200 0.026000
v 0.030000 -0.011483 0.026119
v 0.030000 -0.010000 0.026405
v 0.030000 -0.010400 0.026000
v 0.030000 -0.010117 0.026119
v 0.031111 -0.011600 0.026581
v 0.031236 -0.011200 0.026196
v 0.031199 -0.011483 0.026309
v 0.031111 -0.010000 0.026581
v 0.031236 -0.010400 0.026196
v 0.031199 -0.010117 0.026309
v 0.032113 -0.011600 0.027092
v 0.032351 -0.011200 0.026764
v 0.032281 -0.011483 0.026860
v 0.032113 -0.010000 0.027092
v 0.032351 -0.010400 0.026764
v 0.032281 -0.010117 0.026860
v 0.032908 -0.011600 0.027887
v 0.033236 -0.011200 0.027649
v 0.033140 -0.011483 0.027719
v 0.032908 -0.010000 0.027887
v 0.033236 -0.010400 0.027649
v 0.033140 -0.010117 0.027719
v 0.033419 -0.011600 0.028889
v 0.033804 -0.011200 0.028764
v 0.033691 -0.011483 0.028801
v 0.033419 -0.010000 0.028889
v 0.033804 -0.010400 0.028764
v 0.033691 -0.010117 0.028801
v 0.033595 -0.011600 0.030000
v 0.034000 -0.011200 0.030000
v 0.033881 -0.011483 0.030000
v 0.033595 -0.010000 0.030000
v 0.034000 -0.010400 0.030000
v 0.033881 -0.010117 0.030000
v 0.033419 -0.011600 0.031111
v 0.033804 -0.011200 0.031236
v 0.033691 -0.011483 0.031199
v 0.033419 -0.010000 0.031111
v 0.033804 -0.010400 0.031236
v 0.033691 -0.010117 0.031199
v 0.032908 -0.011600 0.032113
v 0.033236 -0.011200 0.032351
v 0.033140 -0.011483 0.032281
v 0.032908 -0.010000 0.032113
v 0.033236 -0.010400 0.032351
v 0.033140 -0.010117 0.032281
v 0.032113 -0.011600 0.032908
v 0.032351 -0.011200 0.033236
v 0.032281 -0.011483 0.033140
v 0.032113 -0.010000 0.032908
v 0.032351 -0.010400 0.033236
v 0.032281 -0.010117 0.033140
v 0.031111 -0.011600 0.033419
v 0.031236 -0.011200 0.033804
v 0.031199 -0.011483 0.033691
v 0.031111 -0.010000 0.033419
v 0.031236 -0.010400 0.033804
v 0.031199 -0.010117 0.033691
v 0.030000 -0.011600 0.033595
v 0.030000 -0.011200 0.034000
v 0.030000 -0.011483 0.033881
v 0.030000 -0.010000 0.033595
v 0.030000 -0.010400 0.034000
v 0.030000 -0.010117 0.033881
v 0.028889 -0.011600 0.033419
v 0.028764 -0.011200 0.033804
v 0.028801 -0.011483 0.033691
v 0.028889 -0.010000 0.033419
v 0.028764 -0.010400 0.033804
v 0.028801 -0.010117 0.033691
v 0.027887 -0.011600 0.032908
v 0.027649 -0.011200 0.033236
v 0.027719 -0.011483 0.033140
v 0.027887 -0.010000 0.032908
v 0.027649 -0.010400 0.033236
v 0.027719 -0.010117 0.033140
v 0.027092 -0.011600 0.032113
v 0.026764 -0.011200 0.032351
v 0.026860 -0.011483 0.032281
v 0.027092 -0.010000 0.032113
v 0.026764 -0.010400 0.032351
v 0.026860 -0.010117 0.032281
v 0.026581 -0.011600 0.031111
v 0.026196 -0.011200 0.031236
v 0.026309 -0.011483 0.031199
v 0.026581 -0.010000 0.031111
v 0.026196 -0.010400 0.031236
v 0.026309 -0.010117 0.031199
v 0.026405 -0.011600 0.030000
v 0.026000 -0.011200 0.030000
v 0.026119 -0.011483 0.030000
v 0.026405 -0.010000 0.030000
v 0.026000 -0.010400 0.030000
v 0.026119 -0.010117 0.030000
v 0.026581 -0.011600 0.028889
v 0.026196 -0.011200 0.028764
v 0.026309 -0.011483 0.028801
v 0.026581 -0.010000 0.028889
v 0.026196 -0.010400 0.028764
v 0.026309 -0.010117 0.028801
v 0.027092 -0.011600 0.027887
v 0.026764 -0.011200 0.027649
v 0.026860 -0.011483 0.027719
v 0.027092 -0.010000 0.027887
v 0.026764 -0.010400 0.027649
v 0.026860 -0.010117 0.027719
v 0.027887 -0.011600 0.027092
v 0.027649 -0.011200 0.026764
v 0.027719 -0.011483 0.026860
v 0.027887 -0.010000 0.027092
v 0.027649 -0.010400 0.026764
v 0.027719 -0.010117 0.026860
v 0.028889 -0.011600 0.026581
v 0.028764 -0.011200 0.026196
v 0.028801 -0.011483 0.026309
v 0.028889 -0.010000 0.026581
v 0.028764 -0.010400 0.026196
v 0.028801 -0.010117 0.026309
v -0.028926 0.010000 -0.034234
v -0.028386 0.010000 -0.033174
v -0.032000 0.009500 -0.034500
v -0.031227 0.009500 -0.034378
v -0.030531 0.009500 -0.034023
v -0.029977 0.009500 -0.033469
v -0.029622 0.009500 -0.032773
v -0.029500 0.009500 -0.032000
v -0.029622 0.009500 -0.031227
v -0.029977 0.009500 -0.030531
v -0.030531 0.009500 -0.029977
v -0.031227 0.009500 -0.029622
v -0.032000 0.009500 -0.029500
v -0.032773 0.009500 -0.029622
v -0.033469 0.009500 -0.029977
v -0.034023 0.009500 -0.030531
v -0.034378 0.009500 -0.031227
v -0.034500 0.009500 -0.032000
v -0.034378 0.009500 -0.032773
v -0.034023 0.009500 -0.033469
v -0.033469 0.009500 -0.034023
v -0.032773 0.009500 -0.034378
v -0.032000 0.010000 -0.035800
v -0.030826 0.010000 -0.035614
v -0.029766 0.010000 -0.035074
v -0.028200 0.010000 -0.032000
v -0.028386 0.010000 -0.030826
v -0.028926 0.010000 -0.029766
v -0.028788 0.010000 -0.030036
v -0.029766 0.010000 -0.028926
v -0.030826 0.010000 -0.028386
v -0.031244 0.010000 -0.028320
v -0.032000 0.010000 -0.028200
v -0.032079 0.010000 -0.028212
v -0.033174 0.010000 -0.028386
v -0.034234 0.010000 -0.028926
v -0.035074 0.010000 -0.029766
v -0.035614 0.010000 -0.030826
v -0.035800 0.010000 -0.032000
v -0.035614 0.010000 -0.033174
v -0.035074 0.010000 -0.034234
v -0.034234 0.010000 -0.035074
v -0.034516 0.010000 -0.034792
v -0.033174 0.010000 -0.035614
v -0.028926 0.010000 0.034234
v -0.028386 0.010000 0.033174
v -0.028200 0.010000 0.032000
v -0.028386 0.010000 0.030826
v -0.032000 0.009500 0.029500
v -0.031227 0.009500 0.029622
v -0.030531 0.009500 0.029977
v -0.029977 0.009500 0.030531
v -0.029622 0.009500 0.031227
v -0.029500 0.009500 0.032000
v -0.029622 0.009500 0.032773
v -0.029977 0.009500 0.033469
v -0.030531 0.009500 0.034023
v -0.031227 0.009500 0.034378
v -0.032000 0.009500 0.034500
v -0.032773 0.009500 0.034378
v -0.033469 0.009500 0.034023
v -0.034023 0.009500 0.033469
v -0.034378 0.009500 0.032773
v -0.034500 0.009500 0.032000
v -0.034378 0.009500 0.031227
v -0.034023 0.009500 0.030531
v -0.033469 0.009500 0.029977
v -0.032773 0.009500 0.029622
v -0.031983 0.010000 0.028203
v -0.032000 0.010000 0.028200
v -0.030826 0.010000 0.028386
v -0.029766 0.010000 0.028926
v -0.028926 0.010000 0.029766
v -0.029766 0.010000 0.035074
v -0.030826 0.010000 0.035614
v -0.032000 0.010000 0.035800
v -0.033174 0.010000 0.035614
v -0.034234 0.010000 0.035074
v -0.034654 0.010000 0.034654
v -0.035074 0.010000 0.034234
v -0.035614 0.010000 0.033174
v -0.035768 0.010000 0.032202
v -0.035800 0.010000 0.032000
v -0.035728 0.010000 0.031545
v -0.035614 0.010000 0.030826
v -0.035074 0.010000 0.029766
v -0.034234 0.010000 0.028926
v -0.033174 0.010000 0.028386
v 0.034234 0.010000 -0.028926
v 0.033174 0.010000 -0.028386
v 0.028926 0.010000 -0.034234
v 0.028386 0.010000 -0.033174
v 0.032000 0.009500 -0.034500
v 0.032773 0.009500 -0.034378
v 0.033469 0.009500 -0.034023
v 0.034023 0.009500 -0.033469
v 0.034378 0.009500 -0.032773
v 0.034500 0.009500 -0.032000
v 0.034378 0.009500 -0.031227
v 0.034023 0.009500 -0.030531
v 0.033469 0.009500 -0.029977
v 0.032773 0.009500 -0.029622
v 0.032000 0.009500 -0.029500
v 0.031227 0.009500 -0.029622
v 0.030531 0.009500 -0.029977
v 0.029977 0.009500 -0.030531
v 0.029622 0.009500 -0.031227
v 0.029500 0.009500 -0.032000
v 0.029622 0.009500 -0.032773
v 0.029977 0.009500 -0.033469
v 0.030531 0.009500 -0.034023
v 0.031227 0.009500 -0.034378
v 0.032000 0.010000 -0.035800
v 0.033174 0.010000 -0.035614
v 0.034234 0.010000 -0.035074
v 0.034660 0.010000 -0.034648
v 0.035074 0.010000 -0.034234
v 0.035614 0.010000 -0.033174
v 0.035800 0.010000 -0.032000
v 0.035614 0.010000 -0.030826
v 0.035074 0.010000 -0.029766
v 0.032000 0.010000 -0.028200
v 0.030826 0.010000 -0.028386
v 0.029766 0.010000 -0.028926
v 0.029710 0.010000 -0.028982
v 0.028926 0.010000 -0.029766
v 0.028386 0.010000 -0.030826
v 0.028207 0.010000 -0.031956
v 0.028200 0.010000 -0.032000
v 0.029766 0.010000 -0.035074
v 0.030826 0.010000 -0.035614
v 0.028926 0.010000 0.034234
v 0.028386 0.010000 0.033174
v 0.028200 0.010000 0.032000
v 0.028386 0.010000 0.030826
v 0.034234 0.010000 0.028926
v 0.032000 0.009500 0.029500
v 0.032773 0.009500 0.029622
v 0.033469 0.009500 0.029977
v 0.034023 0.009500 0.030531
v 0.034378 0.009500 0.031227
v 0.034500 0.009500 0.032000
v 0.034378 0.009500 0.032773
v 0.034023 0.009500 0.033469
v 0.033469 0.009500 0.034023
v 0.032773 0.009500 0.034378
v 0.032000 0.009500 0.034500
v 0.031227 0.009500 0.034378
v 0.030531 0.009500 0.034023
v 0.029977 0.009500 0.033469
v 0.029622 0.009500 0.032773
v 0.029500 0.009500 0.032000
v 0.029622 0.009500 0.031227
v 0.029977 0.009500 0.030531
v 0.030531 0.009500 0.029977
v 0.031227 0.009500 0.029622
v 0.032000 0.010000 0.028200
v 0.033174 0.010000 0.028386
v 0.035074 0.010000 0.029766
v 0.035614 0.010000 0.030826
v 0.035800 0.010000 0.032000
v 0.035614 0.010000 0.033174
v 0.035074 0.010000 0.034234
v 0.034516 0.010000 0.034792
v 0.034234 0.010000 0.035074
v 0.033174 0.010000 0.035614
v 0.032000 0.010000 0.035800
v 0.030826 0.010000 0.035614
v 0.029766 0.010000 0.035074
v 0.028926 0.010000 0.029766
v 0.029766 0.010000 0.028926
v 0.030826 0.010000 0.028386
v 0.031949 0.010000 0.028208
v -0.014500 0.010000 0.031000
v -0.014500 0.010000 0.030826
v 0.014500 0.010000 0.031000
v -0.014500 0.010000 0.025000
v 0.014500 0.010000 0.025000
v -0.040000 -0.003000 0.020000
v -0.040000 0.003000 0.020000
v -0.040000 -0.003000 -0.020000
v -0.040000 0.003000 -0.020000
v 0.040000 -0.003000 -0.020000
v 0.040000 0.003000 -0.020000
v 0.040000 -0.003000 0.020000
v 0.040000 0.003000 0.020000
v -0.032000 0.009580 -0.028350
v -0.030872 0.009580 -0.028529
v -0.029855 0.009580 -0.029047
v -0.029047 0.009580 -0.029855
v -0.028529 0.009580 -0.030872
v -0.028350 0.009580 -0.032000
v -0.028529 0.009580 -0.033128
v -0.029047 0.009580 -0.034145
v -0.029855 0.009580 -0.034953
v -0.030872 0.009580 -0.035471
v -0.032000 0.009580 -0.035650
v -0.033128 0.009580 -0.035471
v -0.034145 0.009580 -0.034953
v -0.034953 0.009580 -0.034145
v -0.035471 0.009580 -0.033128
v -0.035650 0.009580 -0.032000
v -0.035471 0.009580 -0.030872
v -0.034953 0.009580 -0.029855
v -0.034145 0.009580 -0.029047
v -0.033128 0.009580 -0.028529
v -0.032000 0.009580 -0.029450
v -0.031212 0.009580 -0.029575
v -0.030501 0.009580 -0.029937
v -0.029937 0.009580 -0.030501
v -0.029575 0.009580 -0.031212
v -0.029450 0.009580 -0.032000
v -0.029575 0.009580 -0.032788
v -0.029937 0.009580 -0.033499
v -0.030501 0.009580 -0.034063
v -0.031212 0.009580 -0.034425
v -0.032000 0.009580 -0.034550
v -0.032788 0.009580 -0.034425
v -0.033499 0.009580 -0.034063
v -0.034063 0.009580 -0.033499
v -0.034425 0.009580 -0.032788
v -0.034550 0.009580 -0.032000
v -0.034425 0.009580 -0.031212
v -0.034063 0.009580 -0.030501
v -0.033499 0.009580 -0.029937
v -0.032788 0.009580 -0.029575
v -0.032000 0.009880 -0.028350
v -0.030872 0.009880 -0.028529
v -0.029855 0.009880 -0.029047
v -0.029047 0.009880 -0.029855
v -0.028529 0.009880 -0.030872
v -0.028350 0.009880 -0.032000
v -0.028529 0.009880 -0.033128
v -0.029047 0.009880 -0.034145
v -0.029855 0.009880 -0.034953
v -0.030872 0.009880 -0.035471
v -0.032000 0.009880 -0.035650
v -0.033128 0.009880 -0.035471
v -0.034145 0.009880 -0.034953
v -0.034953 0.009880 -0.034145
v -0.035471 0.009880 -0.033128
v -0.035650 0.009880 -0.032000
v -0.035471 0.009880 -0.030872
v -0.034953 0.009880 -0.029855
v -0.034145 0.009880 -0.029047
v -0.033128 0.009880 -0.028529
v -0.032000 0.009880 -0.029450
v -0.031212 0.009880 -0.029575
v -0.030501 0.009880 -0.029937
v -0.029937 0.009880 -0.030501
v -0.029575 0.009880 -0.031212
v -0.029450 0.009880 -0.032000
v -0.029575 0.009880 -0.032788
v -0.029937 0.009880 -0.033499
v -0.030501 0.009880 -0.034063
v -0.031212 0.009880 -0.034425
v -0.032000 0.009880 -0.034550
v -0.032788 0.009880 -0.034425
v -0.033499 0.009880 -0.034063
v -0.034063 0.009880 -0.033499
v -0.034425 0.009880 -0.032788
v -0.034550 0.009880 -0.032000
v -0.034425 0.009880 -0.031212
v -0.034063 0.009880 -0.030501
v -0.033499 0.009880 -0.029937
v -0.032788 0.009880 -0.029575
v -0.032000 0.009580 0.035650
v -0.030872 0.009580 0.035471
v -0.029855 0.009580 0.034953
v -0.029047 0.009580 0.034145
v -0.028529 0.009580 0.033128
v -0.028350 0.009580 0.032000
v -0.028529 0.009580 0.030872
v -0.029047 0.009580 0.029855
v -0.029855 0.009580 0.029047
v -0.030872 0.009580 0.028529
v -0.032000 0.009580 0.028350
v -0.033128 0.009580 0.028529
v -0.034145 0.009580 0.029047
v -0.034953 0.009580 0.029855
v -0.035471 0.009580 0.030872
v -0.035650 0.009580 0.032000
v -0.035471 0.009580 0.033128
v -0.034953 0.009580 0.034145
v -0.034145 0.009580 0.034953
v -0.033128 0.009580 0.035471
v -0.032000 0.009580 0.034550
v -0.031212 0.009580 0.034425
v -0.030501 0.009580 0.034063
v -0.029937 0.009580 0.033499
v -0.029575 0.009580 0.032788
v -0.029450 0.009580 0.032000
v -0.029575 0.009580 0.031212
v -0.029937 0.009580 0.030501
v -0.030501 0.009580 0.029937
v -0.031212 0.009580 0.029575
v -0.032000 0.009580 0.029450
v -0.032788 0.009580 0.029575
v -0.033499 0.009580 0.029937
v -0.034063 0.009580 0.030501
v -0.034425 0.009580 0.031212
v -0.034550 0.009580 0.032000
v -0.034425 0.009580 0.032788
v -0.034063 0.009580 0.033499
v -0.033499 0.009580 0.034063
v -0.032788 0.009580 0.034425
v -0.032000 0.009880 0.035650
v -0.030872 0.009880 0.035471
v -0.029855 0.009880 0.034953
v -0.029047 0.009880 0.034145
v -0.028529 0.009880 0.033128
v -0.028350 0.009880 0.032000
v -0.028529 0.009880 0.030872
v -0.029047 0.009880 0.029855
v -0.029855 0.009880 0.029047
v -0.030872 0.009880 0.028529
v -0.032000 0.009880 0.028350
v -0.033128 0.009880 0.028529
v -0.034145 0.009880 0.029047
v -0.034953 0.009880 0.029855
v -0.035471 0.009880 0.030872
v -0.035650 0.009880 0.032000
v -0.035471 0.009880 0.033128
v -0.034953 0.009880 0.034145
v -0.034145 0.009880 0.034953
v -0.033128 0.009880 0.035471
v -0.032000 0.009880 0.034550
v -0.031212 0.009880 0.034425
v -0.030501 0.009880 0.034063
v -0.029937 0.009880 0.033499
v -0.029575 0.009880 0.032788
v -0.029450 0.009880 0.032000
v -0.029575 0.009880 0.031212
v -0.029937 0.009880 0.030501
v -0.030501 0.009880 0.029937
v -0.031212 0.009880 0.029575
v -0.032000 0.009880 0.029450
v -0.032788 0.009880 0.029575
v -0.033499 0.009880 0.029937
v -0.034063 0.009880 0.030501
v -0.034425 0.009880 0.031212
v -0.034550 0.009880 0.032000
v -0.034425 0.009880 0.032788
v -0.034063 0.009880 0.033499
v -0.033499 0.009880 0.034063
v -0.032788 0.009880 0.034425
v 0.032000 0.009580 -0.028350
v 0.033128 0.009580 -0.028529
v 0.034145 0.009580 -0.029047
v 0.034953 0.009580 -0.029855
v 0.035471 0.009580 -0.030872
v 0.035650 0.009580 -0.032000
v 0.035471 0.009580 -0.033128
v 0.034953 0.009580 -0.034145
v 0.034145 0.009580 -0.034953
v 0.033128 0.009580 -0.035471
v 0.032000 0.009580 -0.035650
v 0.030872 0.009580 -0.035471
v 0.029855 0.009580 -0.034953
v 0.029047 0.009580 -0.034145
v 0.028529 0.009580 -0.033128
v 0.028350 0.009580 -0.032000
v 0.028529 0.009580 -0.030872
v 0.029047 0.009580 -0.029855
v 0.029855 0.009580 -0.029047
v 0.030872 0.009580 -0.028529
v 0.032000 0.009580 -0.029450
v 0.032788 0.009580 -0.029575
v 0.033499 0.009580 -0.029937
v 0.034063 0.009580 -0.030501
v 0.034425 0.009580 -0.031212
v 0.034550 0.009580 -0.032000
v 0.034425 0.009580 -0.032788
v 0.034063 0.009580 -0.033499
v 0.033499 0.009580 -0.034063
v 0.032788 0.009580 -0.034425
v 0.032000 0.009580 -0.034550
v 0.031212 0.009580 -0.034425
v 0.030501 0.009580 -0.034063
v 0.029937 0.009580 -0.033499
v 0.029575 0.009580 -0.032788
v 0.029450 0.009580 -0.032000
v 0.029575 0.009580 -0.031212
v 0.029937 0.009580 -0.030501
v 0.030501 0.009580 -0.029937
v 0.031212 0.009580 -0.029575
v 0.032000 0.009880 -0.028350
v 0.033128 0.009880 -0.028529
v 0.034145 0.009880 -0.029047
v 0.034953 0.009880 -0.029855
v 0.035471 0.009880 -0.030872
v 0.035650 0.009880 -0.032000
v 0.035471 0.009880 -0.033128
v 0.034953 0.009880 -0.034145
v 0.034145 0.009880 -0.034953
v 0.033128 0.009880 -0.035471
v 0.032000 0.009880 -0.035650
v 0.030872 0.009880 -0.035471
v 0.029855 0.009880 -0.034953
v 0.029047 0.009880 -0.034145
v 0.028529 0.009880 -0.033128
v 0.028350 0.009880 -0.032000
v 0.028529 0.009880 -0.030872
v 0.029047 0.009880 -0.029855
v 0.029855 0.009880 -0.029047
v 0.030872 0.009880 -0.028529
v 0.032000 0.009880 -0.029450
v 0.032788 0.009880 -0.029575
v 0.033499 0.009880 -0.029937
v 0.034063 0.009880 -0.030501
v 0.034425 0.009880 -0.031212
v 0.034550 0.009880 -0.032000
v 0.034425 0.009880 -0.032788
v 0.034063 0.009880 -0.033499
v 0.033499 0.009880 -0.034063
v 0.032788 0.009880 -0.034425
v 0.032000 0.009880 -0.034550
v 0.031212 0.009880 -0.034425
v 0.030501 0.009880 -0.034063
v 0.029937 0.009880 -0.033499
v 0.029575 0.009880 -0.032788
v 0.029450 0.009880 -0.032000
v 0.029575 0.009880 -0.031212
v 0.029937 0.009880 -0.030501
v 0.030501 0.009880 -0.029937
v 0.031212 0.009880 -0.029575
v 0.032000 0.009580 0.035650
v 0.033128 0.009580 0.035471
v 0.034145 0.009580 0.034953
v 0.034953 0.009580 0.034145
v 0.035471 0.009580 0.033128
v 0.035650 0.009580 0.032000
v 0.035471 0.009580 0.030872
v 0.034953 0.009580 0.029855
v 0.034145 0.009580 0.029047
v 0.033128 0.009580 0.028529
v 0.032000 0.009580 0.028350
v 0.030872 0.009580 0.028529
v 0.029855 0.009580 0.029047
v 0.029047 0.009580 0.029855
v 0.028529 0.009580 0.030872
v 0.028350 0.009580 0.032000
v 0.028529 0.009580 0.033128
v 0.029047 0.009580 0.034145
v 0.029855 0.009580 0.034953
v 0.030872 0.009580 0.035471
v 0.032000 0.009580 0.034550
v 0.032788 0.009580 0.034425
v 0.033499 0.009580 0.034063
v 0.034063 0.009580 0.033499
v 0.034425 0.009580 0.032788
v 0.034550 0.009580 0.032000
v 0.034425 0.009580 0.031212
v 0.034063 0.009580 0.030501
v 0.033499 0.009580 0.029937
v 0.032788 0.009580 0.029575
v 0.032000 0.009580 0.029450
v 0.031212 0.009580 0.029575
v 0.030501 0.009580 0.029937
v 0.029937 0.009580 0.030501
v 0.029575 0.009580 0.031212
v 0.029450 0.009580 0.032000
v 0.029575 0.009580 0.032788
v 0.029937 0.009580 0.033499
v 0.030501 0.009580 0.034063
v 0.031212 0.009580 0.034425
v 0.032000 0.009880 0.035650
v 0.033128 0.009880 0.035471
v 0.034145 0.009880 0.034953
v 0.034953 0.009880 0.034145
v 0.035471 0.009880 0.033128
v 0.035650 0.009880 0.032000
v 0.035471 0.009880 0.030872
v 0.034953 0.009880 0.029855
v 0.034145 0.009880 0.029047
v 0.033128 0.009880 0.028529
v 0.032000 0.009880 0.028350
v 0.030872 0.009880 0.028529
v 0.029855 0.009880 0.029047
v 0.029047 0.009880 0.029855
v 0.028529 0.009880 0.030872
v 0.028350 0.009880 0.032000
v 0.028529 0.009880 0.033128
v 0.029047 0.009880 0.034145
v 0.029855 0.009880 0.034953
v 0.030872 0.009880 0.035471
v 0.032000 0.009880 0.034550
v 0.032788 0.009880 0.034425
v 0.033499 0.009880 0.034063
v 0.034063 0.009880 0.033499
v 0.034425 0.009880 0.032788
v 0.034550 0.009880 0.032000
v 0.034425 0.009880 0.031212
v 0.034063 0.009880 0.030501
v 0.033499 0.009880 0.029937
v 0.032788 0.009880 0.029575
v 0.032000 0.009880 0.029450
v 0.031212 0.009880 0.029575
v 0.030501 0.009880 0.029937
v 0.029937 0.009880 0.030501
v 0.029575 0.009880 0.031212
v 0.029450 0.009880 0.032000
v 0.029575 0.009880 0.032788
v 0.029937 0.009880 0.033499
v 0.030501 0.009880 0.034063
v 0.031212 0.009880 0.034425
v -0.014400 0.009400 0.030900
v -0.014400 0.009600 0.030900
v -0.014400 0.009400 0.025100
v -0.014400 0.009600 0.025100
v 0.014400 0.009400 0.030900
v 0.014400 0.009600 0.030900
v 0.014400 0.009400 0.025100
v 0.014400 0.009600 0.025100
v -0.010500 0.009620 0.028550
v -0.010500 0.009780 0.028550
v -0.010500 0.009620 0.027450
v -0.010500 0.009780 0.027450
v 0.010500 0.009620 0.028550
v 0.010500 0.009780 0.028550
v 0.010500 0.009620 0.027450
v 0.010500 0.009780 0.027450
v -0.039600 -0.002900 0.019900
v -0.039600 0.002900 0.019900
v -0.039600 -0.002900 -0.019900
v -0.039600 0.002900 -0.019900
v -0.039400 -0.002900 0.019900
v -0.039400 0.002900 0.019900
v -0.039400 -0.002900 -0.019900
v -0.039400 0.002900 -0.019900
v -0.039800 -0.002000 -0.011250
v -0.039800 0.002000 -0.011250
v -0.039800 -0.002000 -0.012750
v -0.039800 0.002000 -0.012750
v -0.039600 -0.002000 -0.011250
v -0.039600 0.002000 -0.011250
v -0.039600 -0.002000 -0.012750
v -0.039600 0.002000 -0.012750
v -0.039800 -0.002000 0.000750
v -0.039800 0.002000 0.000750
v -0.039800 -0.002000 -0.000750
v -0.039800 0.002000 -0.000750
v -0.039600 -0.002000 0.000750
v -0.039600 0.002000 0.000750
v -0.039600 -0.002000 -0.000750
v -0.039600 0.002000 -0.000750
v -0.039800 -0.002000 0.012750
v -0.039800 0.002000 0.012750
v -0.039800 -0.002000 0.011250
v -0.039800 0.002000 0.011250
v -0.039600 -0.002000 0.012750
v -0.039600 0.002000 0.012750
v -0.039600 -0.002000 0.011250
v -0.039600 0.002000 0.011250
v 0.039400 -0.002900 0.019900
v 0.039400 0.002900 0.019900
v 0.039400 -0.002900 -0.019900
v 0.039400 0.002900 -0.019900
v 0.039600 -0.002900 0.019900
v 0.039600 0.002900 0.019900
v 0.039600 -0.002900 -0.019900
v 0.039600 0.002900 -0.019900
v 0.039600 -0.002000 -0.011250
v 0.039600 0.002000 -0.011250
v 0.039600 -0.002000 -0.012750
v 0.039600 0.002000 -0.012750
v 0.039800 -0.002000 -0.011250
v 0.039800 0.002000 -0.011250
v 0.039800 -0.002000 -0.012750
v 0.039800 0.002000 -0.012750
v 0.039600 -0.002000 0.000750
v 0.039600 0.002000 0.000750
v 0.039600 -0.002000 -0.000750
v 0.039600 0.002000 -0.000750
v 0.039800 -0.002000 0.000750
v 0.039800 0.002000 0.000750
v 0.039800 -0.002000 -0.000750
v 0.039800 0.002000 -0.000750
v 0.039600 -0.002000 0.012750
v 0.039600 0.002000 0.012750
v 0.039600 -0.002000 0.011250
v 0.039600 0.002000 0.011250
v 0.039800 -0.002000 0.012750
v 0.039800 0.002000 0.012750
v 0.039800 -0.002000 0.011250
v 0.039800 0.002000 0.011250
vn -0.2492 -0.9318 0.2638
vn -0.2176 -0.6902 0.6902
vn -0.2638 -0.2492 0.9319
vn -0.6902 -0.2176 0.6902
vn -0.9319 -0.2638 0.2492
vn -0.6902 -0.6902 0.2176
vn -0.5774 -0.5773 0.5773
vn -0.2492 0.2638 0.9319
vn -0.2175 0.6902 0.6902
vn -0.2638 0.9319 0.2492
vn -0.6902 0.6902 0.2176
vn -0.9319 0.2492 0.2638
vn -0.6902 0.2176 0.6902
vn -0.5774 0.5773 0.5773
vn -0.2638 -0.9319 -0.2492
vn -0.6902 -0.6902 -0.2176
vn -0.9319 -0.2492 -0.2638
vn -0.6902 -0.2176 -0.6902
vn -0.2492 -0.2638 -0.9319
vn -0.2175 -0.6902 -0.6902
vn -0.5774 -0.5773 -0.5773
vn -0.2492 0.9318 -0.2638
vn -0.2176 0.6902 -0.6902
vn -0.2638 0.2492 -0.9319
vn -0.6902 0.2176 -0.6902
vn -0.9319 0.2638 -0.2492
vn -0.6902 0.6902 -0.2176
vn -0.5774 0.5773 -0.5773
vn 0.2638 -0.9319 0.2492
vn 0.6902 -0.6902 0.2176
vn 0.9319 -0.2492 0.2638
vn 0.6902 -0.2176 0.6902
vn 0.2492 -0.2638 0.9319
vn 0.2175 -0.6902 0.6902
vn 0.5774 -0.5773 0.5773
vn 0.2492 0.9318 0.2638
vn 0.2176 0.6902 0.6902
vn 0.2638 0.2492 0.9319
vn 0.6902 0.2176 0.6902
vn 0.9319 0.2638 0.2492
vn 0.6902 0.6902 0.2176
vn 0.5774 0.5773 0.5773
vn 0.2492 -0.9318 -0.2638
vn 0.2176 -0.6902 -0.6902
vn 0.2638 -0.2492 -0.9319
vn 0.6902 -0.2176 -0.6902
vn 0.9319 -0.2638 -0.2492
vn 0.6902 -0.6902 -0.2176
vn 0.5774 -0.5773 -0.5773
vn 0.2638 0.9319 -0.2492
vn 0.6902 0.6902 -0.2176
vn 0.9319 0.2492 -0.2638
vn 0.6902 0.2176 -0.6902
vn 0.2492 0.2638 -0.9319
vn 0.2175 0.6902 -0.6902
vn 0.5774 0.5773 -0.5773
vn -0.2583 -0.9661 -0.0000
vn -0.7071 -0.7071 -0.0000
vn -0.9661 -0.2583 -0.0000
vn -0.2583 -0.0000 0.9661
vn -0.7071 -0.0000 0.7071
vn -0.9661 -0.0000 0.2583
vn -0.2583 0.9661 -0.0000
vn -0.7071 0.7071 -0.0000
vn -0.9661 0.2583 -0.0000
vn -0.2583 -0.0000 -0.9661
vn -0.7071 -0.0000 -0.7071
vn -0.9661 -0.0000 -0.2583
vn -0.0000 -0.9661 -0.2583
vn -0.0000 -0.7071 -0.7071
vn -0.0000 -0.2583 -0.9661
vn -0.0000 0.9661 -0.2583
vn -0.0000 0.7071 -0.7071
vn -0.0000 0.2583 -0.9661
vn 0.9661 -0.0000 -0.2583
vn 0.7071 -0.0000 -0.7071
vn 0.2583 -0.0000 -0.9661
vn 0.2583 -0.9661 -0.0000
vn 0.7071 -0.7071 -0.0000
vn 0.9661 -0.2583 -0.0000
vn 0.2583 0.9661 -0.0000
vn 0.7071 0.7071 -0.0000
vn 0.9661 0.2583 -0.0000
vn 0.2583 -0.0000 0.9661
vn 0.7071 -0.0000 0.7071
vn 0.9661 -0.0000 0.2583
vn -0.0000 -0.9661 0.2583
vn -0.0000 -0.7071 0.7071
vn -0.0000 -0.2583 0.9661
vn -0.0000 0.9661 0.2583
vn -0.0000 0.7071 0.7071
vn -0.0000 0.2583 0.9661
vn -0.0000 -1.0000 -0.0000
vn -1.0000 -0.0000 -0.0000
vn -0.0000 -0.0000 1.0000
vn -0.0000 1.0000 -0.0000
vn -0.0000 -0.0000 -1.0000
vn 1.0000 -0.0000 -0.0000
vn -0.1559 -0.0000 0.9878
vn -0.4544 -0.0000 0.8908
vn -0.8908 -0.0000 0.4544
vn -0.9878 -0.0000 0.1559
vn -0.9878 -0.0000 -0.1559
vn -0.8908 -0.0000 -0.4544
vn -0.4544 -0.0000 -0.8908
vn -0.1559 -0.0000 -0.9878
vn 0.1559 -0.0000 -0.9878
vn 0.4544 -0.0000 -0.8908
vn 0.8908 -0.0000 -0.4544
vn 0.9878 -0.0000 -0.1559
vn 0.9878 -0.0000 0.1559
vn 0.8908 -0.0000 0.4544
vn 0.4544 -0.0000 0.8908
vn 0.1559 -0.0000 0.9878
vn -0.7071 -0.0000 -0.7072
vn 0.1445 -0.3836 -0.9121
vn 0.0599 -0.9239 -0.3779
vn 0.1446 0.3832 -0.9123
vn 0.0599 0.9239 -0.3780
vn 0.4191 -0.3834 -0.8230
vn 0.1740 -0.9238 -0.3411
vn 0.4192 0.3829 -0.8232
vn 0.1736 0.9241 -0.3404
vn 0.6532 -0.3831 -0.6532
vn 0.2703 -0.9241 -0.2703
vn 0.6532 0.3831 -0.6532
vn 0.2703 0.9241 -0.2703
vn 0.8232 -0.3829 -0.4192
vn 0.3404 -0.9241 -0.1736
vn 0.8230 0.3834 -0.4191
vn 0.3411 0.9238 -0.1739
vn 0.9123 -0.3832 -0.1446
vn 0.3780 -0.9239 -0.0599
vn 0.9121 0.3835 -0.1445
vn 0.3780 0.9239 -0.0599
vn 0.9121 -0.3835 0.1445
vn 0.3780 -0.9239 0.0599
vn 0.9123 0.3832 0.1446
vn 0.3780 0.9239 0.0599
vn 0.8230 -0.3834 0.4191
vn 0.3411 -0.9238 0.1739
vn 0.8232 0.3829 0.4192
vn 0.3404 0.9241 0.1736
vn 0.6532 -0.3831 0.6532
vn 0.2703 -0.9241 0.2703
vn 0.6532 0.3831 0.6532
vn 0.2703 0.9241 0.2703
vn 0.4192 -0.3829 0.8232
vn 0.1736 -0.9241 0.3404
vn 0.4191 0.3834 0.8230
vn 0.1740 0.9238 0.3411
vn 0.1446 -0.3832 0.9123
vn 0.0599 -0.9239 0.3780
vn 0.1445 0.3836 0.9121
vn 0.0599 0.9239 0.3780
vn -0.1445 -0.3835 0.9121
vn -0.0599 -0.9239 0.3780
vn -0.1446 0.3832 0.9123
vn -0.0599 0.9239 0.3780
vn -0.4191 -0.3834 0.8230
vn -0.1739 -0.9238 0.3411
vn -0.4192 0.3829 0.8232
vn -0.1736 0.9241 0.3404
vn -0.6532 -0.3831 0.6532
vn -0.2703 -0.9241 0.2703
vn -0.6532 0.3831 0.6532
vn -0.2703 0.9241 0.2703
vn -0.8232 -0.3829 0.4192
vn -0.3404 -0.9241 0.1736
vn -0.8230 0.3834 0.4191
vn -0.3411 0.9238 0.1739
vn -0.9123 -0.3832 0.1446
vn -0.3780 -0.9239 0.0599
vn -0.9121 0.3836 0.1445
vn -0.3780 0.9239 0.0599
vn -0.9121 -0.3835 -0.1445
vn -0.3780 -0.9239 -0.0599
vn -0.9123 0.3832 -0.1446
vn -0.3780 0.9239 -0.0599
vn -0.8230 -0.3834 -0.4191
vn -0.3411 -0.9238 -0.1740
vn -0.8232 0.3829 -0.4192
vn -0.3404 0.9241 -0.1736
vn -0.6532 -0.3831 -0.6532
vn -0.2703 -0.9241 -0.2703
vn -0.6532 0.3831 -0.6532
vn -0.2703 0.9241 -0.2703
vn -0.4192 -0.3829 -0.8232
vn -0.1736 -0.9241 -0.3404
vn -0.4191 0.3834 -0.8230
vn -0.1740 0.9238 -0.3411
vn -0.1446 -0.3832 -0.9123
vn -0.0599 -0.9239 -0.3780
vn -0.1445 0.3835 -0.9121
vn -0.0599 0.9239 -0.3779
vn 0.1566 -0.0000 -0.9877
vn -0.1566 -0.0000 -0.9877
vn 0.4539 -0.0000 -0.8910
vn 0.8910 -0.0000 -0.4539
vn 0.9877 -0.0000 -0.1566
vn 0.9877 -0.0000 0.1566
vn 0.8910 -0.0000 0.4539
vn 0.4539 -0.0000 0.8910
vn 0.1566 -0.0000 0.9877
vn -0.1566 -0.0000 0.9877
vn -0.4539 -0.0000 0.8910
vn -0.8910 -0.0000 0.4539
vn -0.9877 -0.0000 0.1566
vn -0.9877 -0.0000 -0.1566
vn -0.8910 -0.0000 -0.4539
vn -0.4539 -0.0000 -0.8910
vn 0.0599 -0.9239 -0.3780
vn 0.1739 -0.9238 -0.3411
vn 0.6531 0.3831 -0.6532
vn 0.0599 0.9239 0.3779
vn -0.0599 -0.9239 0.3779
vn -0.1740 -0.9238 0.3411
vn -0.3411 0.9238 0.1740
vn -0.9121 0.3835 0.1445
vn -0.3411 -0.9238 -0.1739
vn -0.0599 0.9239 -0.3780
vn 0.1445 -0.3835 -0.9121
vn 0.3411 0.9238 -0.1740
vn 0.1445 0.3835 0.9121
vn -0.1445 -0.3836 0.9121
vn -0.6531 0.3831 0.6532
vn -0.1445 0.3836 -0.9121
vn 0.9121 0.3836 -0.1445
vn 0.3411 -0.9238 0.1740
vn -0.1565 -0.0000 0.9877
vn -0.9877 -0.0000 0.1565
vn -0.9877 -0.0000 -0.1565
vn -0.8904 0.0032 -0.4551
vn -0.1568 -0.0007 -0.9876
vn 0.1565 -0.0000 -0.9877
vn 0.9877 -0.0000 -0.1565
vn 0.9877 -0.0000 0.1565
vn 0.1565 -0.0000 0.9877
vn -0.1562 -0.0006 0.9877
vn -0.1565 -0.0000 -0.9877
vn 0.9877 -0.0000 -0.1564
vn 0.9877 0.0003 0.1566
vn 0.9876 -0.0015 -0.1571
vn 0.1550 0.0038 0.9879
vn 0.1567 -0.0000 0.9876
vn -0.1567 -0.0000 -0.9877
vn 0.4539 -0.0000 0.8911
vn -0.4537 -0.0000 -0.8911
vn 0.8911 -0.0000 0.4539
vn -0.8911 -0.0000 -0.4537
vn 0.9876 -0.0000 0.1567
vn -0.9877 -0.0000 -0.1567
vn 0.9876 -0.0000 -0.1567
vn -0.9877 -0.0000 0.1567
vn 0.8911 -0.0000 -0.4539
vn -0.8911 -0.0000 0.4537
vn 0.4539 -0.0000 -0.8911
vn -0.4537 -0.0000 0.8911
vn 0.1567 -0.0000 -0.9876
vn -0.1567 -0.0000 0.9877
vn -0.1567 -0.0000 -0.9876
vn 0.1567 -0.0000 0.9877
vn -0.4539 -0.0000 -0.8911
vn 0.4537 -0.0000 0.8911
vn -0.8911 -0.0000 -0.4539
vn 0.8911 -0.0000 0.4537
vn -0.9876 -0.0000 -0.1567
vn 0.9877 -0.0000 0.1567
vn -0.9876 -0.0000 0.1567
vn 0.9877 -0.0000 -0.1567
vn -0.8911 -0.0000 0.4539
vn 0.8911 -0.0000 -0.4537
vn -0.4539 -0.0000 0.8911
vn 0.4537 -0.0000 -0.8911
vn -0.1567 -0.0000 0.9876
vn 0.1567 -0.0000 -0.9877
vn -0.2638 -0.9319 0.2492
vn -0.2175 -0.6902 0.6902
vn -0.2492 -0.2638 0.9319
vn -0.6902 -0.2175 0.6902
vn -0.9319 -0.2492 0.2638
vn -0.2638 0.2492 0.9319
vn -0.2176 0.6902 0.6902
vn -0.2492 0.9318 0.2638
vn -0.9319 0.2638 0.2492
vn -0.2492 -0.9318 -0.2638
vn -0.9319 -0.2638 -0.2492
vn -0.2638 -0.2492 -0.9319
vn -0.2176 -0.6902 -0.6902
vn -0.2638 0.9319 -0.2492
vn -0.2175 0.6902 -0.6902
vn -0.2492 0.2638 -0.9319
vn -0.6902 0.2175 -0.6902
vn -0.9319 0.2492 -0.2638
vn 0.2492 -0.9318 0.2638
vn 0.9319 -0.2638 0.2492
vn 0.2638 -0.2492 0.9319
vn 0.2176 -0.6902 0.6902
vn 0.2638 0.9319 0.2492
vn 0.2175 0.6902 0.6902
vn 0.2492 0.2638 0.9319
vn 0.6902 0.2175 0.6902
vn 0.9319 0.2492 0.2638
vn 0.2638 -0.9319 -0.2492
vn 0.2175 -0.6902 -0.6902
vn 0.2492 -0.2638 -0.9319
vn 0.6902 -0.2175 -0.6902
vn 0.9319 -0.2492 -0.2638
vn 0.2492 0.9318 -0.2638
vn 0.9319 0.2638 -0.2492
vn 0.2638 0.2492 -0.9319
vn 0.2176 0.6902 -0.6902
vn 0.1447 -0.3832 -0.9123
vn 0.1446 0.3835 -0.9121
vn 0.4193 -0.3829 -0.8231
vn 0.1734 -0.9241 -0.3405
vn 0.4192 0.3834 -0.8230
vn 0.1737 0.9238 -0.3412
vn 0.6532 0.3831 -0.6531
vn 0.8230 -0.3834 -0.4192
vn 0.3412 -0.9238 -0.1737
vn 0.8231 0.3829 -0.4193
vn 0.3405 0.9241 -0.1734
vn 0.9121 -0.3835 -0.1446
vn 0.9123 0.3832 -0.1447
vn 0.9123 -0.3832 0.1447
vn 0.9121 0.3835 0.1446
vn 0.8231 -0.3829 0.4193
vn 0.3405 -0.9241 0.1734
vn 0.8230 0.3834 0.4192
vn 0.3412 0.9238 0.1737
vn 0.4192 -0.3834 0.8230
vn 0.1737 -0.9238 0.3412
vn 0.4193 0.3829 0.8231
vn 0.1734 0.9241 0.3405
vn 0.1446 -0.3835 0.9121
vn 0.1447 0.3832 0.9123
vn -0.1447 -0.3832 0.9123
vn -0.1446 0.3835 0.9121
vn -0.4193 -0.3829 0.8231
vn -0.1734 -0.9241 0.3405
vn -0.4192 0.3834 0.8230
vn -0.1737 0.9238 0.3412
vn -0.8229 -0.3834 0.4192
vn -0.3412 -0.9238 0.1737
vn -0.8231 0.3829 0.4193
vn -0.3405 0.9241 0.1734
vn -0.9121 -0.3835 0.1446
vn -0.9123 0.3832 0.1447
vn -0.9123 -0.3832 -0.1447
vn -0.9121 0.3835 -0.1446
vn -0.3779 0.9239 -0.0599
vn -0.8231 -0.3829 -0.4193
vn -0.3405 -0.9241 -0.1734
vn -0.8230 0.3834 -0.4192
vn -0.3412 0.9238 -0.1737
vn -0.4192 -0.3834 -0.8230
vn -0.1737 -0.9238 -0.3412
vn -0.4193 0.3829 -0.8231
vn -0.1734 0.9241 -0.3405
vn -0.1446 -0.3836 -0.9121
vn -0.1447 0.3832 -0.9123
vn 0.4192 0.3834 -0.8229
vn 0.8229 -0.3834 -0.4192
vn 0.6532 -0.3831 0.6531
vn -0.1446 0.3836 0.9121
vn -0.8230 -0.3834 0.4192
vn -0.3779 -0.9239 0.0599
vn -0.1446 -0.3835 -0.9121
vn 0.1446 0.3836 -0.9121
vn 0.3779 -0.9239 -0.0599
vn -0.4192 0.3834 0.8229
vn -0.6532 -0.3831 -0.6531
vn 0.3779 0.9239 0.0599
vn 0.1446 -0.3836 0.9121
vn -0.6532 0.3831 0.6531
vn -0.8912 -0.0000 -0.4535
vn -0.1560 -0.0000 -0.9878
vn 0.0001 1.0000 -0.0000
vn -0.1737 -0.0000 0.9848
vn 0.9877 -0.0000 0.1563
s 0
usemtl BaseBody
f 17//1 43//1 39//1
f 31//2 57//2 43//2
f 22//3 57//3 53//3
f 48//4 73//4 57//4
f 30//5 73//5 66//5
f 62//6 43//6 73//6
f 73//7 43//7 57//7
f 77//8 92//8 88//8
f 86//9 100//9 92//9
f 78//10 100//10 97//10
f 94//11 106//11 100//11
f 82//12 106//12 103//12
f 102//13 92//13 106//13
f 106//14 92//14 100//14
f 108//15 117//15 115//15
f 114//16 121//16 117//16
f 111//17 121//17 120//17
f 119//18 126//18 121//18
f 112//19 126//19 124//19
f 123//20 117//20 126//20
f 121//21 126//21 117//21
f 127//22 134//22 133//22
f 132//23 137//23 134//23
f 129//24 137//24 136//24
f 135//25 140//25 137//25
f 130//26 140//26 139//26
f 138//27 134//27 140//27
f 140//28 134//28 137//28
f 141//29 146//29 145//29
f 144//30 149//30 146//30
f 142//31 149//31 148//31
f 147//32 152//32 149//32
f 143//33 152//33 151//33
f 150//34 146//34 152//34
f 152//35 146//35 149//35
f 153//36 158//36 157//36
f 156//37 161//37 158//37
f 154//38 161//38 160//38
f 159//39 164//39 161//39
f 155//40 164//40 163//40
f 162//41 158//41 164//41
f 158//42 161//42 164//42
f 165//43 170//43 169//43
f 168//44 173//44 170//44
f 166//45 173//45 172//45
f 171//46 176//46 173//46
f 167//47 176//47 175//47
f 174//48 170//48 176//48
f 173//49 176//49 170//49
f 177//50 182//50 181//50
f 180//51 185//51 182//51
f 178//52 185//52 184//52
f 183//53 188//53 185//53
f 179//54 188//54 187//54
f 186//55 182//55 188//55
f 182//56 185//56 188//56
f 108//57 39//57 114//57
f 114//58 62//58 120//58
f 120//59 30//59 111//59
f 22//60 88//60 48//60
f 48//61 102//61 66//61
f 66//62 82//62 30//62
f 78//63 133//63 94//63
f 94//64 138//64 103//64
f 103//65 130//65 82//65
f 129//66 124//66 135//66
f 135//67 119//67 139//67
f 139//68 111//68 130//68
f 165//69 115//69 168//69
f 168//70 123//70 172//70
f 172//71 112//71 166//71
f 127//72 181//72 132//72
f 132//73 186//73 136//73
f 136//74 179//74 129//74
f 178//75 175//75 183//75
f 183//76 171//76 187//76
f 187//77 166//77 179//77
f 141//78 169//78 144//78
f 144//79 174//79 148//79
f 148//80 167//80 142//80
f 177//81 157//81 180//81
f 180//82 162//82 184//82
f 184//83 155//83 178//83
f 154//84 151//84 159//84
f 159//85 147//85 163//85
f 163//86 142//86 155//86
f 17//87 145//87 31//87
f 31//88 150//88 53//88
f 53//89 143//89 22//89
f 153//90 97//90 156//90
f 156//91 86//91 160//91
f 160//92 77//92 154//92
f 235//93 234//93 192//93
f 263//93 238//93 237//93
f 229//93 197//93 232//93
f 208//93 223//93 221//93
f 17//93 108//93 200//93
f 82//94 934//94 932//94
f 111//94 933//94 130//94
f 143//95 77//95 22//95
f 835//96 790//96 791//96
f 879//96 782//96 783//96
f 800//96 926//96 927//96
f 875//96 876//96 909//96
f 778//96 779//96 881//96
f 833//96 78//96 832//96
f 785//96 838//96 839//96
f 112//97 179//97 166//97
f 178//98 938//98 936//98
f 142//98 935//98 937//98
f 755//99 193//99 756//99
f 756//100 192//100 757//100
f 757//61 199//61 758//61
f 199//101 759//101 758//101
f 198//102 760//102 759//102
f 196//103 761//103 760//103
f 197//104 762//104 761//104
f 195//67 763//67 762//67
f 207//105 764//105 763//105
f 208//106 765//106 764//106
f 209//107 766//107 765//107
f 205//108 767//108 766//108
f 206//76 768//76 767//76
f 768//109 200//109 769//109
f 769//110 201//110 770//110
f 770//111 204//111 771//111
f 771//112 202//112 772//112
f 202//85 189//85 773//85
f 773//113 191//113 774//113
f 774//114 194//114 755//114
f 775//230 25//230 776//230
f 776//206 36//206 777//206
f 36//61 753//61 777//61
f 753//207 59//207 754//207
f 59//231 778//231 754//231
f 70//232 779//232 778//232
f 781//233 74//233 780//233
f 83//67 782//67 780//67
f 91//211 783//211 782//211
f 784//234 96//234 785//234
f 785//235 105//235 787//235
f 105//198 788//198 787//198
f 109//76 789//76 788//76
f 789//199 116//199 790//199
f 790//236 118//236 791//236
f 791//237 122//237 792//237
f 792//202 125//202 793//202
f 125//85 794//85 795//85
f 794//203 131//203 796//203
f 796//238 2//238 775//238
f 131//96 774//96 755//96
f 105//96 83//96 764//96
f 17//277 31//277 43//277
f 31//278 53//278 57//278
f 22//279 48//279 57//279
f 48//280 66//280 73//280
f 30//281 62//281 73//281
f 62//6 39//6 43//6
f 77//282 86//282 92//282
f 86//283 97//283 100//283
f 78//284 94//284 100//284
f 94//11 103//11 106//11
f 82//285 102//285 106//285
f 102//13 88//13 92//13
f 108//286 114//286 117//286
f 114//16 120//16 121//16
f 111//287 119//287 121//287
f 119//18 124//18 126//18
f 112//288 123//288 126//288
f 123//289 115//289 117//289
f 127//290 132//290 134//290
f 132//291 136//291 137//291
f 129//292 135//292 137//292
f 135//293 139//293 140//293
f 130//294 138//294 140//294
f 138//27 133//27 134//27
f 141//295 144//295 146//295
f 144//30 148//30 149//30
f 142//296 147//296 149//296
f 147//32 151//32 152//32
f 143//297 150//297 152//297
f 150//298 145//298 146//298
f 153//299 156//299 158//299
f 156//300 160//300 161//300
f 154//301 159//301 161//301
f 159//302 163//302 164//302
f 155//303 162//303 164//303
f 162//41 157//41 158//41
f 165//304 168//304 170//304
f 168//305 172//305 173//305
f 166//306 171//306 173//306
f 171//307 175//307 176//307
f 167//308 174//308 176//308
f 174//48 169//48 170//48
f 177//309 180//309 182//309
f 180//51 184//51 185//51
f 178//310 183//310 185//310
f 183//53 187//53 188//53
f 179//311 186//311 188//311
f 186//312 181//312 182//312
f 108//57 17//57 39//57
f 114//58 39//58 62//58
f 120//59 62//59 30//59
f 22//60 77//60 88//60
f 48//61 88//61 102//61
f 66//62 102//62 82//62
f 78//63 127//63 133//63
f 94//64 133//64 138//64
f 103//65 138//65 130//65
f 129//66 112//66 124//66
f 135//67 124//67 119//67
f 139//68 119//68 111//68
f 165//69 108//69 115//69
f 168//70 115//70 123//70
f 172//71 123//71 112//71
f 127//72 177//72 181//72
f 132//73 181//73 186//73
f 136//74 186//74 179//74
f 178//75 167//75 175//75
f 183//76 175//76 171//76
f 187//77 171//77 166//77
f 141//78 165//78 169//78
f 144//79 169//79 174//79
f 148//80 174//80 167//80
f 177//81 153//81 157//81
f 180//82 157//82 162//82
f 184//83 162//83 155//83
f 154//84 143//84 151//84
f 159//85 151//85 147//85
f 163//86 147//86 142//86
f 17//87 141//87 145//87
f 31//88 145//88 150//88
f 53//89 150//89 143//89
f 153//90 78//90 97//90
f 156//91 97//91 86//91
f 160//92 86//92 77//92
f 190//93 189//93 108//93
f 165//93 241//93 242//93
f 165//93 242//93 244//93
f 191//93 190//93 108//93
f 194//93 191//93 108//93
f 165//93 244//93 250//93
f 165//93 250//93 239//93
f 194//93 108//93 165//93
f 193//93 194//93 165//93
f 193//93 165//93 239//93
f 232//93 199//93 192//93
f 192//93 193//93 239//93
f 192//93 239//93 236//93
f 234//93 232//93 192//93
f 192//93 236//93 235//93
f 249//93 241//93 165//93
f 141//93 264//93 265//93
f 141//93 265//93 267//93
f 246//93 249//93 165//93
f 245//93 246//93 165//93
f 141//93 267//93 266//93
f 141//93 266//93 268//93
f 245//93 165//93 141//93
f 248//93 245//93 141//93
f 248//93 141//93 268//93
f 247//93 248//93 268//93
f 247//93 268//93 271//93
f 240//93 247//93 271//93
f 240//93 271//93 261//93
f 243//93 240//93 261//93
f 263//93 272//93 231//93
f 243//93 261//93 263//93
f 251//93 243//93 263//93
f 263//93 231//93 233//93
f 263//93 233//93 238//93
f 237//93 251//93 263//93
f 270//93 264//93 141//93
f 17//93 210//93 212//93
f 17//93 212//93 211//93
f 262//93 270//93 141//93
f 269//93 262//93 141//93
f 17//93 211//93 213//93
f 17//93 213//93 214//93
f 269//93 141//93 17//93
f 256//93 269//93 17//93
f 256//93 17//93 214//93
f 258//93 256//93 214//93
f 258//93 214//93 220//93
f 254//93 258//93 220//93
f 254//93 220//93 215//93
f 252//93 254//93 215//93
f 252//93 215//93 218//93
f 253//93 252//93 218//93
f 253//93 218//93 217//93
f 255//93 253//93 217//93
f 255//93 217//93 219//93
f 260//93 255//93 219//93
f 260//93 219//93 216//93
f 259//93 260//93 216//93
f 259//93 216//93 228//93
f 231//93 272//93 257//93
f 257//93 259//93 228//93
f 229//93 226//93 207//93
f 257//93 228//93 229//93
f 232//93 231//93 257//93
f 198//93 199//93 232//93
f 196//93 198//93 232//93
f 232//93 257//93 229//93
f 229//93 207//93 195//93
f 197//93 196//93 232//93
f 229//93 195//93 197//93
f 224//93 210//93 17//93
f 17//93 209//93 208//93
f 208//93 207//93 226//93
f 208//93 226//93 227//93
f 222//93 224//93 17//93
f 221//93 222//93 17//93
f 208//93 227//93 230//93
f 208//93 230//93 225//93
f 221//93 17//93 208//93
f 208//93 225//93 223//93
f 205//93 209//93 17//93
f 108//93 189//93 202//93
f 108//93 202//93 204//93
f 206//93 205//93 17//93
f 203//93 206//93 17//93
f 108//93 204//93 201//93
f 200//93 203//93 17//93
f 108//93 201//93 200//93
f 932//94 931//94 30//94
f 82//94 130//94 934//94
f 932//94 30//94 82//94
f 111//94 30//94 931//94
f 933//94 934//94 130//94
f 111//94 931//94 933//94
f 143//95 154//95 77//95
f 793//96 795//96 127//96
f 78//96 834//96 835//96
f 835//96 836//96 786//96
f 835//96 786//96 787//96
f 127//96 78//96 835//96
f 792//96 793//96 127//96
f 791//96 792//96 127//96
f 835//96 787//96 788//96
f 835//96 788//96 789//96
f 791//96 127//96 835//96
f 835//96 789//96 790//96
f 830//96 831//96 78//96
f 153//96 916//96 917//96
f 153//96 917//96 918//96
f 829//96 830//96 78//96
f 828//96 829//96 78//96
f 153//96 918//96 919//96
f 78//96 153//96 919//96
f 828//96 78//96 919//96
f 828//96 919//96 920//96
f 827//96 828//96 920//96
f 827//96 920//96 921//96
f 826//96 827//96 921//96
f 826//96 921//96 884//96
f 797//96 826//96 884//96
f 797//96 884//96 885//96
f 926//96 799//96 798//96
f 798//96 797//96 885//96
f 798//96 885//96 886//96
f 928//96 926//96 798//96
f 928//96 798//96 886//96
f 928//96 886//96 887//96
f 930//96 928//96 887//96
f 930//96 887//96 922//96
f 800//96 927//96 929//96
f 930//96 922//96 923//96
f 825//96 800//96 929//96
f 930//96 923//96 924//96
f 824//96 825//96 929//96
f 930//96 924//96 925//96
f 823//96 824//96 929//96
f 930//96 925//96 877//96
f 821//96 823//96 929//96
f 929//96 930//96 877//96
f 929//96 877//96 878//96
f 784//96 821//96 929//96
f 783//96 784//96 929//96
f 929//96 878//96 879//96
f 879//96 880//96 781//96
f 879//96 781//96 780//96
f 783//96 929//96 879//96
f 879//96 780//96 782//96
f 800//96 799//96 926//96
f 915//96 916//96 153//96
f 177//96 868//96 869//96
f 177//96 869//96 870//96
f 914//96 915//96 153//96
f 913//96 914//96 153//96
f 177//96 870//96 871//96
f 153//96 177//96 871//96
f 913//96 153//96 871//96
f 913//96 871//96 872//96
f 912//96 913//96 872//96
f 912//96 872//96 873//96
f 911//96 912//96 873//96
f 911//96 873//96 841//96
f 888//96 911//96 841//96
f 888//96 841//96 842//96
f 910//96 888//96 842//96
f 910//96 842//96 874//96
f 877//96 925//96 909//96
f 909//96 910//96 874//96
f 909//96 874//96 875//96
f 876//96 877//96 909//96
f 867//96 868//96 177//96
f 127//96 795//96 794//96
f 127//96 794//96 796//96
f 866//96 867//96 177//96
f 865//96 866//96 177//96
f 127//96 796//96 775//96
f 177//96 127//96 775//96
f 865//96 177//96 775//96
f 865//96 775//96 776//96
f 883//96 865//96 776//96
f 883//96 776//96 777//96
f 882//96 883//96 777//96
f 882//96 777//96 753//96
f 843//96 882//96 753//96
f 843//96 753//96 754//96
f 844//96 843//96 754//96
f 844//96 754//96 778//96
f 781//96 880//96 881//96
f 881//96 844//96 778//96
f 779//96 781//96 881//96
f 833//96 834//96 78//96
f 78//96 831//96 832//96
f 822//96 821//96 784//96
f 785//96 786//96 836//96
f 822//96 784//96 785//96
f 840//96 822//96 785//96
f 785//96 836//96 837//96
f 785//96 837//96 838//96
f 839//96 840//96 785//96
f 112//97 129//97 179//97
f 936//98 935//98 167//98
f 178//98 155//98 938//98
f 936//98 167//98 178//98
f 938//98 155//98 142//98
f 142//98 167//98 935//98
f 937//98 938//98 142//98
f 755//99 194//99 193//99
f 756//100 193//100 192//100
f 757//61 192//61 199//61
f 199//101 198//101 759//101
f 198//102 196//102 760//102
f 196//103 197//103 761//103
f 197//104 195//104 762//104
f 195//67 207//67 763//67
f 207//105 208//105 764//105
f 208//106 209//106 765//106
f 209//107 205//107 766//107
f 205//108 206//108 767//108
f 206//76 203//76 768//76
f 768//109 203//109 200//109
f 769//110 200//110 201//110
f 770//111 201//111 204//111
f 771//112 204//112 202//112
f 773//85 772//85 202//85
f 189//85 190//85 773//85
f 773//113 190//113 191//113
f 774//114 191//114 194//114
f 775//230 2//230 25//230
f 776//206 25//206 36//206
f 36//61 45//61 753//61
f 753//207 45//207 59//207
f 59//231 70//231 778//231
f 70//232 74//232 779//232
f 781//377 779//377 74//377
f 74//210 83//210 780//210
f 83//67 91//67 782//67
f 91//211 96//211 783//211
f 784//378 783//378 96//378
f 96//240 99//240 785//240
f 787//379 786//379 785//379
f 785//235 99//235 105//235
f 105//198 109//198 788//198
f 109//76 113//76 789//76
f 789//199 113//199 116//199
f 790//236 116//236 118//236
f 791//237 118//237 122//237
f 792//202 122//202 125//202
f 795//85 793//85 125//85
f 125//85 128//85 794//85
f 794//203 128//203 131//203
f 796//238 131//238 2//238
f 757//96 758//96 45//96
f 45//96 36//96 25//96
f 25//96 2//96 131//96
f 131//96 128//96 125//96
f 125//96 122//96 118//96
f 118//96 770//96 771//96
f 118//96 771//96 772//96
f 131//96 125//96 118//96
f 45//96 25//96 131//96
f 756//96 757//96 45//96
f 755//96 756//96 45//96
f 131//96 118//96 772//96
f 131//96 772//96 773//96
f 755//96 45//96 131//96
f 131//96 773//96 774//96
f 769//96 770//96 118//96
f 118//96 116//96 113//96
f 113//96 109//96 105//96
f 105//96 99//96 96//96
f 96//96 91//96 83//96
f 83//96 74//96 70//96
f 70//96 59//96 45//96
f 45//96 758//96 759//96
f 45//96 759//96 760//96
f 83//96 70//96 45//96
f 105//96 96//96 83//96
f 118//96 113//96 105//96
f 768//96 769//96 118//96
f 767//96 768//96 118//96
f 83//96 45//96 760//96
f 83//96 760//96 761//96
f 767//96 118//96 105//96
f 766//96 767//96 105//96
f 83//96 761//96 762//96
f 83//96 762//96 763//96
f 765//96 766//96 105//96
f 83//96 763//96 764//96
f 764//96 765//96 105//96
usemtl Temporary_cutter
f 801//99 229//99 802//99
f 802//100 228//100 803//100
f 803//61 216//61 804//61
f 216//101 805//101 804//101
f 219//102 806//102 805//102
f 217//103 807//103 806//103
f 218//104 808//104 807//104
f 215//67 809//67 808//67
f 220//105 810//105 809//105
f 214//106 811//106 810//106
f 213//107 812//107 811//107
f 211//108 813//108 812//108
f 210//76 814//76 212//76
f 814//109 222//109 815//109
f 815//110 221//110 816//110
f 816//111 223//111 817//111
f 817//112 225//112 818//112
f 818//85 230//85 819//85
f 819//113 227//113 820//113
f 820//114 226//114 801//114
f 845//99 244//99 846//99
f 846//100 242//100 847//100
f 242//61 241//61 848//61
f 249//101 849//101 848//101
f 246//102 850//102 849//102
f 245//103 851//103 850//103
f 248//104 852//104 851//104
f 247//67 853//67 852//67
f 240//105 854//105 853//105
f 243//106 855//106 854//106
f 251//107 856//107 855//107
f 237//108 857//108 856//108
f 238//76 858//76 857//76
f 858//109 231//109 859//109
f 859//110 232//110 860//110
f 860//111 234//111 861//111
f 861//112 235//112 862//112
f 862//85 236//85 863//85
f 863//113 239//113 864//113
f 864//114 250//114 845//114
f 889//99 263//99 890//99
f 890//100 261//100 891//100
f 891//61 271//61 892//61
f 271//101 893//101 892//101
f 268//102 894//102 893//102
f 266//103 895//103 894//103
f 267//104 896//104 895//104
f 264//115 897//115 265//115
f 270//105 898//105 897//105
f 262//106 899//106 898//106
f 269//107 900//107 899//107
f 256//108 901//108 900//108
f 258//76 902//76 901//76
f 902//109 252//109 903//109
f 903//110 253//110 904//110
f 904//111 255//111 905//111
f 905//112 260//112 906//112
f 906//85 259//85 907//85
f 907//113 257//113 908//113
f 908//114 272//114 889//114
f 801//99 226//99 229//99
f 802//100 229//100 228//100
f 803//61 228//61 216//61
f 216//101 219//101 805//101
f 219//102 217//102 806//102
f 217//103 218//103 807//103
f 218//104 215//104 808//104
f 215//67 220//67 809//67
f 220//105 214//105 810//105
f 214//106 213//106 811//106
f 213//107 211//107 812//107
f 211//108 212//108 813//108
f 210//76 224//76 814//76
f 814//76 813//76 212//76
f 814//109 224//109 222//109
f 815//110 222//110 221//110
f 816//111 221//111 223//111
f 817//112 223//112 225//112
f 818//85 225//85 230//85
f 819//113 230//113 227//113
f 820//114 227//114 226//114
f 845//99 250//99 244//99
f 846//100 244//100 242//100
f 848//61 847//61 242//61
f 241//61 249//61 848//61
f 249//101 246//101 849//101
f 246//102 245//102 850//102
f 245//103 248//103 851//103
f 248//104 247//104 852//104
f 247//67 240//67 853//67
f 240//105 243//105 854//105
f 243//106 251//106 855//106
f 251//107 237//107 856//107
f 237//108 238//108 857//108
f 238//76 233//76 858//76
f 858//109 233//109 231//109
f 859//110 231//110 232//110
f 860//111 232//111 234//111
f 861//112 234//112 235//112
f 862//85 235//85 236//85
f 863//113 236//113 239//113
f 864//114 239//114 250//114
f 889//99 272//99 263//99
f 890//100 263//100 261//100
f 891//61 261//61 271//61
f 271//101 268//101 893//101
f 268//102 266//102 894//102
f 266//103 267//103 895//103
f 267//104 265//104 896//104
f 264//67 270//67 897//67
f 897//67 896//67 265//67
f 270//105 262//105 898//105
f 262//106 269//106 899//106
f 269//107 256//107 900//107
f 256//108 258//108 901//108
f 258//76 254//76 902//76
f 902//109 254//109 252//109
f 903//110 252//110 253//110
f 904//111 253//111 255//111
f 905//112 255//112 260//112
f 906//85 260//85 259//85
f 907//113 259//113 257//113
f 908//114 257//114 272//114
usemtl Rubber
f 274//116 281//116 275//116
f 275//117 279//117 273//117
f 283//118 278//118 284//118
f 284//119 276//119 282//119
f 280//120 287//120 281//120
f 281//121 285//121 279//121
f 289//122 284//122 290//122
f 290//123 282//123 288//123
f 286//124 293//124 287//124
f 287//125 291//125 285//125
f 295//126 290//126 296//126
f 296//127 288//127 294//127
f 292//128 299//128 293//128
f 293//129 297//129 291//129
f 301//130 296//130 302//130
f 302//131 294//131 300//131
f 298//132 305//132 299//132
f 299//133 303//133 297//133
f 307//134 302//134 308//134
f 308//135 300//135 306//135
f 304//136 311//136 305//136
f 305//137 309//137 303//137
f 313//138 308//138 314//138
f 314//139 306//139 312//139
f 310//140 317//140 311//140
f 311//141 315//141 309//141
f 319//142 314//142 320//142
f 320//143 312//143 318//143
f 316//144 323//144 317//144
f 317//145 321//145 315//145
f 325//146 320//146 326//146
f 326//147 318//147 324//147
f 322//148 329//148 323//148
f 323//149 327//149 321//149
f 331//150 326//150 332//150
f 332//151 324//151 330//151
f 328//152 335//152 329//152
f 329//153 333//153 327//153
f 337//154 332//154 338//154
f 338//155 330//155 336//155
f 334//156 341//156 335//156
f 335//157 339//157 333//157
f 343//158 338//158 344//158
f 344//159 336//159 342//159
f 340//160 347//160 341//160
f 341//161 345//161 339//161
f 349//162 344//162 350//162
f 350//163 342//163 348//163
f 346//164 353//164 347//164
f 347//165 351//165 345//165
f 355//166 350//166 356//166
f 356//167 348//167 354//167
f 352//168 359//168 353//168
f 353//169 357//169 351//169
f 361//170 356//170 362//170
f 362//171 354//171 360//171
f 358//172 365//172 359//172
f 359//173 363//173 357//173
f 367//174 362//174 368//174
f 368//175 360//175 366//175
f 364//176 371//176 365//176
f 365//177 369//177 363//177
f 373//178 368//178 374//178
f 374//179 366//179 372//179
f 370//180 377//180 371//180
f 371//181 375//181 369//181
f 379//182 374//182 380//182
f 380//183 372//183 378//183
f 376//184 383//184 377//184
f 377//185 381//185 375//185
f 385//186 380//186 386//186
f 386//187 378//187 384//187
f 382//188 389//188 383//188
f 383//189 387//189 381//189
f 391//190 386//190 392//190
f 392//191 384//191 390//191
f 388//192 275//192 389//192
f 389//193 273//193 387//193
f 277//194 392//194 278//194
f 278//195 390//195 276//195
f 315//93 363//93 387//93
f 274//196 283//196 280//196
f 388//197 277//197 274//197
f 330//96 282//96 378//96
f 280//198 289//198 286//198
f 286//76 295//76 292//76
f 292//199 301//199 298//199
f 298//200 307//200 304//200
f 304//201 313//201 310//201
f 310//202 319//202 316//202
f 316//85 325//85 322//85
f 322//203 331//203 328//203
f 328//204 337//204 334//204
f 334//205 343//205 340//205
f 340//206 349//206 346//206
f 346//61 355//61 352//61
f 352//207 361//207 358//207
f 358//208 367//208 364//208
f 364//209 373//209 370//209
f 370//210 379//210 376//210
f 376//67 385//67 382//67
f 382//211 391//211 388//211
f 394//116 401//116 395//116
f 395//212 399//212 393//212
f 403//118 398//118 404//118
f 404//119 396//119 402//119
f 400//120 407//120 401//120
f 401//213 405//213 399//213
f 409//122 404//122 410//122
f 410//123 402//123 408//123
f 406//124 413//124 407//124
f 407//125 411//125 405//125
f 415//214 410//214 416//214
f 416//127 408//127 414//127
f 412//128 419//128 413//128
f 413//129 417//129 411//129
f 421//130 416//130 422//130
f 422//131 414//131 420//131
f 418//132 425//132 419//132
f 419//133 423//133 417//133
f 427//134 422//134 428//134
f 428//135 420//135 426//135
f 424//136 431//136 425//136
f 425//137 429//137 423//137
f 433//138 428//138 434//138
f 434//139 426//139 432//139
f 430//140 437//140 431//140
f 431//141 435//141 429//141
f 439//142 434//142 440//142
f 440//143 432//143 438//143
f 436//144 443//144 437//144
f 437//145 441//145 435//145
f 445//146 440//146 446//146
f 446//147 438//147 444//147
f 442//148 449//148 443//148
f 443//149 447//149 441//149
f 451//150 446//150 452//150
f 452//151 444//151 450//151
f 448//152 455//152 449//152
f 449//153 453//153 447//153
f 457//154 452//154 458//154
f 458//215 450//215 456//215
f 454//156 461//156 455//156
f 455//216 459//216 453//216
f 463//158 458//158 464//158
f 464//159 456//159 462//159
f 460//160 467//160 461//160
f 461//217 465//217 459//217
f 469//162 464//162 470//162
f 470//163 462//163 468//163
f 466//164 473//164 467//164
f 467//165 471//165 465//165
f 475//166 470//166 476//166
f 476//167 468//167 474//167
f 472//168 479//168 473//168
f 473//169 477//169 471//169
f 481//170 476//170 482//170
f 482//218 474//218 480//218
f 478//172 485//172 479//172
f 479//173 483//173 477//173
f 487//219 482//219 488//219
f 488//175 480//175 486//175
f 484//176 491//176 485//176
f 485//177 489//177 483//177
f 493//178 488//178 494//178
f 494//179 486//179 492//179
f 490//180 497//180 491//180
f 491//220 495//220 489//220
f 499//182 494//182 500//182
f 500//183 492//183 498//183
f 496//184 503//184 497//184
f 497//185 501//185 495//185
f 505//186 500//186 506//186
f 506//187 498//187 504//187
f 502//188 509//188 503//188
f 503//189 507//189 501//189
f 511//190 506//190 512//190
f 512//191 504//191 510//191
f 508//192 395//192 509//192
f 509//193 393//193 507//193
f 397//194 512//194 398//194
f 398//221 510//221 396//221
f 435//93 483//93 507//93
f 394//196 403//196 400//196
f 508//197 397//197 394//197
f 426//96 498//96 474//96
f 400//198 409//198 406//198
f 406//76 415//76 412//76
f 412//199 421//199 418//199
f 418//200 427//200 424//200
f 424//201 433//201 430//201
f 430//202 439//202 436//202
f 436//85 445//85 442//85
f 442//203 451//203 448//203
f 448//204 457//204 454//204
f 454//205 463//205 460//205
f 460//206 469//206 466//206
f 466//61 475//61 472//61
f 472//207 481//207 478//207
f 478//208 487//208 484//208
f 484//209 493//209 490//209
f 490//210 499//210 496//210
f 496//67 505//67 502//67
f 502//211 511//211 508//211
f 514//222 521//222 515//222
f 515//117 519//117 513//117
f 523//118 518//118 524//118
f 524//119 516//119 522//119
f 520//120 527//120 521//120
f 521//121 525//121 519//121
f 529//122 524//122 530//122
f 530//123 522//123 528//123
f 526//124 533//124 527//124
f 527//125 531//125 525//125
f 535//126 530//126 536//126
f 536//127 528//127 534//127
f 532//128 539//128 533//128
f 533//129 537//129 531//129
f 541//130 536//130 542//130
f 542//223 534//223 540//223
f 538//132 545//132 539//132
f 539//133 543//133 537//133
f 547//134 542//134 548//134
f 548//135 540//135 546//135
f 544//136 551//136 545//136
f 545//137 549//137 543//137
f 553//138 548//138 554//138
f 554//139 546//139 552//139
f 550//140 557//140 551//140
f 551//141 555//141 549//141
f 559//142 554//142 560//142
f 560//143 552//143 558//143
f 556//144 563//144 557//144
f 557//145 561//145 555//145
f 565//146 560//146 566//146
f 566//147 558//147 564//147
f 562//148 569//148 563//148
f 563//149 567//149 561//149
f 571//150 566//150 572//150
f 572//151 564//151 570//151
f 568//152 575//152 569//152
f 569//153 573//153 567//153
f 577//224 572//224 578//224
f 578//155 570//155 576//155
f 574//225 581//225 575//225
f 575//157 579//157 573//157
f 583//158 578//158 584//158
f 584//159 576//159 582//159
f 580//160 587//160 581//160
f 581//161 585//161 579//161
f 589//162 584//162 590//162
f 590//163 582//163 588//163
f 586//164 593//164 587//164
f 587//165 591//165 585//165
f 595//226 590//226 596//226
f 596//167 588//167 594//167
f 592//168 599//168 593//168
f 593//169 597//169 591//169
f 601//170 596//170 602//170
f 602//171 594//171 600//171
f 598//172 605//172 599//172
f 599//173 603//173 597//173
f 607//219 602//219 608//219
f 608//175 600//175 606//175
f 604//176 611//176 605//176
f 605//177 609//177 603//177
f 613//178 608//178 614//178
f 614//179 606//179 612//179
f 610//180 617//180 611//180
f 611//220 615//220 609//220
f 619//182 614//182 620//182
f 620//183 612//183 618//183
f 616//184 623//184 617//184
f 617//185 621//185 615//185
f 625//186 620//186 626//186
f 626//187 618//187 624//187
f 622//188 629//188 623//188
f 623//189 627//189 621//189
f 631//190 626//190 632//190
f 632//191 624//191 630//191
f 628//192 515//192 629//192
f 629//193 513//193 627//193
f 517//227 632//227 518//227
f 518//195 630//195 516//195
f 555//93 603//93 627//93
f 514//196 523//196 520//196
f 628//197 517//197 514//197
f 600//96 552//96 528//96
f 520//198 529//198 526//198
f 526//76 535//76 532//76
f 532//199 541//199 538//199
f 538//200 547//200 544//200
f 544//201 553//201 550//201
f 550//202 559//202 556//202
f 556//85 565//85 562//85
f 562//203 571//203 568//203
f 568//204 577//204 574//204
f 574//205 583//205 580//205
f 580//206 589//206 586//206
f 586//61 595//61 592//61
f 592//207 601//207 598//207
f 598//208 607//208 604//208
f 604//209 613//209 610//209
f 610//210 619//210 616//210
f 616//67 625//67 622//67
f 622//211 631//211 628//211
f 634//222 641//222 635//222
f 635//212 639//212 633//212
f 643//118 638//118 644//118
f 644//119 636//119 642//119
f 640//120 647//120 641//120
f 641//213 645//213 639//213
f 649//122 644//122 650//122
f 650//123 642//123 648//123
f 646//124 653//124 647//124
f 647//125 651//125 645//125
f 655//126 650//126 656//126
f 656//127 648//127 654//127
f 652//128 659//128 653//128
f 653//129 657//129 651//129
f 661//130 656//130 662//130
f 662//131 654//131 660//131
f 658//132 665//132 659//132
f 659//133 663//133 657//133
f 667//228 662//228 668//228
f 668//135 660//135 666//135
f 664//136 671//136 665//136
f 665//137 669//137 663//137
f 673//138 668//138 674//138
f 674//139 666//139 672//139
f 670//140 677//140 671//140
f 671//229 675//229 669//229
f 679//142 674//142 680//142
f 680//143 672//143 678//143
f 676//144 683//144 677//144
f 677//145 681//145 675//145
f 685//146 680//146 686//146
f 686//147 678//147 684//147
f 682//148 689//148 683//148
f 683//149 687//149 681//149
f 691//150 686//150 692//150
f 692//151 684//151 690//151
f 688//152 695//152 689//152
f 689//153 693//153 687//153
f 697//224 692//224 698//224
f 698//215 690//215 696//215
f 694//225 701//225 695//225
f 695//216 699//216 693//216
f 703//158 698//158 704//158
f 704//159 696//159 702//159
f 700//160 707//160 701//160
f 701//217 705//217 699//217
f 709//162 704//162 710//162
f 710//163 702//163 708//163
f 706//164 713//164 707//164
f 707//165 711//165 705//165
f 715//166 710//166 716//166
f 716//167 708//167 714//167
f 712//168 719//168 713//168
f 713//169 717//169 711//169
f 721//170 716//170 722//170
f 722//171 714//171 720//171
f 718//172 725//172 719//172
f 719//173 723//173 717//173
f 727//219 722//219 728//219
f 728//175 720//175 726//175
f 724//176 731//176 725//176
f 725//177 729//177 723//177
f 733//178 728//178 734//178
f 734//179 726//179 732//179
f 730//180 737//180 731//180
f 731//220 735//220 729//220
f 739//182 734//182 740//182
f 740//183 732//183 738//183
f 736//184 743//184 737//184
f 737//185 741//185 735//185
f 745//186 740//186 746//186
f 746//187 738//187 744//187
f 742//188 749//188 743//188
f 743//189 747//189 741//189
f 751//190 746//190 752//190
f 752//191 744//191 750//191
f 748//192 635//192 749//192
f 749//193 633//193 747//193
f 637//227 752//227 638//227
f 638//221 750//221 636//221
f 675//93 723//93 747//93
f 634//196 643//196 640//196
f 748//197 637//197 634//197
f 654//96 726//96 702//96
f 640//198 649//198 646//198
f 646//76 655//76 652//76
f 652//199 661//199 658//199
f 658//200 667//200 664//200
f 664//201 673//201 670//201
f 670//202 679//202 676//202
f 676//85 685//85 682//85
f 682//203 691//203 688//203
f 688//204 697//204 694//204
f 694//205 703//205 700//205
f 700//206 709//206 706//206
f 706//61 715//61 712//61
f 712//207 721//207 718//207
f 718//208 727//208 724//208
f 724//209 733//209 730//209
f 730//210 739//210 736//210
f 736//67 745//67 742//67
f 742//211 751//211 748//211
f 274//313 280//313 281//313
f 275//212 281//212 279//212
f 283//314 277//314 278//314
f 284//119 278//119 276//119
f 280//315 286//315 287//315
f 281//316 287//316 285//316
f 289//317 283//317 284//317
f 290//318 284//318 282//318
f 286//124 292//124 293//124
f 287//125 293//125 291//125
f 295//319 289//319 290//319
f 296//127 290//127 288//127
f 292//320 298//320 299//320
f 293//321 299//321 297//321
f 301//322 295//322 296//322
f 302//323 296//323 294//323
f 298//324 304//324 305//324
f 299//133 305//133 303//133
f 307//325 301//325 302//325
f 308//135 302//135 300//135
f 304//326 310//326 311//326
f 305//137 311//137 309//137
f 313//327 307//327 308//327
f 314//139 308//139 306//139
f 310//328 316//328 317//328
f 311//329 317//329 315//329
f 319//330 313//330 314//330
f 320//331 314//331 312//331
f 316//144 322//144 323//144
f 317//145 323//145 321//145
f 325//146 319//146 320//146
f 326//147 320//147 318//147
f 322//332 328//332 329//332
f 323//333 329//333 327//333
f 331//334 325//334 326//334
f 332//335 326//335 324//335
f 328//336 334//336 335//336
f 329//153 335//153 333//153
f 337//337 331//337 332//337
f 338//155 332//155 330//155
f 334//338 340//338 341//338
f 335//157 341//157 339//157
f 343//339 337//339 338//339
f 344//159 338//159 336//159
f 340//340 346//340 347//340
f 341//341 347//341 345//341
f 349//342 343//342 344//342
f 350//343 344//343 342//343
f 346//164 352//164 353//164
f 347//165 353//165 351//165
f 355//166 349//166 350//166
f 356//167 350//167 348//167
f 352//344 358//344 359//344
f 353//345 359//345 357//345
f 361//346 355//346 356//346
f 362//347 356//347 354//347
f 358//348 364//348 365//348
f 359//173 365//173 363//173
f 367//349 361//349 362//349
f 368//175 362//175 360//175
f 364//350 370//350 371//350
f 365//177 371//177 369//177
f 373//351 367//351 368//351
f 374//352 368//352 366//352
f 370//353 376//353 377//353
f 371//354 377//354 375//354
f 379//355 373//355 374//355
f 380//356 374//356 372//356
f 376//184 382//184 383//184
f 377//185 383//185 381//185
f 385//186 379//186 380//186
f 386//187 380//187 378//187
f 382//357 388//357 389//357
f 383//358 389//358 387//358
f 391//359 385//359 386//359
f 392//360 386//360 384//360
f 388//361 274//361 275//361
f 389//193 275//193 273//193
f 277//362 391//362 392//362
f 278//221 392//221 390//221
f 387//93 273//93 279//93
f 279//93 285//93 291//93
f 291//93 297//93 303//93
f 303//93 309//93 315//93
f 315//93 321//93 327//93
f 327//93 333//93 339//93
f 339//93 345//93 351//93
f 351//93 357//93 363//93
f 363//93 369//93 375//93
f 375//93 381//93 387//93
f 387//93 279//93 291//93
f 291//93 303//93 315//93
f 315//93 327//93 339//93
f 339//93 351//93 363//93
f 363//93 375//93 387//93
f 387//93 291//93 315//93
f 315//93 339//93 363//93
f 274//196 277//196 283//196
f 388//197 391//197 277//197
f 378//96 372//96 366//96
f 366//96 360//96 354//96
f 354//96 348//96 342//96
f 342//96 336//96 330//96
f 330//96 324//96 318//96
f 318//96 312//96 306//96
f 306//96 300//96 294//96
f 294//96 288//96 282//96
f 282//96 276//96 390//96
f 390//96 384//96 378//96
f 378//96 366//96 354//96
f 354//96 342//96 330//96
f 330//96 318//96 306//96
f 306//96 294//96 282//96
f 282//96 390//96 378//96
f 378//96 354//96 330//96
f 330//96 306//96 282//96
f 280//198 283//198 289//198
f 286//76 289//76 295//76
f 292//199 295//199 301//199
f 298//200 301//200 307//200
f 304//201 307//201 313//201
f 310//202 313//202 319//202
f 316//85 319//85 325//85
f 322//203 325//203 331//203
f 328//204 331//204 337//204
f 334//205 337//205 343//205
f 340//206 343//206 349//206
f 346//61 349//61 355//61
f 352//207 355//207 361//207
f 358//208 361//208 367//208
f 364//209 367//209 373//209
f 370//210 373//210 379//210
f 376//67 379//67 385//67
f 382//211 385//211 391//211
f 394//313 400//313 401//313
f 395//212 401//212 399//212
f 403//314 397//314 398//314
f 404//119 398//119 396//119
f 400//315 406//315 407//315
f 401//316 407//316 405//316
f 409//363 403//363 404//363
f 410//318 404//318 402//318
f 406//124 412//124 413//124
f 407//125 413//125 411//125
f 415//126 409//126 410//126
f 416//127 410//127 408//127
f 412//364 418//364 419//364
f 413//321 419//321 417//321
f 421//322 415//322 416//322
f 422//323 416//323 414//323
f 418//324 424//324 425//324
f 419//133 425//133 423//133
f 427//325 421//325 422//325
f 428//135 422//135 420//135
f 424//326 430//326 431//326
f 425//137 431//137 429//137
f 433//327 427//327 428//327
f 434//139 428//139 426//139
f 430//328 436//328 437//328
f 431//329 437//329 435//329
f 439//330 433//330 434//330
f 440//331 434//331 432//331
f 436//365 442//365 443//365
f 437//145 443//145 441//145
f 445//146 439//146 440//146
f 446//147 440//147 438//147
f 442//332 448//332 449//332
f 443//333 449//333 447//333
f 451//334 445//334 446//334
f 452//335 446//335 444//335
f 448//336 454//336 455//336
f 449//153 455//153 453//153
f 457//337 451//337 452//337
f 458//155 452//155 450//155
f 454//338 460//338 461//338
f 455//157 461//157 459//157
f 463//366 457//366 458//366
f 464//159 458//159 456//159
f 460//340 466//340 467//340
f 461//341 467//341 465//341
f 469//342 463//342 464//342
f 470//343 464//343 462//343
f 466//164 472//164 473//164
f 467//165 473//165 471//165
f 475//166 469//166 470//166
f 476//167 470//167 468//167
f 472//367 478//367 479//367
f 473//345 479//345 477//345
f 481//346 475//346 476//346
f 482//347 476//347 474//347
f 478//348 484//348 485//348
f 479//368 485//368 483//368
f 487//349 481//349 482//349
f 488//175 482//175 480//175
f 484//350 490//350 491//350
f 485//177 491//177 489//177
f 493//351 487//351 488//351
f 494//179 488//179 486//179
f 490//353 496//353 497//353
f 491//354 497//354 495//354
f 499//355 493//355 494//355
f 500//356 494//356 492//356
f 496//184 502//184 503//184
f 497//185 503//185 501//185
f 505//186 499//186 500//186
f 506//187 500//187 498//187
f 502//357 508//357 509//357
f 503//358 509//358 507//358
f 511//359 505//359 506//359
f 512//360 506//360 504//360
f 508//369 394//369 395//369
f 509//193 395//193 393//193
f 397//362 511//362 512//362
f 398//221 512//221 510//221
f 507//93 393//93 399//93
f 399//93 405//93 411//93
f 411//93 417//93 423//93
f 423//93 429//93 435//93
f 435//93 441//93 447//93
f 447//93 453//93 459//93
f 459//93 465//93 471//93
f 471//93 477//93 483//93
f 483//93 489//93 495//93
f 495//93 501//93 507//93
f 507//93 399//93 411//93
f 411//93 423//93 435//93
f 435//93 447//93 459//93
f 459//93 471//93 483//93
f 483//93 495//93 507//93
f 507//93 411//93 435//93
f 435//93 459//93 483//93
f 394//196 397//196 403//196
f 508//197 511//197 397//197
f 474//96 468//96 462//96
f 462//96 456//96 450//96
f 450//96 444//96 438//96
f 438//96 432//96 426//96
f 426//96 420//96 414//96
f 414//96 408//96 402//96
f 402//96 396//96 510//96
f 510//96 504//96 498//96
f 498//96 492//96 486//96
f 486//96 480//96 474//96
f 474//96 462//96 450//96
f 450//96 438//96 426//96
f 426//96 414//96 402//96
f 402//96 510//96 498//96
f 498//96 486//96 474//96
f 474//96 450//96 426//96
f 426//96 402//96 498//96
f 400//198 403//198 409//198
f 406//76 409//76 415//76
f 412//199 415//199 421//199
f 418//200 421//200 427//200
f 424//201 427//201 433//201
f 430//202 433//202 439//202
f 436//85 439//85 445//85
f 442//203 445//203 451//203
f 448//204 451//204 457//204
f 454//205 457//205 463//205
f 460//206 463//206 469//206
f 466//61 469//61 475//61
f 472//207 475//207 481//207
f 478//208 481//208 487//208
f 484//209 487//209 493//209
f 490//210 493//210 499//210
f 496//67 499//67 505//67
f 502//211 505//211 511//211
f 514//313 520//313 521//313
f 515//212 521//212 519//212
f 523//370 517//370 518//370
f 524//119 518//119 516//119
f 520//315 526//315 527//315
f 521//316 527//316 525//316
f 529//317 523//317 524//317
f 530//318 524//318 522//318
f 526//124 532//124 533//124
f 527//125 533//125 531//125
f 535//126 529//126 530//126
f 536//127 530//127 528//127
f 532//320 538//320 539//320
f 533//321 539//321 537//321
f 541//322 535//322 536//322
f 542//323 536//323 534//323
f 538//324 544//324 545//324
f 539//371 545//371 543//371
f 547//325 541//325 542//325
f 548//135 542//135 540//135
f 544//326 550//326 551//326
f 545//137 551//137 549//137
f 553//327 547//327 548//327
f 554//139 548//139 546//139
f 550//328 556//328 557//328
f 551//329 557//329 555//329
f 559//330 553//330 554//330
f 560//331 554//331 552//331
f 556//144 562//144 563//144
f 557//145 563//145 561//145
f 565//146 559//146 560//146
f 566//147 560//147 558//147
f 562//332 568//332 569//332
f 563//333 569//333 567//333
f 571//334 565//334 566//334
f 572//335 566//335 564//335
f 568//336 574//336 575//336
f 569//153 575//153 573//153
f 577//337 571//337 572//337
f 578//155 572//155 570//155
f 574//338 580//338 581//338
f 575//157 581//157 579//157
f 583//339 577//339 578//339
f 584//159 578//159 576//159
f 580//340 586//340 587//340
f 581//341 587//341 585//341
f 589//372 583//372 584//372
f 590//343 584//343 582//343
f 586//164 592//164 593//164
f 587//165 593//165 591//165
f 595//166 589//166 590//166
f 596//167 590//167 588//167
f 592//344 598//344 599//344
f 593//345 599//345 597//345
f 601//346 595//346 596//346
f 602//347 596//347 594//347
f 598//348 604//348 605//348
f 599//173 605//173 603//173
f 607//349 601//349 602//349
f 608//175 602//175 600//175
f 604//350 610//350 611//350
f 605//177 611//177 609//177
f 613//351 607//351 608//351
f 614//179 608//179 606//179
f 610//353 616//353 617//353
f 611//354 617//354 615//354
f 619//355 613//355 614//355
f 620//356 614//356 612//356
f 616//373 622//373 623//373
f 617//185 623//185 621//185
f 625//186 619//186 620//186
f 626//187 620//187 618//187
f 622//357 628//357 629//357
f 623//358 629//358 627//358
f 631//359 625//359 626//359
f 632//360 626//360 624//360
f 628//369 514//369 515//369
f 629//193 515//193 513//193
f 517//362 631//362 632//362
f 518//221 632//221 630//221
f 627//93 513//93 519//93
f 519//93 525//93 531//93
f 531//93 537//93 543//93
f 543//93 549//93 555//93
f 555//93 561//93 567//93
f 567//93 573//93 579//93
f 579//93 585//93 591//93
f 591//93 597//93 603//93
f 603//93 609//93 615//93
f 615//93 621//93 627//93
f 627//93 519//93 531//93
f 531//93 543//93 555//93
f 555//93 567//93 579//93
f 579//93 591//93 603//93
f 603//93 615//93 627//93
f 627//93 531//93 555//93
f 555//93 579//93 603//93
f 514//196 517//196 523//196
f 628//197 631//197 517//197
f 528//96 522//96 516//96
f 516//96 630//96 624//96
f 624//96 618//96 612//96
f 612//96 606//96 600//96
f 600//96 594//96 588//96
f 588//96 582//96 576//96
f 576//96 570//96 564//96
f 564//96 558//96 552//96
f 552//96 546//96 540//96
f 540//96 534//96 528//96
f 528//96 516//96 624//96
f 624//96 612//96 600//96
f 600//96 588//96 576//96
f 576//96 564//96 552//96
f 552//96 540//96 528//96
f 528//96 624//96 600//96
f 600//96 576//96 552//96
f 520//198 523//198 529//198
f 526//76 529//76 535//76
f 532//199 535//199 541//199
f 538//200 541//200 547//200
f 544//201 547//201 553//201
f 550//202 553//202 559//202
f 556//85 559//85 565//85
f 562//203 565//203 571//203
f 568//204 571//204 577//204
f 574//205 577//205 583//205
f 580//206 583//206 589//206
f 586//61 589//61 595//61
f 592//207 595//207 601//207
f 598//208 601//208 607//208
f 604//209 607//209 613//209
f 610//210 613//210 619//210
f 616//67 619//67 625//67
f 622//211 625//211 631//211
f 634//313 640//313 641//313
f 635//212 641//212 639//212
f 643//314 637//314 638//314
f 644//119 638//119 636//119
f 640//315 646//315 647//315
f 641//316 647//316 645//316
f 649//317 643//317 644//317
f 650//318 644//318 642//318
f 646//124 652//124 653//124
f 647//125 653//125 651//125
f 655//126 649//126 650//126
f 656//127 650//127 648//127
f 652//364 658//364 659//364
f 653//321 659//321 657//321
f 661//322 655//322 656//322
f 662//323 656//323 654//323
f 658//324 664//324 665//324
f 659//133 665//133 663//133
f 667//325 661//325 662//325
f 668//135 662//135 660//135
f 664//326 670//326 671//326
f 665//137 671//137 669//137
f 673//327 667//327 668//327
f 674//374 668//374 666//374
f 670//328 676//328 677//328
f 671//329 677//329 675//329
f 679//330 673//330 674//330
f 680//331 674//331 672//331
f 676//144 682//144 683//144
f 677//145 683//145 681//145
f 685//146 679//146 680//146
f 686//147 680//147 678//147
f 682//332 688//332 689//332
f 683//333 689//333 687//333
f 691//334 685//334 686//334
f 692//335 686//335 684//335
f 688//375 694//375 695//375
f 689//153 695//153 693//153
f 697//337 691//337 692//337
f 698//155 692//155 690//155
f 694//338 700//338 701//338
f 695//157 701//157 699//157
f 703//339 697//339 698//339
f 704//159 698//159 696//159
f 700//340 706//340 707//340
f 701//341 707//341 705//341
f 709//342 703//342 704//342
f 710//343 704//343 702//343
f 706//164 712//164 713//164
f 707//165 713//165 711//165
f 715//376 709//376 710//376
f 716//167 710//167 708//167
f 712//367 718//367 719//367
f 713//345 719//345 717//345
f 721//346 715//346 716//346
f 722//347 716//347 714//347
f 718//348 724//348 725//348
f 719//173 725//173 723//173
f 727//349 721//349 722//349
f 728//175 722//175 720//175
f 724//350 730//350 731//350
f 725//177 731//177 729//177
f 733//351 727//351 728//351
f 734//179 728//179 726//179
f 730//353 736//353 737//353
f 731//354 737//354 735//354
f 739//355 733//355 734//355
f 740//356 734//356 732//356
f 736//184 742//184 743//184
f 737//185 743//185 741//185
f 745//186 739//186 740//186
f 746//187 740//187 738//187
f 742//357 748//357 749//357
f 743//358 749//358 747//358
f 751//359 745//359 746//359
f 752//360 746//360 744//360
f 748//369 634//369 635//369
f 749//193 635//193 633//193
f 637//362 751//362 752//362
f 638//221 752//221 750//221
f 747//93 633//93 639//93
f 639//93 645//93 651//93
f 651//93 657//93 663//93
f 663//93 669//93 675//93
f 675//93 681//93 687//93
f 687//93 693//93 699//93
f 699//93 705//93 711//93
f 711//93 717//93 723//93
f 723//93 729//93 735//93
f 735//93 741//93 747//93
f 747//93 639//93 651//93
f 651//93 663//93 675//93
f 675//93 687//93 699//93
f 699//93 711//93 723//93
f 723//93 735//93 747//93
f 747//93 651//93 675//93
f 675//93 699//93 723//93
f 634//196 637//196 643//196
f 748//197 751//197 637//197
f 702//96 696//96 690//96
f 690//96 684//96 678//96
f 678//96 672//96 666//96
f 666//96 660//96 654//96
f 654//96 648//96 642//96
f 642//96 636//96 750//96
f 750//96 744//96 738//96
f 738//96 732//96 726//96
f 726//96 720//96 714//96
f 714//96 708//96 702//96
f 702//96 690//96 678//96
f 678//96 666//96 654//96
f 654//96 642//96 750//96
f 750//96 738//96 726//96
f 726//96 714//96 702//96
f 702//96 678//96 654//96
f 654//96 750//96 726//96
f 640//198 643//198 649//198
f 646//76 649//76 655//76
f 652//199 655//199 661//199
f 658//200 661//200 667//200
f 664//201 667//201 673//201
f 670//202 673//202 679//202
f 676//85 679//85 685//85
f 682//203 685//203 691//203
f 688//204 691//204 697//204
f 694//205 697//205 703//205
f 700//206 703//206 709//206
f 706//61 709//61 715//61
f 712//207 715//207 721//207
f 718//208 721//208 727//208
f 724//209 727//209 733//209
f 730//210 733//210 739//210
f 736//67 739//67 745//67
f 742//211 745//211 751//211
usemtl Black
f 12//239 823//239 821//239
f 823//206 28//206 824//206
f 824//61 34//61 825//61
f 825//207 41//207 800//207
f 800//231 51//231 799//231
f 51//232 798//232 799//232
f 798//210 64//210 797//210
f 797//67 69//67 826//67
f 69//211 827//211 826//211
f 75//240 828//240 827//240
f 80//235 829//235 828//235
f 84//198 830//198 829//198
f 89//76 832//76 831//76
f 832//199 95//199 833//199
f 95//241 835//241 834//241
f 98//242 837//242 836//242
f 837//202 104//202 838//202
f 838//85 107//85 839//85
f 839//203 110//203 840//203
f 840//238 12//238 822//238
f 84//96 812//96 813//96
f 41//96 12//96 802//96
f 865//230 18//230 866//230
f 866//206 24//206 867//206
f 24//61 869//61 868//61
f 869//207 33//207 870//207
f 33//231 871//231 870//231
f 37//232 872//232 871//232
f 42//210 873//210 872//210
f 47//67 841//67 873//67
f 841//211 56//211 842//211
f 56//240 874//240 842//240
f 60//235 875//235 874//235
f 63//198 876//198 875//198
f 877//76 68//76 878//76
f 878//199 76//199 879//199
f 76//243 881//243 880//243
f 881//237 81//237 844//237
f 844//202 85//202 843//202
f 843//85 87//85 882//85
f 882//203 90//203 883//203
f 883//238 10//238 865//238
f 79//96 859//96 860//96
f 33//96 850//96 851//96
f 909//230 16//230 910//230
f 910//206 20//206 888//206
f 888//61 23//61 911//61
f 23//207 912//207 911//207
f 26//231 913//231 912//231
f 29//232 914//232 913//232
f 32//210 915//210 914//210
f 916//67 35//67 917//67
f 917//211 40//211 918//211
f 40//240 919//240 918//240
f 44//235 920//235 919//235
f 46//198 921//198 920//198
f 921//76 52//76 884//76
f 884//199 55//199 885//199
f 885//236 58//236 886//236
f 886//237 61//237 887//237
f 887//202 65//202 922//202
f 922//85 67//85 923//85
f 923//203 71//203 924//203
f 71//244 909//244 925//244
f 58//96 903//96 904//96
f 26//96 894//96 895//96
f 3//98 929//98 927//98
f 929//95 19//95 930//95
f 930//94 14//94 928//94
f 14//97 926//97 928//97
f 8//96 14//96 19//96
f 13//95 934//95 933//95
f 11//94 13//94 9//94
f 11//97 931//97 932//97
f 9//96 933//96 931//96
f 934//93 11//93 932//93
f 4//98 5//98 7//98
f 936//95 5//95 935//95
f 937//97 4//97 938//97
f 5//96 937//96 935//96
f 4//93 936//93 938//93
f 821//380 822//380 12//380
f 12//230 21//230 823//230
f 823//206 21//206 28//206
f 824//61 28//61 34//61
f 825//207 34//207 41//207
f 800//231 41//231 51//231
f 51//232 54//232 798//232
f 798//210 54//210 64//210
f 797//67 64//67 69//67
f 69//211 75//211 827//211
f 75//240 80//240 828//240
f 80//235 84//235 829//235
f 84//198 89//198 830//198
f 831//76 830//76 89//76
f 89//76 93//76 832//76
f 832//199 93//199 95//199
f 834//236 833//236 95//236
f 95//236 98//236 835//236
f 836//381 835//381 98//381
f 98//237 101//237 837//237
f 837//202 101//202 104//202
f 838//85 104//85 107//85
f 839//203 107//203 110//203
f 840//238 110//238 12//238
f 815//96 816//96 98//96
f 98//96 95//96 93//96
f 93//96 89//96 84//96
f 84//96 80//96 75//96
f 75//96 69//96 64//96
f 64//96 808//96 809//96
f 64//96 809//96 810//96
f 84//96 75//96 64//96
f 98//96 93//96 84//96
f 814//96 815//96 98//96
f 813//96 814//96 98//96
f 84//96 64//96 810//96
f 84//96 810//96 811//96
f 813//96 98//96 84//96
f 84//96 811//96 812//96
f 808//96 64//96 54//96
f 54//96 51//96 41//96
f 41//96 34//96 28//96
f 28//96 21//96 12//96
f 12//96 110//96 107//96
f 107//96 104//96 101//96
f 101//96 98//96 816//96
f 101//96 816//96 817//96
f 12//96 107//96 101//96
f 41//96 28//96 12//96
f 808//96 54//96 41//96
f 807//96 808//96 41//96
f 101//96 817//96 818//96
f 101//96 818//96 819//96
f 806//96 807//96 41//96
f 805//96 806//96 41//96
f 12//96 101//96 819//96
f 12//96 819//96 820//96
f 804//96 805//96 41//96
f 803//96 804//96 41//96
f 12//96 820//96 801//96
f 802//96 803//96 41//96
f 12//96 801//96 802//96
f 865//230 10//230 18//230
f 866//206 18//206 24//206
f 868//61 867//61 24//61
f 24//61 27//61 869//61
f 869//207 27//207 33//207
f 33//231 37//231 871//231
f 37//232 42//232 872//232
f 42//210 47//210 873//210
f 47//67 49//67 841//67
f 841//211 49//211 56//211
f 56//240 60//240 874//240
f 60//235 63//235 875//235
f 63//198 68//198 876//198
f 877//76 876//76 68//76
f 68//76 72//76 878//76
f 878//199 72//199 76//199
f 880//236 879//236 76//236
f 76//236 79//236 881//236
f 881//237 79//237 81//237
f 844//202 81//202 85//202
f 843//85 85//85 87//85
f 882//203 87//203 90//203
f 883//238 90//238 10//238
f 847//96 848//96 27//96
f 27//96 24//96 18//96
f 18//96 10//96 90//96
f 90//96 87//96 85//96
f 85//96 81//96 79//96
f 79//96 76//96 72//96
f 72//96 68//96 63//96
f 63//96 60//96 56//96
f 56//96 49//96 47//96
f 47//96 852//96 853//96
f 47//96 853//96 854//96
f 63//96 56//96 47//96
f 79//96 72//96 63//96
f 90//96 85//96 79//96
f 27//96 18//96 90//96
f 846//96 847//96 27//96
f 845//96 846//96 27//96
f 63//96 47//96 854//96
f 63//96 854//96 855//96
f 845//96 27//96 90//96
f 864//96 845//96 90//96
f 63//96 855//96 856//96
f 63//96 856//96 857//96
f 863//96 864//96 90//96
f 862//96 863//96 90//96
f 79//96 63//96 857//96
f 79//96 857//96 858//96
f 862//96 90//96 79//96
f 861//96 862//96 79//96
f 79//96 858//96 859//96
f 860//96 861//96 79//96
f 852//96 47//96 42//96
f 42//96 37//96 33//96
f 33//96 27//96 848//96
f 33//96 848//96 849//96
f 852//96 42//96 33//96
f 851//96 852//96 33//96
f 33//96 849//96 850//96
f 909//230 6//230 16//230
f 910//206 16//206 20//206
f 888//61 20//61 23//61
f 23//207 26//207 912//207
f 26//231 29//231 913//231
f 29//232 32//232 914//232
f 32//210 35//210 915//210
f 916//67 915//67 35//67
f 35//67 38//67 917//67
f 917//211 38//211 40//211
f 40//240 44//240 919//240
f 44//235 46//235 920//235
f 46//198 50//198 921//198
f 921//76 50//76 52//76
f 884//199 52//199 55//199
f 885//236 55//236 58//236
f 886//237 58//237 61//237
f 887//202 61//202 65//202
f 922//85 65//85 67//85
f 923//203 67//203 71//203
f 925//238 924//238 71//238
f 71//238 6//238 909//238
f 891//96 892//96 23//96
f 23//96 20//96 16//96
f 16//96 6//96 71//96
f 71//96 67//96 65//96
f 65//96 61//96 58//96
f 58//96 55//96 52//96
f 52//96 50//96 46//96
f 46//96 44//96 40//96
f 40//96 38//96 35//96
f 35//96 896//96 897//96
f 35//96 897//96 898//96
f 46//96 40//96 35//96
f 58//96 52//96 46//96
f 71//96 65//96 58//96
f 23//96 16//96 71//96
f 890//96 891//96 23//96
f 889//96 890//96 23//96
f 46//96 35//96 898//96
f 46//96 898//96 899//96
f 889//96 23//96 71//96
f 908//96 889//96 71//96
f 46//96 899//96 900//96
f 46//96 900//96 901//96
f 907//96 908//96 71//96
f 906//96 907//96 71//96
f 58//96 46//96 901//96
f 58//96 901//96 902//96
f 906//96 71//96 58//96
f 905//96 906//96 58//96
f 58//96 902//96 903//96
f 904//96 905//96 58//96
f 896//96 35//96 32//96
f 32//96 29//96 26//96
f 26//96 23//96 892//96
f 26//96 892//96 893//96
f 896//96 32//96 26//96
f 895//96 896//96 26//96
f 26//96 893//96 894//96
f 927//98 926//98 3//98
f 3//98 8//98 929//98
f 929//95 8//95 19//95
f 930//94 19//94 14//94
f 14//97 3//97 926//97
f 8//96 3//96 14//96
f 13//95 15//95 934//95
f 11//94 15//94 13//94
f 11//97 9//97 931//97
f 9//96 13//96 933//96
f 934//93 15//93 11//93
f 4//98 1//98 5//98
f 936//95 7//95 5//95
f 937//97 1//97 4//97
f 5//96 1//96 937//96
f 4//93 7//93 936//93
usemtl DetailSteel
f 939//93 960//93 940//93
f 979//96 1000//96 999//96
f 939//245 980//245 979//245
f 960//246 999//246 1000//246
f 940//93 961//93 941//93
f 980//96 1001//96 1000//96
f 940//247 981//247 980//247
f 961//248 1000//248 1001//248
f 941//93 962//93 942//93
f 981//96 1002//96 1001//96
f 941//85 982//85 981//85
f 962//67 1001//67 1002//67
f 942//93 963//93 943//93
f 982//96 1003//96 1002//96
f 942//249 983//249 982//249
f 963//250 1002//250 1003//250
f 943//93 964//93 944//93
f 983//96 1004//96 1003//96
f 943//251 984//251 983//251
f 964//252 1003//252 1004//252
f 944//93 965//93 945//93
f 984//96 1005//96 1004//96
f 944//253 985//253 984//253
f 965//254 1004//254 1005//254
f 945//93 966//93 946//93
f 985//96 1006//96 1005//96
f 945//255 986//255 985//255
f 966//256 1005//256 1006//256
f 946//93 967//93 947//93
f 986//96 1007//96 1006//96
f 946//76 987//76 986//76
f 967//61 1006//61 1007//61
f 947//93 968//93 948//93
f 987//96 1008//96 1007//96
f 947//257 988//257 987//257
f 968//258 1007//258 1008//258
f 948//93 969//93 949//93
f 988//96 1009//96 1008//96
f 948//259 989//259 988//259
f 969//260 1008//260 1009//260
f 949//93 970//93 950//93
f 989//96 1010//96 1009//96
f 949//261 990//261 989//261
f 970//262 1009//262 1010//262
f 950//93 971//93 951//93
f 990//96 1011//96 1010//96
f 950//263 991//263 990//263
f 971//264 1010//264 1011//264
f 951//93 972//93 952//93
f 991//96 1012//96 1011//96
f 951//67 992//67 991//67
f 972//85 1011//85 1012//85
f 952//93 973//93 953//93
f 992//96 1013//96 1012//96
f 952//265 993//265 992//265
f 973//266 1012//266 1013//266
f 953//93 974//93 954//93
f 993//96 1014//96 1013//96
f 953//267 994//267 993//267
f 974//268 1013//268 1014//268
f 954//93 975//93 955//93
f 994//96 1015//96 1014//96
f 954//269 995//269 994//269
f 975//270 1014//270 1015//270
f 955//93 976//93 956//93
f 995//96 1016//96 1015//96
f 955//271 996//271 995//271
f 976//272 1015//272 1016//272
f 956//93 977//93 957//93
f 996//96 1017//96 1016//96
f 956//61 997//61 996//61
f 977//76 1016//76 1017//76
f 957//93 978//93 958//93
f 997//96 1018//96 1017//96
f 957//273 998//273 997//273
f 978//274 1017//274 1018//274
f 958//93 959//93 939//93
f 998//96 999//96 1018//96
f 958//275 979//275 998//275
f 959//276 1018//276 999//276
f 1019//93 1040//93 1020//93
f 1059//96 1080//96 1079//96
f 1019//245 1060//245 1059//245
f 1040//246 1079//246 1080//246
f 1020//93 1041//93 1021//93
f 1060//96 1081//96 1080//96
f 1020//247 1061//247 1060//247
f 1041//248 1080//248 1081//248
f 1021//93 1042//93 1022//93
f 1061//96 1082//96 1081//96
f 1021//85 1062//85 1061//85
f 1042//67 1081//67 1082//67
f 1022//93 1043//93 1023//93
f 1062//96 1083//96 1082//96
f 1022//249 1063//249 1062//249
f 1043//250 1082//250 1083//250
f 1023//93 1044//93 1024//93
f 1063//96 1084//96 1083//96
f 1023//251 1064//251 1063//251
f 1044//252 1083//252 1084//252
f 1024//93 1045//93 1025//93
f 1064//96 1085//96 1084//96
f 1024//253 1065//253 1064//253
f 1045//254 1084//254 1085//254
f 1025//93 1046//93 1026//93
f 1065//96 1086//96 1085//96
f 1025//255 1066//255 1065//255
f 1046//256 1085//256 1086//256
f 1026//93 1047//93 1027//93
f 1066//96 1087//96 1086//96
f 1026//76 1067//76 1066//76
f 1047//61 1086//61 1087//61
f 1027//93 1048//93 1028//93
f 1067//96 1088//96 1087//96
f 1027//257 1068//257 1067//257
f 1048//258 1087//258 1088//258
f 1028//93 1049//93 1029//93
f 1068//96 1089//96 1088//96
f 1028//259 1069//259 1068//259
f 1049//260 1088//260 1089//260
f 1029//93 1050//93 1030//93
f 1069//96 1090//96 1089//96
f 1029//261 1070//261 1069//261
f 1050//262 1089//262 1090//262
f 1030//93 1051//93 1031//93
f 1070//96 1091//96 1090//96
f 1030//263 1071//263 1070//263
f 1051//264 1090//264 1091//264
f 1031//93 1052//93 1032//93
f 1071//96 1092//96 1091//96
f 1031//67 1072//67 1071//67
f 1052//85 1091//85 1092//85
f 1032//93 1053//93 1033//93
f 1072//96 1093//96 1092//96
f 1032//265 1073//265 1072//265
f 1053//266 1092//266 1093//266
f 1033//93 1054//93 1034//93
f 1073//96 1094//96 1093//96
f 1033//267 1074//267 1073//267
f 1054//268 1093//268 1094//268
f 1034//93 1055//93 1035//93
f 1074//96 1095//96 1094//96
f 1034//269 1075//269 1074//269
f 1055//270 1094//270 1095//270
f 1035//93 1056//93 1036//93
f 1075//96 1096//96 1095//96
f 1035//271 1076//271 1075//271
f 1056//272 1095//272 1096//272
f 1036//93 1057//93 1037//93
f 1076//96 1097//96 1096//96
f 1036//61 1077//61 1076//61
f 1057//76 1096//76 1097//76
f 1037//93 1058//93 1038//93
f 1077//96 1098//96 1097//96
f 1037//273 1078//273 1077//273
f 1058//274 1097//274 1098//274
f 1038//93 1039//93 1019//93
f 1078//96 1079//96 1098//96
f 1038//275 1059//275 1078//275
f 1039//276 1098//276 1079//276
f 1099//93 1120//93 1100//93
f 1139//96 1160//96 1159//96
f 1099//245 1140//245 1139//245
f 1120//246 1159//246 1160//246
f 1100//93 1121//93 1101//93
f 1140//96 1161//96 1160//96
f 1100//247 1141//247 1140//247
f 1121//248 1160//248 1161//248
f 1101//93 1122//93 1102//93
f 1141//96 1162//96 1161//96
f 1101//85 1142//85 1141//85
f 1122//67 1161//67 1162//67
f 1102//93 1123//93 1103//93
f 1142//96 1163//96 1162//96
f 1102//249 1143//249 1142//249
f 1123//250 1162//250 1163//250
f 1103//93 1124//93 1104//93
f 1143//96 1164//96 1163//96
f 1103//251 1144//251 1143//251
f 1124//252 1163//252 1164//252
f 1104//93 1125//93 1105//93
f 1144//96 1165//96 1164//96
f 1104//253 1145//253 1144//253
f 1125//254 1164//254 1165//254
f 1105//93 1126//93 1106//93
f 1145//96 1166//96 1165//96
f 1105//255 1146//255 1145//255
f 1126//256 1165//256 1166//256
f 1106//93 1127//93 1107//93
f 1146//96 1167//96 1166//96
f 1106//76 1147//76 1146//76
f 1127//61 1166//61 1167//61
f 1107//93 1128//93 1108//93
f 1147//96 1168//96 1167//96
f 1107//257 1148//257 1147//257
f 1128//258 1167//258 1168//258
f 1108//93 1129//93 1109//93
f 1148//96 1169//96 1168//96
f 1108//259 1149//259 1148//259
f 1129//260 1168//260 1169//260
f 1109//93 1130//93 1110//93
f 1149//96 1170//96 1169//96
f 1109//261 1150//261 1149//261
f 1130//262 1169//262 1170//262
f 1110//93 1131//93 1111//93
f 1150//96 1171//96 1170//96
f 1110//263 1151//263 1150//263
f 1131//264 1170//264 1171//264
f 1111//93 1132//93 1112//93
f 1151//96 1172//96 1171//96
f 1111//67 1152//67 1151//67
f 1132//85 1171//85 1172//85
f 1112//93 1133//93 1113//93
f 1152//96 1173//96 1172//96
f 1112//265 1153//265 1152//265
f 1133//266 1172//266 1173//266
f 1113//93 1134//93 1114//93
f 1153//96 1174//96 1173//96
f 1113//267 1154//267 1153//267
f 1134//268 1173//268 1174//268
f 1114//93 1135//93 1115//93
f 1154//96 1175//96 1174//96
f 1114//269 1155//269 1154//269
f 1135//270 1174//270 1175//270
f 1115//93 1136//93 1116//93
f 1155//96 1176//96 1175//96
f 1115//271 1156//271 1155//271
f 1136//272 1175//272 1176//272
f 1116//93 1137//93 1117//93
f 1156//96 1177//96 1176//96
f 1116//61 1157//61 1156//61
f 1137//76 1176//76 1177//76
f 1117//93 1138//93 1118//93
f 1157//96 1178//96 1177//96
f 1117//273 1158//273 1157//273
f 1138//274 1177//274 1178//274
f 1118//93 1119//93 1099//93
f 1158//96 1159//96 1178//96
f 1118//275 1139//275 1158//275
f 1119//276 1178//276 1159//276
f 1179//93 1200//93 1180//93
f 1219//96 1240//96 1239//96
f 1179//245 1220//245 1219//245
f 1200//246 1239//246 1240//246
f 1180//93 1201//93 1181//93
f 1220//96 1241//96 1240//96
f 1180//247 1221//247 1220//247
f 1201//248 1240//248 1241//248
f 1181//93 1202//93 1182//93
f 1221//96 1242//96 1241//96
f 1181//85 1222//85 1221//85
f 1202//67 1241//67 1242//67
f 1182//93 1203//93 1183//93
f 1222//96 1243//96 1242//96
f 1182//249 1223//249 1222//249
f 1203//250 1242//250 1243//250
f 1183//93 1204//93 1184//93
f 1223//96 1244//96 1243//96
f 1183//251 1224//251 1223//251
f 1204//252 1243//252 1244//252
f 1184//93 1205//93 1185//93
f 1224//96 1245//96 1244//96
f 1184//253 1225//253 1224//253
f 1205//254 1244//254 1245//254
f 1185//93 1206//93 1186//93
f 1225//96 1246//96 1245//96
f 1185//255 1226//255 1225//255
f 1206//256 1245//256 1246//256
f 1186//93 1207//93 1187//93
f 1226//96 1247//96 1246//96
f 1186//76 1227//76 1226//76
f 1207//61 1246//61 1247//61
f 1187//93 1208//93 1188//93
f 1227//96 1248//96 1247//96
f 1187//257 1228//257 1227//257
f 1208//258 1247//258 1248//258
f 1188//93 1209//93 1189//93
f 1228//96 1249//96 1248//96
f 1188//259 1229//259 1228//259
f 1209//260 1248//260 1249//260
f 1189//93 1210//93 1190//93
f 1229//96 1250//96 1249//96
f 1189//261 1230//261 1229//261
f 1210//262 1249//262 1250//262
f 1190//93 1211//93 1191//93
f 1230//96 1251//96 1250//96
f 1190//263 1231//263 1230//263
f 1211//264 1250//264 1251//264
f 1191//93 1212//93 1192//93
f 1231//96 1252//96 1251//96
f 1191//67 1232//67 1231//67
f 1212//85 1251//85 1252//85
f 1192//93 1213//93 1193//93
f 1232//96 1253//96 1252//96
f 1192//265 1233//265 1232//265
f 1213//266 1252//266 1253//266
f 1193//93 1214//93 1194//93
f 1233//96 1254//96 1253//96
f 1193//267 1234//267 1233//267
f 1214//268 1253//268 1254//268
f 1194//93 1215//93 1195//93
f 1234//96 1255//96 1254//96
f 1194//269 1235//269 1234//269
f 1215//270 1254//270 1255//270
f 1195//93 1216//93 1196//93
f 1235//96 1256//96 1255//96
f 1195//271 1236//271 1235//271
f 1216//272 1255//272 1256//272
f 1196//93 1217//93 1197//93
f 1236//96 1257//96 1256//96
f 1196//61 1237//61 1236//61
f 1217//76 1256//76 1257//76
f 1197//93 1218//93 1198//93
f 1237//96 1258//96 1257//96
f 1197//273 1238//273 1237//273
f 1218//274 1257//274 1258//274
f 1198//93 1199//93 1179//93
f 1238//96 1239//96 1258//96
f 1198//275 1219//275 1238//275
f 1199//276 1258//276 1239//276
f 939//93 959//93 960//93
f 979//96 980//96 1000//96
f 939//245 940//245 980//245
f 960//246 959//246 999//246
f 940//93 960//93 961//93
f 980//96 981//96 1001//96
f 940//247 941//247 981//247
f 961//248 960//248 1000//248
f 941//93 961//93 962//93
f 981//96 982//96 1002//96
f 941//85 942//85 982//85
f 962//67 961//67 1001//67
f 942//93 962//93 963//93
f 982//96 983//96 1003//96
f 942//249 943//249 983//249
f 963//250 962//250 1002//250
f 943//93 963//93 964//93
f 983//96 984//96 1004//96
f 943//251 944//251 984//251
f 964//252 963//252 1003//252
f 944//93 964//93 965//93
f 984//96 985//96 1005//96
f 944//253 945//253 985//253
f 965//254 964//254 1004//254
f 945//93 965//93 966//93
f 985//96 986//96 1006//96
f 945//255 946//255 986//255
f 966//256 965//256 1005//256
f 946//93 966//93 967//93
f 986//96 987//96 1007//96
f 946//76 947//76 987//76
f 967//61 966//61 1006//61
f 947//93 967//93 968//93
f 987//96 988//96 1008//96
f 947//257 948//257 988//257
f 968//258 967//258 1007//258
f 948//93 968//93 969//93
f 988//96 989//96 1009//96
f 948//259 949//259 989//259
f 969//260 968//260 1008//260
f 949//93 969//93 970//93
f 989//96 990//96 1010//96
f 949//261 950//261 990//261
f 970//262 969//262 1009//262
f 950//93 970//93 971//93
f 990//96 991//96 1011//96
f 950//263 951//263 991//263
f 971//264 970//264 1010//264
f 951//93 971//93 972//93
f 991//96 992//96 1012//96
f 951//67 952//67 992//67
f 972//85 971//85 1011//85
f 952//93 972//93 973//93
f 992//96 993//96 1013//96
f 952//265 953//265 993//265
f 973//266 972//266 1012//266
f 953//93 973//93 974//93
f 993//96 994//96 1014//96
f 953//267 954//267 994//267
f 974//268 973//268 1013//268
f 954//93 974//93 975//93
f 994//96 995//96 1015//96
f 954//269 955//269 995//269
f 975//270 974//270 1014//270
f 955//93 975//93 976//93
f 995//96 996//96 1016//96
f 955//271 956//271 996//271
f 976//272 975//272 1015//272
f 956//93 976//93 977//93
f 996//96 997//96 1017//96
f 956//61 957//61 997//61
f 977//76 976//76 1016//76
f 957//93 977//93 978//93
f 997//96 998//96 1018//96
f 957//273 958//273 998//273
f 978//274 977//274 1017//274
f 958//93 978//93 959//93
f 998//96 979//96 999//96
f 958//275 939//275 979//275
f 959//276 978//276 1018//276
f 1019//93 1039//93 1040//93
f 1059//96 1060//96 1080//96
f 1019//245 1020//245 1060//245
f 1040//246 1039//246 1079//246
f 1020//93 1040//93 1041//93
f 1060//96 1061//96 1081//96
f 1020//247 1021//247 1061//247
f 1041//248 1040//248 1080//248
f 1021//93 1041//93 1042//93
f 1061//96 1062//96 1082//96
f 1021//85 1022//85 1062//85
f 1042//67 1041//67 1081//67
f 1022//93 1042//93 1043//93
f 1062//96 1063//96 1083//96
f 1022//249 1023//249 1063//249
f 1043//250 1042//250 1082//250
f 1023//93 1043//93 1044//93
f 1063//96 1064//96 1084//96
f 1023//251 1024//251 1064//251
f 1044//252 1043//252 1083//252
f 1024//93 1044//93 1045//93
f 1064//96 1065//96 1085//96
f 1024//253 1025//253 1065//253
f 1045//254 1044//254 1084//254
f 1025//93 1045//93 1046//93
f 1065//96 1066//96 1086//96
f 1025//255 1026//255 1066//255
f 1046//256 1045//256 1085//256
f 1026//93 1046//93 1047//93
f 1066//96 1067//96 1087//96
f 1026//76 1027//76 1067//76
f 1047//61 1046//61 1086//61
f 1027//93 1047//93 1048//93
f 1067//96 1068//96 1088//96
f 1027//257 1028//257 1068//257
f 1048//258 1047//258 1087//258
f 1028//93 1048//93 1049//93
f 1068//96 1069//96 1089//96
f 1028//259 1029//259 1069//259
f 1049//260 1048//260 1088//260
f 1029//93 1049//93 1050//93
f 1069//96 1070//96 1090//96
f 1029//261 1030//261 1070//261
f 1050//262 1049//262 1089//262
f 1030//93 1050//93 1051//93
f 1070//96 1071//96 1091//96
f 1030//263 1031//263 1071//263
f 1051//264 1050//264 1090//264
f 1031//93 1051//93 1052//93
f 1071//96 1072//96 1092//96
f 1031//67 1032//67 1072//67
f 1052//85 1051//85 1091//85
f 1032//93 1052//93 1053//93
f 1072//96 1073//96 1093//96
f 1032//265 1033//265 1073//265
f 1053//266 1052//266 1092//266
f 1033//93 1053//93 1054//93
f 1073//96 1074//96 1094//96
f 1033//267 1034//267 1074//267
f 1054//268 1053//268 1093//268
f 1034//93 1054//93 1055//93
f 1074//96 1075//96 1095//96
f 1034//269 1035//269 1075//269
f 1055//270 1054//270 1094//270
f 1035//93 1055//93 1056//93
f 1075//96 1076//96 1096//96
f 1035//271 1036//271 1076//271
f 1056//272 1055//272 1095//272
f 1036//93 1056//93 1057//93
f 1076//96 1077//96 1097//96
f 1036//61 1037//61 1077//61
f 1057//76 1056//76 1096//76
f 1037//93 1057//93 1058//93
f 1077//96 1078//96 1098//96
f 1037//273 1038//273 1078//273
f 1058//274 1057//274 1097//274
f 1038//93 1058//93 1039//93
f 1078//96 1059//96 1079//96
f 1038//275 1019//275 1059//275
f 1039//276 1058//276 1098//276
f 1099//93 1119//93 1120//93
f 1139//96 1140//96 1160//96
f 1099//245 1100//245 1140//245
f 1120//246 1119//246 1159//246
f 1100//93 1120//93 1121//93
f 1140//96 1141//96 1161//96
f 1100//247 1101//247 1141//247
f 1121//248 1120//248 1160//248
f 1101//93 1121//93 1122//93
f 1141//96 1142//96 1162//96
f 1101//85 1102//85 1142//85
f 1122//67 1121//67 1161//67
f 1102//93 1122//93 1123//93
f 1142//96 1143//96 1163//96
f 1102//249 1103//249 1143//249
f 1123//250 1122//250 1162//250
f 1103//93 1123//93 1124//93
f 1143//96 1144//96 1164//96
f 1103//251 1104//251 1144//251
f 1124//252 1123//252 1163//252
f 1104//93 1124//93 1125//93
f 1144//96 1145//96 1165//96
f 1104//253 1105//253 1145//253
f 1125//254 1124//254 1164//254
f 1105//93 1125//93 1126//93
f 1145//96 1146//96 1166//96
f 1105//255 1106//255 1146//255
f 1126//256 1125//256 1165//256
f 1106//93 1126//93 1127//93
f 1146//96 1147//96 1167//96
f 1106//76 1107//76 1147//76
f 1127//61 1126//61 1166//61
f 1107//93 1127//93 1128//93
f 1147//96 1148//96 1168//96
f 1107//257 1108//257 1148//257
f 1128//258 1127//258 1167//258
f 1108//93 1128//93 1129//93
f 1148//96 1149//96 1169//96
f 1108//259 1109//259 1149//259
f 1129//260 1128//260 1168//260
f 1109//93 1129//93 1130//93
f 1149//96 1150//96 1170//96
f 1109//261 1110//261 1150//261
f 1130//262 1129//262 1169//262
f 1110//93 1130//93 1131//93
f 1150//96 1151//96 1171//96
f 1110//263 1111//263 1151//263
f 1131//264 1130//264 1170//264
f 1111//93 1131//93 1132//93
f 1151//96 1152//96 1172//96
f 1111//67 1112//67 1152//67
f 1132//85 1131//85 1171//85
f 1112//93 1132//93 1133//93
f 1152//96 1153//96 1173//96
f 1112//265 1113//265 1153//265
f 1133//266 1132//266 1172//266
f 1113//93 1133//93 1134//93
f 1153//96 1154//96 1174//96
f 1113//267 1114//267 1154//267
f 1134//268 1133//268 1173//268
f 1114//93 1134//93 1135//93
f 1154//96 1155//96 1175//96
f 1114//269 1115//269 1155//269
f 1135//270 1134//270 1174//270
f 1115//93 1135//93 1136//93
f 1155//96 1156//96 1176//96
f 1115//271 1116//271 1156//271
f 1136//272 1135//272 1175//272
f 1116//93 1136//93 1137//93
f 1156//96 1157//96 1177//96
f 1116//61 1117//61 1157//61
f 1137//76 1136//76 1176//76
f 1117//93 1137//93 1138//93
f 1157//96 1158//96 1178//96
f 1117//273 1118//273 1158//273
f 1138//274 1137//274 1177//274
f 1118//93 1138//93 1119//93
f 1158//96 1139//96 1159//96
f 1118//275 1099//275 1139//275
f 1119//276 1138//276 1178//276
f 1179//93 1199//93 1200//93
f 1219//96 1220//96 1240//96
f 1179//245 1180//245 1220//245
f 1200//246 1199//246 1239//246
f 1180//93 1200//93 1201//93
f 1220//96 1221//96 1241//96
f 1180//247 1181//247 1221//247
f 1201//248 1200//248 1240//248
f 1181//93 1201//93 1202//93
f 1221//96 1222//96 1242//96
f 1181//85 1182//85 1222//85
f 1202//67 1201//67 1241//67
f 1182//93 1202//93 1203//93
f 1222//96 1223//96 1243//96
f 1182//249 1183//249 1223//249
f 1203//250 1202//250 1242//250
f 1183//93 1203//93 1204//93
f 1223//96 1224//96 1244//96
f 1183//251 1184//251 1224//251
f 1204//252 1203//252 1243//252
f 1184//93 1204//93 1205//93
f 1224//96 1225//96 1245//96
f 1184//253 1185//253 1225//253
f 1205//254 1204//254 1244//254
f 1185//93 1205//93 1206//93
f 1225//96 1226//96 1246//96
f 1185//255 1186//255 1226//255
f 1206//256 1205//256 1245//256
f 1186//93 1206//93 1207//93
f 1226//96 1227//96 1247//96
f 1186//76 1187//76 1227//76
f 1207//61 1206//61 1246//61
f 1187//93 1207//93 1208//93
f 1227//96 1228//96 1248//96
f 1187//257 1188//257 1228//257
f 1208//258 1207//258 1247//258
f 1188//93 1208//93 1209//93
f 1228//96 1229//96 1249//96
f 1188//259 1189//259 1229//259
f 1209//260 1208//260 1248//260
f 1189//93 1209//93 1210//93
f 1229//96 1230//96 1250//96
f 1189//261 1190//261 1230//261
f 1210//262 1209//262 1249//262
f 1190//93 1210//93 1211//93
f 1230//96 1231//96 1251//96
f 1190//263 1191//263 1231//263
f 1211//264 1210//264 1250//264
f 1191//93 1211//93 1212//93
f 1231//96 1232//96 1252//96
f 1191//67 1192//67 1232//67
f 1212//85 1211//85 1251//85
f 1192//93 1212//93 1213//93
f 1232//96 1233//96 1253//96
f 1192//265 1193//265 1233//265
f 1213//266 1212//266 1252//266
f 1193//93 1213//93 1214//93
f 1233//96 1234//96 1254//96
f 1193//267 1194//267 1234//267
f 1214//268 1213//268 1253//268
f 1194//93 1214//93 1215//93
f 1234//96 1235//96 1255//96
f 1194//269 1195//269 1235//269
f 1215//270 1214//270 1254//270
f 1195//93 1215//93 1216//93
f 1235//96 1236//96 1256//96
f 1195//271 1196//271 1236//271
f 1216//272 1215//272 1255//272
f 1196//93 1216//93 1217//93
f 1236//96 1237//96 1257//96
f 1196//61 1197//61 1237//61
f 1217//76 1216//76 1256//76
f 1197//93 1217//93 1218//93
f 1237//96 1238//96 1258//96
f 1197//273 1198//273 1238//273
f 1218//274 1217//274 1257//274
f 1198//93 1218//93 1199//93
f 1238//96 1219//96 1239//96
f 1198//275 1179//275 1219//275
f 1199//276 1218//276 1258//276
usemtl DetailGraphite
f 1259//94 1262//94 1261//94
f 1261//97 1266//97 1265//97
f 1265//98 1264//98 1263//98
f 1263//95 1260//95 1259//95
f 1261//93 1263//93 1259//93
f 1266//96 1260//96 1264//96
f 1275//94 1278//94 1277//94
f 1277//97 1282//97 1281//97
f 1281//98 1280//98 1279//98
f 1279//95 1276//95 1275//95
f 1277//93 1279//93 1275//93
f 1282//96 1276//96 1280//96
f 1307//94 1310//94 1309//94
f 1309//97 1314//97 1313//97
f 1313//98 1312//98 1311//98
f 1311//95 1308//95 1307//95
f 1309//93 1311//93 1307//93
f 1314//96 1308//96 1312//96
f 1259//94 1260//94 1262//94
f 1261//97 1262//97 1266//97
f 1265//98 1266//98 1264//98
f 1263//95 1264//95 1260//95
f 1261//93 1265//93 1263//93
f 1266//96 1262//96 1260//96
f 1275//94 1276//94 1278//94
f 1277//97 1278//97 1282//97
f 1281//98 1282//98 1280//98
f 1279//95 1280//95 1276//95
f 1277//93 1281//93 1279//93
f 1282//96 1278//96 1276//96
f 1307//94 1308//94 1310//94
f 1309//97 1310//97 1314//97
f 1313//98 1314//98 1312//98
f 1311//95 1312//95 1308//95
f 1309//93 1313//93 1311//93
f 1314//96 1310//96 1308//96
usemtl DetailTeal
f 1267//94 1270//94 1269//94
f 1269//97 1274//97 1273//97
f 1273//98 1272//98 1271//98
f 1271//95 1268//95 1267//95
f 1269//93 1271//93 1267//93
f 1274//96 1268//96 1272//96
f 1283//94 1286//94 1285//94
f 1285//97 1290//97 1289//97
f 1289//98 1288//98 1287//98
f 1287//95 1284//95 1283//95
f 1285//93 1287//93 1283//93
f 1290//96 1284//96 1288//96
f 1291//94 1294//94 1293//94
f 1293//97 1298//97 1297//97
f 1297//98 1296//98 1295//98
f 1295//95 1292//95 1291//95
f 1293//93 1295//93 1291//93
f 1298//96 1292//96 1296//96
f 1299//94 1302//94 1301//94
f 1301//97 1306//97 1305//97
f 1305//98 1304//98 1303//98
f 1303//95 1300//95 1299//95
f 1301//93 1303//93 1299//93
f 1306//96 1300//96 1304//96
f 1315//94 1318//94 1317//94
f 1317//97 1322//97 1321//97
f 1321//98 1320//98 1319//98
f 1319//95 1316//95 1315//95
f 1317//93 1319//93 1315//93
f 1322//96 1316//96 1320//96
f 1323//94 1326//94 1325//94
f 1325//97 1330//97 1329//97
f 1329//98 1328//98 1327//98
f 1327//95 1324//95 1323//95
f 1325//93 1327//93 1323//93
f 1330//96 1324//96 1328//96
f 1331//94 1334//94 1333//94
f 1333//97 1338//97 1337//97
f 1337//98 1336//98 1335//98
f 1335//95 1332//95 1331//95
f 1333//93 1335//93 1331//93
f 1338//96 1332//96 1336//96
f 1267//94 1268//94 1270//94
f 1269//97 1270//97 1274//97
f 1273//98 1274//98 1272//98
f 1271//95 1272//95 1268//95
f 1269//93 1273//93 1271//93
f 1274//96 1270//96 1268//96
f 1283//94 1284//94 1286//94
f 1285//97 1286//97 1290//97
f 1289//98 1290//98 1288//98
f 1287//95 1288//95 1284//95
f 1285//93 1289//93 1287//93
f 1290//96 1286//96 1284//96
f 1291//94 1292//94 1294//94
f 1293//97 1294//97 1298//97
f 1297//98 1298//98 1296//98
f 1295//95 1296//95 1292//95
f 1293//93 1297//93 1295//93
f 1298//96 1294//96 1292//96
f 1299//94 1300//94 1302//94
f 1301//97 1302//97 1306//97
f 1305//98 1306//98 1304//98
f 1303//95 1304//95 1300//95
f 1301//93 1305//93 1303//93
f 1306//96 1302//96 1300//96
f 1315//94 1316//94 1318//94
f 1317//97 1318//97 1322//97
f 1321//98 1322//98 1320//98
f 1319//95 1320//95 1316//95
f 1317//93 1321//93 1319//93
f 1322//96 1318//96 1316//96
f 1323//94 1324//94 1326//94
f 1325//97 1326//97 1330//97
f 1329//98 1330//98 1328//98
f 1327//95 1328//95 1324//95
f 1325//93 1329//93 1327//93
f 1330//96 1326//96 1324//96
f 1331//94 1332//94 1334//94
f 1333//97 1334//97 1338//97
f 1337//98 1338//98 1336//98
f 1335//95 1336//95 1332//95
f 1333//93 1337//93 1335//93
f 1338//96 1334//96 1332//96
