# Blender 5.2.1 LTS
# www.blender.org
mtllib biped_body.mtl
o biped_body
v -0.031000 -0.030000 0.018500
v 0.034400 -0.016000 0.013000
v -0.012000 -0.013300 0.023150
v 0.034400 0.016000 0.013000
v -0.020000 -0.029000 -0.001500
v -0.012000 -0.010700 0.023150
v 0.034400 -0.016000 -0.013000
v 0.020000 -0.029000 -0.001500
v 0.012000 -0.013300 0.023150
v 0.034400 0.016000 -0.013000
v 0.012000 -0.010700 0.023150
v -0.031000 -0.026000 0.022500
v -0.034400 -0.016000 0.013000
v 0.020464 -0.029000 -0.001427
v -0.034400 0.016000 0.013000
v -0.035000 -0.026000 0.018500
v -0.031000 -0.029466 0.020497
v -0.034400 -0.016000 -0.013000
v -0.034400 0.016000 -0.013000
v -0.019536 -0.029000 -0.001427
v 0.020882 -0.029000 -0.001214
v -0.032997 -0.029466 0.018500
v 0.021214 -0.029000 -0.000882
v -0.032913 -0.028947 0.020413
v -0.019118 -0.029000 -0.001214
v -0.032997 -0.026000 0.021966
v 0.021427 -0.029000 -0.000464
v -0.031000 -0.027997 0.021966
v -0.018786 -0.029000 -0.000882
v 0.021500 -0.029000 0.000000
v -0.032913 -0.027913 0.021447
v -0.034466 -0.027997 0.018500
v 0.021427 -0.029000 0.000464
v -0.018573 -0.029000 -0.000464
v 0.021214 -0.029000 0.000882
v -0.034466 -0.026000 0.020497
v -0.018500 -0.029000 0.000000
v -0.033947 -0.027913 0.020413
v 0.020882 -0.029000 0.001214
v -0.031000 0.026000 0.022500
v -0.031000 0.030000 0.018500
v 0.020464 -0.029000 0.001427
v -0.018573 -0.029000 0.000464
v -0.035000 0.026000 0.018500
v 0.020000 -0.029000 0.001500
v -0.018786 -0.029000 0.000882
v 0.019536 -0.029000 0.001427
v -0.031000 0.027997 0.021966
v -0.032997 0.026000 0.021966
v -0.019118 -0.029000 0.001214
v 0.019118 -0.029000 0.001214
v -0.032913 0.027913 0.021447
v 0.018786 -0.029000 0.000882
v -0.032997 0.029466 0.018500
v -0.019536 -0.029000 0.001427
v -0.031000 0.029466 0.020497
v 0.018573 -0.029000 0.000464
v -0.032913 0.028947 0.020413
v -0.034466 0.026000 0.020497
v 0.018500 -0.029000 0.000000
v -0.020000 -0.029000 0.001500
v 0.018573 -0.029000 -0.000464
v -0.034466 0.027997 0.018500
v -0.020464 -0.029000 0.001427
v -0.033947 0.027913 0.020413
v 0.018786 -0.029000 -0.000882
v -0.031000 -0.030000 -0.018500
v 0.019118 -0.029000 -0.001214
v -0.035000 -0.026000 -0.018500
v -0.020882 -0.029000 0.001214
v 0.019536 -0.029000 -0.001427
v -0.031000 -0.026000 -0.022500
v -0.021214 -0.029000 0.000882
v -0.032997 -0.029466 -0.018500
v -0.031000 -0.029466 -0.020497
v -0.021427 -0.029000 0.000464
v -0.032913 -0.028947 -0.020413
v -0.034466 -0.026000 -0.020497
v -0.021500 -0.029000 0.000000
v -0.034466 -0.027997 -0.018500
v -0.033947 -0.027913 -0.020413
v -0.031000 -0.027997 -0.021966
v -0.021427 -0.029000 -0.000464
v -0.032997 -0.026000 -0.021966
v -0.021214 -0.029000 -0.000882
v -0.032913 -0.027913 -0.021447
v -0.031000 0.030000 -0.018500
v -0.031000 0.026000 -0.022500
v -0.020882 -0.029000 -0.001214
v -0.035000 0.026000 -0.018500
v -0.020464 -0.029000 -0.001427
v -0.031000 0.029466 -0.020497
v -0.032997 0.029466 -0.018500
v -0.032913 0.028947 -0.020413
v -0.032997 0.026000 -0.021966
v -0.031000 0.027997 -0.021966
v -0.032913 0.027913 -0.021447
v -0.034466 0.027997 -0.018500
v -0.034466 0.026000 -0.020497
v -0.033947 0.027913 -0.020413
v 0.031000 -0.030000 0.018500
v 0.035000 -0.026000 0.018500
v 0.031000 -0.026000 0.022500
v 0.032997 -0.029466 0.018500
v 0.031000 -0.029466 0.020497
v 0.032913 -0.028947 0.020413
v 0.034466 -0.026000 0.020497
v 0.034466 -0.027997 0.018500
v 0.033947 -0.027913 0.020413
v 0.031000 -0.027997 0.021966
v 0.032997 -0.026000 0.021966
v 0.032913 -0.027913 0.021447
v 0.031000 0.030000 0.018500
v 0.031000 0.026000 0.022500
v 0.035000 0.026000 0.018500
v 0.031000 0.029466 0.020497
v 0.032997 0.029466 0.018500
v 0.032913 0.028947 0.020413
v 0.032997 0.026000 0.021966
v 0.031000 0.027997 0.021966
v 0.032913 0.027913 0.021447
v 0.034466 0.027997 0.018500
v 0.034466 0.026000 0.020497
v 0.033947 0.027913 0.020413
v 0.031000 -0.030000 -0.018500
v 0.031000 -0.026000 -0.022500
v 0.035000 -0.026000 -0.018500
v 0.031000 -0.029466 -0.020497
v 0.032997 -0.029466 -0.018500
v 0.032913 -0.028947 -0.020413
v 0.032997 -0.026000 -0.021966
v 0.031000 -0.027997 -0.021966
v 0.032913 -0.027913 -0.021447
v 0.034466 -0.027997 -0.018500
v 0.034466 -0.026000 -0.020497
v 0.033947 -0.027913 -0.020413
v 0.031000 0.030000 -0.018500
v 0.035000 0.026000 -0.018500
v 0.031000 0.026000 -0.022500
v 0.032997 0.029466 -0.018500
v 0.031000 0.029466 -0.020497
v 0.032913 0.028947 -0.020413
v 0.034466 0.026000 -0.020497
v 0.034466 0.027997 -0.018500
v 0.033947 0.027913 -0.020413
v 0.031000 0.027997 -0.021966
v 0.032997 0.026000 -0.021966
v 0.032913 0.027913 -0.021447
v -0.021500 -0.030000 0.000000
v -0.021214 -0.030000 0.000882
v -0.021427 -0.030000 0.000464
v -0.021427 -0.030000 -0.000464
v -0.020464 -0.030000 0.001427
v -0.020464 -0.030000 -0.001427
v -0.020882 -0.030000 0.001214
v -0.020882 -0.030000 -0.001214
v -0.021214 -0.030000 -0.000882
v -0.019118 -0.030000 0.001214
v -0.019536 -0.030000 0.001427
v -0.019536 -0.030000 -0.001427
v -0.018786 -0.030000 -0.000882
v -0.018500 -0.030000 0.000000
v -0.018573 -0.030000 0.000464
v -0.018573 -0.030000 -0.000464
v -0.018786 -0.030000 0.000882
v -0.019118 -0.030000 -0.001214
v -0.020000 -0.030000 0.001500
v -0.020000 -0.030000 -0.001500
v 0.018573 -0.030000 0.000464
v 0.018500 -0.030000 0.000000
v 0.018786 -0.030000 0.000882
v 0.018573 -0.030000 -0.000464
v 0.018786 -0.030000 -0.000882
v 0.019118 -0.030000 0.001214
v 0.019536 -0.030000 -0.001427
v 0.019536 -0.030000 0.001427
v 0.019118 -0.030000 -0.001214
v 0.020882 -0.030000 0.001214
v 0.020882 -0.030000 -0.001214
v 0.020464 -0.030000 0.001427
v 0.020464 -0.030000 -0.001427
v 0.021500 -0.030000 0.000000
v 0.021427 -0.030000 -0.000464
v 0.021214 -0.030000 0.000882
v 0.021427 -0.030000 0.000464
v 0.021214 -0.030000 -0.000882
v 0.020000 -0.030000 -0.001500
v 0.020000 -0.030000 0.001500
v -0.013500 -0.014000 0.023000
v -0.013500 -0.013500 0.023500
v -0.014000 -0.013500 0.023000
v -0.013500 -0.013933 0.023250
v -0.013750 -0.013933 0.023000
v -0.013739 -0.013868 0.023239
v -0.013750 -0.013500 0.023433
v -0.013500 -0.013750 0.023433
v -0.013739 -0.013739 0.023368
v -0.013933 -0.013750 0.023000
v -0.013933 -0.013500 0.023250
v -0.013868 -0.013739 0.023239
v -0.013500 -0.010500 0.023500
v -0.013500 -0.010000 0.023000
v -0.014000 -0.010500 0.023000
v -0.013500 -0.010250 0.023433
v -0.013750 -0.010500 0.023433
v -0.013739 -0.010261 0.023368
v -0.013750 -0.010067 0.023000
v -0.013500 -0.010067 0.023250
v -0.013739 -0.010132 0.023239
v -0.013933 -0.010500 0.023250
v -0.013933 -0.010250 0.023000
v -0.013868 -0.010261 0.023239
v 0.013500 -0.014000 0.023000
v 0.014000 -0.013500 0.023000
v 0.013500 -0.013500 0.023500
v 0.013750 -0.013933 0.023000
v 0.013500 -0.013933 0.023250
v 0.013739 -0.013868 0.023239
v 0.013933 -0.013500 0.023250
v 0.013933 -0.013750 0.023000
v 0.013868 -0.013739 0.023239
v 0.013500 -0.013750 0.023433
v 0.013750 -0.013500 0.023433
v 0.013739 -0.013739 0.023368
v 0.013500 -0.010000 0.023000
v 0.013500 -0.010500 0.023500
v 0.014000 -0.010500 0.023000
v 0.013500 -0.010067 0.023250
v 0.013750 -0.010067 0.023000
v 0.013739 -0.010132 0.023239
v 0.013750 -0.010500 0.023433
v 0.013500 -0.010250 0.023433
v 0.013739 -0.010261 0.023368
v 0.013933 -0.010250 0.023000
v 0.013933 -0.010500 0.023250
v 0.013868 -0.010261 0.023239
v -0.012000 0.015595 -0.024500
v -0.012000 0.016000 -0.024100
v -0.012000 0.015881 -0.024383
v -0.012000 0.016000 -0.022900
v -0.012000 0.015881 -0.022617
v -0.010889 0.015419 -0.024500
v -0.010764 0.015804 -0.024100
v -0.010801 0.015691 -0.024383
v -0.010764 0.015804 -0.022900
v -0.010801 0.015691 -0.022617
v -0.009887 0.014908 -0.024500
v -0.009649 0.015236 -0.024100
v -0.009719 0.015140 -0.024383
v -0.009649 0.015236 -0.022900
v -0.009719 0.015140 -0.022617
v -0.009092 0.014113 -0.024500
v -0.008764 0.014351 -0.024100
v -0.008860 0.014281 -0.024383
v -0.008764 0.014351 -0.022900
v -0.008860 0.014281 -0.022617
v -0.008581 0.013111 -0.024500
v -0.008196 0.013236 -0.024100
v -0.008309 0.013199 -0.024383
v -0.008196 0.013236 -0.022900
v -0.008309 0.013199 -0.022617
v -0.008405 0.012000 -0.024500
v -0.008000 0.012000 -0.024100
v -0.008119 0.012000 -0.024383
v -0.008000 0.012000 -0.022900
v -0.008119 0.012000 -0.022617
v -0.008581 0.010889 -0.024500
v -0.008196 0.010764 -0.024100
v -0.008309 0.010801 -0.024383
v -0.008196 0.010764 -0.022900
v -0.008309 0.010801 -0.022617
v -0.009092 0.009887 -0.024500
v -0.008764 0.009649 -0.024100
v -0.008860 0.009719 -0.024383
v -0.008764 0.009649 -0.022900
v -0.008860 0.009719 -0.022617
v -0.009887 0.009092 -0.024500
v -0.009649 0.008764 -0.024100
v -0.009719 0.008860 -0.024383
v -0.009649 0.008764 -0.022900
v -0.009719 0.008860 -0.022617
v -0.010889 0.008581 -0.024500
v -0.010764 0.008196 -0.024100
v -0.010801 0.008309 -0.024383
v -0.010764 0.008196 -0.022900
v -0.010801 0.008309 -0.022617
v -0.012000 0.008405 -0.024500
v -0.012000 0.008000 -0.024100
v -0.012000 0.008119 -0.024383
v -0.012000 0.008000 -0.022900
v -0.012000 0.008119 -0.022617
v -0.013111 0.008581 -0.024500
v -0.013236 0.008196 -0.024100
v -0.013199 0.008309 -0.024383
v -0.013236 0.008196 -0.022900
v -0.013199 0.008309 -0.022617
v -0.014113 0.009092 -0.024500
v -0.014351 0.008764 -0.024100
v -0.014281 0.008860 -0.024383
v -0.014351 0.008764 -0.022900
v -0.014281 0.008860 -0.022617
v -0.014908 0.009887 -0.024500
v -0.015236 0.009649 -0.024100
v -0.015140 0.009719 -0.024383
v -0.015236 0.009649 -0.022900
v -0.015140 0.009719 -0.022617
v -0.015419 0.010889 -0.024500
v -0.015804 0.010764 -0.024100
v -0.015691 0.010801 -0.024383
v -0.015804 0.010764 -0.022900
v -0.015691 0.010801 -0.022617
v -0.015595 0.012000 -0.024500
v -0.016000 0.012000 -0.024100
v -0.015881 0.012000 -0.024383
v -0.016000 0.012000 -0.022900
v -0.015881 0.012000 -0.022617
v -0.015419 0.013111 -0.024500
v -0.015804 0.013236 -0.024100
v -0.015691 0.013199 -0.024383
v -0.015804 0.013236 -0.022900
v -0.015691 0.013199 -0.022617
v -0.014908 0.014113 -0.024500
v -0.015236 0.014351 -0.024100
v -0.015140 0.014281 -0.024383
v -0.015236 0.014351 -0.022900
v -0.015140 0.014281 -0.022617
v -0.014113 0.014908 -0.024500
v -0.014351 0.015236 -0.024100
v -0.014281 0.015140 -0.024383
v -0.014351 0.015236 -0.022900
v -0.014281 0.015140 -0.022617
v -0.013111 0.015419 -0.024500
v -0.013236 0.015804 -0.024100
v -0.013199 0.015691 -0.024383
v -0.013236 0.015804 -0.022900
v -0.013199 0.015691 -0.022617
v 0.012000 0.015595 -0.024500
v 0.012000 0.016000 -0.024100
v 0.012000 0.015881 -0.024383
v 0.012000 0.016000 -0.022900
v 0.012000 0.015881 -0.022617
v 0.013111 0.015419 -0.024500
v 0.013236 0.015804 -0.024100
v 0.013199 0.015691 -0.024383
v 0.013236 0.015804 -0.022900
v 0.013199 0.015691 -0.022617
v 0.014113 0.014908 -0.024500
v 0.014351 0.015236 -0.024100
v 0.014281 0.015140 -0.024383
v 0.014351 0.015236 -0.022900
v 0.014281 0.015140 -0.022617
v 0.014908 0.014113 -0.024500
v 0.015236 0.014351 -0.024100
v 0.015140 0.014281 -0.024383
v 0.015236 0.014351 -0.022900
v 0.015140 0.014281 -0.022617
v 0.015419 0.013111 -0.024500
v 0.015804 0.013236 -0.024100
v 0.015691 0.013199 -0.024383
v 0.015804 0.013236 -0.022900
v 0.015691 0.013199 -0.022617
v 0.015595 0.012000 -0.024500
v 0.016000 0.012000 -0.024100
v 0.015881 0.012000 -0.024383
v 0.016000 0.012000 -0.022900
v 0.015881 0.012000 -0.022617
v 0.015419 0.010889 -0.024500
v 0.015804 0.010764 -0.024100
v 0.015691 0.010801 -0.024383
v 0.015804 0.010764 -0.022900
v 0.015691 0.010801 -0.022617
v 0.014908 0.009887 -0.024500
v 0.015236 0.009649 -0.024100
v 0.015140 0.009719 -0.024383
v 0.015236 0.009649 -0.022900
v 0.015140 0.009719 -0.022617
v 0.014113 0.009092 -0.024500
v 0.014351 0.008764 -0.024100
v 0.014281 0.008860 -0.024383
v 0.014351 0.008764 -0.022900
v 0.014281 0.008860 -0.022617
v 0.013111 0.008581 -0.024500
v 0.013236 0.008196 -0.024100
v 0.013199 0.008309 -0.024383
v 0.013236 0.008196 -0.022900
v 0.013199 0.008309 -0.022617
v 0.012000 0.008405 -0.024500
v 0.012000 0.008000 -0.024100
v 0.012000 0.008119 -0.024383
v 0.012000 0.008000 -0.022900
v 0.012000 0.008119 -0.022617
v 0.010889 0.008581 -0.024500
v 0.010764 0.008196 -0.024100
v 0.010801 0.008309 -0.024383
v 0.010764 0.008196 -0.022900
v 0.010801 0.008309 -0.022617
v 0.009887 0.009092 -0.024500
v 0.009649 0.008764 -0.024100
v 0.009719 0.008860 -0.024383
v 0.009649 0.008764 -0.022900
v 0.009719 0.008860 -0.022617
v 0.009092 0.009887 -0.024500
v 0.008764 0.009649 -0.024100
v 0.008860 0.009719 -0.024383
v 0.008764 0.009649 -0.022900
v 0.008860 0.009719 -0.022617
v 0.008581 0.010889 -0.024500
v 0.008196 0.010764 -0.024100
v 0.008309 0.010801 -0.024383
v 0.008196 0.010764 -0.022900
v 0.008309 0.010801 -0.022617
v 0.008405 0.012000 -0.024500
v 0.008000 0.012000 -0.024100
v 0.008119 0.012000 -0.024383
v 0.008000 0.012000 -0.022900
v 0.008119 0.012000 -0.022617
v 0.008581 0.013111 -0.024500
v 0.008196 0.013236 -0.024100
v 0.008309 0.013199 -0.024383
v 0.008196 0.013236 -0.022900
v 0.008309 0.013199 -0.022617
v 0.009092 0.014113 -0.024500
v 0.008764 0.014351 -0.024100
v 0.008860 0.014281 -0.024383
v 0.008764 0.014351 -0.022900
v 0.008860 0.014281 -0.022617
v 0.009887 0.014908 -0.024500
v 0.009649 0.015236 -0.024100
v 0.009719 0.015140 -0.024383
v 0.009649 0.015236 -0.022900
v 0.009719 0.015140 -0.022617
v 0.010889 0.015419 -0.024500
v 0.010764 0.015804 -0.024100
v 0.010801 0.015691 -0.024383
v 0.010764 0.015804 -0.022900
v 0.010801 0.015691 -0.022617
v -0.035000 -0.016000 0.013000
v -0.035000 0.016000 0.013000
v -0.035000 -0.016000 -0.013000
v -0.035000 0.016000 -0.013000
v 0.013750 -0.010067 0.022500
v 0.014000 -0.010500 0.022500
v 0.013933 -0.010250 0.022500
v 0.013500 -0.010000 0.022500
v -0.014000 -0.013500 0.022500
v -0.014000 -0.010500 0.022500
v -0.013750 -0.013933 0.022500
v -0.013750 -0.010067 0.022500
v -0.013933 -0.013750 0.022500
v -0.013933 -0.010250 0.022500
v -0.013500 -0.010000 0.022500
v -0.013500 -0.014000 0.022500
v 0.013500 -0.014000 0.022500
v 0.013933 -0.013750 0.022500
v 0.014000 -0.013500 0.022500
v 0.013750 -0.013933 0.022500
v -0.015595 0.012000 -0.022500
v -0.015419 0.010889 -0.022500
v -0.015419 0.013111 -0.022500
v -0.014113 0.009092 -0.022500
v -0.014908 0.009887 -0.022500
v -0.014113 0.014908 -0.022500
v -0.014908 0.014113 -0.022500
v -0.012000 0.008405 -0.022500
v -0.012000 0.015595 -0.022500
v -0.009887 0.009092 -0.022500
v -0.009887 0.014908 -0.022500
v -0.010889 0.008581 -0.022500
v -0.010889 0.015419 -0.022500
v -0.013111 0.008581 -0.022500
v -0.013111 0.015419 -0.022500
v -0.008405 0.012000 -0.022500
v 0.008405 0.012000 -0.022500
v -0.008581 0.010889 -0.022500
v -0.008581 0.013111 -0.022500
v 0.009092 0.009887 -0.022500
v 0.008581 0.010889 -0.022500
v 0.009092 0.014113 -0.022500
v 0.008581 0.013111 -0.022500
v 0.012000 0.015595 -0.022500
v 0.010889 0.015419 -0.022500
v 0.014113 0.014908 -0.022500
v 0.015419 0.013111 -0.022500
v 0.014908 0.014113 -0.022500
v 0.013111 0.015419 -0.022500
v 0.009887 0.009092 -0.022500
v 0.009887 0.014908 -0.022500
v -0.009092 0.009887 -0.022500
v -0.009092 0.014113 -0.022500
v 0.010889 0.008581 -0.022500
v 0.013111 0.008581 -0.022500
v 0.012000 0.008405 -0.022500
v 0.014908 0.009887 -0.022500
v 0.015595 0.012000 -0.022500
v 0.014113 0.009092 -0.022500
v 0.015419 0.010889 -0.022500
v 0.035000 -0.016000 -0.013000
v 0.035000 0.016000 -0.013000
v 0.035000 -0.016000 0.013000
v 0.035000 0.016000 0.013000
v 0.012000 -0.013300 0.023500
v 0.012000 -0.010700 0.023500
v -0.012000 -0.013300 0.023500
v -0.012000 -0.010700 0.023500
v -0.034600 -0.015900 0.012900
v -0.034600 0.015900 0.012900
v -0.034600 -0.015900 -0.012900
v -0.034600 0.015900 -0.012900
v -0.034400 -0.015900 0.012900
v -0.034400 0.015900 0.012900
v -0.034400 -0.015900 -0.012900
v -0.034400 0.015900 -0.012900
v -0.034805 -0.011750 0.010900
v -0.034805 -0.011650 0.011000
v -0.034905 -0.011650 0.010900
v -0.034805 -0.010350 0.011000
v -0.034805 -0.010250 0.010900
v -0.034905 -0.010350 0.010900
v -0.034805 -0.011750 -0.010900
v -0.034905 -0.011650 -0.010900
v -0.034805 -0.011650 -0.011000
v -0.034805 -0.010250 -0.010900
v -0.034805 -0.010350 -0.011000
v -0.034905 -0.010350 -0.010900
v -0.034755 -0.011750 0.010900
v -0.034655 -0.011650 0.010900
v -0.034755 -0.011650 0.011000
v -0.034755 -0.010250 0.010900
v -0.034755 -0.010350 0.011000
v -0.034655 -0.010350 0.010900
v -0.034755 -0.011750 -0.010900
v -0.034755 -0.011650 -0.011000
v -0.034655 -0.011650 -0.010900
v -0.034755 -0.010250 -0.010900
v -0.034655 -0.010350 -0.010900
v -0.034755 -0.010350 -0.011000
v -0.034805 -0.007350 0.010900
v -0.034805 -0.007250 0.011000
v -0.034905 -0.007250 0.010900
v -0.034805 -0.005950 0.011000
v -0.034805 -0.005850 0.010900
v -0.034905 -0.005950 0.010900
v -0.034805 -0.007350 -0.010900
v -0.034905 -0.007250 -0.010900
v -0.034805 -0.007250 -0.011000
v -0.034805 -0.005850 -0.010900
v -0.034805 -0.005950 -0.011000
v -0.034905 -0.005950 -0.010900
v -0.034755 -0.007350 0.010900
v -0.034655 -0.007250 0.010900
v -0.034755 -0.007250 0.011000
v -0.034755 -0.005850 0.010900
v -0.034755 -0.005950 0.011000
v -0.034655 -0.005950 0.010900
v -0.034755 -0.007350 -0.010900
v -0.034755 -0.007250 -0.011000
v -0.034655 -0.007250 -0.010900
v -0.034755 -0.005850 -0.010900
v -0.034655 -0.005950 -0.010900
v -0.034755 -0.005950 -0.011000
v -0.034805 -0.002950 0.010900
v -0.034805 -0.002850 0.011000
v -0.034905 -0.002850 0.010900
v -0.034805 -0.001550 0.011000
v -0.034805 -0.001450 0.010900
v -0.034905 -0.001550 0.010900
v -0.034805 -0.002950 -0.010900
v -0.034905 -0.002850 -0.010900
v -0.034805 -0.002850 -0.011000
v -0.034805 -0.001450 -0.010900
v -0.034805 -0.001550 -0.011000
v -0.034905 -0.001550 -0.010900
v -0.034755 -0.002950 0.010900
v -0.034655 -0.002850 0.010900
v -0.034755 -0.002850 0.011000
v -0.034755 -0.001450 0.010900
v -0.034755 -0.001550 0.011000
v -0.034655 -0.001550 0.010900
v -0.034755 -0.002950 -0.010900
v -0.034755 -0.002850 -0.011000
v -0.034655 -0.002850 -0.010900
v -0.034755 -0.001450 -0.010900
v -0.034655 -0.001550 -0.010900
v -0.034755 -0.001550 -0.011000
v -0.034805 0.001450 0.010900
v -0.034805 0.001550 0.011000
v -0.034905 0.001550 0.010900
v -0.034805 0.002850 0.011000
v -0.034805 0.002950 0.010900
v -0.034905 0.002850 0.010900
v -0.034805 0.001450 -0.010900
v -0.034905 0.001550 -0.010900
v -0.034805 0.001550 -0.011000
v -0.034805 0.002950 -0.010900
v -0.034805 0.002850 -0.011000
v -0.034905 0.002850 -0.010900
v -0.034755 0.001450 0.010900
v -0.034655 0.001550 0.010900
v -0.034755 0.001550 0.011000
v -0.034755 0.002950 0.010900
v -0.034755 0.002850 0.011000
v -0.034655 0.002850 0.010900
v -0.034755 0.001450 -0.010900
v -0.034755 0.001550 -0.011000
v -0.034655 0.001550 -0.010900
v -0.034755 0.002950 -0.010900
v -0.034655 0.002850 -0.010900
v -0.034755 0.002850 -0.011000
v -0.034805 0.005850 0.010900
v -0.034805 0.005950 0.011000
v -0.034905 0.005950 0.010900
v -0.034805 0.007250 0.011000
v -0.034805 0.007350 0.010900
v -0.034905 0.007250 0.010900
v -0.034805 0.005850 -0.010900
v -0.034905 0.005950 -0.010900
v -0.034805 0.005950 -0.011000
v -0.034805 0.007350 -0.010900
v -0.034805 0.007250 -0.011000
v -0.034905 0.007250 -0.010900
v -0.034755 0.005850 0.010900
v -0.034655 0.005950 0.010900
v -0.034755 0.005950 0.011000
v -0.034755 0.007350 0.010900
v -0.034755 0.007250 0.011000
v -0.034655 0.007250 0.010900
v -0.034755 0.005850 -0.010900
v -0.034755 0.005950 -0.011000
v -0.034655 0.005950 -0.010900
v -0.034755 0.007350 -0.010900
v -0.034655 0.007250 -0.010900
v -0.034755 0.007250 -0.011000
v -0.034805 0.010250 0.010900
v -0.034805 0.010350 0.011000
v -0.034905 0.010350 0.010900
v -0.034805 0.011650 0.011000
v -0.034805 0.011750 0.010900
v -0.034905 0.011650 0.010900
v -0.034805 0.010250 -0.010900
v -0.034905 0.010350 -0.010900
v -0.034805 0.010350 -0.011000
v -0.034805 0.011750 -0.010900
v -0.034805 0.011650 -0.011000
v -0.034905 0.011650 -0.010900
v -0.034755 0.010250 0.010900
v -0.034655 0.010350 0.010900
v -0.034755 0.010350 0.011000
v -0.034755 0.011750 0.010900
v -0.034755 0.011650 0.011000
v -0.034655 0.011650 0.010900
v -0.034755 0.010250 -0.010900
v -0.034755 0.010350 -0.011000
v -0.034655 0.010350 -0.010900
v -0.034755 0.011750 -0.010900
v -0.034655 0.011650 -0.010900
v -0.034755 0.011650 -0.011000
v -0.034920 -0.014300 0.009800
v -0.034680 -0.014300 0.009800
v -0.034920 -0.014650 0.009894
v -0.034680 -0.014650 0.009894
v -0.034920 -0.014906 0.010150
v -0.034680 -0.014906 0.010150
v -0.034920 -0.015000 0.010500
v -0.034680 -0.015000 0.010500
v -0.034920 -0.014906 0.010850
v -0.034680 -0.014906 0.010850
v -0.034920 -0.014650 0.011106
v -0.034680 -0.014650 0.011106
v -0.034920 -0.014300 0.011200
v -0.034680 -0.014300 0.011200
v -0.034920 -0.013950 0.011106
v -0.034680 -0.013950 0.011106
v -0.034920 -0.013694 0.010850
v -0.034680 -0.013694 0.010850
v -0.034920 -0.013600 0.010500
v -0.034680 -0.013600 0.010500
v -0.034920 -0.013694 0.010150
v -0.034680 -0.013694 0.010150
v -0.034920 -0.013950 0.009894
v -0.034680 -0.013950 0.009894
v -0.034940 -0.014772 0.010584
v -0.034940 -0.013827 0.010584
v -0.034940 -0.014772 0.010416
v -0.034940 -0.013827 0.010416
v -0.034916 -0.014772 0.010584
v -0.034916 -0.013827 0.010584
v -0.034916 -0.014772 0.010416
v -0.034916 -0.013827 0.010416
v -0.034920 0.014300 0.009800
v -0.034680 0.014300 0.009800
v -0.034920 0.013950 0.009894
v -0.034680 0.013950 0.009894
v -0.034920 0.013694 0.010150
v -0.034680 0.013694 0.010150
v -0.034920 0.013600 0.010500
v -0.034680 0.013600 0.010500
v -0.034920 0.013694 0.010850
v -0.034680 0.013694 0.010850
v -0.034920 0.013950 0.011106
v -0.034680 0.013950 0.011106
v -0.034920 0.014300 0.011200
v -0.034680 0.014300 0.011200
v -0.034920 0.014650 0.011106
v -0.034680 0.014650 0.011106
v -0.034920 0.014906 0.010850
v -0.034680 0.014906 0.010850
v -0.034920 0.015000 0.010500
v -0.034680 0.015000 0.010500
v -0.034920 0.014906 0.010150
v -0.034680 0.014906 0.010150
v -0.034920 0.014650 0.009894
v -0.034680 0.014650 0.009894
v -0.034940 0.013827 0.010584
v -0.034940 0.014772 0.010584
v -0.034940 0.013827 0.010416
v -0.034940 0.014772 0.010416
v -0.034916 0.013827 0.010584
v -0.034916 0.014772 0.010584
v -0.034916 0.013827 0.010416
v -0.034916 0.014772 0.010416
v -0.027325 -0.017500 0.022855
v -0.027325 0.017500 0.022855
v -0.027325 -0.017500 0.022505
v -0.027325 0.017500 0.022505
v -0.026675 -0.017500 0.022855
v -0.026675 0.017500 0.022855
v -0.026675 -0.017500 0.022505
v -0.026675 0.017500 0.022505
v -0.027500 -0.017500 0.022980
v -0.027500 -0.017350 0.023130
v -0.027650 -0.017350 0.022980
v -0.027500 -0.010650 0.023130
v -0.027500 -0.010500 0.022980
v -0.027650 -0.010650 0.022980
v -0.027500 -0.017500 0.022880
v -0.027650 -0.017350 0.022880
v -0.027500 -0.017350 0.022730
v -0.027500 -0.010500 0.022880
v -0.027500 -0.010650 0.022730
v -0.027650 -0.010650 0.022880
v -0.026500 -0.017500 0.022980
v -0.026350 -0.017350 0.022980
v -0.026500 -0.017350 0.023130
v -0.026500 -0.010500 0.022980
v -0.026500 -0.010650 0.023130
v -0.026350 -0.010650 0.022980
v -0.026500 -0.017500 0.022880
v -0.026500 -0.017350 0.022730
v -0.026350 -0.017350 0.022880
v -0.026500 -0.010500 0.022880
v -0.026350 -0.010650 0.022880
v -0.026500 -0.010650 0.022730
v -0.025000 0.024000 0.022430
v -0.025000 0.024000 0.022670
v -0.024500 0.023866 0.022430
v -0.024500 0.023866 0.022670
v -0.024134 0.023500 0.022430
v -0.024134 0.023500 0.022670
v -0.024000 0.023000 0.022430
v -0.024000 0.023000 0.022670
v -0.024134 0.022500 0.022430
v -0.024134 0.022500 0.022670
v -0.024500 0.022134 0.022430
v -0.024500 0.022134 0.022670
v -0.025000 0.022000 0.022430
v -0.025000 0.022000 0.022670
v -0.025500 0.022134 0.022430
v -0.025500 0.022134 0.022670
v -0.025866 0.022500 0.022430
v -0.025866 0.022500 0.022670
v -0.026000 0.023000 0.022430
v -0.026000 0.023000 0.022670
v -0.025866 0.023500 0.022430
v -0.025866 0.023500 0.022670
v -0.025500 0.023866 0.022430
v -0.025500 0.023866 0.022670
v -0.025675 0.022880 0.022690
v -0.025675 0.023120 0.022690
v -0.025675 0.022880 0.022666
v -0.025675 0.023120 0.022666
v -0.024325 0.022880 0.022690
v -0.024325 0.023120 0.022690
v -0.024325 0.022880 0.022666
v -0.024325 0.023120 0.022666
v -0.024000 -0.022000 0.022430
v -0.024000 -0.022000 0.022670
v -0.023500 -0.022134 0.022430
v -0.023500 -0.022134 0.022670
v -0.023134 -0.022500 0.022430
v -0.023134 -0.022500 0.022670
v -0.023000 -0.023000 0.022430
v -0.023000 -0.023000 0.022670
v -0.023134 -0.023500 0.022430
v -0.023134 -0.023500 0.022670
v -0.023500 -0.023866 0.022430
v -0.023500 -0.023866 0.022670
v -0.024000 -0.024000 0.022430
v -0.024000 -0.024000 0.022670
v -0.024500 -0.023866 0.022430
v -0.024500 -0.023866 0.022670
v -0.024866 -0.023500 0.022430
v -0.024866 -0.023500 0.022670
v -0.025000 -0.023000 0.022430
v -0.025000 -0.023000 0.022670
v -0.024866 -0.022500 0.022430
v -0.024866 -0.022500 0.022670
v -0.024500 -0.022134 0.022430
v -0.024500 -0.022134 0.022670
v -0.024675 -0.023120 0.022690
v -0.024675 -0.022880 0.022690
v -0.024675 -0.023120 0.022666
v -0.024675 -0.022880 0.022666
v -0.023325 -0.023120 0.022690
v -0.023325 -0.022880 0.022690
v -0.023325 -0.023120 0.022666
v -0.023325 -0.022880 0.022666
v 0.034400 -0.015900 0.012900
v 0.034400 0.015900 0.012900
v 0.034400 -0.015900 -0.012900
v 0.034400 0.015900 -0.012900
v 0.034600 -0.015900 0.012900
v 0.034600 0.015900 0.012900
v 0.034600 -0.015900 -0.012900
v 0.034600 0.015900 -0.012900
v 0.034755 -0.011750 0.010900
v 0.034755 -0.011650 0.011000
v 0.034655 -0.011650 0.010900
v 0.034755 -0.010350 0.011000
v 0.034755 -0.010250 0.010900
v 0.034655 -0.010350 0.010900
v 0.034755 -0.011750 -0.010900
v 0.034655 -0.011650 -0.010900
v 0.034755 -0.011650 -0.011000
v 0.034755 -0.010250 -0.010900
v 0.034755 -0.010350 -0.011000
v 0.034655 -0.010350 -0.010900
v 0.034805 -0.011750 0.010900
v 0.034905 -0.011650 0.010900
v 0.034805 -0.011650 0.011000
v 0.034805 -0.010250 0.010900
v 0.034805 -0.010350 0.011000
v 0.034905 -0.010350 0.010900
v 0.034805 -0.011750 -0.010900
v 0.034805 -0.011650 -0.011000
v 0.034905 -0.011650 -0.010900
v 0.034805 -0.010250 -0.010900
v 0.034905 -0.010350 -0.010900
v 0.034805 -0.010350 -0.011000
v 0.034755 -0.007350 0.010900
v 0.034755 -0.007250 0.011000
v 0.034655 -0.007250 0.010900
v 0.034755 -0.005950 0.011000
v 0.034755 -0.005850 0.010900
v 0.034655 -0.005950 0.010900
v 0.034755 -0.007350 -0.010900
v 0.034655 -0.007250 -0.010900
v 0.034755 -0.007250 -0.011000
v 0.034755 -0.005850 -0.010900
v 0.034755 -0.005950 -0.011000
v 0.034655 -0.005950 -0.010900
v 0.034805 -0.007350 0.010900
v 0.034905 -0.007250 0.010900
v 0.034805 -0.007250 0.011000
v 0.034805 -0.005850 0.010900
v 0.034805 -0.005950 0.011000
v 0.034905 -0.005950 0.010900
v 0.034805 -0.007350 -0.010900
v 0.034805 -0.007250 -0.011000
v 0.034905 -0.007250 -0.010900
v 0.034805 -0.005850 -0.010900
v 0.034905 -0.005950 -0.010900
v 0.034805 -0.005950 -0.011000
v 0.034755 -0.002950 0.010900
v 0.034755 -0.002850 0.011000
v 0.034655 -0.002850 0.010900
v 0.034755 -0.001550 0.011000
v 0.034755 -0.001450 0.010900
v 0.034655 -0.001550 0.010900
v 0.034755 -0.002950 -0.010900
v 0.034655 -0.002850 -0.010900
v 0.034755 -0.002850 -0.011000
v 0.034755 -0.001450 -0.010900
v 0.034755 -0.001550 -0.011000
v 0.034655 -0.001550 -0.010900
v 0.034805 -0.002950 0.010900
v 0.034905 -0.002850 0.010900
v 0.034805 -0.002850 0.011000
v 0.034805 -0.001450 0.010900
v 0.034805 -0.001550 0.011000
v 0.034905 -0.001550 0.010900
v 0.034805 -0.002950 -0.010900
v 0.034805 -0.002850 -0.011000
v 0.034905 -0.002850 -0.010900
v 0.034805 -0.001450 -0.010900
v 0.034905 -0.001550 -0.010900
v 0.034805 -0.001550 -0.011000
v 0.034755 0.001450 0.010900
v 0.034755 0.001550 0.011000
v 0.034655 0.001550 0.010900
v 0.034755 0.002850 0.011000
v 0.034755 0.002950 0.010900
v 0.034655 0.002850 0.010900
v 0.034755 0.001450 -0.010900
v 0.034655 0.001550 -0.010900
v 0.034755 0.001550 -0.011000
v 0.034755 0.002950 -0.010900
v 0.034755 0.002850 -0.011000
v 0.034655 0.002850 -0.010900
v 0.034805 0.001450 0.010900
v 0.034905 0.001550 0.010900
v 0.034805 0.001550 0.011000
v 0.034805 0.002950 0.010900
v 0.034805 0.002850 0.011000
v 0.034905 0.002850 0.010900
v 0.034805 0.001450 -0.010900
v 0.034805 0.001550 -0.011000
v 0.034905 0.001550 -0.010900
v 0.034805 0.002950 -0.010900
v 0.034905 0.002850 -0.010900
v 0.034805 0.002850 -0.011000
v 0.034755 0.005850 0.010900
v 0.034755 0.005950 0.011000
v 0.034655 0.005950 0.010900
v 0.034755 0.007250 0.011000
v 0.034755 0.007350 0.010900
v 0.034655 0.007250 0.010900
v 0.034755 0.005850 -0.010900
v 0.034655 0.005950 -0.010900
v 0.034755 0.005950 -0.011000
v 0.034755 0.007350 -0.010900
v 0.034755 0.007250 -0.011000
v 0.034655 0.007250 -0.010900
v 0.034805 0.005850 0.010900
v 0.034905 0.005950 0.010900
v 0.034805 0.005950 0.011000
v 0.034805 0.007350 0.010900
v 0.034805 0.007250 0.011000
v 0.034905 0.007250 0.010900
v 0.034805 0.005850 -0.010900
v 0.034805 0.005950 -0.011000
v 0.034905 0.005950 -0.010900
v 0.034805 0.007350 -0.010900
v 0.034905 0.007250 -0.010900
v 0.034805 0.007250 -0.011000
v 0.034755 0.010250 0.010900
v 0.034755 0.010350 0.011000
v 0.034655 0.010350 0.010900
v 0.034755 0.011650 0.011000
v 0.034755 0.011750 0.010900
v 0.034655 0.011650 0.010900
v 0.034755 0.010250 -0.010900
v 0.034655 0.010350 -0.010900
v 0.034755 0.010350 -0.011000
v 0.034755 0.011750 -0.010900
v 0.034755 0.011650 -0.011000
v 0.034655 0.011650 -0.010900
v 0.034805 0.010250 0.010900
v 0.034905 0.010350 0.010900
v 0.034805 0.010350 0.011000
v 0.034805 0.011750 0.010900
v 0.034805 0.011650 0.011000
v 0.034905 0.011650 0.010900
v 0.034805 0.010250 -0.010900
v 0.034805 0.010350 -0.011000
v 0.034905 0.010350 -0.010900
v 0.034805 0.011750 -0.010900
v 0.034905 0.011650 -0.010900
v 0.034805 0.011650 -0.011000
v 0.034680 -0.014300 0.009800
v 0.034920 -0.014300 0.009800
v 0.034680 -0.014650 0.009894
v 0.034920 -0.014650 0.009894
v 0.034680 -0.014906 0.010150
v 0.034920 -0.014906 0.010150
v 0.034680 -0.015000 0.010500
v 0.034920 -0.015000 0.010500
v 0.034680 -0.014906 0.010850
v 0.034920 -0.014906 0.010850
v 0.034680 -0.014650 0.011106
v 0.034920 -0.014650 0.011106
v 0.034680 -0.014300 0.011200
v 0.034920 -0.014300 0.011200
v 0.034680 -0.013950 0.011106
v 0.034920 -0.013950 0.011106
v 0.034680 -0.013694 0.010850
v 0.034920 -0.013694 0.010850
v 0.034680 -0.013600 0.010500
v 0.034920 -0.013600 0.010500
v 0.034680 -0.013694 0.010150
v 0.034920 -0.013694 0.010150
v 0.034680 -0.013950 0.009894
v 0.034920 -0.013950 0.009894
v 0.034916 -0.014772 0.010584
v 0.034916 -0.013827 0.010584
v 0.034916 -0.014772 0.010416
v 0.034916 -0.013827 0.010416
v 0.034940 -0.014772 0.010584
v 0.034940 -0.013827 0.010584
v 0.034940 -0.014772 0.010416
v 0.034940 -0.013827 0.010416
v 0.034680 0.014300 0.009800
v 0.034920 0.014300 0.009800
v 0.034680 0.013950 0.009894
v 0.034920 0.013950 0.009894
v 0.034680 0.013694 0.010150
v 0.034920 0.013694 0.010150
v 0.034680 0.013600 0.010500
v 0.034920 0.013600 0.010500
v 0.034680 0.013694 0.010850
v 0.034920 0.013694 0.010850
v 0.034680 0.013950 0.011106
v 0.034920 0.013950 0.011106
v 0.034680 0.014300 0.011200
v 0.034920 0.014300 0.011200
v 0.034680 0.014650 0.011106
v 0.034920 0.014650 0.011106
v 0.034680 0.014906 0.010850
v 0.034920 0.014906 0.010850
v 0.034680 0.015000 0.010500
v 0.034920 0.015000 0.010500
v 0.034680 0.014906 0.010150
v 0.034920 0.014906 0.010150
v 0.034680 0.014650 0.009894
v 0.034920 0.014650 0.009894
v 0.034916 0.013827 0.010584
v 0.034916 0.014772 0.010584
v 0.034916 0.013827 0.010416
v 0.034916 0.014772 0.010416
v 0.034940 0.013827 0.010584
v 0.034940 0.014772 0.010584
v 0.034940 0.013827 0.010416
v 0.034940 0.014772 0.010416
v 0.026675 -0.017500 0.022855
v 0.026675 0.017500 0.022855
v 0.026675 -0.017500 0.022505
v 0.026675 0.017500 0.022505
v 0.027325 -0.017500 0.022855
v 0.027325 0.017500 0.022855
v 0.027325 -0.017500 0.022505
v 0.027325 0.017500 0.022505
v 0.026500 -0.017500 0.022980
v 0.026500 -0.017350 0.023130
v 0.026350 -0.017350 0.022980
v 0.026500 -0.010650 0.023130
v 0.026500 -0.010500 0.022980
v 0.026350 -0.010650 0.022980
v 0.026500 -0.017500 0.022880
v 0.026350 -0.017350 0.022880
v 0.026500 -0.017350 0.022730
v 0.026500 -0.010500 0.022880
v 0.026500 -0.010650 0.022730
v 0.026350 -0.010650 0.022880
v 0.027500 -0.017500 0.022980
v 0.027650 -0.017350 0.022980
v 0.027500 -0.017350 0.023130
v 0.027500 -0.010500 0.022980
v 0.027500 -0.010650 0.023130
v 0.027650 -0.010650 0.022980
v 0.027500 -0.017500 0.022880
v 0.027500 -0.017350 0.022730
v 0.027650 -0.017350 0.022880
v 0.027500 -0.010500 0.022880
v 0.027650 -0.010650 0.022880
v 0.027500 -0.010650 0.022730
v 0.025000 0.024000 0.022430
v 0.025000 0.024000 0.022670
v 0.025500 0.023866 0.022430
v 0.025500 0.023866 0.022670
v 0.025866 0.023500 0.022430
v 0.025866 0.023500 0.022670
v 0.026000 0.023000 0.022430
v 0.026000 0.023000 0.022670
v 0.025866 0.022500 0.022430
v 0.025866 0.022500 0.022670
v 0.025500 0.022134 0.022430
v 0.025500 0.022134 0.022670
v 0.025000 0.022000 0.022430
v 0.025000 0.022000 0.022670
v 0.024500 0.022134 0.022430
v 0.024500 0.022134 0.022670
v 0.024134 0.022500 0.022430
v 0.024134 0.022500 0.022670
v 0.024000 0.023000 0.022430
v 0.024000 0.023000 0.022670
v 0.024134 0.023500 0.022430
v 0.024134 0.023500 0.022670
v 0.024500 0.023866 0.022430
v 0.024500 0.023866 0.022670
v 0.024325 0.022880 0.022690
v 0.024325 0.023120 0.022690
v 0.024325 0.022880 0.022666
v 0.024325 0.023120 0.022666
v 0.025675 0.022880 0.022690
v 0.025675 0.023120 0.022690
v 0.025675 0.022880 0.022666
v 0.025675 0.023120 0.022666
v 0.024000 -0.022000 0.022430
v 0.024000 -0.022000 0.022670
v 0.024500 -0.022134 0.022430
v 0.024500 -0.022134 0.022670
v 0.024866 -0.022500 0.022430
v 0.024866 -0.022500 0.022670
v 0.025000 -0.023000 0.022430
v 0.025000 -0.023000 0.022670
v 0.024866 -0.023500 0.022430
v 0.024866 -0.023500 0.022670
v 0.024500 -0.023866 0.022430
v 0.024500 -0.023866 0.022670
v 0.024000 -0.024000 0.022430
v 0.024000 -0.024000 0.022670
v 0.023500 -0.023866 0.022430
v 0.023500 -0.023866 0.022670
v 0.023134 -0.023500 0.022430
v 0.023134 -0.023500 0.022670
v 0.023000 -0.023000 0.022430
v 0.023000 -0.023000 0.022670
v 0.023134 -0.022500 0.022430
v 0.023134 -0.022500 0.022670
v 0.023500 -0.022134 0.022430
v 0.023500 -0.022134 0.022670
v 0.023325 -0.023120 0.022690
v 0.023325 -0.022880 0.022690
v 0.023325 -0.023120 0.022666
v 0.023325 -0.022880 0.022666
v 0.024675 -0.023120 0.022690
v 0.024675 -0.022880 0.022690
v 0.024675 -0.023120 0.022666
v 0.024675 -0.022880 0.022666
v -0.011900 -0.013200 0.023350
v -0.011900 -0.010800 0.023350
v -0.011900 -0.013200 0.023150
v -0.011900 -0.010800 0.023150
v 0.011900 -0.013200 0.023350
v 0.011900 -0.010800 0.023350
v 0.011900 -0.013200 0.023150
v 0.011900 -0.010800 0.023150
v -0.009786 -0.012700 0.023296
v -0.009786 -0.012636 0.023360
v -0.009850 -0.012636 0.023296
v -0.009786 -0.011364 0.023360
v -0.009786 -0.011300 0.023296
v -0.009850 -0.011364 0.023296
v -0.009786 -0.012700 0.023264
v -0.009850 -0.012636 0.023264
v -0.009786 -0.012636 0.023200
v -0.009786 -0.011300 0.023264
v -0.009786 -0.011364 0.023200
v -0.009850 -0.011364 0.023264
v -0.008814 -0.012700 0.023296
v -0.008750 -0.012636 0.023296
v -0.008814 -0.012636 0.023360
v -0.008814 -0.011300 0.023296
v -0.008814 -0.011364 0.023360
v -0.008750 -0.011364 0.023296
v -0.008814 -0.012700 0.023264
v -0.008814 -0.012636 0.023200
v -0.008750 -0.012636 0.023264
v -0.008814 -0.011300 0.023264
v -0.008750 -0.011364 0.023264
v -0.008814 -0.011364 0.023200
v -0.006686 -0.012700 0.023296
v -0.006686 -0.012636 0.023360
v -0.006750 -0.012636 0.023296
v -0.006686 -0.011364 0.023360
v -0.006686 -0.011300 0.023296
v -0.006750 -0.011364 0.023296
v -0.006686 -0.012700 0.023264
v -0.006750 -0.012636 0.023264
v -0.006686 -0.012636 0.023200
v -0.006686 -0.011300 0.023264
v -0.006686 -0.011364 0.023200
v -0.006750 -0.011364 0.023264
v -0.005714 -0.012700 0.023296
v -0.005650 -0.012636 0.023296
v -0.005714 -0.012636 0.023360
v -0.005714 -0.011300 0.023296
v -0.005714 -0.011364 0.023360
v -0.005650 -0.011364 0.023296
v -0.005714 -0.012700 0.023264
v -0.005714 -0.012636 0.023200
v -0.005650 -0.012636 0.023264
v -0.005714 -0.011300 0.023264
v -0.005650 -0.011364 0.023264
v -0.005714 -0.011364 0.023200
v -0.003586 -0.012700 0.023296
v -0.003586 -0.012636 0.023360
v -0.003650 -0.012636 0.023296
v -0.003586 -0.011364 0.023360
v -0.003586 -0.011300 0.023296
v -0.003650 -0.011364 0.023296
v -0.003586 -0.012700 0.023264
v -0.003650 -0.012636 0.023264
v -0.003586 -0.012636 0.023200
v -0.003586 -0.011300 0.023264
v -0.003586 -0.011364 0.023200
v -0.003650 -0.011364 0.023264
v -0.002614 -0.012700 0.023296
v -0.002550 -0.012636 0.023296
v -0.002614 -0.012636 0.023360
v -0.002614 -0.011300 0.023296
v -0.002614 -0.011364 0.023360
v -0.002550 -0.011364 0.023296
v -0.002614 -0.012700 0.023264
v -0.002614 -0.012636 0.023200
v -0.002550 -0.012636 0.023264
v -0.002614 -0.011300 0.023264
v -0.002550 -0.011364 0.023264
v -0.002614 -0.011364 0.023200
v -0.000486 -0.012700 0.023296
v -0.000486 -0.012636 0.023360
v -0.000550 -0.012636 0.023296
v -0.000486 -0.011364 0.023360
v -0.000486 -0.011300 0.023296
v -0.000550 -0.011364 0.023296
v -0.000486 -0.012700 0.023264
v -0.000550 -0.012636 0.023264
v -0.000486 -0.012636 0.023200
v -0.000486 -0.011300 0.023264
v -0.000486 -0.011364 0.023200
v -0.000550 -0.011364 0.023264
v 0.000486 -0.012700 0.023296
v 0.000550 -0.012636 0.023296
v 0.000486 -0.012636 0.023360
v 0.000486 -0.011300 0.023296
v 0.000486 -0.011364 0.023360
v 0.000550 -0.011364 0.023296
v 0.000486 -0.012700 0.023264
v 0.000486 -0.012636 0.023200
v 0.000550 -0.012636 0.023264
v 0.000486 -0.011300 0.023264
v 0.000550 -0.011364 0.023264
v 0.000486 -0.011364 0.023200
v 0.002614 -0.012700 0.023296
v 0.002614 -0.012636 0.023360
v 0.002550 -0.012636 0.023296
v 0.002614 -0.011364 0.023360
v 0.002614 -0.011300 0.023296
v 0.002550 -0.011364 0.023296
v 0.002614 -0.012700 0.023264
v 0.002550 -0.012636 0.023264
v 0.002614 -0.012636 0.023200
v 0.002614 -0.011300 0.023264
v 0.002614 -0.011364 0.023200
v 0.002550 -0.011364 0.023264
v 0.003586 -0.012700 0.023296
v 0.003650 -0.012636 0.023296
v 0.003586 -0.012636 0.023360
v 0.003586 -0.011300 0.023296
v 0.003586 -0.011364 0.023360
v 0.003650 -0.011364 0.023296
v 0.003586 -0.012700 0.023264
v 0.003586 -0.012636 0.023200
v 0.003650 -0.012636 0.023264
v 0.003586 -0.011300 0.023264
v 0.003650 -0.011364 0.023264
v 0.003586 -0.011364 0.023200
v 0.005714 -0.012700 0.023296
v 0.005714 -0.012636 0.023360
v 0.005650 -0.012636 0.023296
v 0.005714 -0.011364 0.023360
v 0.005714 -0.011300 0.023296
v 0.005650 -0.011364 0.023296
v 0.005714 -0.012700 0.023264
v 0.005650 -0.012636 0.023264
v 0.005714 -0.012636 0.023200
v 0.005714 -0.011300 0.023264
v 0.005714 -0.011364 0.023200
v 0.005650 -0.011364 0.023264
v 0.006686 -0.012700 0.023296
v 0.006750 -0.012636 0.023296
v 0.006686 -0.012636 0.023360
v 0.006686 -0.011300 0.023296
v 0.006686 -0.011364 0.023360
v 0.006750 -0.011364 0.023296
v 0.006686 -0.012700 0.023264
v 0.006686 -0.012636 0.023200
v 0.006750 -0.012636 0.023264
v 0.006686 -0.011300 0.023264
v 0.006750 -0.011364 0.023264
v 0.006686 -0.011364 0.023200
v 0.008814 -0.012700 0.023296
v 0.008814 -0.012636 0.023360
v 0.008750 -0.012636 0.023296
v 0.008814 -0.011364 0.023360
v 0.008814 -0.011300 0.023296
v 0.008750 -0.011364 0.023296
v 0.008814 -0.012700 0.023264
v 0.008750 -0.012636 0.023264
v 0.008814 -0.012636 0.023200
v 0.008814 -0.011300 0.023264
v 0.008814 -0.011364 0.023200
v 0.008750 -0.011364 0.023264
v 0.009786 -0.012700 0.023296
v 0.009850 -0.012636 0.023296
v 0.009786 -0.012636 0.023360
v 0.009786 -0.011300 0.023296
v 0.009786 -0.011364 0.023360
v 0.009850 -0.011364 0.023296
v 0.009786 -0.012700 0.023264
v 0.009786 -0.012636 0.023200
v 0.009850 -0.012636 0.023264
v 0.009786 -0.011300 0.023264
v 0.009850 -0.011364 0.023264
v 0.009786 -0.011364 0.023200
v 0.000000 -0.018800 0.022580
v 0.000000 -0.018800 0.023180
v 0.000828 -0.018909 0.022580
v 0.000828 -0.018909 0.023180
v 0.001600 -0.019229 0.022580
v 0.001600 -0.019229 0.023180
v 0.002263 -0.019737 0.022580
v 0.002263 -0.019737 0.023180
v 0.002771 -0.020400 0.022580
v 0.002771 -0.020400 0.023180
v 0.003091 -0.021172 0.022580
v 0.003091 -0.021172 0.023180
v 0.003200 -0.022000 0.022580
v 0.003200 -0.022000 0.023180
v 0.003091 -0.022828 0.022580
v 0.003091 -0.022828 0.023180
v 0.002771 -0.023600 0.022580
v 0.002771 -0.023600 0.023180
v 0.002263 -0.024263 0.022580
v 0.002263 -0.024263 0.023180
v 0.001600 -0.024771 0.022580
v 0.001600 -0.024771 0.023180
v 0.000828 -0.025091 0.022580
v 0.000828 -0.025091 0.023180
v 0.000000 -0.025200 0.022580
v 0.000000 -0.025200 0.023180
v -0.000828 -0.025091 0.022580
v -0.000828 -0.025091 0.023180
v -0.001600 -0.024771 0.022580
v -0.001600 -0.024771 0.023180
v -0.002263 -0.024263 0.022580
v -0.002263 -0.024263 0.023180
v -0.002771 -0.023600 0.022580
v -0.002771 -0.023600 0.023180
v -0.003091 -0.022828 0.022580
v -0.003091 -0.022828 0.023180
v -0.003200 -0.022000 0.022580
v -0.003200 -0.022000 0.023180
v -0.003091 -0.021172 0.022580
v -0.003091 -0.021172 0.023180
v -0.002771 -0.020400 0.022580
v -0.002771 -0.020400 0.023180
v -0.002263 -0.019737 0.022580
v -0.002263 -0.019737 0.023180
v -0.001600 -0.019229 0.022580
v -0.001600 -0.019229 0.023180
v -0.000828 -0.018909 0.022580
v -0.000828 -0.018909 0.023180
v -0.001302 -0.022150 0.023252
v -0.001302 -0.022102 0.023300
v -0.001350 -0.022102 0.023252
v -0.001302 -0.020898 0.023300
v -0.001302 -0.020850 0.023252
v -0.001350 -0.020898 0.023252
v -0.001302 -0.022150 0.023228
v -0.001350 -0.022102 0.023228
v -0.001302 -0.022102 0.023180
v -0.001302 -0.020850 0.023228
v -0.001302 -0.020898 0.023180
v -0.001350 -0.020898 0.023228
v -0.000098 -0.022150 0.023252
v -0.000050 -0.022102 0.023252
v -0.000098 -0.022102 0.023300
v -0.000098 -0.020850 0.023252
v -0.000098 -0.020898 0.023300
v -0.000050 -0.020898 0.023252
v -0.000098 -0.022150 0.023228
v -0.000098 -0.022102 0.023180
v -0.000050 -0.022102 0.023228
v -0.000098 -0.020850 0.023228
v -0.000050 -0.020898 0.023228
v -0.000098 -0.020898 0.023180
v 0.000098 -0.023150 0.023252
v 0.000098 -0.023102 0.023300
v 0.000050 -0.023102 0.023252
v 0.000098 -0.021898 0.023300
v 0.000098 -0.021850 0.023252
v 0.000050 -0.021898 0.023252
v 0.000098 -0.023150 0.023228
v 0.000050 -0.023102 0.023228
v 0.000098 -0.023102 0.023180
v 0.000098 -0.021850 0.023228
v 0.000098 -0.021898 0.023180
v 0.000050 -0.021898 0.023228
v 0.001302 -0.023150 0.023252
v 0.001350 -0.023102 0.023252
v 0.001302 -0.023102 0.023300
v 0.001302 -0.021850 0.023252
v 0.001302 -0.021898 0.023300
v 0.001350 -0.021898 0.023252
v 0.001302 -0.023150 0.023228
v 0.001302 -0.023102 0.023180
v 0.001350 -0.023102 0.023228
v 0.001302 -0.021850 0.023228
v 0.001350 -0.021898 0.023228
v 0.001302 -0.021898 0.023180
v -0.020740 -0.020000 -0.022785
v -0.020740 -0.019740 -0.022525
v -0.021000 -0.019740 -0.022785
v -0.020740 0.003740 -0.022525
v -0.020740 0.004000 -0.022785
v -0.021000 0.003740 -0.022785
v -0.020740 -0.020000 -0.022915
v -0.021000 -0.019740 -0.022915
v -0.020740 -0.019740 -0.023175
v -0.020740 0.004000 -0.022915
v -0.020740 0.003740 -0.023175
v -0.021000 0.003740 -0.022915
v 0.020740 -0.020000 -0.022785
v 0.021000 -0.019740 -0.022785
v 0.020740 -0.019740 -0.022525
v 0.020740 0.004000 -0.022785
v 0.020740 0.003740 -0.022525
v 0.021000 0.003740 -0.022785
v 0.020740 -0.020000 -0.022915
v 0.020740 -0.019740 -0.023175
v 0.021000 -0.019740 -0.022915
v 0.020740 0.004000 -0.022915
v 0.021000 0.003740 -0.022915
v 0.020740 0.003740 -0.023175
v -0.019162 -0.018250 -0.023188
v -0.019162 -0.018162 -0.023100
v -0.019250 -0.018162 -0.023188
v -0.019162 0.002162 -0.023100
v -0.019162 0.002250 -0.023188
v -0.019250 0.002162 -0.023188
v -0.019162 -0.018250 -0.023232
v -0.019250 -0.018162 -0.023232
v -0.019162 -0.018162 -0.023320
v -0.019162 0.002250 -0.023232
v -0.019162 0.002162 -0.023320
v -0.019250 0.002162 -0.023232
v 0.019162 -0.018250 -0.023188
v 0.019250 -0.018162 -0.023188
v 0.019162 -0.018162 -0.023100
v 0.019162 0.002250 -0.023188
v 0.019162 0.002162 -0.023100
v 0.019250 0.002162 -0.023188
v 0.019162 -0.018250 -0.023232
v 0.019162 -0.018162 -0.023320
v 0.019250 -0.018162 -0.023232
v 0.019162 0.002250 -0.023232
v 0.019250 0.002162 -0.023232
v 0.019162 0.002162 -0.023320
v -0.017000 -0.015150 -0.023570
v -0.017000 -0.015150 -0.023330
v -0.016575 -0.015264 -0.023570
v -0.016575 -0.015264 -0.023330
v -0.016264 -0.015575 -0.023570
v -0.016264 -0.015575 -0.023330
v -0.016150 -0.016000 -0.023570
v -0.016150 -0.016000 -0.023330
v -0.016264 -0.016425 -0.023570
v -0.016264 -0.016425 -0.023330
v -0.016575 -0.016736 -0.023570
v -0.016575 -0.016736 -0.023330
v -0.017000 -0.016850 -0.023570
v -0.017000 -0.016850 -0.023330
v -0.017425 -0.016736 -0.023570
v -0.017425 -0.016736 -0.023330
v -0.017736 -0.016425 -0.023570
v -0.017736 -0.016425 -0.023330
v -0.017850 -0.016000 -0.023570
v -0.017850 -0.016000 -0.023330
v -0.017736 -0.015575 -0.023570
v -0.017736 -0.015575 -0.023330
v -0.017425 -0.015264 -0.023570
v -0.017425 -0.015264 -0.023330
v -0.017574 -0.016102 -0.023566
v -0.017574 -0.015898 -0.023566
v -0.017574 -0.016102 -0.023590
v -0.017574 -0.015898 -0.023590
v -0.016426 -0.016102 -0.023566
v -0.016426 -0.015898 -0.023566
v -0.016426 -0.016102 -0.023590
v -0.016426 -0.015898 -0.023590
v -0.017000 0.000850 -0.023570
v -0.017000 0.000850 -0.023330
v -0.016575 0.000736 -0.023570
v -0.016575 0.000736 -0.023330
v -0.016264 0.000425 -0.023570
v -0.016264 0.000425 -0.023330
v -0.016150 0.000000 -0.023570
v -0.016150 0.000000 -0.023330
v -0.016264 -0.000425 -0.023570
v -0.016264 -0.000425 -0.023330
v -0.016575 -0.000736 -0.023570
v -0.016575 -0.000736 -0.023330
v -0.017000 -0.000850 -0.023570
v -0.017000 -0.000850 -0.023330
v -0.017425 -0.000736 -0.023570
v -0.017425 -0.000736 -0.023330
v -0.017736 -0.000425 -0.023570
v -0.017736 -0.000425 -0.023330
v -0.017850 0.000000 -0.023570
v -0.017850 0.000000 -0.023330
v -0.017736 0.000425 -0.023570
v -0.017736 0.000425 -0.023330
v -0.017425 0.000736 -0.023570
v -0.017425 0.000736 -0.023330
v -0.017574 -0.000102 -0.023566
v -0.017574 0.000102 -0.023566
v -0.017574 -0.000102 -0.023590
v -0.017574 0.000102 -0.023590
v -0.016426 -0.000102 -0.023566
v -0.016426 0.000102 -0.023566
v -0.016426 -0.000102 -0.023590
v -0.016426 0.000102 -0.023590
v 0.017000 -0.015150 -0.023570
v 0.017000 -0.015150 -0.023330
v 0.017425 -0.015264 -0.023570
v 0.017425 -0.015264 -0.023330
v 0.017736 -0.015575 -0.023570
v 0.017736 -0.015575 -0.023330
v 0.017850 -0.016000 -0.023570
v 0.017850 -0.016000 -0.023330
v 0.017736 -0.016425 -0.023570
v 0.017736 -0.016425 -0.023330
v 0.017425 -0.016736 -0.023570
v 0.017425 -0.016736 -0.023330
v 0.017000 -0.016850 -0.023570
v 0.017000 -0.016850 -0.023330
v 0.016575 -0.016736 -0.023570
v 0.016575 -0.016736 -0.023330
v 0.016264 -0.016425 -0.023570
v 0.016264 -0.016425 -0.023330
v 0.016150 -0.016000 -0.023570
v 0.016150 -0.016000 -0.023330
v 0.016264 -0.015575 -0.023570
v 0.016264 -0.015575 -0.023330
v 0.016575 -0.015264 -0.023570
v 0.016575 -0.015264 -0.023330
v 0.016426 -0.016102 -0.023566
v 0.016426 -0.015898 -0.023566
v 0.016426 -0.016102 -0.023590
v 0.016426 -0.015898 -0.023590
v 0.017574 -0.016102 -0.023566
v 0.017574 -0.015898 -0.023566
v 0.017574 -0.016102 -0.023590
v 0.017574 -0.015898 -0.023590
v 0.017000 0.000850 -0.023570
v 0.017000 0.000850 -0.023330
v 0.017425 0.000736 -0.023570
v 0.017425 0.000736 -0.023330
v 0.017736 0.000425 -0.023570
v 0.017736 0.000425 -0.023330
v 0.017850 0.000000 -0.023570
v 0.017850 0.000000 -0.023330
v 0.017736 -0.000425 -0.023570
v 0.017736 -0.000425 -0.023330
v 0.017425 -0.000736 -0.023570
v 0.017425 -0.000736 -0.023330
v 0.017000 -0.000850 -0.023570
v 0.017000 -0.000850 -0.023330
v 0.016575 -0.000736 -0.023570
v 0.016575 -0.000736 -0.023330
v 0.016264 -0.000425 -0.023570
v 0.016264 -0.000425 -0.023330
v 0.016150 0.000000 -0.023570
v 0.016150 0.000000 -0.023330
v 0.016264 0.000425 -0.023570
v 0.016264 0.000425 -0.023330
v 0.016575 0.000736 -0.023570
v 0.016575 0.000736 -0.023330
v 0.016426 -0.000102 -0.023566
v 0.016426 0.000102 -0.023566
v 0.016426 -0.000102 -0.023590
v 0.016426 0.000102 -0.023590
v 0.017574 -0.000102 -0.023566
v 0.017574 0.000102 -0.023566
v 0.017574 -0.000102 -0.023590
v 0.017574 0.000102 -0.023590
v -0.011000 -0.012400 -0.023340
v -0.011000 -0.011600 -0.023340
v -0.011000 -0.012400 -0.023460
v -0.011000 -0.011600 -0.023460
v 0.011000 -0.012400 -0.023340
v 0.011000 -0.011600 -0.023340
v 0.011000 -0.012400 -0.023460
v 0.011000 -0.011600 -0.023460
v -0.011000 -0.009400 -0.023340
v -0.011000 -0.008600 -0.023340
v -0.011000 -0.009400 -0.023460
v -0.011000 -0.008600 -0.023460
v 0.011000 -0.009400 -0.023340
v 0.011000 -0.008600 -0.023340
v 0.011000 -0.009400 -0.023460
v 0.011000 -0.008600 -0.023460
v -0.011000 -0.006400 -0.023340
v -0.011000 -0.005600 -0.023340
v -0.011000 -0.006400 -0.023460
v -0.011000 -0.005600 -0.023460
v 0.011000 -0.006400 -0.023340
v 0.011000 -0.005600 -0.023340
v 0.011000 -0.006400 -0.023460
v 0.011000 -0.005600 -0.023460
v -0.011000 -0.003400 -0.023340
v -0.011000 -0.002600 -0.023340
v -0.011000 -0.003400 -0.023460
v -0.011000 -0.002600 -0.023460
v 0.011000 -0.003400 -0.023340
v 0.011000 -0.002600 -0.023340
v 0.011000 -0.003400 -0.023460
v 0.011000 -0.002600 -0.023460
v -0.009300 0.020500 -0.022800
v -0.009300 0.020700 -0.022600
v -0.009500 0.020700 -0.022800
v -0.009300 0.022300 -0.022600
v -0.009300 0.022500 -0.022800
v -0.009500 0.022300 -0.022800
v -0.009300 0.020500 -0.023000
v -0.009500 0.020700 -0.023000
v -0.009300 0.020700 -0.023200
v -0.009300 0.022500 -0.023000
v -0.009300 0.022300 -0.023200
v -0.009500 0.022300 -0.023000
v 0.009300 0.020500 -0.022800
v 0.009500 0.020700 -0.022800
v 0.009300 0.020700 -0.022600
v 0.009300 0.022500 -0.022800
v 0.009300 0.022300 -0.022600
v 0.009500 0.022300 -0.022800
v 0.009300 0.020500 -0.023000
v 0.009300 0.020700 -0.023200
v 0.009500 0.020700 -0.023000
v 0.009300 0.022500 -0.023000
v 0.009500 0.022300 -0.023000
v 0.009300 0.022300 -0.023200
vn -0.2492 -0.9319 0.2638
vn -0.2176 -0.6902 0.6902
vn -0.2638 -0.2492 0.9319
vn -0.6902 -0.2175 0.6902
vn -0.9318 -0.2638 0.2492
vn -0.6902 -0.6902 0.2176
vn -0.5773 -0.5774 0.5774
vn -0.2492 0.2638 0.9318
vn -0.2176 0.6902 0.6902
vn -0.2638 0.9318 0.2492
vn -0.6902 0.6902 0.2176
vn -0.9319 0.2492 0.2638
vn -0.6902 0.2175 0.6902
vn -0.5773 0.5774 0.5774
vn -0.2638 -0.9318 -0.2492
vn -0.6902 -0.6902 -0.2176
vn -0.9319 -0.2492 -0.2638
vn -0.6902 -0.2175 -0.6902
vn -0.2492 -0.2638 -0.9318
vn -0.2176 -0.6902 -0.6902
vn -0.5773 -0.5774 -0.5774
vn -0.2492 0.9319 -0.2638
vn -0.2176 0.6902 -0.6902
vn -0.2638 0.2492 -0.9319
vn -0.6902 0.2175 -0.6902
vn -0.9318 0.2638 -0.2492
vn -0.6902 0.6902 -0.2176
vn -0.5773 0.5774 -0.5774
vn 0.2638 -0.9318 0.2492
vn 0.6902 -0.6902 0.2176
vn 0.9319 -0.2492 0.2638
vn 0.6902 -0.2175 0.6902
vn 0.2492 -0.2638 0.9318
vn 0.2176 -0.6902 0.6902
vn 0.5773 -0.5774 0.5774
vn 0.2492 0.9319 0.2638
vn 0.2176 0.6902 0.6902
vn 0.2638 0.2492 0.9319
vn 0.6902 0.2175 0.6902
vn 0.9318 0.2638 0.2492
vn 0.6902 0.6902 0.2176
vn 0.5773 0.5774 0.5774
vn 0.2492 -0.9319 -0.2638
vn 0.2176 -0.6902 -0.6902
vn 0.2638 -0.2492 -0.9319
vn 0.6902 -0.2175 -0.6902
vn 0.9318 -0.2638 -0.2492
vn 0.6902 -0.6902 -0.2176
vn 0.5773 -0.5774 -0.5774
vn 0.2638 0.9318 -0.2492
vn 0.6902 0.6902 -0.2176
vn 0.9319 0.2492 -0.2638
vn 0.6902 0.2175 -0.6902
vn 0.2492 0.2638 -0.9318
vn 0.2176 0.6902 -0.6902
vn 0.5773 0.5774 -0.5774
vn -0.2583 -0.9661 -0.0000
vn -0.7071 -0.7071 -0.0000
vn -0.9661 -0.2583 -0.0000
vn -0.2583 -0.0000 0.9661
vn -0.7071 -0.0000 0.7071
vn -0.9661 -0.0000 0.2583
vn -0.2583 0.9661 -0.0000
vn -0.7071 0.7071 -0.0000
vn -0.9661 0.2583 -0.0000
vn -0.2583 -0.0000 -0.9661
vn -0.7071 -0.0000 -0.7071
vn -0.9661 -0.0000 -0.2583
vn -0.0000 -0.9661 -0.2583
vn -0.0000 -0.7071 -0.7071
vn -0.0000 -0.2583 -0.9661
vn -0.0000 0.9661 -0.2583
vn -0.0000 0.7071 -0.7071
vn -0.0000 0.2583 -0.9661
vn 0.9661 -0.0000 -0.2583
vn 0.7071 -0.0000 -0.7071
vn 0.2583 -0.0000 -0.9661
vn 0.2583 -0.9661 -0.0000
vn 0.7071 -0.7071 -0.0000
vn 0.9661 -0.2583 -0.0000
vn 0.2583 0.9661 -0.0000
vn 0.7071 0.7071 -0.0000
vn 0.9661 0.2583 -0.0000
vn 0.2583 -0.0000 0.9661
vn 0.7071 -0.0000 0.7071
vn 0.9661 -0.0000 0.2583
vn -0.0000 -0.9661 0.2583
vn -0.0000 -0.7071 0.7071
vn -0.0000 -0.2583 0.9661
vn -0.0000 0.9661 0.2583
vn -0.0000 0.7071 0.7071
vn -0.0000 0.2583 0.9661
vn -0.0000 -1.0000 -0.0000
vn -1.0000 -0.0000 -0.0000
vn -0.0000 -0.0126 0.9999
vn -0.0000 0.0001 1.0000
vn -0.0000 1.0000 -0.0000
vn -0.0000 -0.0000 -1.0000
vn 1.0000 -0.0000 -0.0000
vn -0.1554 -0.0000 0.9878
vn -0.4540 -0.0000 0.8910
vn -0.8910 -0.0000 0.4540
vn -0.9879 -0.0000 0.1554
vn -0.9878 -0.0000 -0.1554
vn -0.8910 -0.0000 -0.4540
vn -0.4540 -0.0000 -0.8910
vn -0.1554 -0.0000 -0.9878
vn 0.1554 -0.0000 -0.9878
vn 0.4540 -0.0000 -0.8910
vn 0.8910 -0.0000 -0.4540
vn 0.9878 -0.0000 -0.1554
vn 0.9878 -0.0000 0.1554
vn 0.8910 -0.0000 0.4540
vn 0.4540 -0.0000 0.8910
vn 0.1554 -0.0000 0.9878
vn -0.9878 -0.0000 0.1554
vn 0.9879 -0.0000 -0.1554
vn -0.2496 -0.9314 0.2648
vn -0.2194 -0.6899 0.6899
vn -0.2648 -0.2496 0.9314
vn -0.6899 -0.2194 0.6899
vn -0.9314 -0.2648 0.2496
vn -0.6899 -0.6899 0.2194
vn -0.5774 -0.5774 0.5774
vn -0.2496 0.2648 0.9314
vn -0.2194 0.6899 0.6899
vn -0.2648 0.9314 0.2496
vn -0.6899 0.6899 0.2194
vn -0.9314 0.2496 0.2648
vn -0.6899 0.2194 0.6899
vn -0.5774 0.5774 0.5774
vn 0.2648 -0.9314 0.2496
vn 0.6899 -0.6899 0.2194
vn 0.9314 -0.2496 0.2648
vn 0.6899 -0.2194 0.6899
vn 0.2496 -0.2648 0.9314
vn 0.2194 -0.6899 0.6899
vn 0.5774 -0.5774 0.5774
vn 0.2496 0.9314 0.2648
vn 0.2194 0.6899 0.6899
vn 0.2648 0.2496 0.9314
vn 0.6899 0.2194 0.6899
vn 0.9314 0.2648 0.2496
vn 0.6899 0.6899 0.2194
vn 0.5774 0.5774 0.5774
vn -0.2589 -0.9659 -0.0000
vn -0.9659 -0.2589 -0.0000
vn -0.2589 -0.0000 0.9659
vn -0.9659 -0.0000 0.2589
vn -0.2589 0.9659 -0.0000
vn -0.9659 0.2589 -0.0000
vn 0.2589 -0.9659 -0.0000
vn 0.9659 -0.2589 -0.0000
vn 0.2589 0.9659 -0.0000
vn 0.9659 0.2589 -0.0000
vn 0.2589 -0.0000 0.9659
vn 0.9659 -0.0000 0.2589
vn -0.0000 -0.9659 0.2589
vn -0.0000 -0.2589 0.9659
vn -0.0000 0.9659 0.2589
vn -0.0000 0.2589 0.9659
vn -0.0000 -0.0000 1.0000
vn 0.1445 0.9121 -0.3835
vn 0.0599 0.3780 -0.9239
vn 0.1446 0.9123 0.3832
vn 0.0599 0.3779 0.9239
vn 0.4191 0.8230 -0.3834
vn 0.1739 0.3411 -0.9238
vn 0.4192 0.8232 0.3829
vn 0.1739 0.3411 0.9238
vn 0.6532 0.6532 -0.3831
vn 0.2703 0.2703 -0.9241
vn 0.6532 0.6532 0.3831
vn 0.2703 0.2703 0.9241
vn 0.8232 0.4192 -0.3829
vn 0.3404 0.1736 -0.9241
vn 0.8230 0.4191 0.3834
vn 0.3404 0.1736 0.9241
vn 0.9123 0.1446 -0.3832
vn 0.3780 0.0599 -0.9239
vn 0.9121 0.1445 0.3835
vn 0.3780 0.0599 0.9239
vn 0.9121 -0.1445 -0.3836
vn 0.3780 -0.0599 -0.9239
vn 0.9123 -0.1446 0.3832
vn 0.3780 -0.0599 0.9239
vn 0.8230 -0.4191 -0.3834
vn 0.3411 -0.1740 -0.9238
vn 0.8232 -0.4192 0.3829
vn 0.3404 -0.1736 0.9241
vn 0.6532 -0.6532 -0.3831
vn 0.2703 -0.2703 -0.9241
vn 0.6532 -0.6531 0.3831
vn 0.2703 -0.2703 0.9241
vn 0.4192 -0.8232 -0.3829
vn 0.1736 -0.3404 -0.9241
vn 0.4191 -0.8230 0.3834
vn 0.1739 -0.3411 0.9238
vn 0.1446 -0.9123 -0.3832
vn 0.0599 -0.3780 -0.9239
vn 0.1445 -0.9121 0.3836
vn 0.0599 -0.3780 0.9239
vn -0.1445 -0.9121 -0.3836
vn -0.0599 -0.3780 -0.9239
vn -0.1446 -0.9123 0.3832
vn -0.0599 -0.3779 0.9239
vn -0.4191 -0.8230 -0.3834
vn -0.1740 -0.3411 -0.9238
vn -0.4192 -0.8232 0.3829
vn -0.1739 -0.3411 0.9238
vn -0.6532 -0.6532 -0.3831
vn -0.2703 -0.2703 -0.9241
vn -0.6532 -0.6531 0.3831
vn -0.2703 -0.2703 0.9241
vn -0.8232 -0.4192 -0.3829
vn -0.3404 -0.1736 -0.9241
vn -0.8230 -0.4191 0.3834
vn -0.3404 -0.1736 0.9241
vn -0.9123 -0.1446 -0.3832
vn -0.3780 -0.0599 -0.9239
vn -0.9121 -0.1445 0.3835
vn -0.3780 -0.0599 0.9239
vn -0.9121 0.1445 -0.3836
vn -0.3780 0.0599 -0.9239
vn -0.9123 0.1446 0.3832
vn -0.3780 0.0599 0.9239
vn -0.8230 0.4191 -0.3834
vn -0.3411 0.1739 -0.9238
vn -0.8232 0.4192 0.3829
vn -0.3411 0.1739 0.9238
vn -0.6532 0.6532 -0.3831
vn -0.2703 0.2703 -0.9241
vn -0.6532 0.6531 0.3831
vn -0.2703 0.2703 0.9241
vn -0.4192 0.8232 -0.3829
vn -0.1736 0.3404 -0.9241
vn -0.4191 0.8230 0.3834
vn -0.1736 0.3403 0.9241
vn -0.1446 0.9123 -0.3832
vn -0.0599 0.3780 -0.9239
vn -0.1445 0.9121 0.3835
vn -0.0599 0.3780 0.9239
vn 0.1566 0.9877 -0.0000
vn -0.1566 0.9877 -0.0000
vn 0.4539 0.8910 -0.0000
vn 0.8910 0.4539 -0.0000
vn 0.9877 0.1566 -0.0000
vn 0.9877 -0.1566 -0.0000
vn 0.8910 -0.4539 -0.0000
vn 0.4539 -0.8910 -0.0000
vn 0.1566 -0.9877 -0.0000
vn -0.1566 -0.9877 -0.0000
vn -0.4539 -0.8910 -0.0000
vn -0.8910 -0.4539 -0.0000
vn -0.9877 -0.1566 -0.0000
vn -0.9877 0.1566 -0.0000
vn -0.8910 0.4539 -0.0000
vn -0.4539 0.8910 -0.0000
vn 0.1445 0.9121 -0.3836
vn 0.1740 0.3411 -0.9238
vn 0.6532 0.6531 0.3831
vn 0.3411 -0.1739 -0.9238
vn 0.1445 -0.9121 0.3835
vn -0.1445 -0.9121 -0.3835
vn -0.1739 -0.3411 -0.9238
vn -0.6532 -0.6532 0.3831
vn -0.3411 0.1740 -0.9238
vn -0.1736 0.3404 0.9241
vn -0.1445 0.9121 0.3836
vn -0.5773 -0.5774 0.5773
vn -0.5773 0.5774 0.5773
vn -0.5773 -0.5774 -0.5773
vn -0.5773 0.5774 -0.5773
vn 0.5774 -0.5773 0.5774
vn 0.5774 0.5773 0.5774
vn 0.5774 -0.5773 -0.5774
vn 0.5774 0.5773 -0.5774
vn -0.5773 -0.5773 0.5774
vn -0.5773 0.5773 0.5774
vn -0.5773 -0.5773 -0.5774
vn -0.5773 0.5773 -0.5774
vn 0.5773 0.5773 0.5774
vn 0.5773 0.5773 -0.5774
vn 0.5773 -0.5773 0.5774
vn 0.5773 -0.5773 -0.5774
vn -0.0000 -0.2594 -0.9658
vn -0.0000 -0.9658 -0.2594
vn -0.0000 -0.9658 0.2594
vn -0.0000 -0.2594 0.9658
vn -0.0000 0.2594 0.9658
vn -0.0000 0.9658 0.2594
vn -0.0000 0.9658 -0.2594
vn -0.0000 0.2594 -0.9658
vn -0.5774 -0.5773 0.5773
vn -0.5774 -0.5773 -0.5773
vn 0.5774 0.5774 0.5773
vn 0.5774 -0.5773 -0.5773
vn 0.5774 0.5774 -0.5773
vn -0.5774 -0.5773 0.5774
vn -0.5774 0.5773 0.5774
vn -0.5774 -0.5773 -0.5774
vn -0.5774 0.5773 -0.5774
vn 0.5773 -0.5774 0.5773
vn 0.5773 0.5774 0.5773
vn 0.5773 -0.5774 -0.5773
vn 0.5773 0.5774 -0.5773
vn -0.5774 0.5774 0.5773
vn -0.5774 0.5774 -0.5773
vn 0.5774 -0.5773 0.5773
vn -0.5774 -0.5774 0.5773
vn -0.5774 -0.5774 -0.5773
vn 0.5774 -0.5774 0.5773
vn 0.5774 0.5773 -0.5773
vn -0.5774 0.5773 -0.5773
vn 0.5774 -0.5774 -0.5773
vn 0.1305 0.9914 -0.0000
vn 0.3829 0.9238 -0.0000
vn 0.6082 0.7938 -0.0000
vn 0.7938 0.6082 -0.0000
vn 0.9238 0.3829 -0.0000
vn 0.9914 0.1305 -0.0000
vn 0.9914 -0.1305 -0.0000
vn 0.9238 -0.3829 -0.0000
vn 0.7938 -0.6082 -0.0000
vn 0.6082 -0.7938 -0.0000
vn 0.3829 -0.9238 -0.0000
vn 0.1305 -0.9914 -0.0000
vn -0.1305 -0.9914 -0.0000
vn -0.3829 -0.9238 -0.0000
vn -0.6082 -0.7938 -0.0000
vn -0.7938 -0.6082 -0.0000
vn -0.9238 -0.3829 -0.0000
vn -0.9914 -0.1305 -0.0000
vn -0.9914 0.1305 -0.0000
vn -0.9238 0.3829 -0.0000
vn -0.7938 0.6082 -0.0000
vn -0.6082 0.7938 -0.0000
vn -0.3829 0.9238 -0.0000
vn -0.1305 0.9914 -0.0000
vn 0.2591 0.9659 -0.0000
vn 0.9659 0.2591 -0.0000
vn 0.9659 -0.2591 -0.0000
vn 0.2591 -0.9659 -0.0000
vn -0.2591 -0.9659 -0.0000
vn -0.9659 -0.2591 -0.0000
vn -0.9659 0.2591 -0.0000
vn -0.2591 0.9659 -0.0000
vn -0.2638 -0.9318 0.2492
vn -0.2175 -0.6902 0.6902
vn -0.2492 -0.2638 0.9318
vn -0.6902 -0.2176 0.6902
vn -0.9319 -0.2492 0.2638
vn -0.6902 -0.6902 0.2175
vn -0.2638 0.2492 0.9319
vn -0.2175 0.6902 0.6902
vn -0.2492 0.9319 0.2638
vn -0.6902 0.6902 0.2175
vn -0.9318 0.2638 0.2492
vn -0.6902 0.2176 0.6902
vn -0.2492 -0.9319 -0.2638
vn -0.6902 -0.6902 -0.2175
vn -0.9318 -0.2638 -0.2492
vn -0.6902 -0.2176 -0.6902
vn -0.2638 -0.2492 -0.9319
vn -0.2175 -0.6902 -0.6902
vn -0.2638 0.9318 -0.2492
vn -0.2175 0.6902 -0.6902
vn -0.2492 0.2638 -0.9318
vn -0.6902 0.2176 -0.6902
vn -0.9319 0.2492 -0.2638
vn -0.6902 0.6902 -0.2175
vn 0.2492 -0.9319 0.2638
vn 0.6902 -0.6902 0.2175
vn 0.9318 -0.2638 0.2492
vn 0.6902 -0.2176 0.6902
vn 0.2638 -0.2492 0.9319
vn 0.2175 -0.6902 0.6902
vn 0.2638 0.9318 0.2492
vn 0.2175 0.6902 0.6902
vn 0.2492 0.2638 0.9318
vn 0.6902 0.2176 0.6902
vn 0.9319 0.2492 0.2638
vn 0.6902 0.6902 0.2175
vn 0.2638 -0.9318 -0.2492
vn 0.2175 -0.6902 -0.6902
vn 0.2492 -0.2638 -0.9318
vn 0.6902 -0.2176 -0.6902
vn 0.9319 -0.2492 -0.2638
vn 0.6902 -0.6902 -0.2175
vn 0.2492 0.9319 -0.2638
vn 0.6902 0.6902 -0.2175
vn 0.9318 0.2638 -0.2492
vn 0.6902 0.2176 -0.6902
vn 0.2638 0.2492 -0.9319
vn 0.2175 0.6902 -0.6902
vn -0.9879 -0.0000 -0.1554
vn 0.9879 -0.0000 0.1554
vn -0.2648 -0.9314 0.2496
vn -0.2496 -0.2648 0.9314
vn -0.9314 -0.2496 0.2648
vn -0.2648 0.2496 0.9314
vn -0.2496 0.9314 0.2648
vn -0.9314 0.2648 0.2496
vn 0.2496 -0.9314 0.2648
vn 0.9314 -0.2648 0.2496
vn 0.2648 -0.2496 0.9314
vn 0.2648 0.9314 0.2496
vn 0.2496 0.2648 0.9314
vn 0.9314 0.2496 0.2648
vn 0.1447 0.9123 -0.3832
vn 0.1446 0.9121 0.3835
vn 0.0599 0.3780 0.9239
vn 0.4193 0.8231 -0.3829
vn 0.1734 0.3405 -0.9241
vn 0.4192 0.8230 0.3834
vn 0.1734 0.3405 0.9241
vn 0.8229 0.4192 -0.3834
vn 0.3412 0.1737 -0.9238
vn 0.8231 0.4193 0.3829
vn 0.3412 0.1737 0.9238
vn 0.9121 0.1446 -0.3835
vn 0.9123 0.1447 0.3832
vn 0.9123 -0.1447 -0.3832
vn 0.9121 -0.1446 0.3835
vn 0.3779 -0.0599 0.9239
vn 0.8231 -0.4193 -0.3829
vn 0.3405 -0.1734 -0.9241
vn 0.8229 -0.4192 0.3834
vn 0.3412 -0.1737 0.9238
vn 0.6531 -0.6532 0.3831
vn 0.4192 -0.8230 -0.3834
vn 0.1737 -0.3412 -0.9238
vn 0.4193 -0.8231 0.3829
vn 0.1734 -0.3405 0.9241
vn 0.1446 -0.9121 -0.3835
vn 0.1447 -0.9123 0.3832
vn -0.1447 -0.9123 -0.3832
vn -0.1446 -0.9121 0.3835
vn -0.0599 -0.3780 0.9239
vn -0.4193 -0.8231 -0.3829
vn -0.1734 -0.3405 -0.9241
vn -0.4192 -0.8230 0.3834
vn -0.1734 -0.3405 0.9241
vn -0.8230 -0.4192 -0.3834
vn -0.3412 -0.1737 -0.9238
vn -0.8231 -0.4193 0.3829
vn -0.3412 -0.1737 0.9238
vn -0.9121 -0.1446 -0.3835
vn -0.9123 -0.1447 0.3832
vn -0.3779 -0.0599 0.9239
vn -0.9123 0.1447 -0.3832
vn -0.9121 0.1446 0.3835
vn -0.8231 0.4193 -0.3829
vn -0.3405 0.1734 -0.9241
vn -0.8230 0.4192 0.3834
vn -0.3405 0.1734 0.9241
vn -0.6532 0.6531 -0.3831
vn -0.6531 0.6532 0.3831
vn -0.4192 0.8229 -0.3834
vn -0.1737 0.3412 -0.9238
vn -0.4193 0.8231 0.3829
vn -0.1737 0.3412 0.9238
vn -0.1446 0.9121 -0.3835
vn -0.1447 0.9123 0.3832
vn 0.8230 0.4192 -0.3834
vn 0.8230 -0.4192 0.3834
vn 0.6532 -0.6531 -0.3831
vn 0.6532 -0.6532 0.3831
vn 0.4192 -0.8229 -0.3834
vn -0.8229 -0.4192 -0.3834
vn -0.8229 0.4192 0.3834
s 0
usemtl Shell
f 1//1 24//1 22//1
f 17//2 31//2 24//2
f 12//3 31//3 28//3
f 26//4 38//4 31//4
f 16//5 38//5 36//5
f 32//6 24//6 38//6
f 38//7 24//7 31//7
f 40//8 52//8 49//8
f 48//9 58//9 52//9
f 41//10 58//10 56//10
f 54//11 65//11 58//11
f 44//12 65//12 63//12
f 59//13 52//13 65//13
f 65//14 52//14 58//14
f 67//15 77//15 75//15
f 74//16 81//16 77//16
f 69//17 81//17 80//17
f 78//18 86//18 81//18
f 72//19 86//19 84//19
f 82//20 77//20 86//20
f 81//21 86//21 77//21
f 87//22 94//22 93//22
f 92//23 97//23 94//23
f 88//24 97//24 96//24
f 95//25 100//25 97//25
f 90//26 100//26 99//26
f 98//27 94//27 100//27
f 100//28 94//28 97//28
f 101//29 106//29 105//29
f 104//30 109//30 106//30
f 102//31 109//31 108//31
f 107//32 112//32 109//32
f 103//33 112//33 111//33
f 110//34 106//34 112//34
f 106//35 109//35 112//35
f 113//36 118//36 117//36
f 116//37 121//37 118//37
f 114//38 121//38 120//38
f 119//39 124//39 121//39
f 115//40 124//40 123//40
f 122//41 118//41 124//41
f 118//42 121//42 124//42
f 125//43 130//43 129//43
f 128//44 133//44 130//44
f 126//45 133//45 132//45
f 131//46 136//46 133//46
f 127//47 136//47 135//47
f 134//48 130//48 136//48
f 133//49 136//49 130//49
f 137//50 142//50 141//50
f 140//51 145//51 142//51
f 138//52 145//52 144//52
f 143//53 148//53 145//53
f 139//54 148//54 147//54
f 146//55 142//55 148//55
f 148//56 142//56 145//56
f 67//57 22//57 74//57
f 74//58 32//58 80//58
f 80//59 16//59 69//59
f 12//60 49//60 26//60
f 26//61 59//61 36//61
f 36//62 44//62 16//62
f 41//63 93//63 54//63
f 54//64 98//64 63//64
f 63//65 90//65 44//65
f 88//66 84//66 95//66
f 95//67 78//67 99//67
f 99//68 69//68 90//68
f 125//69 75//69 128//69
f 128//70 82//70 132//70
f 132//71 72//71 126//71
f 87//72 141//72 92//72
f 92//73 146//73 96//73
f 96//74 139//74 88//74
f 138//75 135//75 143//75
f 143//76 131//76 147//76
f 147//77 126//77 139//77
f 101//78 129//78 104//78
f 104//79 134//79 108//79
f 108//80 127//80 102//80
f 137//81 117//81 140//81
f 140//82 122//82 144//82
f 144//83 115//83 138//83
f 114//84 111//84 119//84
f 119//85 107//85 123//85
f 123//86 102//86 115//86
f 1//87 105//87 17//87
f 17//88 110//88 28//88
f 28//89 103//89 12//89
f 113//90 56//90 116//90
f 116//91 48//91 120//91
f 120//92 40//92 114//92
f 1//93 67//93 149//93
f 67//93 125//93 187//93
f 125//93 101//93 182//93
f 90//94 439//94 440//94
f 16//94 44//94 437//94
f 447//95 103//95 452//95
f 40//96 444//96 441//96
f 137//97 41//97 113//97
f 88//98 485//98 480//98
f 492//98 126//98 464//98
f 127//99 138//99 497//99
f 115//99 499//99 500//99
f 160//100 5//100 168//100
f 166//101 20//101 160//101
f 161//61 25//61 166//61
f 164//102 29//102 161//102
f 162//103 34//103 164//103
f 163//104 37//104 162//104
f 165//105 43//105 163//105
f 158//67 46//67 165//67
f 159//106 50//106 158//106
f 167//107 55//107 159//107
f 153//108 61//108 167//108
f 155//109 64//109 153//109
f 150//76 70//76 155//76
f 151//110 73//110 150//110
f 149//111 76//111 151//111
f 152//112 79//112 149//112
f 157//113 83//113 152//113
f 156//85 85//85 157//85
f 43//93 76//93 89//93
f 154//114 89//114 156//114
f 168//115 91//115 154//115
f 1//348 17//348 24//348
f 17//349 28//349 31//349
f 12//350 26//350 31//350
f 26//351 36//351 38//351
f 16//352 32//352 38//352
f 32//353 22//353 24//353
f 40//354 48//354 52//354
f 48//355 56//355 58//355
f 41//356 54//356 58//356
f 54//357 63//357 65//357
f 44//358 59//358 65//358
f 59//359 49//359 52//359
f 67//360 74//360 77//360
f 74//361 80//361 81//361
f 69//362 78//362 81//362
f 78//363 84//363 86//363
f 72//364 82//364 86//364
f 82//365 75//365 77//365
f 87//366 92//366 94//366
f 92//367 96//367 97//367
f 88//368 95//368 97//368
f 95//369 99//369 100//369
f 90//370 98//370 100//370
f 98//371 93//371 94//371
f 101//372 104//372 106//372
f 104//373 108//373 109//373
f 102//374 107//374 109//374
f 107//375 111//375 112//375
f 103//376 110//376 112//376
f 110//377 105//377 106//377
f 113//378 116//378 118//378
f 116//379 120//379 121//379
f 114//380 119//380 121//380
f 119//381 123//381 124//381
f 115//382 122//382 124//382
f 122//383 117//383 118//383
f 125//384 128//384 130//384
f 128//385 132//385 133//385
f 126//386 131//386 133//386
f 131//387 135//387 136//387
f 127//388 134//388 136//388
f 134//389 129//389 130//389
f 137//390 140//390 142//390
f 140//391 144//391 145//391
f 138//392 143//392 145//392
f 143//393 147//393 148//393
f 139//394 146//394 148//394
f 146//395 141//395 142//395
f 67//57 1//57 22//57
f 74//58 22//58 32//58
f 80//59 32//59 16//59
f 12//60 40//60 49//60
f 26//61 49//61 59//61
f 36//62 59//62 44//62
f 41//63 87//63 93//63
f 54//64 93//64 98//64
f 63//65 98//65 90//65
f 88//66 72//66 84//66
f 95//67 84//67 78//67
f 99//68 78//68 69//68
f 125//69 67//69 75//69
f 128//70 75//70 82//70
f 132//71 82//71 72//71
f 87//72 137//72 141//72
f 92//73 141//73 146//73
f 96//74 146//74 139//74
f 138//75 127//75 135//75
f 143//76 135//76 131//76
f 147//77 131//77 126//77
f 101//78 125//78 129//78
f 104//79 129//79 134//79
f 108//80 134//80 127//80
f 137//81 113//81 117//81
f 140//82 117//82 122//82
f 144//83 122//83 115//83
f 114//84 103//84 111//84
f 119//85 111//85 107//85
f 123//86 107//86 102//86
f 1//87 101//87 105//87
f 17//88 105//88 110//88
f 28//89 110//89 103//89
f 113//90 41//90 56//90
f 116//91 56//91 48//91
f 120//92 48//92 40//92
f 150//93 155//93 1//93
f 67//93 156//93 157//93
f 67//93 157//93 152//93
f 151//93 150//93 1//93
f 67//93 152//93 149//93
f 149//93 151//93 1//93
f 180//93 178//93 101//93
f 1//93 155//93 153//93
f 1//93 153//93 167//93
f 180//93 101//93 1//93
f 188//93 180//93 1//93
f 1//93 167//93 159//93
f 1//93 159//93 158//93
f 176//93 188//93 1//93
f 174//93 176//93 1//93
f 1//93 158//93 165//93
f 174//93 1//93 165//93
f 171//93 174//93 165//93
f 171//93 165//93 163//93
f 169//93 171//93 163//93
f 169//93 163//93 162//93
f 170//93 169//93 162//93
f 170//93 162//93 164//93
f 172//93 170//93 164//93
f 172//93 164//93 161//93
f 173//93 172//93 161//93
f 173//93 161//93 166//93
f 177//93 173//93 166//93
f 177//93 166//93 160//93
f 175//93 177//93 160//93
f 175//93 160//93 168//93
f 187//93 175//93 168//93
f 154//93 156//93 67//93
f 168//93 154//93 67//93
f 125//93 179//93 181//93
f 187//93 168//93 67//93
f 125//93 181//93 187//93
f 186//93 179//93 125//93
f 101//93 178//93 184//93
f 101//93 184//93 185//93
f 183//93 186//93 125//93
f 101//93 185//93 182//93
f 182//93 183//93 125//93
f 90//94 69//94 439//94
f 439//94 69//94 16//94
f 44//94 90//94 440//94
f 44//94 440//94 438//94
f 437//94 439//94 16//94
f 44//94 438//94 437//94
f 447//162 449//162 12//162
f 103//162 454//162 456//162
f 103//162 456//162 453//162
f 447//162 12//162 103//162
f 103//162 453//162 452//162
f 454//162 103//162 114//162
f 40//162 12//162 449//162
f 40//162 449//162 445//162
f 455//162 454//162 114//162
f 442//162 455//162 114//162
f 40//162 445//162 446//162
f 40//162 446//162 450//162
f 443//162 442//162 114//162
f 441//162 443//162 114//162
f 40//162 450//162 448//162
f 40//162 448//162 451//162
f 441//162 114//162 40//162
f 40//162 451//162 444//162
f 137//97 87//97 41//97
f 473//98 472//98 475//98
f 473//98 475//98 489//98
f 479//98 473//98 489//98
f 479//98 489//98 467//98
f 478//98 479//98 467//98
f 478//98 467//98 469//98
f 487//98 478//98 469//98
f 487//98 469//98 465//98
f 481//98 487//98 465//98
f 480//98 481//98 465//98
f 462//98 463//98 88//98
f 139//98 484//98 482//98
f 139//98 482//98 485//98
f 471//98 462//98 88//98
f 465//98 471//98 88//98
f 88//98 139//98 485//98
f 480//98 465//98 88//98
f 472//98 473//98 477//98
f 472//98 477//98 476//98
f 474//98 472//98 476//98
f 474//98 476//98 486//98
f 488//98 474//98 486//98
f 488//98 486//98 490//98
f 466//98 488//98 490//98
f 466//98 490//98 492//98
f 468//98 466//98 492//98
f 464//98 468//98 492//98
f 483//98 484//98 139//98
f 88//98 463//98 459//98
f 88//98 459//98 457//98
f 483//98 139//98 126//98
f 494//98 483//98 126//98
f 72//98 88//98 457//98
f 72//98 457//98 458//98
f 496//98 494//98 126//98
f 493//98 496//98 126//98
f 72//98 458//98 461//98
f 72//98 461//98 460//98
f 495//98 493//98 126//98
f 491//98 495//98 126//98
f 126//98 72//98 460//98
f 126//98 460//98 470//98
f 492//98 491//98 126//98
f 126//98 470//98 464//98
f 497//99 499//99 102//99
f 138//99 115//99 500//99
f 138//99 500//99 498//99
f 497//99 102//99 127//99
f 138//99 498//99 497//99
f 115//99 102//99 499//99
f 160//100 20//100 5//100
f 166//101 25//101 20//101
f 161//61 29//61 25//61
f 164//102 34//102 29//102
f 162//116 37//116 34//116
f 163//396 43//396 37//396
f 165//105 46//105 43//105
f 158//67 50//67 46//67
f 159//106 55//106 50//106
f 167//107 61//107 55//107
f 153//108 64//108 61//108
f 155//109 70//109 64//109
f 150//76 73//76 70//76
f 151//110 76//110 73//110
f 149//111 79//111 76//111
f 152//112 83//112 79//112
f 157//113 85//113 83//113
f 156//85 89//85 85//85
f 89//93 91//93 5//93
f 5//93 20//93 25//93
f 25//93 29//93 34//93
f 34//93 37//93 43//93
f 43//93 46//93 50//93
f 50//93 55//93 61//93
f 61//93 64//93 70//93
f 70//93 73//93 76//93
f 76//93 79//93 83//93
f 83//93 85//93 89//93
f 89//93 5//93 25//93
f 25//93 34//93 43//93
f 43//93 50//93 61//93
f 61//93 70//93 76//93
f 76//93 83//93 89//93
f 89//93 25//93 43//93
f 43//93 61//93 76//93
f 154//114 91//114 89//114
f 168//115 5//115 91//115
usemtl Temporary_cutter
f 181//100 8//100 187//100
f 179//101 14//101 181//101
f 186//61 21//61 179//61
f 183//102 23//102 186//102
f 182//116 27//116 183//116
f 185//104 30//104 182//104
f 184//105 33//105 185//105
f 178//67 35//67 184//67
f 180//106 39//106 178//106
f 188//107 42//107 180//107
f 176//108 45//108 188//108
f 174//109 47//109 176//109
f 171//76 51//76 174//76
f 169//110 53//110 171//110
f 170//117 57//117 169//117
f 172//112 60//112 170//112
f 173//113 62//113 172//113
f 177//85 66//85 173//85
f 35//93 60//93 71//93
f 175//114 68//114 177//114
f 187//115 71//115 175//115
f 181//100 14//100 8//100
f 179//101 21//101 14//101
f 186//61 23//61 21//61
f 183//102 27//102 23//102
f 182//116 30//116 27//116
f 185//104 33//104 30//104
f 184//105 35//105 33//105
f 178//67 39//67 35//67
f 180//106 42//106 39//106
f 188//107 45//107 42//107
f 176//108 47//108 45//108
f 174//109 51//109 47//109
f 171//76 53//76 51//76
f 169//110 57//110 53//110
f 170//111 60//111 57//111
f 172//397 62//397 60//397
f 173//113 66//113 62//113
f 177//85 68//85 66//85
f 71//93 8//93 14//93
f 14//93 21//93 23//93
f 23//93 27//93 30//93
f 30//93 33//93 35//93
f 35//93 39//93 42//93
f 42//93 45//93 47//93
f 47//93 51//93 53//93
f 53//93 57//93 60//93
f 60//93 62//93 66//93
f 66//93 68//93 71//93
f 71//93 14//93 23//93
f 23//93 30//93 35//93
f 35//93 42//93 47//93
f 47//93 53//93 60//93
f 60//93 66//93 71//93
f 71//93 23//93 35//93
f 35//93 47//93 60//93
f 175//114 71//114 68//114
f 187//115 8//115 71//115
usemtl Black
f 189//118 194//118 193//118
f 192//119 197//119 194//119
f 190//120 197//120 196//120
f 195//121 200//121 197//121
f 191//122 200//122 199//122
f 198//123 194//123 200//123
f 200//124 194//124 197//124
f 201//125 206//125 205//125
f 204//126 209//126 206//126
f 202//127 209//127 208//127
f 207//128 212//128 209//128
f 203//129 212//129 211//129
f 210//130 206//130 212//130
f 212//131 206//131 209//131
f 213//132 218//132 217//132
f 216//133 221//133 218//133
f 214//134 221//134 220//134
f 219//135 224//135 221//135
f 215//136 224//136 223//136
f 222//137 218//137 224//137
f 218//138 221//138 224//138
f 225//139 230//139 229//139
f 228//140 233//140 230//140
f 226//141 233//141 232//141
f 231//142 236//142 233//142
f 227//143 236//143 235//143
f 234//144 230//144 236//144
f 230//145 233//145 236//145
f 189//146 447//146 452//146
f 193//58 449//58 447//58
f 449//147 191//147 445//147
f 190//148 205//148 195//148
f 195//61 210//61 199//61
f 199//149 203//149 191//149
f 448//150 202//150 451//150
f 450//64 207//64 448//64
f 446//151 211//151 450//151
f 216//152 453//152 456//152
f 220//79 456//79 454//79
f 455//153 220//153 454//153
f 444//154 229//154 441//154
f 441//82 234//82 443//82
f 443//155 227//155 442//155
f 226//156 223//156 231//156
f 231//85 219//85 235//85
f 235//157 214//157 227//157
f 189//158 217//158 192//158
f 192//88 222//88 196//88
f 196//159 215//159 190//159
f 225//160 208//160 228//160
f 228//91 204//91 232//91
f 232//161 201//161 226//161
f 213//93 452//93 453//93
f 191//94 446//94 445//94
f 215//162 226//162 501//162
f 201//162 503//162 504//162
f 451//97 225//97 444//97
f 227//99 455//99 442//99
f 18//162 440//162 439//162
f 15//94 18//94 13//94
f 15//98 437//98 438//98
f 13//97 439//97 437//97
f 440//93 15//93 438//93
f 4//99 7//99 10//99
f 498//162 7//162 497//162
f 499//98 4//98 500//98
f 7//97 499//97 497//97
f 4//93 498//93 500//93
f 3//99 504//99 503//99
f 6//162 9//162 11//162
f 11//94 501//94 502//94
f 501//97 3//97 503//97
f 6//93 502//93 504//93
f 189//398 192//398 194//398
f 192//119 196//119 197//119
f 190//399 195//399 197//399
f 195//121 199//121 200//121
f 191//400 198//400 200//400
f 198//123 193//123 194//123
f 201//401 204//401 206//401
f 204//126 208//126 209//126
f 202//402 207//402 209//402
f 207//128 211//128 212//128
f 203//403 210//403 212//403
f 210//130 205//130 206//130
f 213//404 216//404 218//404
f 216//133 220//133 221//133
f 214//405 219//405 221//405
f 219//135 223//135 224//135
f 215//406 222//406 224//406
f 222//137 217//137 218//137
f 225//407 228//407 230//407
f 228//140 232//140 233//140
f 226//408 231//408 233//408
f 231//142 235//142 236//142
f 227//409 234//409 236//409
f 234//144 229//144 230//144
f 189//146 193//146 447//146
f 193//58 198//58 449//58
f 449//147 198//147 191//147
f 190//148 201//148 205//148
f 195//61 205//61 210//61
f 199//149 210//149 203//149
f 448//150 207//150 202//150
f 450//64 211//64 207//64
f 446//151 203//151 211//151
f 216//152 213//152 453//152
f 220//79 216//79 456//79
f 455//153 214//153 220//153
f 444//154 225//154 229//154
f 441//82 229//82 234//82
f 443//155 234//155 227//155
f 226//156 215//156 223//156
f 231//85 223//85 219//85
f 235//157 219//157 214//157
f 189//158 213//158 217//158
f 192//88 217//88 222//88
f 196//159 222//159 215//159
f 225//160 202//160 208//160
f 228//91 208//91 204//91
f 232//161 204//161 201//161
f 213//93 189//93 452//93
f 191//94 203//94 446//94
f 501//162 503//162 190//162
f 226//162 201//162 504//162
f 226//162 504//162 502//162
f 501//162 190//162 215//162
f 226//162 502//162 501//162
f 201//162 190//162 503//162
f 451//97 202//97 225//97
f 227//99 214//99 455//99
f 18//162 19//162 440//162
f 15//94 19//94 18//94
f 15//98 13//98 437//98
f 13//97 18//97 439//97
f 440//93 19//93 15//93
f 4//99 2//99 7//99
f 498//162 10//162 7//162
f 499//98 2//98 4//98
f 7//97 2//97 499//97
f 4//93 10//93 498//93
f 3//99 6//99 504//99
f 6//162 3//162 9//162
f 11//94 9//94 501//94
f 501//97 9//97 3//97
f 6//93 11//93 502//93
usemtl ServoBlue
f 238//163 244//163 239//163
f 239//164 242//164 237//164
f 245//165 241//165 246//165
f 469//166 241//166 465//166
f 243//167 249//167 244//167
f 244//168 247//168 242//168
f 250//169 246//169 251//169
f 467//170 246//170 469//170
f 248//171 254//171 249//171
f 249//172 252//172 247//172
f 255//173 251//173 256//173
f 489//174 251//174 467//174
f 253//175 259//175 254//175
f 254//176 257//176 252//176
f 260//177 256//177 261//177
f 475//178 256//178 489//178
f 258//179 264//179 259//179
f 259//180 262//180 257//180
f 265//181 261//181 266//181
f 472//182 261//182 475//182
f 263//183 269//183 264//183
f 264//184 267//184 262//184
f 270//185 266//185 271//185
f 271//186 472//186 474//186
f 268//187 274//187 269//187
f 269//188 272//188 267//188
f 275//189 271//189 276//189
f 276//190 474//190 488//190
f 273//191 279//191 274//191
f 274//192 277//192 272//192
f 280//193 276//193 281//193
f 281//194 488//194 466//194
f 278//195 284//195 279//195
f 279//196 282//196 277//196
f 285//197 281//197 286//197
f 286//198 466//198 468//198
f 283//199 289//199 284//199
f 284//200 287//200 282//200
f 290//201 286//201 291//201
f 464//202 286//202 468//202
f 288//203 294//203 289//203
f 289//204 292//204 287//204
f 295//205 291//205 296//205
f 470//206 291//206 464//206
f 293//207 299//207 294//207
f 294//208 297//208 292//208
f 300//209 296//209 301//209
f 460//210 296//210 470//210
f 298//211 304//211 299//211
f 299//212 302//212 297//212
f 305//213 301//213 306//213
f 461//214 301//214 460//214
f 303//215 309//215 304//215
f 304//216 307//216 302//216
f 310//217 306//217 311//217
f 458//218 306//218 461//218
f 308//219 314//219 309//219
f 309//220 312//220 307//220
f 315//221 311//221 316//221
f 457//222 311//222 458//222
f 313//223 319//223 314//223
f 314//224 317//224 312//224
f 320//225 316//225 321//225
f 321//226 457//226 459//226
f 318//227 324//227 319//227
f 319//228 322//228 317//228
f 325//229 321//229 326//229
f 463//230 321//230 459//230
f 323//231 329//231 324//231
f 324//232 327//232 322//232
f 330//233 326//233 331//233
f 462//234 326//234 463//234
f 328//235 334//235 329//235
f 329//236 332//236 327//236
f 335//237 331//237 336//237
f 471//238 331//238 462//238
f 333//239 239//239 334//239
f 334//240 237//240 332//240
f 240//241 336//241 241//241
f 465//242 336//242 471//242
f 272//98 312//98 332//98
f 238//243 245//243 243//243
f 333//244 240//244 238//244
f 243//245 250//245 248//245
f 248//82 255//82 253//82
f 253//246 260//246 258//246
f 258//247 265//247 263//247
f 263//248 270//248 268//248
f 268//249 275//249 273//249
f 273//79 280//79 278//79
f 278//250 285//250 283//250
f 283//251 290//251 288//251
f 288//252 295//252 293//252
f 293//253 300//253 298//253
f 298//58 305//58 303//58
f 303//254 310//254 308//254
f 308//255 315//255 313//255
f 313//256 320//256 318//256
f 318//257 325//257 323//257
f 323//64 330//64 328//64
f 328//258 335//258 333//258
f 338//259 344//259 339//259
f 339//164 342//164 337//164
f 345//165 341//165 346//165
f 485//166 341//166 480//166
f 343//167 349//167 344//167
f 344//260 347//260 342//260
f 350//169 346//169 351//169
f 482//170 346//170 485//170
f 348//171 354//171 349//171
f 349//172 352//172 347//172
f 355//261 351//261 356//261
f 484//174 351//174 482//174
f 353//175 359//175 354//175
f 354//176 357//176 352//176
f 360//177 356//177 361//177
f 483//178 356//178 484//178
f 358//179 364//179 359//179
f 359//180 362//180 357//180
f 365//181 361//181 366//181
f 494//182 361//182 483//182
f 363//183 369//183 364//183
f 364//184 367//184 362//184
f 370//185 366//185 371//185
f 371//186 494//186 496//186
f 368//187 374//187 369//187
f 369//262 372//262 367//262
f 375//189 371//189 376//189
f 376//190 496//190 493//190
f 373//191 379//191 374//191
f 374//192 377//192 372//192
f 380//193 376//193 381//193
f 381//194 493//194 495//194
f 378//195 384//195 379//195
f 379//196 382//196 377//196
f 385//197 381//197 386//197
f 386//198 495//198 491//198
f 383//199 389//199 384//199
f 384//200 387//200 382//200
f 390//263 386//263 391//263
f 492//202 386//202 491//202
f 388//264 394//264 389//264
f 389//204 392//204 387//204
f 395//205 391//205 396//205
f 490//206 391//206 492//206
f 393//207 399//207 394//207
f 394//265 397//265 392//265
f 400//209 396//209 401//209
f 486//210 396//210 490//210
f 398//211 404//211 399//211
f 399//212 402//212 397//212
f 405//266 401//266 406//266
f 476//214 401//214 486//214
f 403//215 409//215 404//215
f 404//216 407//216 402//216
f 410//217 406//217 411//217
f 477//218 406//218 476//218
f 408//219 414//219 409//219
f 409//220 412//220 407//220
f 415//221 411//221 416//221
f 473//222 411//222 477//222
f 413//223 419//223 414//223
f 414//224 417//224 412//224
f 420//225 416//225 421//225
f 421//226 473//226 479//226
f 418//227 424//227 419//227
f 419//267 422//267 417//267
f 425//229 421//229 426//229
f 478//230 421//230 479//230
f 423//231 429//231 424//231
f 424//232 427//232 422//232
f 430//233 426//233 431//233
f 487//234 426//234 478//234
f 428//235 434//235 429//235
f 429//236 432//236 427//236
f 435//237 431//237 436//237
f 481//268 431//268 487//268
f 433//239 339//239 434//239
f 434//240 337//240 432//240
f 340//269 436//269 341//269
f 480//242 436//242 481//242
f 372//98 412//98 432//98
f 338//243 345//243 343//243
f 433//244 340//244 338//244
f 343//245 350//245 348//245
f 348//82 355//82 353//82
f 353//246 360//246 358//246
f 358//247 365//247 363//247
f 363//248 370//248 368//248
f 368//249 375//249 373//249
f 373//79 380//79 378//79
f 378//250 385//250 383//250
f 383//251 390//251 388//251
f 388//252 395//252 393//252
f 393//253 400//253 398//253
f 398//58 405//58 403//58
f 403//254 410//254 408//254
f 408//255 415//255 413//255
f 413//256 420//256 418//256
f 418//257 425//257 423//257
f 423//64 430//64 428//64
f 428//258 435//258 433//258
f 238//410 243//410 244//410
f 239//164 244//164 242//164
f 245//411 240//411 241//411
f 469//412 246//412 241//412
f 243//413 248//413 249//413
f 244//414 249//414 247//414
f 250//415 245//415 246//415
f 467//416 251//416 246//416
f 248//171 253//171 254//171
f 249//172 254//172 252//172
f 255//173 250//173 251//173
f 489//174 256//174 251//174
f 253//417 258//417 259//417
f 254//418 259//418 257//418
f 260//419 255//419 256//419
f 475//420 261//420 256//420
f 258//421 263//421 264//421
f 259//180 264//180 262//180
f 265//422 260//422 261//422
f 472//182 266//182 261//182
f 263//423 268//423 269//423
f 264//184 269//184 267//184
f 270//424 265//424 266//424
f 271//425 266//425 472//425
f 268//426 273//426 274//426
f 269//427 274//427 272//427
f 275//428 270//428 271//428
f 276//429 271//429 474//429
f 273//191 278//191 279//191
f 274//192 279//192 277//192
f 280//430 275//430 276//430
f 281//194 276//194 488//194
f 278//431 283//431 284//431
f 279//432 284//432 282//432
f 285//433 280//433 281//433
f 286//434 281//434 466//434
f 283//435 288//435 289//435
f 284//200 289//200 287//200
f 290//436 285//436 286//436
f 464//202 291//202 286//202
f 288//437 293//437 294//437
f 289//204 294//204 292//204
f 295//438 290//438 291//438
f 470//439 296//439 291//439
f 293//440 298//440 299//440
f 294//441 299//441 297//441
f 300//442 295//442 296//442
f 460//443 301//443 296//443
f 298//211 303//211 304//211
f 299//212 304//212 302//212
f 305//266 300//266 301//266
f 461//214 306//214 301//214
f 303//444 308//444 309//444
f 304//445 309//445 307//445
f 310//446 305//446 306//446
f 458//447 311//447 306//447
f 308//448 313//448 314//448
f 309//220 314//220 312//220
f 315//449 310//449 311//449
f 457//450 316//450 311//450
f 313//451 318//451 319//451
f 314//224 319//224 317//224
f 320//452 315//452 316//452
f 321//226 316//226 457//226
f 318//453 323//453 324//453
f 319//454 324//454 322//454
f 325//455 320//455 321//455
f 463//456 326//456 321//456
f 323//457 328//457 329//457
f 324//232 329//232 327//232
f 330//458 325//458 326//458
f 462//234 331//234 326//234
f 328//459 333//459 334//459
f 329//460 334//460 332//460
f 335//461 330//461 331//461
f 471//462 336//462 331//462
f 333//463 238//463 239//463
f 334//240 239//240 237//240
f 240//464 335//464 336//464
f 465//242 241//242 336//242
f 332//98 237//98 242//98
f 242//98 247//98 252//98
f 252//98 257//98 262//98
f 262//98 267//98 272//98
f 272//98 277//98 282//98
f 282//98 287//98 292//98
f 292//98 297//98 302//98
f 302//98 307//98 312//98
f 312//98 317//98 322//98
f 322//98 327//98 332//98
f 332//98 242//98 252//98
f 252//98 262//98 272//98
f 272//98 282//98 292//98
f 292//98 302//98 312//98
f 312//98 322//98 332//98
f 332//98 252//98 272//98
f 272//98 292//98 312//98
f 238//243 240//243 245//243
f 333//244 335//244 240//244
f 243//245 245//245 250//245
f 248//82 250//82 255//82
f 253//246 255//246 260//246
f 258//247 260//247 265//247
f 263//248 265//248 270//248
f 268//249 270//249 275//249
f 273//79 275//79 280//79
f 278//250 280//250 285//250
f 283//251 285//251 290//251
f 288//252 290//252 295//252
f 293//253 295//253 300//253
f 298//58 300//58 305//58
f 303//254 305//254 310//254
f 308//255 310//255 315//255
f 313//256 315//256 320//256
f 318//257 320//257 325//257
f 323//64 325//64 330//64
f 328//258 330//258 335//258
f 338//410 343//410 344//410
f 339//164 344//164 342//164
f 345//411 340//411 341//411
f 485//412 346//412 341//412
f 343//413 348//413 349//413
f 344//414 349//414 347//414
f 350//415 345//415 346//415
f 482//416 351//416 346//416
f 348//171 353//171 354//171
f 349//172 354//172 352//172
f 355//173 350//173 351//173
f 484//174 356//174 351//174
f 353//465 358//465 359//465
f 354//418 359//418 357//418
f 360//419 355//419 356//419
f 483//420 361//420 356//420
f 358//421 363//421 364//421
f 359//180 364//180 362//180
f 365//422 360//422 361//422
f 494//182 366//182 361//182
f 363//423 368//423 369//423
f 364//184 369//184 367//184
f 370//424 365//424 366//424
f 371//186 366//186 494//186
f 368//426 373//426 374//426
f 369//427 374//427 372//427
f 375//466 370//466 371//466
f 376//429 371//429 496//429
f 373//467 378//467 379//467
f 374//192 379//192 377//192
f 380//468 375//468 376//468
f 381//194 376//194 493//194
f 378//469 383//469 384//469
f 379//432 384//432 382//432
f 385//433 380//433 381//433
f 386//434 381//434 495//434
f 383//435 388//435 389//435
f 384//200 389//200 387//200
f 390//436 385//436 386//436
f 492//202 391//202 386//202
f 388//437 393//437 394//437
f 389//204 394//204 392//204
f 395//438 390//438 391//438
f 490//439 396//439 391//439
f 393//440 398//440 399//440
f 394//441 399//441 397//441
f 400//442 395//442 396//442
f 486//443 401//443 396//443
f 398//211 403//211 404//211
f 399//212 404//212 402//212
f 405//266 400//266 401//266
f 476//214 406//214 401//214
f 403//470 408//470 409//470
f 404//445 409//445 407//445
f 410//446 405//446 406//446
f 477//447 411//447 406//447
f 408//448 413//448 414//448
f 409//220 414//220 412//220
f 415//449 410//449 411//449
f 473//450 416//450 411//450
f 413//451 418//451 419//451
f 414//224 419//224 417//224
f 420//452 415//452 416//452
f 421//226 416//226 473//226
f 418//453 423//453 424//453
f 419//454 424//454 422//454
f 425//471 420//471 421//471
f 478//456 426//456 421//456
f 423//231 428//231 429//231
f 424//232 429//232 427//232
f 430//458 425//458 426//458
f 487//234 431//234 426//234
f 428//459 433//459 434//459
f 429//460 434//460 432//460
f 435//461 430//461 431//461
f 481//462 436//462 431//462
f 433//463 338//463 339//463
f 434//240 339//240 337//240
f 340//464 435//464 436//464
f 480//242 341//242 436//242
f 432//98 337//98 342//98
f 342//98 347//98 352//98
f 352//98 357//98 362//98
f 362//98 367//98 372//98
f 372//98 377//98 382//98
f 382//98 387//98 392//98
f 392//98 397//98 402//98
f 402//98 407//98 412//98
f 412//98 417//98 422//98
f 422//98 427//98 432//98
f 432//98 342//98 352//98
f 352//98 362//98 372//98
f 372//98 382//98 392//98
f 392//98 402//98 412//98
f 412//98 422//98 432//98
f 432//98 352//98 372//98
f 372//98 392//98 412//98
f 338//243 340//243 345//243
f 433//244 435//244 340//244
f 343//245 345//245 350//245
f 348//82 350//82 355//82
f 353//246 355//246 360//246
f 358//247 360//247 365//247
f 363//248 365//248 370//248
f 368//249 370//249 375//249
f 373//79 375//79 380//79
f 378//250 380//250 385//250
f 383//251 385//251 390//251
f 388//252 390//252 395//252
f 393//253 395//253 400//253
f 398//58 400//58 405//58
f 403//254 405//254 410//254
f 408//255 410//255 415//255
f 413//256 415//256 420//256
f 418//257 420//257 425//257
f 423//64 425//64 430//64
f 428//258 430//258 435//258
usemtl DetailGraphite
f 505//94 508//94 507//94
f 507//98 512//98 511//98
f 511//99 510//99 509//99
f 509//162 506//162 505//162
f 507//93 509//93 505//93
f 512//97 506//97 510//97
f 681//94 684//94 683//94
f 683//98 688//98 687//98
f 687//99 686//99 685//99
f 685//162 682//162 681//162
f 683//93 685//93 681//93
f 688//97 682//97 686//97
f 713//94 716//94 715//94
f 715//98 720//98 719//98
f 719//99 718//99 717//99
f 717//162 714//162 713//162
f 715//93 717//93 713//93
f 720//97 714//97 718//97
f 721//94 724//94 723//94
f 723//98 728//98 727//98
f 727//99 726//99 725//99
f 725//162 722//162 721//162
f 723//93 725//93 721//93
f 728//97 722//97 726//97
f 777//94 780//94 779//94
f 779//98 784//98 783//98
f 783//99 782//99 781//99
f 781//162 778//162 777//162
f 779//93 781//93 777//93
f 784//97 778//97 782//97
f 809//94 812//94 811//94
f 811//98 816//98 815//98
f 815//99 814//99 813//99
f 813//162 810//162 809//162
f 811//93 813//93 809//93
f 816//97 810//97 814//97
f 817//94 820//94 819//94
f 819//98 824//98 823//98
f 823//99 822//99 821//99
f 821//162 818//162 817//162
f 819//93 821//93 817//93
f 824//97 818//97 822//97
f 993//94 996//94 995//94
f 995//98 1000//98 999//98
f 999//99 998//99 997//99
f 997//162 994//162 993//162
f 995//93 997//93 993//93
f 1000//97 994//97 998//97
f 1025//94 1028//94 1027//94
f 1027//98 1032//98 1031//98
f 1031//99 1030//99 1029//99
f 1029//162 1026//162 1025//162
f 1027//93 1029//93 1025//93
f 1032//97 1026//97 1030//97
f 1033//94 1036//94 1035//94
f 1035//98 1040//98 1039//98
f 1039//99 1038//99 1037//99
f 1037//162 1034//162 1033//162
f 1035//93 1037//93 1033//93
f 1040//97 1034//97 1038//97
f 1089//94 1092//94 1091//94
f 1091//98 1096//98 1095//98
f 1095//99 1094//99 1093//99
f 1093//162 1090//162 1089//162
f 1091//93 1093//93 1089//93
f 1096//97 1090//97 1094//97
f 1121//94 1124//94 1123//94
f 1123//98 1128//98 1127//98
f 1127//99 1126//99 1125//99
f 1125//162 1122//162 1121//162
f 1123//93 1125//93 1121//93
f 1128//97 1122//97 1126//97
f 1129//94 1132//94 1131//94
f 1131//98 1136//98 1135//98
f 1135//99 1134//99 1133//99
f 1133//162 1130//162 1129//162
f 1131//93 1133//93 1129//93
f 1136//97 1130//97 1134//97
f 1401//124 1402//124 1403//124
f 1404//307 1405//307 1406//307
f 1407//280 1408//280 1409//280
f 1410//314 1411//314 1412//314
f 1413//138 1414//138 1415//138
f 1416//296 1417//296 1418//296
f 1419//285 1420//285 1421//285
f 1422//313 1423//313 1424//313
f 1407//58 1403//58 1408//58
f 1402//61 1406//61 1403//61
f 1405//64 1412//64 1406//64
f 1411//67 1408//67 1412//67
f 1419//70 1409//70 1420//70
f 1410//73 1424//73 1411//73
f 1423//76 1420//76 1424//76
f 1413//79 1421//79 1414//79
f 1422//82 1418//82 1423//82
f 1417//85 1414//85 1418//85
f 1401//88 1415//88 1402//88
f 1416//91 1404//91 1417//91
f 1407//93 1413//93 1401//93
f 1403//94 1412//94 1408//94
f 1415//162 1404//162 1402//162
f 1422//97 1405//97 1416//97
f 1409//98 1424//98 1420//98
f 1421//99 1418//99 1414//99
f 1473//94 1476//94 1475//94
f 1475//98 1480//98 1479//98
f 1479//99 1478//99 1477//99
f 1477//162 1474//162 1473//162
f 1475//93 1477//93 1473//93
f 1480//97 1474//97 1478//97
f 1505//94 1508//94 1507//94
f 1507//98 1512//98 1511//98
f 1511//99 1510//99 1509//99
f 1509//162 1506//162 1505//162
f 1507//93 1509//93 1505//93
f 1512//97 1506//97 1510//97
f 1537//94 1540//94 1539//94
f 1539//98 1544//98 1543//98
f 1543//99 1542//99 1541//99
f 1541//162 1538//162 1537//162
f 1539//93 1541//93 1537//93
f 1544//97 1538//97 1542//97
f 1569//94 1572//94 1571//94
f 1571//98 1576//98 1575//98
f 1575//99 1574//99 1573//99
f 1573//162 1570//162 1569//162
f 1571//93 1573//93 1569//93
f 1576//97 1570//97 1574//97
f 1577//94 1580//94 1579//94
f 1579//98 1584//98 1583//98
f 1583//99 1582//99 1581//99
f 1581//162 1578//162 1577//162
f 1579//93 1581//93 1577//93
f 1584//97 1578//97 1582//97
f 1585//94 1588//94 1587//94
f 1587//98 1592//98 1591//98
f 1591//99 1590//99 1589//99
f 1589//162 1586//162 1585//162
f 1587//93 1589//93 1585//93
f 1592//97 1586//97 1590//97
f 1593//94 1596//94 1595//94
f 1595//98 1600//98 1599//98
f 1599//99 1598//99 1597//99
f 1597//162 1594//162 1593//162
f 1595//93 1597//93 1593//93
f 1600//97 1594//97 1598//97
f 1601//94 1604//94 1603//94
f 1603//98 1608//98 1607//98
f 1607//99 1606//99 1605//99
f 1605//162 1602//162 1601//162
f 1603//93 1605//93 1601//93
f 1608//97 1602//97 1606//97
f 505//94 506//94 508//94
f 507//98 508//98 512//98
f 511//99 512//99 510//99
f 509//162 510//162 506//162
f 507//93 511//93 509//93
f 512//97 508//97 506//97
f 681//94 682//94 684//94
f 683//98 684//98 688//98
f 687//99 688//99 686//99
f 685//162 686//162 682//162
f 683//93 687//93 685//93
f 688//97 684//97 682//97
f 713//94 714//94 716//94
f 715//98 716//98 720//98
f 719//99 720//99 718//99
f 717//162 718//162 714//162
f 715//93 719//93 717//93
f 720//97 716//97 714//97
f 721//94 722//94 724//94
f 723//98 724//98 728//98
f 727//99 728//99 726//99
f 725//162 726//162 722//162
f 723//93 727//93 725//93
f 728//97 724//97 722//97
f 777//94 778//94 780//94
f 779//98 780//98 784//98
f 783//99 784//99 782//99
f 781//162 782//162 778//162
f 779//93 783//93 781//93
f 784//97 780//97 778//97
f 809//94 810//94 812//94
f 811//98 812//98 816//98
f 815//99 816//99 814//99
f 813//162 814//162 810//162
f 811//93 815//93 813//93
f 816//97 812//97 810//97
f 817//94 818//94 820//94
f 819//98 820//98 824//98
f 823//99 824//99 822//99
f 821//162 822//162 818//162
f 819//93 823//93 821//93
f 824//97 820//97 818//97
f 993//94 994//94 996//94
f 995//98 996//98 1000//98
f 999//99 1000//99 998//99
f 997//162 998//162 994//162
f 995//93 999//93 997//93
f 1000//97 996//97 994//97
f 1025//94 1026//94 1028//94
f 1027//98 1028//98 1032//98
f 1031//99 1032//99 1030//99
f 1029//162 1030//162 1026//162
f 1027//93 1031//93 1029//93
f 1032//97 1028//97 1026//97
f 1033//94 1034//94 1036//94
f 1035//98 1036//98 1040//98
f 1039//99 1040//99 1038//99
f 1037//162 1038//162 1034//162
f 1035//93 1039//93 1037//93
f 1040//97 1036//97 1034//97
f 1089//94 1090//94 1092//94
f 1091//98 1092//98 1096//98
f 1095//99 1096//99 1094//99
f 1093//162 1094//162 1090//162
f 1091//93 1095//93 1093//93
f 1096//97 1092//97 1090//97
f 1121//94 1122//94 1124//94
f 1123//98 1124//98 1128//98
f 1127//99 1128//99 1126//99
f 1125//162 1126//162 1122//162
f 1123//93 1127//93 1125//93
f 1128//97 1124//97 1122//97
f 1129//94 1130//94 1132//94
f 1131//98 1132//98 1136//98
f 1135//99 1136//99 1134//99
f 1133//162 1134//162 1130//162
f 1131//93 1135//93 1133//93
f 1136//97 1132//97 1130//97
f 1407//58 1401//58 1403//58
f 1402//61 1404//61 1406//61
f 1405//64 1410//64 1412//64
f 1411//67 1409//67 1408//67
f 1419//70 1407//70 1409//70
f 1410//73 1422//73 1424//73
f 1423//76 1421//76 1420//76
f 1413//79 1419//79 1421//79
f 1422//82 1416//82 1418//82
f 1417//85 1415//85 1414//85
f 1401//88 1413//88 1415//88
f 1416//91 1405//91 1404//91
f 1407//93 1419//93 1413//93
f 1403//94 1406//94 1412//94
f 1415//162 1417//162 1404//162
f 1422//97 1410//97 1405//97
f 1409//98 1411//98 1424//98
f 1421//99 1423//99 1418//99
f 1473//94 1474//94 1476//94
f 1475//98 1476//98 1480//98
f 1479//99 1480//99 1478//99
f 1477//162 1478//162 1474//162
f 1475//93 1479//93 1477//93
f 1480//97 1476//97 1474//97
f 1505//94 1506//94 1508//94
f 1507//98 1508//98 1512//98
f 1511//99 1512//99 1510//99
f 1509//162 1510//162 1506//162
f 1507//93 1511//93 1509//93
f 1512//97 1508//97 1506//97
f 1537//94 1538//94 1540//94
f 1539//98 1540//98 1544//98
f 1543//99 1544//99 1542//99
f 1541//162 1542//162 1538//162
f 1539//93 1543//93 1541//93
f 1544//97 1540//97 1538//97
f 1569//94 1570//94 1572//94
f 1571//98 1572//98 1576//98
f 1575//99 1576//99 1574//99
f 1573//162 1574//162 1570//162
f 1571//93 1575//93 1573//93
f 1576//97 1572//97 1570//97
f 1577//94 1578//94 1580//94
f 1579//98 1580//98 1584//98
f 1583//99 1584//99 1582//99
f 1581//162 1582//162 1578//162
f 1579//93 1583//93 1581//93
f 1584//97 1580//97 1578//97
f 1585//94 1586//94 1588//94
f 1587//98 1588//98 1592//98
f 1591//99 1592//99 1590//99
f 1589//162 1590//162 1586//162
f 1587//93 1591//93 1589//93
f 1592//97 1588//97 1586//97
f 1593//94 1594//94 1596//94
f 1595//98 1596//98 1600//98
f 1599//99 1600//99 1598//99
f 1597//162 1598//162 1594//162
f 1595//93 1599//93 1597//93
f 1600//97 1596//97 1594//97
f 1601//94 1602//94 1604//94
f 1603//98 1604//98 1608//98
f 1607//99 1608//99 1606//99
f 1605//162 1606//162 1602//162
f 1603//93 1607//93 1605//93
f 1608//97 1604//97 1602//97
usemtl DetailSteel
f 513//270 514//270 515//270
f 516//271 517//271 518//271
f 519//272 520//272 521//272
f 522//273 523//273 524//273
f 525//274 526//274 527//274
f 528//275 529//275 530//275
f 531//276 532//276 533//276
f 534//277 535//277 536//277
f 519//58 515//58 520//58
f 514//61 518//61 515//61
f 517//64 524//64 518//64
f 523//67 520//67 524//67
f 531//70 521//70 532//70
f 522//73 536//73 523//73
f 535//76 532//76 536//76
f 525//79 533//79 526//79
f 534//82 530//82 535//82
f 529//85 526//85 530//85
f 513//88 527//88 514//88
f 528//91 516//91 529//91
f 519//93 525//93 513//93
f 515//94 524//94 520//94
f 527//162 516//162 514//162
f 534//97 517//97 528//97
f 521//98 536//98 532//98
f 533//99 530//99 526//99
f 537//7 538//7 539//7
f 540//14 541//14 542//14
f 543//21 544//21 545//21
f 546//28 547//28 548//28
f 549//274 550//274 551//274
f 552//275 553//275 554//275
f 555//276 556//276 557//276
f 558//277 559//277 560//277
f 543//58 539//58 544//58
f 538//61 542//61 539//61
f 541//64 548//64 542//64
f 547//67 544//67 548//67
f 555//70 545//70 556//70
f 546//73 560//73 547//73
f 559//76 556//76 560//76
f 549//79 557//79 550//79
f 558//82 554//82 559//82
f 553//85 550//85 554//85
f 537//88 551//88 538//88
f 552//91 540//91 553//91
f 543//93 549//93 537//93
f 539//94 548//94 544//94
f 551//162 540//162 538//162
f 558//97 541//97 552//97
f 545//98 560//98 556//98
f 557//99 554//99 550//99
f 561//278 562//278 563//278
f 564//279 565//279 566//279
f 567//280 568//280 569//280
f 570//281 571//281 572//281
f 573//274 574//274 575//274
f 576//282 577//282 578//282
f 579//276 580//276 581//276
f 582//283 583//283 584//283
f 567//58 563//58 568//58
f 562//61 566//61 563//61
f 565//64 572//64 566//64
f 571//67 568//67 572//67
f 579//70 569//70 580//70
f 570//73 584//73 571//73
f 583//76 580//76 584//76
f 573//79 581//79 574//79
f 582//82 578//82 583//82
f 577//85 574//85 578//85
f 561//88 575//88 562//88
f 576//91 564//91 577//91
f 567//93 573//93 561//93
f 563//94 572//94 568//94
f 575//162 564//162 562//162
f 582//97 565//97 576//97
f 569//98 584//98 580//98
f 581//99 578//99 574//99
f 585//278 586//278 587//278
f 588//279 589//279 590//279
f 591//280 592//280 593//280
f 594//281 595//281 596//281
f 597//284 598//284 599//284
f 600//275 601//275 602//275
f 603//285 604//285 605//285
f 606//277 607//277 608//277
f 591//58 587//58 592//58
f 586//61 590//61 587//61
f 589//64 596//64 590//64
f 595//67 592//67 596//67
f 603//70 593//70 604//70
f 594//73 608//73 595//73
f 607//76 604//76 608//76
f 597//79 605//79 598//79
f 606//82 602//82 607//82
f 601//85 598//85 602//85
f 585//88 599//88 586//88
f 600//91 588//91 601//91
f 591//93 597//93 585//93
f 587//94 596//94 592//94
f 599//162 588//162 586//162
f 606//97 589//97 600//97
f 593//98 608//98 604//98
f 605//99 602//99 598//99
f 609//7 610//7 611//7
f 612//14 613//14 614//14
f 615//21 616//21 617//21
f 618//28 619//28 620//28
f 621//274 622//274 623//274
f 624//275 625//275 626//275
f 627//276 628//276 629//276
f 630//277 631//277 632//277
f 615//58 611//58 616//58
f 610//61 614//61 611//61
f 613//64 620//64 614//64
f 619//67 616//67 620//67
f 627//70 617//70 628//70
f 618//73 632//73 619//73
f 631//76 628//76 632//76
f 621//79 629//79 622//79
f 630//82 626//82 631//82
f 625//85 622//85 626//85
f 609//88 623//88 610//88
f 624//91 612//91 625//91
f 615//93 621//93 609//93
f 611//94 620//94 616//94
f 623//162 612//162 610//162
f 630//97 613//97 624//97
f 617//98 632//98 628//98
f 629//99 626//99 622//99
f 633//270 634//270 635//270
f 636//271 637//271 638//271
f 639//272 640//272 641//272
f 642//273 643//273 644//273
f 645//274 646//274 647//274
f 648//275 649//275 650//275
f 651//276 652//276 653//276
f 654//277 655//277 656//277
f 639//58 635//58 640//58
f 634//61 638//61 635//61
f 637//64 644//64 638//64
f 643//67 640//67 644//67
f 651//70 641//70 652//70
f 642//73 656//73 643//73
f 655//76 652//76 656//76
f 645//79 653//79 646//79
f 654//82 650//82 655//82
f 649//85 646//85 650//85
f 633//88 647//88 634//88
f 648//91 636//91 649//91
f 639//93 645//93 633//93
f 635//94 644//94 640//94
f 647//162 636//162 634//162
f 654//97 637//97 648//97
f 641//98 656//98 652//98
f 653//99 650//99 646//99
f 825//299 826//299 827//299
f 828//300 829//300 830//300
f 831//301 832//301 833//301
f 834//302 835//302 836//302
f 837//303 838//303 839//303
f 840//304 841//304 842//304
f 843//305 844//305 845//305
f 846//306 847//306 848//306
f 831//58 827//58 832//58
f 826//61 830//61 827//61
f 829//64 836//64 830//64
f 835//67 832//67 836//67
f 843//70 833//70 844//70
f 834//73 848//73 835//73
f 847//76 844//76 848//76
f 837//79 845//79 838//79
f 846//82 842//82 847//82
f 841//85 838//85 842//85
f 825//88 839//88 826//88
f 840//91 828//91 841//91
f 831//93 837//93 825//93
f 827//94 836//94 832//94
f 839//162 828//162 826//162
f 846//97 829//97 840//97
f 833//98 848//98 844//98
f 845//99 842//99 838//99
f 849//299 850//299 851//299
f 852//300 853//300 854//300
f 855//301 856//301 857//301
f 858//302 859//302 860//302
f 861//35 862//35 863//35
f 864//42 865//42 866//42
f 867//49 868//49 869//49
f 870//56 871//56 872//56
f 855//58 851//58 856//58
f 850//61 854//61 851//61
f 853//64 860//64 854//64
f 859//67 856//67 860//67
f 867//70 857//70 868//70
f 858//73 872//73 859//73
f 871//76 868//76 872//76
f 861//79 869//79 862//79
f 870//82 866//82 871//82
f 865//85 862//85 866//85
f 849//88 863//88 850//88
f 864//91 852//91 865//91
f 855//93 861//93 849//93
f 851//94 860//94 856//94
f 863//162 852//162 850//162
f 870//97 853//97 864//97
f 857//98 872//98 868//98
f 869//99 866//99 862//99
f 873//299 874//299 875//299
f 876//279 877//279 878//279
f 879//301 880//301 881//301
f 882//281 883//281 884//281
f 885//284 886//284 887//284
f 888//282 889//282 890//282
f 891//285 892//285 893//285
f 894//283 895//283 896//283
f 879//58 875//58 880//58
f 874//61 878//61 875//61
f 877//64 884//64 878//64
f 883//67 880//67 884//67
f 891//70 881//70 892//70
f 882//73 896//73 883//73
f 895//76 892//76 896//76
f 885//79 893//79 886//79
f 894//82 890//82 895//82
f 889//85 886//85 890//85
f 873//88 887//88 874//88
f 888//91 876//91 889//91
f 879//93 885//93 873//93
f 875//94 884//94 880//94
f 887//162 876//162 874//162
f 894//97 877//97 888//97
f 881//98 896//98 892//98
f 893//99 890//99 886//99
f 897//278 898//278 899//278
f 900//300 901//300 902//300
f 903//280 904//280 905//280
f 906//302 907//302 908//302
f 909//284 910//284 911//284
f 912//282 913//282 914//282
f 915//285 916//285 917//285
f 918//283 919//283 920//283
f 903//58 899//58 904//58
f 898//61 902//61 899//61
f 901//64 908//64 902//64
f 907//67 904//67 908//67
f 915//70 905//70 916//70
f 906//73 920//73 907//73
f 919//76 916//76 920//76
f 909//79 917//79 910//79
f 918//82 914//82 919//82
f 913//85 910//85 914//85
f 897//88 911//88 898//88
f 912//91 900//91 913//91
f 903//93 909//93 897//93
f 899//94 908//94 904//94
f 911//162 900//162 898//162
f 918//97 901//97 912//97
f 905//98 920//98 916//98
f 917//99 914//99 910//99
f 921//299 922//299 923//299
f 924//300 925//300 926//300
f 927//301 928//301 929//301
f 930//302 931//302 932//302
f 933//35 934//35 935//35
f 936//42 937//42 938//42
f 939//49 940//49 941//49
f 942//56 943//56 944//56
f 927//58 923//58 928//58
f 922//61 926//61 923//61
f 925//64 932//64 926//64
f 931//67 928//67 932//67
f 939//70 929//70 940//70
f 930//73 944//73 931//73
f 943//76 940//76 944//76
f 933//79 941//79 934//79
f 942//82 938//82 943//82
f 937//85 934//85 938//85
f 921//88 935//88 922//88
f 936//91 924//91 937//91
f 927//93 933//93 921//93
f 923//94 932//94 928//94
f 935//162 924//162 922//162
f 942//97 925//97 936//97
f 929//98 944//98 940//98
f 941//99 938//99 934//99
f 945//299 946//299 947//299
f 948//300 949//300 950//300
f 951//301 952//301 953//301
f 954//302 955//302 956//302
f 957//303 958//303 959//303
f 960//304 961//304 962//304
f 963//305 964//305 965//305
f 966//306 967//306 968//306
f 951//58 947//58 952//58
f 946//61 950//61 947//61
f 949//64 956//64 950//64
f 955//67 952//67 956//67
f 963//70 953//70 964//70
f 954//73 968//73 955//73
f 967//76 964//76 968//76
f 957//79 965//79 958//79
f 966//82 962//82 967//82
f 961//85 958//85 962//85
f 945//88 959//88 946//88
f 960//91 948//91 961//91
f 951//93 957//93 945//93
f 947//94 956//94 952//94
f 959//162 948//162 946//162
f 966//97 949//97 960//97
f 953//98 968//98 964//98
f 965//99 962//99 958//99
f 1425//270 1426//270 1427//270
f 1428//271 1429//271 1430//271
f 1431//272 1432//272 1433//272
f 1434//273 1435//273 1436//273
f 1437//303 1438//303 1439//303
f 1440//304 1441//304 1442//304
f 1443//305 1444//305 1445//305
f 1446//306 1447//306 1448//306
f 1431//58 1427//58 1432//58
f 1426//61 1430//61 1427//61
f 1429//64 1436//64 1430//64
f 1435//67 1432//67 1436//67
f 1443//70 1433//70 1444//70
f 1434//73 1448//73 1435//73
f 1447//76 1444//76 1448//76
f 1437//79 1445//79 1438//79
f 1446//82 1442//82 1447//82
f 1441//85 1438//85 1442//85
f 1425//88 1439//88 1426//88
f 1440//91 1428//91 1441//91
f 1431//93 1437//93 1425//93
f 1427//94 1436//94 1432//94
f 1439//162 1428//162 1426//162
f 1446//97 1429//97 1440//97
f 1433//98 1448//98 1444//98
f 1445//99 1442//99 1438//99
f 519//58 513//58 515//58
f 514//61 516//61 518//61
f 517//64 522//64 524//64
f 523//67 521//67 520//67
f 531//70 519//70 521//70
f 522//73 534//73 536//73
f 535//76 533//76 532//76
f 525//79 531//79 533//79
f 534//82 528//82 530//82
f 529//85 527//85 526//85
f 513//88 525//88 527//88
f 528//91 517//91 516//91
f 519//93 531//93 525//93
f 515//94 518//94 524//94
f 527//162 529//162 516//162
f 534//97 522//97 517//97
f 521//98 523//98 536//98
f 533//99 535//99 530//99
f 543//58 537//58 539//58
f 538//61 540//61 542//61
f 541//64 546//64 548//64
f 547//67 545//67 544//67
f 555//70 543//70 545//70
f 546//73 558//73 560//73
f 559//76 557//76 556//76
f 549//79 555//79 557//79
f 558//82 552//82 554//82
f 553//85 551//85 550//85
f 537//88 549//88 551//88
f 552//91 541//91 540//91
f 543//93 555//93 549//93
f 539//94 542//94 548//94
f 551//162 553//162 540//162
f 558//97 546//97 541//97
f 545//98 547//98 560//98
f 557//99 559//99 554//99
f 567//58 561//58 563//58
f 562//61 564//61 566//61
f 565//64 570//64 572//64
f 571//67 569//67 568//67
f 579//70 567//70 569//70
f 570//73 582//73 584//73
f 583//76 581//76 580//76
f 573//79 579//79 581//79
f 582//82 576//82 578//82
f 577//85 575//85 574//85
f 561//88 573//88 575//88
f 576//91 565//91 564//91
f 567//93 579//93 573//93
f 563//94 566//94 572//94
f 575//162 577//162 564//162
f 582//97 570//97 565//97
f 569//98 571//98 584//98
f 581//99 583//99 578//99
f 591//58 585//58 587//58
f 586//61 588//61 590//61
f 589//64 594//64 596//64
f 595//67 593//67 592//67
f 603//70 591//70 593//70
f 594//73 606//73 608//73
f 607//76 605//76 604//76
f 597//79 603//79 605//79
f 606//82 600//82 602//82
f 601//85 599//85 598//85
f 585//88 597//88 599//88
f 600//91 589//91 588//91
f 591//93 603//93 597//93
f 587//94 590//94 596//94
f 599//162 601//162 588//162
f 606//97 594//97 589//97
f 593//98 595//98 608//98
f 605//99 607//99 602//99
f 615//58 609//58 611//58
f 610//61 612//61 614//61
f 613//64 618//64 620//64
f 619//67 617//67 616//67
f 627//70 615//70 617//70
f 618//73 630//73 632//73
f 631//76 629//76 628//76
f 621//79 627//79 629//79
f 630//82 624//82 626//82
f 625//85 623//85 622//85
f 609//88 621//88 623//88
f 624//91 613//91 612//91
f 615//93 627//93 621//93
f 611//94 614//94 620//94
f 623//162 625//162 612//162
f 630//97 618//97 613//97
f 617//98 619//98 632//98
f 629//99 631//99 626//99
f 639//58 633//58 635//58
f 634//61 636//61 638//61
f 637//64 642//64 644//64
f 643//67 641//67 640//67
f 651//70 639//70 641//70
f 642//73 654//73 656//73
f 655//76 653//76 652//76
f 645//79 651//79 653//79
f 654//82 648//82 650//82
f 649//85 647//85 646//85
f 633//88 645//88 647//88
f 648//91 637//91 636//91
f 639//93 651//93 645//93
f 635//94 638//94 644//94
f 647//162 649//162 636//162
f 654//97 642//97 637//97
f 641//98 643//98 656//98
f 653//99 655//99 650//99
f 831//58 825//58 827//58
f 826//61 828//61 830//61
f 829//64 834//64 836//64
f 835//67 833//67 832//67
f 843//70 831//70 833//70
f 834//73 846//73 848//73
f 847//76 845//76 844//76
f 837//79 843//79 845//79
f 846//82 840//82 842//82
f 841//85 839//85 838//85
f 825//88 837//88 839//88
f 840//91 829//91 828//91
f 831//93 843//93 837//93
f 827//94 830//94 836//94
f 839//162 841//162 828//162
f 846//97 834//97 829//97
f 833//98 835//98 848//98
f 845//99 847//99 842//99
f 855//58 849//58 851//58
f 850//61 852//61 854//61
f 853//64 858//64 860//64
f 859//67 857//67 856//67
f 867//70 855//70 857//70
f 858//73 870//73 872//73
f 871//76 869//76 868//76
f 861//79 867//79 869//79
f 870//82 864//82 866//82
f 865//85 863//85 862//85
f 849//88 861//88 863//88
f 864//91 853//91 852//91
f 855//93 867//93 861//93
f 851//94 854//94 860//94
f 863//162 865//162 852//162
f 870//97 858//97 853//97
f 857//98 859//98 872//98
f 869//99 871//99 866//99
f 879//58 873//58 875//58
f 874//61 876//61 878//61
f 877//64 882//64 884//64
f 883//67 881//67 880//67
f 891//70 879//70 881//70
f 882//73 894//73 896//73
f 895//76 893//76 892//76
f 885//79 891//79 893//79
f 894//82 888//82 890//82
f 889//85 887//85 886//85
f 873//88 885//88 887//88
f 888//91 877//91 876//91
f 879//93 891//93 885//93
f 875//94 878//94 884//94
f 887//162 889//162 876//162
f 894//97 882//97 877//97
f 881//98 883//98 896//98
f 893//99 895//99 890//99
f 903//58 897//58 899//58
f 898//61 900//61 902//61
f 901//64 906//64 908//64
f 907//67 905//67 904//67
f 915//70 903//70 905//70
f 906//73 918//73 920//73
f 919//76 917//76 916//76
f 909//79 915//79 917//79
f 918//82 912//82 914//82
f 913//85 911//85 910//85
f 897//88 909//88 911//88
f 912//91 901//91 900//91
f 903//93 915//93 909//93
f 899//94 902//94 908//94
f 911//162 913//162 900//162
f 918//97 906//97 901//97
f 905//98 907//98 920//98
f 917//99 919//99 914//99
f 927//58 921//58 923//58
f 922//61 924//61 926//61
f 925//64 930//64 932//64
f 931//67 929//67 928//67
f 939//70 927//70 929//70
f 930//73 942//73 944//73
f 943//76 941//76 940//76
f 933//79 939//79 941//79
f 942//82 936//82 938//82
f 937//85 935//85 934//85
f 921//88 933//88 935//88
f 936//91 925//91 924//91
f 927//93 939//93 933//93
f 923//94 926//94 932//94
f 935//162 937//162 924//162
f 942//97 930//97 925//97
f 929//98 931//98 944//98
f 941//99 943//99 938//99
f 951//58 945//58 947//58
f 946//61 948//61 950//61
f 949//64 954//64 956//64
f 955//67 953//67 952//67
f 963//70 951//70 953//70
f 954//73 966//73 968//73
f 967//76 965//76 964//76
f 957//79 963//79 965//79
f 966//82 960//82 962//82
f 961//85 959//85 958//85
f 945//88 957//88 959//88
f 960//91 949//91 948//91
f 951//93 963//93 957//93
f 947//94 950//94 956//94
f 959//162 961//162 948//162
f 966//97 954//97 949//97
f 953//98 955//98 968//98
f 965//99 967//99 962//99
f 1431//58 1425//58 1427//58
f 1426//61 1428//61 1430//61
f 1429//64 1434//64 1436//64
f 1435//67 1433//67 1432//67
f 1443//70 1431//70 1433//70
f 1434//73 1446//73 1448//73
f 1447//76 1445//76 1444//76
f 1437//79 1443//79 1445//79
f 1446//82 1440//82 1442//82
f 1441//85 1439//85 1438//85
f 1425//88 1437//88 1439//88
f 1440//91 1429//91 1428//91
f 1431//93 1443//93 1437//93
f 1427//94 1430//94 1436//94
f 1439//162 1441//162 1428//162
f 1446//97 1434//97 1429//97
f 1433//98 1435//98 1448//98
f 1445//99 1447//99 1442//99
usemtl Silver
f 657//286 660//286 659//286
f 659//70 662//70 661//70
f 661//287 664//287 663//287
f 663//288 666//288 665//288
f 665//88 668//88 667//88
f 667//289 670//289 669//289
f 669//290 672//290 671//290
f 671//91 674//91 673//91
f 673//291 676//291 675//291
f 675//292 678//292 677//292
f 678//99 670//99 662//99
f 677//73 680//73 679//73
f 679//293 658//293 657//293
f 663//94 671//94 679//94
f 689//286 692//286 691//286
f 691//70 694//70 693//70
f 693//287 696//287 695//287
f 695//288 698//288 697//288
f 697//88 700//88 699//88
f 699//289 702//289 701//289
f 701//290 704//290 703//290
f 703//91 706//91 705//91
f 705//291 708//291 707//291
f 707//292 710//292 709//292
f 710//99 702//99 694//99
f 709//73 712//73 711//73
f 711//293 690//293 689//293
f 695//94 703//94 711//94
f 753//154 756//154 755//154
f 755//82 758//82 757//82
f 757//155 760//155 759//155
f 759//153 762//153 761//153
f 761//79 764//79 763//79
f 763//152 766//152 765//152
f 765//146 768//146 767//146
f 767//58 770//58 769//58
f 769//147 772//147 771//147
f 771//151 774//151 773//151
f 774//162 766//162 758//162
f 773//64 776//64 775//64
f 775//150 754//150 753//150
f 759//98 767//98 775//98
f 785//154 788//154 787//154
f 787//82 790//82 789//82
f 789//155 792//155 791//155
f 791//153 794//153 793//153
f 793//79 796//79 795//79
f 795//152 798//152 797//152
f 797//146 800//146 799//146
f 799//58 802//58 801//58
f 801//147 804//147 803//147
f 803//151 806//151 805//151
f 806//162 798//162 790//162
f 805//64 808//64 807//64
f 807//150 786//150 785//150
f 791//98 799//98 807//98
f 969//286 972//286 971//286
f 971//70 974//70 973//70
f 973//287 976//287 975//287
f 975//288 978//288 977//288
f 977//88 980//88 979//88
f 979//289 982//289 981//289
f 981//290 984//290 983//290
f 983//91 986//91 985//91
f 985//291 988//291 987//291
f 987//292 990//292 989//292
f 990//99 982//99 974//99
f 989//73 992//73 991//73
f 991//293 970//293 969//293
f 975//94 983//94 991//94
f 1001//286 1004//286 1003//286
f 1003//70 1006//70 1005//70
f 1005//287 1008//287 1007//287
f 1007//288 1010//288 1009//288
f 1009//88 1012//88 1011//88
f 1011//289 1014//289 1013//289
f 1013//290 1016//290 1015//290
f 1015//91 1018//91 1017//91
f 1017//291 1020//291 1019//291
f 1019//292 1022//292 1021//292
f 1022//99 1014//99 1006//99
f 1021//73 1024//73 1023//73
f 1023//293 1002//293 1001//293
f 1007//94 1015//94 1023//94
f 1065//154 1068//154 1067//154
f 1067//82 1070//82 1069//82
f 1069//155 1072//155 1071//155
f 1071//153 1074//153 1073//153
f 1073//79 1076//79 1075//79
f 1075//152 1078//152 1077//152
f 1077//146 1080//146 1079//146
f 1079//58 1082//58 1081//58
f 1081//147 1084//147 1083//147
f 1083//151 1086//151 1085//151
f 1086//162 1078//162 1070//162
f 1085//64 1088//64 1087//64
f 1087//150 1066//150 1065//150
f 1071//98 1079//98 1087//98
f 1097//154 1100//154 1099//154
f 1099//82 1102//82 1101//82
f 1101//155 1104//155 1103//155
f 1103//153 1106//153 1105//153
f 1105//79 1108//79 1107//79
f 1107//152 1110//152 1109//152
f 1109//146 1112//146 1111//146
f 1111//58 1114//58 1113//58
f 1113//147 1116//147 1115//147
f 1115//151 1118//151 1117//151
f 1118//162 1110//162 1102//162
f 1117//64 1120//64 1119//64
f 1119//150 1098//150 1097//150
f 1103//98 1111//98 1119//98
f 1449//340 1452//340 1451//340
f 1451//82 1454//82 1453//82
f 1453//341 1456//341 1455//341
f 1455//342 1458//342 1457//342
f 1457//79 1460//79 1459//79
f 1459//343 1462//343 1461//343
f 1461//344 1464//344 1463//344
f 1463//58 1466//58 1465//58
f 1465//345 1468//345 1467//345
f 1467//346 1470//346 1469//346
f 1470//162 1462//162 1454//162
f 1469//64 1472//64 1471//64
f 1471//347 1450//347 1449//347
f 1455//98 1463//98 1471//98
f 1481//340 1484//340 1483//340
f 1483//82 1486//82 1485//82
f 1485//341 1488//341 1487//341
f 1487//342 1490//342 1489//342
f 1489//79 1492//79 1491//79
f 1491//343 1494//343 1493//343
f 1493//344 1496//344 1495//344
f 1495//58 1498//58 1497//58
f 1497//345 1500//345 1499//345
f 1499//346 1502//346 1501//346
f 1502//162 1494//162 1486//162
f 1501//64 1504//64 1503//64
f 1503//347 1482//347 1481//347
f 1487//98 1495//98 1503//98
f 1513//340 1516//340 1515//340
f 1515//82 1518//82 1517//82
f 1517//341 1520//341 1519//341
f 1519//342 1522//342 1521//342
f 1521//79 1524//79 1523//79
f 1523//343 1526//343 1525//343
f 1525//344 1528//344 1527//344
f 1527//58 1530//58 1529//58
f 1529//345 1532//345 1531//345
f 1531//346 1534//346 1533//346
f 1534//162 1526//162 1518//162
f 1533//64 1536//64 1535//64
f 1535//347 1514//347 1513//347
f 1519//98 1527//98 1535//98
f 1545//340 1548//340 1547//340
f 1547//82 1550//82 1549//82
f 1549//341 1552//341 1551//341
f 1551//342 1554//342 1553//342
f 1553//79 1556//79 1555//79
f 1555//343 1558//343 1557//343
f 1557//344 1560//344 1559//344
f 1559//58 1562//58 1561//58
f 1561//345 1564//345 1563//345
f 1563//346 1566//346 1565//346
f 1566//162 1558//162 1550//162
f 1565//64 1568//64 1567//64
f 1567//347 1546//347 1545//347
f 1551//98 1559//98 1567//98
f 657//286 658//286 660//286
f 659//70 660//70 662//70
f 661//287 662//287 664//287
f 663//288 664//288 666//288
f 665//88 666//88 668//88
f 667//289 668//289 670//289
f 669//290 670//290 672//290
f 671//91 672//91 674//91
f 673//291 674//291 676//291
f 675//292 676//292 678//292
f 662//99 660//99 658//99
f 658//99 680//99 678//99
f 678//99 676//99 674//99
f 674//99 672//99 670//99
f 670//99 668//99 666//99
f 666//99 664//99 662//99
f 662//99 658//99 678//99
f 678//99 674//99 670//99
f 670//99 666//99 662//99
f 677//73 678//73 680//73
f 679//293 680//293 658//293
f 679//94 657//94 659//94
f 659//94 661//94 663//94
f 663//94 665//94 667//94
f 667//94 669//94 671//94
f 671//94 673//94 675//94
f 675//94 677//94 679//94
f 679//94 659//94 663//94
f 663//94 667//94 671//94
f 671//94 675//94 679//94
f 689//286 690//286 692//286
f 691//70 692//70 694//70
f 693//287 694//287 696//287
f 695//288 696//288 698//288
f 697//88 698//88 700//88
f 699//289 700//289 702//289
f 701//290 702//290 704//290
f 703//91 704//91 706//91
f 705//291 706//291 708//291
f 707//292 708//292 710//292
f 694//99 692//99 690//99
f 690//99 712//99 710//99
f 710//99 708//99 706//99
f 706//99 704//99 702//99
f 702//99 700//99 698//99
f 698//99 696//99 694//99
f 694//99 690//99 710//99
f 710//99 706//99 702//99
f 702//99 698//99 694//99
f 709//73 710//73 712//73
f 711//293 712//293 690//293
f 711//94 689//94 691//94
f 691//94 693//94 695//94
f 695//94 697//94 699//94
f 699//94 701//94 703//94
f 703//94 705//94 707//94
f 707//94 709//94 711//94
f 711//94 691//94 695//94
f 695//94 699//94 703//94
f 703//94 707//94 711//94
f 753//154 754//154 756//154
f 755//82 756//82 758//82
f 757//155 758//155 760//155
f 759//153 760//153 762//153
f 761//79 762//79 764//79
f 763//152 764//152 766//152
f 765//146 766//146 768//146
f 767//58 768//58 770//58
f 769//147 770//147 772//147
f 771//151 772//151 774//151
f 758//162 756//162 754//162
f 754//162 776//162 774//162
f 774//162 772//162 770//162
f 770//162 768//162 766//162
f 766//162 764//162 762//162
f 762//162 760//162 758//162
f 758//162 754//162 774//162
f 774//162 770//162 766//162
f 766//162 762//162 758//162
f 773//64 774//64 776//64
f 775//150 776//150 754//150
f 775//98 753//98 755//98
f 755//98 757//98 759//98
f 759//98 761//98 763//98
f 763//98 765//98 767//98
f 767//98 769//98 771//98
f 771//98 773//98 775//98
f 775//98 755//98 759//98
f 759//98 763//98 767//98
f 767//98 771//98 775//98
f 785//154 786//154 788//154
f 787//82 788//82 790//82
f 789//155 790//155 792//155
f 791//153 792//153 794//153
f 793//79 794//79 796//79
f 795//152 796//152 798//152
f 797//146 798//146 800//146
f 799//58 800//58 802//58
f 801//147 802//147 804//147
f 803//151 804//151 806//151
f 790//162 788//162 786//162
f 786//162 808//162 806//162
f 806//162 804//162 802//162
f 802//162 800//162 798//162
f 798//162 796//162 794//162
f 794//162 792//162 790//162
f 790//162 786//162 806//162
f 806//162 802//162 798//162
f 798//162 794//162 790//162
f 805//64 806//64 808//64
f 807//150 808//150 786//150
f 807//98 785//98 787//98
f 787//98 789//98 791//98
f 791//98 793//98 795//98
f 795//98 797//98 799//98
f 799//98 801//98 803//98
f 803//98 805//98 807//98
f 807//98 787//98 791//98
f 791//98 795//98 799//98
f 799//98 803//98 807//98
f 969//286 970//286 972//286
f 971//70 972//70 974//70
f 973//287 974//287 976//287
f 975//288 976//288 978//288
f 977//88 978//88 980//88
f 979//289 980//289 982//289
f 981//290 982//290 984//290
f 983//91 984//91 986//91
f 985//291 986//291 988//291
f 987//292 988//292 990//292
f 974//99 972//99 970//99
f 970//99 992//99 990//99
f 990//99 988//99 986//99
f 986//99 984//99 982//99
f 982//99 980//99 978//99
f 978//99 976//99 974//99
f 974//99 970//99 990//99
f 990//99 986//99 982//99
f 982//99 978//99 974//99
f 989//73 990//73 992//73
f 991//293 992//293 970//293
f 991//94 969//94 971//94
f 971//94 973//94 975//94
f 975//94 977//94 979//94
f 979//94 981//94 983//94
f 983//94 985//94 987//94
f 987//94 989//94 991//94
f 991//94 971//94 975//94
f 975//94 979//94 983//94
f 983//94 987//94 991//94
f 1001//286 1002//286 1004//286
f 1003//70 1004//70 1006//70
f 1005//287 1006//287 1008//287
f 1007//288 1008//288 1010//288
f 1009//88 1010//88 1012//88
f 1011//289 1012//289 1014//289
f 1013//290 1014//290 1016//290
f 1015//91 1016//91 1018//91
f 1017//291 1018//291 1020//291
f 1019//292 1020//292 1022//292
f 1006//99 1004//99 1002//99
f 1002//99 1024//99 1022//99
f 1022//99 1020//99 1018//99
f 1018//99 1016//99 1014//99
f 1014//99 1012//99 1010//99
f 1010//99 1008//99 1006//99
f 1006//99 1002//99 1022//99
f 1022//99 1018//99 1014//99
f 1014//99 1010//99 1006//99
f 1021//73 1022//73 1024//73
f 1023//293 1024//293 1002//293
f 1023//94 1001//94 1003//94
f 1003//94 1005//94 1007//94
f 1007//94 1009//94 1011//94
f 1011//94 1013//94 1015//94
f 1015//94 1017//94 1019//94
f 1019//94 1021//94 1023//94
f 1023//94 1003//94 1007//94
f 1007//94 1011//94 1015//94
f 1015//94 1019//94 1023//94
f 1065//154 1066//154 1068//154
f 1067//82 1068//82 1070//82
f 1069//155 1070//155 1072//155
f 1071//153 1072//153 1074//153
f 1073//79 1074//79 1076//79
f 1075//152 1076//152 1078//152
f 1077//146 1078//146 1080//146
f 1079//58 1080//58 1082//58
f 1081//147 1082//147 1084//147
f 1083//151 1084//151 1086//151
f 1070//162 1068//162 1066//162
f 1066//162 1088//162 1086//162
f 1086//162 1084//162 1082//162
f 1082//162 1080//162 1078//162
f 1078//162 1076//162 1074//162
f 1074//162 1072//162 1070//162
f 1070//162 1066//162 1086//162
f 1086//162 1082//162 1078//162
f 1078//162 1074//162 1070//162
f 1085//64 1086//64 1088//64
f 1087//150 1088//150 1066//150
f 1087//98 1065//98 1067//98
f 1067//98 1069//98 1071//98
f 1071//98 1073//98 1075//98
f 1075//98 1077//98 1079//98
f 1079//98 1081//98 1083//98
f 1083//98 1085//98 1087//98
f 1087//98 1067//98 1071//98
f 1071//98 1075//98 1079//98
f 1079//98 1083//98 1087//98
f 1097//154 1098//154 1100//154
f 1099//82 1100//82 1102//82
f 1101//155 1102//155 1104//155
f 1103//153 1104//153 1106//153
f 1105//79 1106//79 1108//79
f 1107//152 1108//152 1110//152
f 1109//146 1110//146 1112//146
f 1111//58 1112//58 1114//58
f 1113//147 1114//147 1116//147
f 1115//151 1116//151 1118//151
f 1102//162 1100//162 1098//162
f 1098//162 1120//162 1118//162
f 1118//162 1116//162 1114//162
f 1114//162 1112//162 1110//162
f 1110//162 1108//162 1106//162
f 1106//162 1104//162 1102//162
f 1102//162 1098//162 1118//162
f 1118//162 1114//162 1110//162
f 1110//162 1106//162 1102//162
f 1117//64 1118//64 1120//64
f 1119//150 1120//150 1098//150
f 1119//98 1097//98 1099//98
f 1099//98 1101//98 1103//98
f 1103//98 1105//98 1107//98
f 1107//98 1109//98 1111//98
f 1111//98 1113//98 1115//98
f 1115//98 1117//98 1119//98
f 1119//98 1099//98 1103//98
f 1103//98 1107//98 1111//98
f 1111//98 1115//98 1119//98
f 1449//340 1450//340 1452//340
f 1451//82 1452//82 1454//82
f 1453//341 1454//341 1456//341
f 1455//342 1456//342 1458//342
f 1457//79 1458//79 1460//79
f 1459//343 1460//343 1462//343
f 1461//344 1462//344 1464//344
f 1463//58 1464//58 1466//58
f 1465//345 1466//345 1468//345
f 1467//346 1468//346 1470//346
f 1454//162 1452//162 1450//162
f 1450//162 1472//162 1470//162
f 1470//162 1468//162 1466//162
f 1466//162 1464//162 1462//162
f 1462//162 1460//162 1458//162
f 1458//162 1456//162 1454//162
f 1454//162 1450//162 1470//162
f 1470//162 1466//162 1462//162
f 1462//162 1458//162 1454//162
f 1469//64 1470//64 1472//64
f 1471//347 1472//347 1450//347
f 1471//98 1449//98 1451//98
f 1451//98 1453//98 1455//98
f 1455//98 1457//98 1459//98
f 1459//98 1461//98 1463//98
f 1463//98 1465//98 1467//98
f 1467//98 1469//98 1471//98
f 1471//98 1451//98 1455//98
f 1455//98 1459//98 1463//98
f 1463//98 1467//98 1471//98
f 1481//340 1482//340 1484//340
f 1483//82 1484//82 1486//82
f 1485//341 1486//341 1488//341
f 1487//342 1488//342 1490//342
f 1489//79 1490//79 1492//79
f 1491//343 1492//343 1494//343
f 1493//344 1494//344 1496//344
f 1495//58 1496//58 1498//58
f 1497//345 1498//345 1500//345
f 1499//346 1500//346 1502//346
f 1486//162 1484//162 1482//162
f 1482//162 1504//162 1502//162
f 1502//162 1500//162 1498//162
f 1498//162 1496//162 1494//162
f 1494//162 1492//162 1490//162
f 1490//162 1488//162 1486//162
f 1486//162 1482//162 1502//162
f 1502//162 1498//162 1494//162
f 1494//162 1490//162 1486//162
f 1501//64 1502//64 1504//64
f 1503//347 1504//347 1482//347
f 1503//98 1481//98 1483//98
f 1483//98 1485//98 1487//98
f 1487//98 1489//98 1491//98
f 1491//98 1493//98 1495//98
f 1495//98 1497//98 1499//98
f 1499//98 1501//98 1503//98
f 1503//98 1483//98 1487//98
f 1487//98 1491//98 1495//98
f 1495//98 1499//98 1503//98
f 1513//340 1514//340 1516//340
f 1515//82 1516//82 1518//82
f 1517//341 1518//341 1520//341
f 1519//342 1520//342 1522//342
f 1521//79 1522//79 1524//79
f 1523//343 1524//343 1526//343
f 1525//344 1526//344 1528//344
f 1527//58 1528//58 1530//58
f 1529//345 1530//345 1532//345
f 1531//346 1532//346 1534//346
f 1518//162 1516//162 1514//162
f 1514//162 1536//162 1534//162
f 1534//162 1532//162 1530//162
f 1530//162 1528//162 1526//162
f 1526//162 1524//162 1522//162
f 1522//162 1520//162 1518//162
f 1518//162 1514//162 1534//162
f 1534//162 1530//162 1526//162
f 1526//162 1522//162 1518//162
f 1533//64 1534//64 1536//64
f 1535//347 1536//347 1514//347
f 1535//98 1513//98 1515//98
f 1515//98 1517//98 1519//98
f 1519//98 1521//98 1523//98
f 1523//98 1525//98 1527//98
f 1527//98 1529//98 1531//98
f 1531//98 1533//98 1535//98
f 1535//98 1515//98 1519//98
f 1519//98 1523//98 1527//98
f 1527//98 1531//98 1535//98
f 1545//340 1546//340 1548//340
f 1547//82 1548//82 1550//82
f 1549//341 1550//341 1552//341
f 1551//342 1552//342 1554//342
f 1553//79 1554//79 1556//79
f 1555//343 1556//343 1558//343
f 1557//344 1558//344 1560//344
f 1559//58 1560//58 1562//58
f 1561//345 1562//345 1564//345
f 1563//346 1564//346 1566//346
f 1550//162 1548//162 1546//162
f 1546//162 1568//162 1566//162
f 1566//162 1564//162 1562//162
f 1562//162 1560//162 1558//162
f 1558//162 1556//162 1554//162
f 1554//162 1552//162 1550//162
f 1550//162 1546//162 1566//162
f 1566//162 1562//162 1558//162
f 1558//162 1554//162 1550//162
f 1565//64 1566//64 1568//64
f 1567//347 1568//347 1546//347
f 1567//98 1545//98 1547//98
f 1547//98 1549//98 1551//98
f 1551//98 1553//98 1555//98
f 1555//98 1557//98 1559//98
f 1559//98 1561//98 1563//98
f 1563//98 1565//98 1567//98
f 1567//98 1547//98 1551//98
f 1551//98 1555//98 1559//98
f 1559//98 1563//98 1567//98
usemtl DetailTeal
f 729//294 730//294 731//294
f 732//279 733//279 734//279
f 735//295 736//295 737//295
f 738//281 739//281 740//281
f 741//274 742//274 743//274
f 744//296 745//296 746//296
f 747//297 748//297 749//297
f 750//298 751//298 752//298
f 735//58 731//58 736//58
f 730//61 734//61 731//61
f 733//64 740//64 734//64
f 739//67 736//67 740//67
f 747//70 737//70 748//70
f 738//73 752//73 739//73
f 751//76 748//76 752//76
f 741//79 749//79 742//79
f 750//82 746//82 751//82
f 745//85 742//85 746//85
f 729//88 743//88 730//88
f 744//91 732//91 745//91
f 735//93 741//93 729//93
f 731//94 740//94 736//94
f 743//162 732//162 730//162
f 750//97 733//97 744//97
f 737//98 752//98 748//98
f 749//99 746//99 742//99
f 1041//299 1042//299 1043//299
f 1044//307 1045//307 1046//307
f 1047//295 1048//295 1049//295
f 1050//308 1051//308 1052//308
f 1053//309 1054//309 1055//309
f 1056//282 1057//282 1058//282
f 1059//297 1060//297 1061//297
f 1062//283 1063//283 1064//283
f 1047//58 1043//58 1048//58
f 1042//61 1046//61 1043//61
f 1045//64 1052//64 1046//64
f 1051//67 1048//67 1052//67
f 1059//70 1049//70 1060//70
f 1050//73 1064//73 1051//73
f 1063//76 1060//76 1064//76
f 1053//79 1061//79 1054//79
f 1062//82 1058//82 1063//82
f 1057//85 1054//85 1058//85
f 1041//88 1055//88 1042//88
f 1056//91 1044//91 1057//91
f 1047//93 1053//93 1041//93
f 1043//94 1052//94 1048//94
f 1055//162 1044//162 1042//162
f 1062//97 1045//97 1056//97
f 1049//98 1064//98 1060//98
f 1061//99 1058//99 1054//99
f 1137//310 1138//310 1139//310
f 1140//307 1141//307 1142//307
f 1143//311 1144//311 1145//311
f 1146//308 1147//308 1148//308
f 1149//312 1150//312 1151//312
f 1152//296 1153//296 1154//296
f 1155//297 1156//297 1157//297
f 1158//313 1159//313 1160//313
f 1143//58 1139//58 1144//58
f 1138//61 1142//61 1139//61
f 1141//64 1148//64 1142//64
f 1147//67 1144//67 1148//67
f 1155//70 1145//70 1156//70
f 1146//73 1160//73 1147//73
f 1159//76 1156//76 1160//76
f 1149//79 1157//79 1150//79
f 1158//82 1154//82 1159//82
f 1153//85 1150//85 1154//85
f 1137//88 1151//88 1138//88
f 1152//91 1140//91 1153//91
f 1143//93 1149//93 1137//93
f 1139//94 1148//94 1144//94
f 1151//162 1140//162 1138//162
f 1158//97 1141//97 1152//97
f 1145//98 1160//98 1156//98
f 1157//99 1154//99 1150//99
f 1161//299 1162//299 1163//299
f 1164//300 1165//300 1166//300
f 1167//301 1168//301 1169//301
f 1170//302 1171//302 1172//302
f 1173//274 1174//274 1175//274
f 1176//275 1177//275 1178//275
f 1179//276 1180//276 1181//276
f 1182//277 1183//277 1184//277
f 1167//58 1163//58 1168//58
f 1162//61 1166//61 1163//61
f 1165//64 1172//64 1166//64
f 1171//67 1168//67 1172//67
f 1179//70 1169//70 1180//70
f 1170//73 1184//73 1171//73
f 1183//76 1180//76 1184//76
f 1173//79 1181//79 1174//79
f 1182//82 1178//82 1183//82
f 1177//85 1174//85 1178//85
f 1161//88 1175//88 1162//88
f 1176//91 1164//91 1177//91
f 1167//93 1173//93 1161//93
f 1163//94 1172//94 1168//94
f 1175//162 1164//162 1162//162
f 1182//97 1165//97 1176//97
f 1169//98 1184//98 1180//98
f 1181//99 1178//99 1174//99
f 1185//299 1186//299 1187//299
f 1188//300 1189//300 1190//300
f 1191//301 1192//301 1193//301
f 1194//302 1195//302 1196//302
f 1197//274 1198//274 1199//274
f 1200//275 1201//275 1202//275
f 1203//276 1204//276 1205//276
f 1206//277 1207//277 1208//277
f 1191//58 1187//58 1192//58
f 1186//61 1190//61 1187//61
f 1189//64 1196//64 1190//64
f 1195//67 1192//67 1196//67
f 1203//70 1193//70 1204//70
f 1194//73 1208//73 1195//73
f 1207//76 1204//76 1208//76
f 1197//79 1205//79 1198//79
f 1206//82 1202//82 1207//82
f 1201//85 1198//85 1202//85
f 1185//88 1199//88 1186//88
f 1200//91 1188//91 1201//91
f 1191//93 1197//93 1185//93
f 1187//94 1196//94 1192//94
f 1199//162 1188//162 1186//162
f 1206//97 1189//97 1200//97
f 1193//98 1208//98 1204//98
f 1205//99 1202//99 1198//99
f 1209//299 1210//299 1211//299
f 1212//300 1213//300 1214//300
f 1215//301 1216//301 1217//301
f 1218//302 1219//302 1220//302
f 1221//274 1222//274 1223//274
f 1224//275 1225//275 1226//275
f 1227//276 1228//276 1229//276
f 1230//277 1231//277 1232//277
f 1215//58 1211//58 1216//58
f 1210//61 1214//61 1211//61
f 1213//64 1220//64 1214//64
f 1219//67 1216//67 1220//67
f 1227//70 1217//70 1228//70
f 1218//73 1232//73 1219//73
f 1231//76 1228//76 1232//76
f 1221//79 1229//79 1222//79
f 1230//82 1226//82 1231//82
f 1225//85 1222//85 1226//85
f 1209//88 1223//88 1210//88
f 1224//91 1212//91 1225//91
f 1215//93 1221//93 1209//93
f 1211//94 1220//94 1216//94
f 1223//162 1212//162 1210//162
f 1230//97 1213//97 1224//97
f 1217//98 1232//98 1228//98
f 1229//99 1226//99 1222//99
f 1233//299 1234//299 1235//299
f 1236//300 1237//300 1238//300
f 1239//301 1240//301 1241//301
f 1242//302 1243//302 1244//302
f 1245//274 1246//274 1247//274
f 1248//275 1249//275 1250//275
f 1251//276 1252//276 1253//276
f 1254//277 1255//277 1256//277
f 1239//58 1235//58 1240//58
f 1234//61 1238//61 1235//61
f 1237//64 1244//64 1238//64
f 1243//67 1240//67 1244//67
f 1251//70 1241//70 1252//70
f 1242//73 1256//73 1243//73
f 1255//76 1252//76 1256//76
f 1245//79 1253//79 1246//79
f 1254//82 1250//82 1255//82
f 1249//85 1246//85 1250//85
f 1233//88 1247//88 1234//88
f 1248//91 1236//91 1249//91
f 1239//93 1245//93 1233//93
f 1235//94 1244//94 1240//94
f 1247//162 1236//162 1234//162
f 1254//97 1237//97 1248//97
f 1241//98 1256//98 1252//98
f 1253//99 1250//99 1246//99
f 1257//299 1258//299 1259//299
f 1260//300 1261//300 1262//300
f 1263//301 1264//301 1265//301
f 1266//302 1267//302 1268//302
f 1269//274 1270//274 1271//274
f 1272//275 1273//275 1274//275
f 1275//276 1276//276 1277//276
f 1278//277 1279//277 1280//277
f 1263//58 1259//58 1264//58
f 1258//61 1262//61 1259//61
f 1261//64 1268//64 1262//64
f 1267//67 1264//67 1268//67
f 1275//70 1265//70 1276//70
f 1266//73 1280//73 1267//73
f 1279//76 1276//76 1280//76
f 1269//79 1277//79 1270//79
f 1278//82 1274//82 1279//82
f 1273//85 1270//85 1274//85
f 1257//88 1271//88 1258//88
f 1272//91 1260//91 1273//91
f 1263//93 1269//93 1257//93
f 1259//94 1268//94 1264//94
f 1271//162 1260//162 1258//162
f 1278//97 1261//97 1272//97
f 1265//98 1280//98 1276//98
f 1277//99 1274//99 1270//99
f 1281//310 1282//310 1283//310
f 1284//307 1285//307 1286//307
f 1287//295 1288//295 1289//295
f 1290//314 1291//314 1292//314
f 1293//312 1294//312 1295//312
f 1296//296 1297//296 1298//296
f 1299//315 1300//315 1301//315
f 1302//298 1303//298 1304//298
f 1287//58 1283//58 1288//58
f 1282//61 1286//61 1283//61
f 1285//64 1292//64 1286//64
f 1291//67 1288//67 1292//67
f 1299//70 1289//70 1300//70
f 1290//73 1304//73 1291//73
f 1303//76 1300//76 1304//76
f 1293//79 1301//79 1294//79
f 1302//82 1298//82 1303//82
f 1297//85 1294//85 1298//85
f 1281//88 1295//88 1282//88
f 1296//91 1284//91 1297//91
f 1287//93 1293//93 1281//93
f 1283//94 1292//94 1288//94
f 1295//162 1284//162 1282//162
f 1302//97 1285//97 1296//97
f 1289//98 1304//98 1300//98
f 1301//99 1298//99 1294//99
f 1305//316 1308//316 1307//316
f 1307//317 1310//317 1309//317
f 1309//318 1312//318 1311//318
f 1311//319 1314//319 1313//319
f 1313//320 1316//320 1315//320
f 1315//321 1318//321 1317//321
f 1317//322 1320//322 1319//322
f 1319//323 1322//323 1321//323
f 1321//324 1324//324 1323//324
f 1323//325 1326//325 1325//325
f 1325//326 1328//326 1327//326
f 1327//327 1330//327 1329//327
f 1329//328 1332//328 1331//328
f 1331//329 1334//329 1333//329
f 1333//330 1336//330 1335//330
f 1335//331 1338//331 1337//331
f 1337//332 1340//332 1339//332
f 1339//333 1342//333 1341//333
f 1341//334 1344//334 1343//334
f 1343//335 1346//335 1345//335
f 1345//336 1348//336 1347//336
f 1347//337 1350//337 1349//337
f 1342//162 1326//162 1310//162
f 1349//338 1352//338 1351//338
f 1351//339 1306//339 1305//339
f 1319//98 1335//98 1351//98
f 1609//278 1610//278 1611//278
f 1612//279 1613//279 1614//279
f 1615//280 1616//280 1617//280
f 1618//281 1619//281 1620//281
f 1621//284 1622//284 1623//284
f 1624//282 1625//282 1626//282
f 1627//285 1628//285 1629//285
f 1630//283 1631//283 1632//283
f 1615//58 1611//58 1616//58
f 1610//61 1614//61 1611//61
f 1613//64 1620//64 1614//64
f 1619//67 1616//67 1620//67
f 1627//70 1617//70 1628//70
f 1618//73 1632//73 1619//73
f 1631//76 1628//76 1632//76
f 1621//79 1629//79 1622//79
f 1630//82 1626//82 1631//82
f 1625//85 1622//85 1626//85
f 1609//88 1623//88 1610//88
f 1624//91 1612//91 1625//91
f 1615//93 1621//93 1609//93
f 1611//94 1620//94 1616//94
f 1623//162 1612//162 1610//162
f 1630//97 1613//97 1624//97
f 1617//98 1632//98 1628//98
f 1629//99 1626//99 1622//99
f 735//58 729//58 731//58
f 730//61 732//61 734//61
f 733//64 738//64 740//64
f 739//67 737//67 736//67
f 747//70 735//70 737//70
f 738//73 750//73 752//73
f 751//76 749//76 748//76
f 741//79 747//79 749//79
f 750//82 744//82 746//82
f 745//85 743//85 742//85
f 729//88 741//88 743//88
f 744//91 733//91 732//91
f 735//93 747//93 741//93
f 731//94 734//94 740//94
f 743//162 745//162 732//162
f 750//97 738//97 733//97
f 737//98 739//98 752//98
f 749//99 751//99 746//99
f 1047//58 1041//58 1043//58
f 1042//61 1044//61 1046//61
f 1045//64 1050//64 1052//64
f 1051//67 1049//67 1048//67
f 1059//70 1047//70 1049//70
f 1050//73 1062//73 1064//73
f 1063//76 1061//76 1060//76
f 1053//79 1059//79 1061//79
f 1062//82 1056//82 1058//82
f 1057//85 1055//85 1054//85
f 1041//88 1053//88 1055//88
f 1056//91 1045//91 1044//91
f 1047//93 1059//93 1053//93
f 1043//94 1046//94 1052//94
f 1055//162 1057//162 1044//162
f 1062//97 1050//97 1045//97
f 1049//98 1051//98 1064//98
f 1061//99 1063//99 1058//99
f 1143//58 1137//58 1139//58
f 1138//61 1140//61 1142//61
f 1141//64 1146//64 1148//64
f 1147//67 1145//67 1144//67
f 1155//70 1143//70 1145//70
f 1146//73 1158//73 1160//73
f 1159//76 1157//76 1156//76
f 1149//79 1155//79 1157//79
f 1158//82 1152//82 1154//82
f 1153//85 1151//85 1150//85
f 1137//88 1149//88 1151//88
f 1152//91 1141//91 1140//91
f 1143//93 1155//93 1149//93
f 1139//94 1142//94 1148//94
f 1151//162 1153//162 1140//162
f 1158//97 1146//97 1141//97
f 1145//98 1147//98 1160//98
f 1157//99 1159//99 1154//99
f 1167//58 1161//58 1163//58
f 1162//61 1164//61 1166//61
f 1165//64 1170//64 1172//64
f 1171//67 1169//67 1168//67
f 1179//70 1167//70 1169//70
f 1170//73 1182//73 1184//73
f 1183//76 1181//76 1180//76
f 1173//79 1179//79 1181//79
f 1182//82 1176//82 1178//82
f 1177//85 1175//85 1174//85
f 1161//88 1173//88 1175//88
f 1176//91 1165//91 1164//91
f 1167//93 1179//93 1173//93
f 1163//94 1166//94 1172//94
f 1175//162 1177//162 1164//162
f 1182//97 1170//97 1165//97
f 1169//98 1171//98 1184//98
f 1181//99 1183//99 1178//99
f 1191//58 1185//58 1187//58
f 1186//61 1188//61 1190//61
f 1189//64 1194//64 1196//64
f 1195//67 1193//67 1192//67
f 1203//70 1191//70 1193//70
f 1194//73 1206//73 1208//73
f 1207//76 1205//76 1204//76
f 1197//79 1203//79 1205//79
f 1206//82 1200//82 1202//82
f 1201//85 1199//85 1198//85
f 1185//88 1197//88 1199//88
f 1200//91 1189//91 1188//91
f 1191//93 1203//93 1197//93
f 1187//94 1190//94 1196//94
f 1199//162 1201//162 1188//162
f 1206//97 1194//97 1189//97
f 1193//98 1195//98 1208//98
f 1205//99 1207//99 1202//99
f 1215//58 1209//58 1211//58
f 1210//61 1212//61 1214//61
f 1213//64 1218//64 1220//64
f 1219//67 1217//67 1216//67
f 1227//70 1215//70 1217//70
f 1218//73 1230//73 1232//73
f 1231//76 1229//76 1228//76
f 1221//79 1227//79 1229//79
f 1230//82 1224//82 1226//82
f 1225//85 1223//85 1222//85
f 1209//88 1221//88 1223//88
f 1224//91 1213//91 1212//91
f 1215//93 1227//93 1221//93
f 1211//94 1214//94 1220//94
f 1223//162 1225//162 1212//162
f 1230//97 1218//97 1213//97
f 1217//98 1219//98 1232//98
f 1229//99 1231//99 1226//99
f 1239//58 1233//58 1235//58
f 1234//61 1236//61 1238//61
f 1237//64 1242//64 1244//64
f 1243//67 1241//67 1240//67
f 1251//70 1239//70 1241//70
f 1242//73 1254//73 1256//73
f 1255//76 1253//76 1252//76
f 1245//79 1251//79 1253//79
f 1254//82 1248//82 1250//82
f 1249//85 1247//85 1246//85
f 1233//88 1245//88 1247//88
f 1248//91 1237//91 1236//91
f 1239//93 1251//93 1245//93
f 1235//94 1238//94 1244//94
f 1247//162 1249//162 1236//162
f 1254//97 1242//97 1237//97
f 1241//98 1243//98 1256//98
f 1253//99 1255//99 1250//99
f 1263//58 1257//58 1259//58
f 1258//61 1260//61 1262//61
f 1261//64 1266//64 1268//64
f 1267//67 1265//67 1264//67
f 1275//70 1263//70 1265//70
f 1266//73 1278//73 1280//73
f 1279//76 1277//76 1276//76
f 1269//79 1275//79 1277//79
f 1278//82 1272//82 1274//82
f 1273//85 1271//85 1270//85
f 1257//88 1269//88 1271//88
f 1272//91 1261//91 1260//91
f 1263//93 1275//93 1269//93
f 1259//94 1262//94 1268//94
f 1271//162 1273//162 1260//162
f 1278//97 1266//97 1261//97
f 1265//98 1267//98 1280//98
f 1277//99 1279//99 1274//99
f 1287//58 1281//58 1283//58
f 1282//61 1284//61 1286//61
f 1285//64 1290//64 1292//64
f 1291//67 1289//67 1288//67
f 1299//70 1287//70 1289//70
f 1290//73 1302//73 1304//73
f 1303//76 1301//76 1300//76
f 1293//79 1299//79 1301//79
f 1302//82 1296//82 1298//82
f 1297//85 1295//85 1294//85
f 1281//88 1293//88 1295//88
f 1296//91 1285//91 1284//91
f 1287//93 1299//93 1293//93
f 1283//94 1286//94 1292//94
f 1295//162 1297//162 1284//162
f 1302//97 1290//97 1285//97
f 1289//98 1291//98 1304//98
f 1301//99 1303//99 1298//99
f 1305//316 1306//316 1308//316
f 1307//317 1308//317 1310//317
f 1309//318 1310//318 1312//318
f 1311//319 1312//319 1314//319
f 1313//320 1314//320 1316//320
f 1315//321 1316//321 1318//321
f 1317//322 1318//322 1320//322
f 1319//323 1320//323 1322//323
f 1321//324 1322//324 1324//324
f 1323//325 1324//325 1326//325
f 1325//326 1326//326 1328//326
f 1327//327 1328//327 1330//327
f 1329//328 1330//328 1332//328
f 1331//329 1332//329 1334//329
f 1333//330 1334//330 1336//330
f 1335//331 1336//331 1338//331
f 1337//332 1338//332 1340//332
f 1339//333 1340//333 1342//333
f 1341//334 1342//334 1344//334
f 1343//335 1344//335 1346//335
f 1345//336 1346//336 1348//336
f 1347//337 1348//337 1350//337
f 1310//162 1308//162 1306//162
f 1306//162 1352//162 1350//162
f 1350//162 1348//162 1346//162
f 1346//162 1344//162 1342//162
f 1342//162 1340//162 1338//162
f 1338//162 1336//162 1334//162
f 1334//162 1332//162 1330//162
f 1330//162 1328//162 1326//162
f 1326//162 1324//162 1322//162
f 1322//162 1320//162 1318//162
f 1318//162 1316//162 1314//162
f 1314//162 1312//162 1310//162
f 1310//162 1306//162 1350//162
f 1350//162 1346//162 1342//162
f 1342//162 1338//162 1334//162
f 1334//162 1330//162 1326//162
f 1326//162 1322//162 1318//162
f 1318//162 1314//162 1310//162
f 1310//162 1350//162 1342//162
f 1342//162 1334//162 1326//162
f 1326//162 1318//162 1310//162
f 1349//338 1350//338 1352//338
f 1351//339 1352//339 1306//339
f 1351//98 1305//98 1307//98
f 1307//98 1309//98 1311//98
f 1311//98 1313//98 1315//98
f 1315//98 1317//98 1319//98
f 1319//98 1321//98 1323//98
f 1323//98 1325//98 1327//98
f 1327//98 1329//98 1331//98
f 1331//98 1333//98 1335//98
f 1335//98 1337//98 1339//98
f 1339//98 1341//98 1343//98
f 1343//98 1345//98 1347//98
f 1347//98 1349//98 1351//98
f 1351//98 1307//98 1311//98
f 1311//98 1315//98 1319//98
f 1319//98 1323//98 1327//98
f 1327//98 1331//98 1335//98
f 1335//98 1339//98 1343//98
f 1343//98 1347//98 1351//98
f 1351//98 1311//98 1319//98
f 1319//98 1327//98 1335//98
f 1335//98 1343//98 1351//98
f 1615//58 1609//58 1611//58
f 1610//61 1612//61 1614//61
f 1613//64 1618//64 1620//64
f 1619//67 1617//67 1616//67
f 1627//70 1615//70 1617//70
f 1618//73 1630//73 1632//73
f 1631//76 1629//76 1628//76
f 1621//79 1627//79 1629//79
f 1630//82 1624//82 1626//82
f 1625//85 1623//85 1622//85
f 1609//88 1621//88 1623//88
f 1624//91 1613//91 1612//91
f 1615//93 1627//93 1621//93
f 1611//94 1614//94 1620//94
f 1623//162 1625//162 1612//162
f 1630//97 1618//97 1613//97
f 1617//98 1619//98 1632//98
f 1629//99 1631//99 1626//99
usemtl DetailWhite
f 1353//278 1354//278 1355//278
f 1356//14 1357//14 1358//14
f 1359//280 1360//280 1361//280
f 1362//28 1363//28 1364//28
f 1365//303 1366//303 1367//303
f 1368//304 1369//304 1370//304
f 1371//285 1372//285 1373//285
f 1374//56 1375//56 1376//56
f 1359//58 1355//58 1360//58
f 1354//61 1358//61 1355//61
f 1357//64 1364//64 1358//64
f 1363//67 1360//67 1364//67
f 1371//70 1361//70 1372//70
f 1362//73 1376//73 1363//73
f 1375//76 1372//76 1376//76
f 1365//79 1373//79 1366//79
f 1374//82 1370//82 1375//82
f 1369//85 1366//85 1370//85
f 1353//88 1367//88 1354//88
f 1368//91 1356//91 1369//91
f 1359//93 1365//93 1353//93
f 1355//94 1364//94 1360//94
f 1367//162 1356//162 1354//162
f 1374//97 1357//97 1368//97
f 1361//98 1376//98 1372//98
f 1373//99 1370//99 1366//99
f 1377//270 1378//270 1379//270
f 1380//271 1381//271 1382//271
f 1383//280 1384//280 1385//280
f 1386//281 1387//281 1388//281
f 1389//284 1390//284 1391//284
f 1392//282 1393//282 1394//282
f 1395//285 1396//285 1397//285
f 1398//283 1399//283 1400//283
f 1383//58 1379//58 1384//58
f 1378//61 1382//61 1379//61
f 1381//64 1388//64 1382//64
f 1387//67 1384//67 1388//67
f 1395//70 1385//70 1396//70
f 1386//73 1400//73 1387//73
f 1399//76 1396//76 1400//76
f 1389//79 1397//79 1390//79
f 1398//82 1394//82 1399//82
f 1393//85 1390//85 1394//85
f 1377//88 1391//88 1378//88
f 1392//91 1380//91 1393//91
f 1383//93 1389//93 1377//93
f 1379//94 1388//94 1384//94
f 1391//162 1380//162 1378//162
f 1398//97 1381//97 1392//97
f 1385//98 1400//98 1396//98
f 1397//99 1394//99 1390//99
f 1359//58 1353//58 1355//58
f 1354//61 1356//61 1358//61
f 1357//64 1362//64 1364//64
f 1363//67 1361//67 1360//67
f 1371//70 1359//70 1361//70
f 1362//73 1374//73 1376//73
f 1375//76 1373//76 1372//76
f 1365//79 1371//79 1373//79
f 1374//82 1368//82 1370//82
f 1369//85 1367//85 1366//85
f 1353//88 1365//88 1367//88
f 1368//91 1357//91 1356//91
f 1359//93 1371//93 1365//93
f 1355//94 1358//94 1364//94
f 1367//162 1369//162 1356//162
f 1374//97 1362//97 1357//97
f 1361//98 1363//98 1376//98
f 1373//99 1375//99 1370//99
f 1383//58 1377//58 1379//58
f 1378//61 1380//61 1382//61
f 1381//64 1386//64 1388//64
f 1387//67 1385//67 1384//67
f 1395//70 1383//70 1385//70
f 1386//73 1398//73 1400//73
f 1399//76 1397//76 1396//76
f 1389//79 1395//79 1397//79
f 1398//82 1392//82 1394//82
f 1393//85 1391//85 1390//85
f 1377//88 1389//88 1391//88
f 1392//91 1381//91 1380//91
f 1383//93 1395//93 1389//93
f 1379//94 1382//94 1388//94
f 1391//162 1393//162 1380//162
f 1398//97 1386//97 1381//97
f 1385//98 1387//98 1400//98
f 1397//99 1399//99 1394//99
