# Blender 4.5.5 LTS
# www.blender.org
mtllib board.mtl
o board
v -0.033500 -0.002500 0.023500
v -0.033500 -0.001000 0.025000
v -0.035000 -0.001000 0.023500
v -0.033500 -0.002300 0.024249
v -0.034249 -0.002300 0.023500
v -0.034217 -0.002105 0.024217
v -0.034249 -0.001000 0.024800
v -0.033500 -0.001749 0.024800
v -0.034217 -0.001717 0.024605
v -0.034800 -0.001749 0.023500
v -0.034800 -0.001000 0.024249
v -0.034605 -0.001717 0.024217
v -0.033500 0.001000 0.025000
v -0.033500 0.002500 0.023500
v -0.035000 0.001000 0.023500
v -0.033500 0.001749 0.024800
v -0.034249 0.001000 0.024800
v -0.034217 0.001717 0.024605
v -0.034249 0.002300 0.023500
v -0.033500 0.002300 0.024249
v -0.034217 0.002105 0.024217
v -0.034800 0.001000 0.024249
v -0.034800 0.001749 0.023500
v -0.034605 0.001717 0.024217
v -0.033500 -0.002500 -0.023500
v -0.035000 -0.001000 -0.023500
v -0.033500 -0.001000 -0.025000
v -0.034249 -0.002300 -0.023500
v -0.033500 -0.002300 -0.024249
v -0.034217 -0.002105 -0.024217
v -0.034800 -0.001000 -0.024249
v -0.034800 -0.001749 -0.023500
v -0.034605 -0.001717 -0.024217
v -0.033500 -0.001749 -0.024800
v -0.034249 -0.001000 -0.024800
v -0.034217 -0.001717 -0.024605
v -0.033500 0.002500 -0.023500
v -0.033500 0.001000 -0.025000
v -0.035000 0.001000 -0.023500
v -0.033500 0.002300 -0.024249
v -0.034249 0.002300 -0.023500
v -0.034217 0.002105 -0.024217
v -0.034249 0.001000 -0.024800
v -0.033500 0.001749 -0.024800
v -0.034217 0.001717 -0.024605
v -0.034800 0.001749 -0.023500
v -0.034800 0.001000 -0.024249
v -0.034605 0.001717 -0.024217
v 0.033500 -0.002500 0.023500
v 0.035000 -0.001000 0.023500
v 0.033500 -0.001000 0.025000
v 0.034249 -0.002300 0.023500
v 0.033500 -0.002300 0.024249
v 0.034217 -0.002105 0.024217
v 0.034800 -0.001000 0.024249
v 0.034800 -0.001749 0.023500
v 0.034605 -0.001717 0.024217
v 0.033500 -0.001749 0.024800
v 0.034249 -0.001000 0.024800
v 0.034217 -0.001717 0.024605
v 0.033500 0.002500 0.023500
v 0.033500 0.001000 0.025000
v 0.035000 0.001000 0.023500
v 0.033500 0.002300 0.024249
v 0.034249 0.002300 0.023500
v 0.034217 0.002105 0.024217
v 0.034249 0.001000 0.024800
v 0.033500 0.001749 0.024800
v 0.034217 0.001717 0.024605
v 0.034800 0.001749 0.023500
v 0.034800 0.001000 0.024249
v 0.034605 0.001717 0.024217
v 0.033500 -0.002500 -0.023500
v 0.033500 -0.001000 -0.025000
v 0.035000 -0.001000 -0.023500
v 0.033500 -0.002300 -0.024249
v 0.034249 -0.002300 -0.023500
v 0.034217 -0.002105 -0.024217
v 0.034249 -0.001000 -0.024800
v 0.033500 -0.001749 -0.024800
v 0.034217 -0.001717 -0.024605
v 0.034800 -0.001749 -0.023500
v 0.034800 -0.001000 -0.024249
v 0.034605 -0.001717 -0.024217
v 0.033500 0.002500 -0.023500
v 0.035000 0.001000 -0.023500
v 0.033500 0.001000 -0.025000
v 0.034249 0.002300 -0.023500
v 0.033500 0.002300 -0.024249
v 0.034217 0.002105 -0.024217
v 0.034800 0.001000 -0.024249
v 0.034800 0.001749 -0.023500
v 0.034605 0.001717 -0.024217
v 0.033500 0.001749 -0.024800
v 0.034249 0.001000 -0.024800
v 0.034217 0.001717 -0.024605
v 0.001500 0.002500 0.005500
v 0.001500 0.003000 0.006000
v 0.001000 0.003000 0.005500
v 0.001500 0.002567 0.005750
v 0.001250 0.002567 0.005500
v 0.001261 0.002632 0.005739
v 0.001250 0.003000 0.005933
v 0.001500 0.002750 0.005933
v 0.001261 0.002761 0.005868
v 0.001067 0.002750 0.005500
v 0.001067 0.003000 0.005750
v 0.001132 0.002761 0.005739
v 0.001500 0.005000 0.006000
v 0.001500 0.005500 0.005500
v 0.001000 0.005000 0.005500
v 0.001500 0.005250 0.005933
v 0.001250 0.005000 0.005933
v 0.001261 0.005239 0.005868
v 0.001250 0.005433 0.005500
v 0.001500 0.005433 0.005750
v 0.001261 0.005368 0.005739
v 0.001067 0.005000 0.005750
v 0.001067 0.005250 0.005500
v 0.001132 0.005239 0.005739
v 0.001500 0.002500 -0.005500
v 0.001000 0.003000 -0.005500
v 0.001500 0.003000 -0.006000
v 0.001250 0.002567 -0.005500
v 0.001500 0.002567 -0.005750
v 0.001261 0.002632 -0.005739
v 0.001067 0.003000 -0.005750
v 0.001067 0.002750 -0.005500
v 0.001132 0.002761 -0.005739
v 0.001500 0.002750 -0.005933
v 0.001250 0.003000 -0.005933
v 0.001261 0.002761 -0.005868
v 0.001500 0.005500 -0.005500
v 0.001500 0.005000 -0.006000
v 0.001000 0.005000 -0.005500
v 0.001500 0.005433 -0.005750
v 0.001250 0.005433 -0.005500
v 0.001261 0.005368 -0.005739
v 0.001250 0.005000 -0.005933
v 0.001500 0.005250 -0.005933
v 0.001261 0.005239 -0.005868
v 0.001067 0.005250 -0.005500
v 0.001067 0.005000 -0.005750
v 0.001132 0.005239 -0.005739
v 0.014500 0.002500 0.005500
v 0.015000 0.003000 0.005500
v 0.014500 0.003000 0.006000
v 0.014750 0.002567 0.005500
v 0.014500 0.002567 0.005750
v 0.014739 0.002632 0.005739
v 0.014933 0.003000 0.005750
v 0.014933 0.002750 0.005500
v 0.014868 0.002761 0.005739
v 0.014500 0.002750 0.005933
v 0.014750 0.003000 0.005933
v 0.014739 0.002761 0.005868
v 0.014500 0.005500 0.005500
v 0.014500 0.005000 0.006000
v 0.015000 0.005000 0.005500
v 0.014500 0.005433 0.005750
v 0.014750 0.005433 0.005500
v 0.014739 0.005368 0.005739
v 0.014750 0.005000 0.005933
v 0.014500 0.005250 0.005933
v 0.014739 0.005239 0.005868
v 0.014933 0.005250 0.005500
v 0.014933 0.005000 0.005750
v 0.014868 0.005239 0.005739
v 0.014500 0.002500 -0.005500
v 0.014500 0.003000 -0.006000
v 0.015000 0.003000 -0.005500
v 0.014500 0.002567 -0.005750
v 0.014750 0.002567 -0.005500
v 0.014739 0.002632 -0.005739
v 0.014750 0.003000 -0.005933
v 0.014500 0.002750 -0.005933
v 0.014739 0.002761 -0.005868
v 0.014933 0.002750 -0.005500
v 0.014933 0.003000 -0.005750
v 0.014868 0.002761 -0.005739
v 0.014500 0.005500 -0.005500
v 0.015000 0.005000 -0.005500
v 0.014500 0.005000 -0.006000
v 0.014750 0.005433 -0.005500
v 0.014500 0.005433 -0.005750
v 0.014739 0.005368 -0.005739
v 0.014933 0.005000 -0.005750
v 0.014933 0.005250 -0.005500
v 0.014868 0.005239 -0.005739
v 0.014500 0.005250 -0.005933
v 0.014750 0.005000 -0.005933
v 0.014739 0.005239 -0.005868
v 0.033700 0.000500 0.006300
v 0.033700 0.001200 0.007000
v 0.033000 0.001200 0.006300
v 0.033700 0.000594 0.006650
v 0.033350 0.000594 0.006300
v 0.033365 0.000684 0.006635
v 0.033350 0.001200 0.006906
v 0.033700 0.000850 0.006906
v 0.033365 0.000865 0.006816
v 0.033094 0.000850 0.006300
v 0.033094 0.001200 0.006650
v 0.033184 0.000865 0.006635
v 0.033700 0.005800 0.007000
v 0.033700 0.006500 0.006300
v 0.033000 0.005800 0.006300
v 0.033700 0.006150 0.006906
v 0.033350 0.005800 0.006906
v 0.033365 0.006135 0.006816
v 0.033350 0.006406 0.006300
v 0.033700 0.006406 0.006650
v 0.033365 0.006316 0.006635
v 0.033094 0.005800 0.006650
v 0.033094 0.006150 0.006300
v 0.033184 0.006135 0.006635
v 0.033700 0.000500 -0.006300
v 0.033000 0.001200 -0.006300
v 0.033700 0.001200 -0.007000
v 0.033350 0.000594 -0.006300
v 0.033700 0.000594 -0.006650
v 0.033365 0.000684 -0.006635
v 0.033094 0.001200 -0.006650
v 0.033094 0.000850 -0.006300
v 0.033184 0.000865 -0.006635
v 0.033700 0.000850 -0.006906
v 0.033350 0.001200 -0.006906
v 0.033365 0.000865 -0.006816
v 0.033700 0.006500 -0.006300
v 0.033700 0.005800 -0.007000
v 0.033000 0.005800 -0.006300
v 0.033700 0.006406 -0.006650
v 0.033350 0.006406 -0.006300
v 0.033365 0.006316 -0.006635
v 0.033350 0.005800 -0.006906
v 0.033700 0.006150 -0.006906
v 0.033365 0.006135 -0.006816
v 0.033094 0.006150 -0.006300
v 0.033094 0.005800 -0.006650
v 0.033184 0.006135 -0.006635
v 0.039300 0.000500 0.006300
v 0.040000 0.001200 0.006300
v 0.039300 0.001200 0.007000
v 0.039650 0.000594 0.006300
v 0.039300 0.000594 0.006650
v 0.039635 0.000684 0.006635
v 0.039906 0.001200 0.006650
v 0.039906 0.000850 0.006300
v 0.039816 0.000865 0.006635
v 0.039300 0.000850 0.006906
v 0.039650 0.001200 0.006906
v 0.039635 0.000865 0.006816
v 0.039300 0.006500 0.006300
v 0.039300 0.005800 0.007000
v 0.040000 0.005800 0.006300
v 0.039300 0.006406 0.006650
v 0.039650 0.006406 0.006300
v 0.039635 0.006316 0.006635
v 0.039650 0.005800 0.006906
v 0.039300 0.006150 0.006906
v 0.039635 0.006135 0.006816
v 0.039906 0.006150 0.006300
v 0.039906 0.005800 0.006650
v 0.039816 0.006135 0.006635
v 0.039300 0.000500 -0.006300
v 0.039300 0.001200 -0.007000
v 0.040000 0.001200 -0.006300
v 0.039300 0.000594 -0.006650
v 0.039650 0.000594 -0.006300
v 0.039635 0.000684 -0.006635
v 0.039650 0.001200 -0.006906
v 0.039300 0.000850 -0.006906
v 0.039635 0.000865 -0.006816
v 0.039906 0.000850 -0.006300
v 0.039906 0.001200 -0.006650
v 0.039816 0.000865 -0.006635
v 0.039300 0.006500 -0.006300
v 0.040000 0.005800 -0.006300
v 0.039300 0.005800 -0.007000
v 0.039650 0.006406 -0.006300
v 0.039300 0.006406 -0.006650
v 0.039635 0.006316 -0.006635
v 0.039906 0.005800 -0.006650
v 0.039906 0.006150 -0.006300
v 0.039816 0.006135 -0.006635
v 0.039300 0.006150 -0.006906
v 0.039650 0.005800 -0.006906
v 0.039635 0.006135 -0.006816
v -0.031200 0.002500 -0.018300
v -0.031200 0.002800 -0.018000
v -0.031500 0.002800 -0.018300
v -0.031200 0.002540 -0.018150
v -0.031350 0.002540 -0.018300
v -0.031343 0.002579 -0.018157
v -0.031350 0.002800 -0.018040
v -0.031200 0.002650 -0.018040
v -0.031343 0.002657 -0.018079
v -0.031460 0.002650 -0.018300
v -0.031460 0.002800 -0.018150
v -0.031421 0.002657 -0.018157
v -0.031200 0.005200 -0.018000
v -0.031200 0.005500 -0.018300
v -0.031500 0.005200 -0.018300
v -0.031200 0.005350 -0.018040
v -0.031350 0.005200 -0.018040
v -0.031343 0.005343 -0.018079
v -0.031350 0.005460 -0.018300
v -0.031200 0.005460 -0.018150
v -0.031343 0.005421 -0.018157
v -0.031460 0.005200 -0.018150
v -0.031460 0.005350 -0.018300
v -0.031421 0.005343 -0.018157
v -0.031200 0.002500 -0.021700
v -0.031500 0.002800 -0.021700
v -0.031200 0.002800 -0.022000
v -0.031350 0.002540 -0.021700
v -0.031200 0.002540 -0.021850
v -0.031343 0.002579 -0.021843
v -0.031460 0.002800 -0.021850
v -0.031460 0.002650 -0.021700
v -0.031421 0.002657 -0.021843
v -0.031200 0.002650 -0.021960
v -0.031350 0.002800 -0.021960
v -0.031343 0.002657 -0.021921
v -0.031200 0.005500 -0.021700
v -0.031200 0.005200 -0.022000
v -0.031500 0.005200 -0.021700
v -0.031200 0.005460 -0.021850
v -0.031350 0.005460 -0.021700
v -0.031343 0.005421 -0.021843
v -0.031350 0.005200 -0.021960
v -0.031200 0.005350 -0.021960
v -0.031343 0.005343 -0.021921
v -0.031460 0.005350 -0.021700
v -0.031460 0.005200 -0.021850
v -0.031421 0.005343 -0.021843
v -0.028800 0.002500 -0.018300
v -0.028500 0.002800 -0.018300
v -0.028800 0.002800 -0.018000
v -0.028650 0.002540 -0.018300
v -0.028800 0.002540 -0.018150
v -0.028657 0.002579 -0.018157
v -0.028540 0.002800 -0.018150
v -0.028540 0.002650 -0.018300
v -0.028579 0.002657 -0.018157
v -0.028800 0.002650 -0.018040
v -0.028650 0.002800 -0.018040
v -0.028657 0.002657 -0.018079
v -0.028800 0.005500 -0.018300
v -0.028800 0.005200 -0.018000
v -0.028500 0.005200 -0.018300
v -0.028800 0.005460 -0.018150
v -0.028650 0.005460 -0.018300
v -0.028657 0.005421 -0.018157
v -0.028650 0.005200 -0.018040
v -0.028800 0.005350 -0.018040
v -0.028657 0.005343 -0.018079
v -0.028540 0.005350 -0.018300
v -0.028540 0.005200 -0.018150
v -0.028579 0.005343 -0.018157
v -0.028800 0.002500 -0.021700
v -0.028800 0.002800 -0.022000
v -0.028500 0.002800 -0.021700
v -0.028800 0.002540 -0.021850
v -0.028650 0.002540 -0.021700
v -0.028657 0.002579 -0.021843
v -0.028650 0.002800 -0.021960
v -0.028800 0.002650 -0.021960
v -0.028657 0.002657 -0.021921
v -0.028540 0.002650 -0.021700
v -0.028540 0.002800 -0.021850
v -0.028579 0.002657 -0.021843
v -0.028800 0.005500 -0.021700
v -0.028500 0.005200 -0.021700
v -0.028800 0.005200 -0.022000
v -0.028650 0.005460 -0.021700
v -0.028800 0.005460 -0.021850
v -0.028657 0.005421 -0.021843
v -0.028540 0.005200 -0.021850
v -0.028540 0.005350 -0.021700
v -0.028579 0.005343 -0.021843
v -0.028800 0.005350 -0.021960
v -0.028650 0.005200 -0.021960
v -0.028657 0.005343 -0.021921
v -0.030450 0.004000 -0.019550
v -0.030450 0.004150 -0.019400
v -0.030600 0.004150 -0.019550
v -0.030450 0.004020 -0.019475
v -0.030525 0.004020 -0.019550
v -0.030522 0.004040 -0.019478
v -0.030525 0.004150 -0.019420
v -0.030450 0.004075 -0.019420
v -0.030522 0.004078 -0.019440
v -0.030580 0.004075 -0.019550
v -0.030580 0.004150 -0.019475
v -0.030560 0.004078 -0.019478
v -0.030450 0.007850 -0.019400
v -0.030450 0.008000 -0.019550
v -0.030600 0.007850 -0.019550
v -0.030450 0.007925 -0.019420
v -0.030525 0.007850 -0.019420
v -0.030522 0.007922 -0.019440
v -0.030525 0.007980 -0.019550
v -0.030450 0.007980 -0.019475
v -0.030522 0.007960 -0.019478
v -0.030580 0.007850 -0.019475
v -0.030580 0.007925 -0.019550
v -0.030560 0.007922 -0.019478
v -0.030450 0.004000 -0.020450
v -0.030600 0.004150 -0.020450
v -0.030450 0.004150 -0.020600
v -0.030525 0.004020 -0.020450
v -0.030450 0.004020 -0.020525
v -0.030522 0.004040 -0.020522
v -0.030580 0.004150 -0.020525
v -0.030580 0.004075 -0.020450
v -0.030560 0.004078 -0.020522
v -0.030450 0.004075 -0.020580
v -0.030525 0.004150 -0.020580
v -0.030522 0.004078 -0.020560
v -0.030450 0.008000 -0.020450
v -0.030450 0.007850 -0.020600
v -0.030600 0.007850 -0.020450
v -0.030450 0.007980 -0.020525
v -0.030525 0.007980 -0.020450
v -0.030522 0.007960 -0.020522
v -0.030525 0.007850 -0.020580
v -0.030450 0.007925 -0.020580
v -0.030522 0.007922 -0.020560
v -0.030580 0.007925 -0.020450
v -0.030580 0.007850 -0.020525
v -0.030560 0.007922 -0.020522
v -0.029550 0.004000 -0.019550
v -0.029400 0.004150 -0.019550
v -0.029550 0.004150 -0.019400
v -0.029475 0.004020 -0.019550
v -0.029550 0.004020 -0.019475
v -0.029478 0.004040 -0.019478
v -0.029420 0.004150 -0.019475
v -0.029420 0.004075 -0.019550
v -0.029440 0.004078 -0.019478
v -0.029550 0.004075 -0.019420
v -0.029475 0.004150 -0.019420
v -0.029478 0.004078 -0.019440
v -0.029550 0.008000 -0.019550
v -0.029550 0.007850 -0.019400
v -0.029400 0.007850 -0.019550
v -0.029550 0.007980 -0.019475
v -0.029475 0.007980 -0.019550
v -0.029478 0.007960 -0.019478
v -0.029475 0.007850 -0.019420
v -0.029550 0.007925 -0.019420
v -0.029478 0.007922 -0.019440
v -0.029420 0.007925 -0.019550
v -0.029420 0.007850 -0.019475
v -0.029440 0.007922 -0.019478
v -0.029550 0.004000 -0.020450
v -0.029550 0.004150 -0.020600
v -0.029400 0.004150 -0.020450
v -0.029550 0.004020 -0.020525
v -0.029475 0.004020 -0.020450
v -0.029478 0.004040 -0.020522
v -0.029475 0.004150 -0.020580
v -0.029550 0.004075 -0.020580
v -0.029478 0.004078 -0.020560
v -0.029420 0.004075 -0.020450
v -0.029420 0.004150 -0.020525
v -0.029440 0.004078 -0.020522
v -0.029550 0.008000 -0.020450
v -0.029400 0.007850 -0.020450
v -0.029550 0.007850 -0.020600
v -0.029475 0.007980 -0.020450
v -0.029550 0.007980 -0.020525
v -0.029478 0.007960 -0.020522
v -0.029420 0.007850 -0.020525
v -0.029420 0.007925 -0.020450
v -0.029440 0.007922 -0.020522
v -0.029550 0.007925 -0.020580
v -0.029475 0.007850 -0.020580
v -0.029478 0.007922 -0.020560
v -0.031200 0.002500 -0.008300
v -0.031200 0.002800 -0.008000
v -0.031500 0.002800 -0.008300
v -0.031200 0.002540 -0.008150
v -0.031350 0.002540 -0.008300
v -0.031343 0.002579 -0.008157
v -0.031350 0.002800 -0.008040
v -0.031200 0.002650 -0.008040
v -0.031343 0.002657 -0.008079
v -0.031460 0.002650 -0.008300
v -0.031460 0.002800 -0.008150
v -0.031421 0.002657 -0.008157
v -0.031200 0.005200 -0.008000
v -0.031200 0.005500 -0.008300
v -0.031500 0.005200 -0.008300
v -0.031200 0.005350 -0.008040
v -0.031350 0.005200 -0.008040
v -0.031343 0.005343 -0.008079
v -0.031350 0.005460 -0.008300
v -0.031200 0.005460 -0.008150
v -0.031343 0.005421 -0.008157
v -0.031460 0.005200 -0.008150
v -0.031460 0.005350 -0.008300
v -0.031421 0.005343 -0.008157
v -0.031200 0.002500 -0.011700
v -0.031500 0.002800 -0.011700
v -0.031200 0.002800 -0.012000
v -0.031350 0.002540 -0.011700
v -0.031200 0.002540 -0.011850
v -0.031343 0.002579 -0.011843
v -0.031460 0.002800 -0.011850
v -0.031460 0.002650 -0.011700
v -0.031421 0.002657 -0.011843
v -0.031200 0.002650 -0.011960
v -0.031350 0.002800 -0.011960
v -0.031343 0.002657 -0.011921
v -0.031200 0.005500 -0.011700
v -0.031200 0.005200 -0.012000
v -0.031500 0.005200 -0.011700
v -0.031200 0.005460 -0.011850
v -0.031350 0.005460 -0.011700
v -0.031343 0.005421 -0.011843
v -0.031350 0.005200 -0.011960
v -0.031200 0.005350 -0.011960
v -0.031343 0.005343 -0.011921
v -0.031460 0.005350 -0.011700
v -0.031460 0.005200 -0.011850
v -0.031421 0.005343 -0.011843
v -0.028800 0.002500 -0.008300
v -0.028500 0.002800 -0.008300
v -0.028800 0.002800 -0.008000
v -0.028650 0.002540 -0.008300
v -0.028800 0.002540 -0.008150
v -0.028657 0.002579 -0.008157
v -0.028540 0.002800 -0.008150
v -0.028540 0.002650 -0.008300
v -0.028579 0.002657 -0.008157
v -0.028800 0.002650 -0.008040
v -0.028650 0.002800 -0.008040
v -0.028657 0.002657 -0.008079
v -0.028800 0.005500 -0.008300
v -0.028800 0.005200 -0.008000
v -0.028500 0.005200 -0.008300
v -0.028800 0.005460 -0.008150
v -0.028650 0.005460 -0.008300
v -0.028657 0.005421 -0.008157
v -0.028650 0.005200 -0.008040
v -0.028800 0.005350 -0.008040
v -0.028657 0.005343 -0.008079
v -0.028540 0.005350 -0.008300
v -0.028540 0.005200 -0.008150
v -0.028579 0.005343 -0.008157
v -0.028800 0.002500 -0.011700
v -0.028800 0.002800 -0.012000
v -0.028500 0.002800 -0.011700
v -0.028800 0.002540 -0.011850
v -0.028650 0.002540 -0.011700
v -0.028657 0.002579 -0.011843
v -0.028650 0.002800 -0.011960
v -0.028800 0.002650 -0.011960
v -0.028657 0.002657 -0.011921
v -0.028540 0.002650 -0.011700
v -0.028540 0.002800 -0.011850
v -0.028579 0.002657 -0.011843
v -0.028800 0.005500 -0.011700
v -0.028500 0.005200 -0.011700
v -0.028800 0.005200 -0.012000
v -0.028650 0.005460 -0.011700
v -0.028800 0.005460 -0.011850
v -0.028657 0.005421 -0.011843
v -0.028540 0.005200 -0.011850
v -0.028540 0.005350 -0.011700
v -0.028579 0.005343 -0.011843
v -0.028800 0.005350 -0.011960
v -0.028650 0.005200 -0.011960
v -0.028657 0.005343 -0.011921
v -0.030450 0.004000 -0.009550
v -0.030450 0.004150 -0.009400
v -0.030600 0.004150 -0.009550
v -0.030450 0.004020 -0.009475
v -0.030525 0.004020 -0.009550
v -0.030522 0.004040 -0.009478
v -0.030525 0.004150 -0.009420
v -0.030450 0.004075 -0.009420
v -0.030522 0.004078 -0.009440
v -0.030580 0.004075 -0.009550
v -0.030580 0.004150 -0.009475
v -0.030560 0.004078 -0.009478
v -0.030450 0.007850 -0.009400
v -0.030450 0.008000 -0.009550
v -0.030600 0.007850 -0.009550
v -0.030450 0.007925 -0.009420
v -0.030525 0.007850 -0.009420
v -0.030522 0.007922 -0.009440
v -0.030525 0.007980 -0.009550
v -0.030450 0.007980 -0.009475
v -0.030522 0.007960 -0.009478
v -0.030580 0.007850 -0.009475
v -0.030580 0.007925 -0.009550
v -0.030560 0.007922 -0.009478
v -0.030450 0.004000 -0.010450
v -0.030600 0.004150 -0.010450
v -0.030450 0.004150 -0.010600
v -0.030525 0.004020 -0.010450
v -0.030450 0.004020 -0.010525
v -0.030522 0.004040 -0.010522
v -0.030580 0.004150 -0.010525
v -0.030580 0.004075 -0.010450
v -0.030560 0.004078 -0.010522
v -0.030450 0.004075 -0.010580
v -0.030525 0.004150 -0.010580
v -0.030522 0.004078 -0.010560
v -0.030450 0.008000 -0.010450
v -0.030450 0.007850 -0.010600
v -0.030600 0.007850 -0.010450
v -0.030450 0.007980 -0.010525
v -0.030525 0.007980 -0.010450
v -0.030522 0.007960 -0.010522
v -0.030525 0.007850 -0.010580
v -0.030450 0.007925 -0.010580
v -0.030522 0.007922 -0.010560
v -0.030580 0.007925 -0.010450
v -0.030580 0.007850 -0.010525
v -0.030560 0.007922 -0.010522
v -0.029550 0.004000 -0.009550
v -0.029400 0.004150 -0.009550
v -0.029550 0.004150 -0.009400
v -0.029475 0.004020 -0.009550
v -0.029550 0.004020 -0.009475
v -0.029478 0.004040 -0.009478
v -0.029420 0.004150 -0.009475
v -0.029420 0.004075 -0.009550
v -0.029440 0.004078 -0.009478
v -0.029550 0.004075 -0.009420
v -0.029475 0.004150 -0.009420
v -0.029478 0.004078 -0.009440
v -0.029550 0.008000 -0.009550
v -0.029550 0.007850 -0.009400
v -0.029400 0.007850 -0.009550
v -0.029550 0.007980 -0.009475
v -0.029475 0.007980 -0.009550
v -0.029478 0.007960 -0.009478
v -0.029475 0.007850 -0.009420
v -0.029550 0.007925 -0.009420
v -0.029478 0.007922 -0.009440
v -0.029420 0.007925 -0.009550
v -0.029420 0.007850 -0.009475
v -0.029440 0.007922 -0.009478
v -0.029550 0.004000 -0.010450
v -0.029550 0.004150 -0.010600
v -0.029400 0.004150 -0.010450
v -0.029550 0.004020 -0.010525
v -0.029475 0.004020 -0.010450
v -0.029478 0.004040 -0.010522
v -0.029475 0.004150 -0.010580
v -0.029550 0.004075 -0.010580
v -0.029478 0.004078 -0.010560
v -0.029420 0.004075 -0.010450
v -0.029420 0.004150 -0.010525
v -0.029440 0.004078 -0.010522
v -0.029550 0.008000 -0.010450
v -0.029400 0.007850 -0.010450
v -0.029550 0.007850 -0.010600
v -0.029475 0.007980 -0.010450
v -0.029550 0.007980 -0.010525
v -0.029478 0.007960 -0.010522
v -0.029420 0.007850 -0.010525
v -0.029420 0.007925 -0.010450
v -0.029440 0.007922 -0.010522
v -0.029550 0.007925 -0.010580
v -0.029475 0.007850 -0.010580
v -0.029478 0.007922 -0.010560
v -0.031200 0.002500 0.001700
v -0.031200 0.002800 0.002000
v -0.031500 0.002800 0.001700
v -0.031200 0.002540 0.001850
v -0.031350 0.002540 0.001700
v -0.031343 0.002579 0.001843
v -0.031350 0.002800 0.001960
v -0.031200 0.002650 0.001960
v -0.031343 0.002657 0.001921
v -0.031460 0.002650 0.001700
v -0.031460 0.002800 0.001850
v -0.031421 0.002657 0.001843
v -0.031200 0.005200 0.002000
v -0.031200 0.005500 0.001700
v -0.031500 0.005200 0.001700
v -0.031200 0.005350 0.001960
v -0.031350 0.005200 0.001960
v -0.031343 0.005343 0.001921
v -0.031350 0.005460 0.001700
v -0.031200 0.005460 0.001850
v -0.031343 0.005421 0.001843
v -0.031460 0.005200 0.001850
v -0.031460 0.005350 0.001700
v -0.031421 0.005343 0.001843
v -0.031200 0.002500 -0.001700
v -0.031500 0.002800 -0.001700
v -0.031200 0.002800 -0.002000
v -0.031350 0.002540 -0.001700
v -0.031200 0.002540 -0.001850
v -0.031343 0.002579 -0.001843
v -0.031460 0.002800 -0.001850
v -0.031460 0.002650 -0.001700
v -0.031421 0.002657 -0.001843
v -0.031200 0.002650 -0.001960
v -0.031350 0.002800 -0.001960
v -0.031343 0.002657 -0.001921
v -0.031200 0.005500 -0.001700
v -0.031200 0.005200 -0.002000
v -0.031500 0.005200 -0.001700
v -0.031200 0.005460 -0.001850
v -0.031350 0.005460 -0.001700
v -0.031343 0.005421 -0.001843
v -0.031350 0.005200 -0.001960
v -0.031200 0.005350 -0.001960
v -0.031343 0.005343 -0.001921
v -0.031460 0.005350 -0.001700
v -0.031460 0.005200 -0.001850
v -0.031421 0.005343 -0.001843
v -0.028800 0.002500 0.001700
v -0.028500 0.002800 0.001700
v -0.028800 0.002800 0.002000
v -0.028650 0.002540 0.001700
v -0.028800 0.002540 0.001850
v -0.028657 0.002579 0.001843
v -0.028540 0.002800 0.001850
v -0.028540 0.002650 0.001700
v -0.028579 0.002657 0.001843
v -0.028800 0.002650 0.001960
v -0.028650 0.002800 0.001960
v -0.028657 0.002657 0.001921
v -0.028800 0.005500 0.001700
v -0.028800 0.005200 0.002000
v -0.028500 0.005200 0.001700
v -0.028800 0.005460 0.001850
v -0.028650 0.005460 0.001700
v -0.028657 0.005421 0.001843
v -0.028650 0.005200 0.001960
v -0.028800 0.005350 0.001960
v -0.028657 0.005343 0.001921
v -0.028540 0.005350 0.001700
v -0.028540 0.005200 0.001850
v -0.028579 0.005343 0.001843
v -0.028800 0.002500 -0.001700
v -0.028800 0.002800 -0.002000
v -0.028500 0.002800 -0.001700
v -0.028800 0.002540 -0.001850
v -0.028650 0.002540 -0.001700
v -0.028657 0.002579 -0.001843
v -0.028650 0.002800 -0.001960
v -0.028800 0.002650 -0.001960
v -0.028657 0.002657 -0.001921
v -0.028540 0.002650 -0.001700
v -0.028540 0.002800 -0.001850
v -0.028579 0.002657 -0.001843
v -0.028800 0.005500 -0.001700
v -0.028500 0.005200 -0.001700
v -0.028800 0.005200 -0.002000
v -0.028650 0.005460 -0.001700
v -0.028800 0.005460 -0.001850
v -0.028657 0.005421 -0.001843
v -0.028540 0.005200 -0.001850
v -0.028540 0.005350 -0.001700
v -0.028579 0.005343 -0.001843
v -0.028800 0.005350 -0.001960
v -0.028650 0.005200 -0.001960
v -0.028657 0.005343 -0.001921
v -0.030450 0.004000 0.000450
v -0.030450 0.004150 0.000600
v -0.030600 0.004150 0.000450
v -0.030450 0.004020 0.000525
v -0.030525 0.004020 0.000450
v -0.030522 0.004040 0.000522
v -0.030525 0.004150 0.000580
v -0.030450 0.004075 0.000580
v -0.030522 0.004078 0.000560
v -0.030580 0.004075 0.000450
v -0.030580 0.004150 0.000525
v -0.030560 0.004078 0.000522
v -0.030450 0.007850 0.000600
v -0.030450 0.008000 0.000450
v -0.030600 0.007850 0.000450
v -0.030450 0.007925 0.000580
v -0.030525 0.007850 0.000580
v -0.030522 0.007922 0.000560
v -0.030525 0.007980 0.000450
v -0.030450 0.007980 0.000525
v -0.030522 0.007960 0.000522
v -0.030580 0.007850 0.000525
v -0.030580 0.007925 0.000450
v -0.030560 0.007922 0.000522
v -0.030450 0.004000 -0.000450
v -0.030600 0.004150 -0.000450
v -0.030450 0.004150 -0.000600
v -0.030525 0.004020 -0.000450
v -0.030450 0.004020 -0.000525
v -0.030522 0.004040 -0.000522
v -0.030580 0.004150 -0.000525
v -0.030580 0.004075 -0.000450
v -0.030560 0.004078 -0.000522
v -0.030450 0.004075 -0.000580
v -0.030525 0.004150 -0.000580
v -0.030522 0.004078 -0.000560
v -0.030450 0.008000 -0.000450
v -0.030450 0.007850 -0.000600
v -0.030600 0.007850 -0.000450
v -0.030450 0.007980 -0.000525
v -0.030525 0.007980 -0.000450
v -0.030522 0.007960 -0.000522
v -0.030525 0.007850 -0.000580
v -0.030450 0.007925 -0.000580
v -0.030522 0.007922 -0.000560
v -0.030580 0.007925 -0.000450
v -0.030580 0.007850 -0.000525
v -0.030560 0.007922 -0.000522
v -0.029550 0.004000 0.000450
v -0.029400 0.004150 0.000450
v -0.029550 0.004150 0.000600
v -0.029475 0.004020 0.000450
v -0.029550 0.004020 0.000525
v -0.029478 0.004040 0.000522
v -0.029420 0.004150 0.000525
v -0.029420 0.004075 0.000450
v -0.029440 0.004078 0.000522
v -0.029550 0.004075 0.000580
v -0.029475 0.004150 0.000580
v -0.029478 0.004078 0.000560
v -0.029550 0.008000 0.000450
v -0.029550 0.007850 0.000600
v -0.029400 0.007850 0.000450
v -0.029550 0.007980 0.000525
v -0.029475 0.007980 0.000450
v -0.029478 0.007960 0.000522
v -0.029475 0.007850 0.000580
v -0.029550 0.007925 0.000580
v -0.029478 0.007922 0.000560
v -0.029420 0.007925 0.000450
v -0.029420 0.007850 0.000525
v -0.029440 0.007922 0.000522
v -0.029550 0.004000 -0.000450
v -0.029550 0.004150 -0.000600
v -0.029400 0.004150 -0.000450
v -0.029550 0.004020 -0.000525
v -0.029475 0.004020 -0.000450
v -0.029478 0.004040 -0.000522
v -0.029475 0.004150 -0.000580
v -0.029550 0.004075 -0.000580
v -0.029478 0.004078 -0.000560
v -0.029420 0.004075 -0.000450
v -0.029420 0.004150 -0.000525
v -0.029440 0.004078 -0.000522
v -0.029550 0.008000 -0.000450
v -0.029400 0.007850 -0.000450
v -0.029550 0.007850 -0.000600
v -0.029475 0.007980 -0.000450
v -0.029550 0.007980 -0.000525
v -0.029478 0.007960 -0.000522
v -0.029420 0.007850 -0.000525
v -0.029420 0.007925 -0.000450
v -0.029440 0.007922 -0.000522
v -0.029550 0.007925 -0.000580
v -0.029475 0.007850 -0.000580
v -0.029478 0.007922 -0.000560
v -0.031200 0.002500 0.011700
v -0.031200 0.002800 0.012000
v -0.031500 0.002800 0.011700
v -0.031200 0.002540 0.011850
v -0.031350 0.002540 0.011700
v -0.031343 0.002579 0.011843
v -0.031350 0.002800 0.011960
v -0.031200 0.002650 0.011960
v -0.031343 0.002657 0.011921
v -0.031460 0.002650 0.011700
v -0.031460 0.002800 0.011850
v -0.031421 0.002657 0.011843
v -0.031200 0.005200 0.012000
v -0.031200 0.005500 0.011700
v -0.031500 0.005200 0.011700
v -0.031200 0.005350 0.011960
v -0.031350 0.005200 0.011960
v -0.031343 0.005343 0.011921
v -0.031350 0.005460 0.011700
v -0.031200 0.005460 0.011850
v -0.031343 0.005421 0.011843
v -0.031460 0.005200 0.011850
v -0.031460 0.005350 0.011700
v -0.031421 0.005343 0.011843
v -0.031200 0.002500 0.008300
v -0.031500 0.002800 0.008300
v -0.031200 0.002800 0.008000
v -0.031350 0.002540 0.008300
v -0.031200 0.002540 0.008150
v -0.031343 0.002579 0.008157
v -0.031460 0.002800 0.008150
v -0.031460 0.002650 0.008300
v -0.031421 0.002657 0.008157
v -0.031200 0.002650 0.008040
v -0.031350 0.002800 0.008040
v -0.031343 0.002657 0.008079
v -0.031200 0.005500 0.008300
v -0.031200 0.005200 0.008000
v -0.031500 0.005200 0.008300
v -0.031200 0.005460 0.008150
v -0.031350 0.005460 0.008300
v -0.031343 0.005421 0.008157
v -0.031350 0.005200 0.008040
v -0.031200 0.005350 0.008040
v -0.031343 0.005343 0.008079
v -0.031460 0.005350 0.008300
v -0.031460 0.005200 0.008150
v -0.031421 0.005343 0.008157
v -0.028800 0.002500 0.011700
v -0.028500 0.002800 0.011700
v -0.028800 0.002800 0.012000
v -0.028650 0.002540 0.011700
v -0.028800 0.002540 0.011850
v -0.028657 0.002579 0.011843
v -0.028540 0.002800 0.011850
v -0.028540 0.002650 0.011700
v -0.028579 0.002657 0.011843
v -0.028800 0.002650 0.011960
v -0.028650 0.002800 0.011960
v -0.028657 0.002657 0.011921
v -0.028800 0.005500 0.011700
v -0.028800 0.005200 0.012000
v -0.028500 0.005200 0.011700
v -0.028800 0.005460 0.011850
v -0.028650 0.005460 0.011700
v -0.028657 0.005421 0.011843
v -0.028650 0.005200 0.011960
v -0.028800 0.005350 0.011960
v -0.028657 0.005343 0.011921
v -0.028540 0.005350 0.011700
v -0.028540 0.005200 0.011850
v -0.028579 0.005343 0.011843
v -0.028800 0.002500 0.008300
v -0.028800 0.002800 0.008000
v -0.028500 0.002800 0.008300
v -0.028800 0.002540 0.008150
v -0.028650 0.002540 0.008300
v -0.028657 0.002579 0.008157
v -0.028650 0.002800 0.008040
v -0.028800 0.002650 0.008040
v -0.028657 0.002657 0.008079
v -0.028540 0.002650 0.008300
v -0.028540 0.002800 0.008150
v -0.028579 0.002657 0.008157
v -0.028800 0.005500 0.008300
v -0.028500 0.005200 0.008300
v -0.028800 0.005200 0.008000
v -0.028650 0.005460 0.008300
v -0.028800 0.005460 0.008150
v -0.028657 0.005421 0.008157
v -0.028540 0.005200 0.008150
v -0.028540 0.005350 0.008300
v -0.028579 0.005343 0.008157
v -0.028800 0.005350 0.008040
v -0.028650 0.005200 0.008040
v -0.028657 0.005343 0.008079
v -0.030450 0.004000 0.010450
v -0.030450 0.004150 0.010600
v -0.030600 0.004150 0.010450
v -0.030450 0.004020 0.010525
v -0.030525 0.004020 0.010450
v -0.030522 0.004040 0.010522
v -0.030525 0.004150 0.010580
v -0.030450 0.004075 0.010580
v -0.030522 0.004078 0.010560
v -0.030580 0.004075 0.010450
v -0.030580 0.004150 0.010525
v -0.030560 0.004078 0.010522
v -0.030450 0.007850 0.010600
v -0.030450 0.008000 0.010450
v -0.030600 0.007850 0.010450
v -0.030450 0.007925 0.010580
v -0.030525 0.007850 0.010580
v -0.030522 0.007922 0.010560
v -0.030525 0.007980 0.010450
v -0.030450 0.007980 0.010525
v -0.030522 0.007960 0.010522
v -0.030580 0.007850 0.010525
v -0.030580 0.007925 0.010450
v -0.030560 0.007922 0.010522
v -0.030450 0.004000 0.009550
v -0.030600 0.004150 0.009550
v -0.030450 0.004150 0.009400
v -0.030525 0.004020 0.009550
v -0.030450 0.004020 0.009475
v -0.030522 0.004040 0.009478
v -0.030580 0.004150 0.009475
v -0.030580 0.004075 0.009550
v -0.030560 0.004078 0.009478
v -0.030450 0.004075 0.009420
v -0.030525 0.004150 0.009420
v -0.030522 0.004078 0.009440
v -0.030450 0.008000 0.009550
v -0.030450 0.007850 0.009400
v -0.030600 0.007850 0.009550
v -0.030450 0.007980 0.009475
v -0.030525 0.007980 0.009550
v -0.030522 0.007960 0.009478
v -0.030525 0.007850 0.009420
v -0.030450 0.007925 0.009420
v -0.030522 0.007922 0.009440
v -0.030580 0.007925 0.009550
v -0.030580 0.007850 0.009475
v -0.030560 0.007922 0.009478
v -0.029550 0.004000 0.010450
v -0.029400 0.004150 0.010450
v -0.029550 0.004150 0.010600
v -0.029475 0.004020 0.010450
v -0.029550 0.004020 0.010525
v -0.029478 0.004040 0.010522
v -0.029420 0.004150 0.010525
v -0.029420 0.004075 0.010450
v -0.029440 0.004078 0.010522
v -0.029550 0.004075 0.010580
v -0.029475 0.004150 0.010580
v -0.029478 0.004078 0.010560
v -0.029550 0.008000 0.010450
v -0.029550 0.007850 0.010600
v -0.029400 0.007850 0.010450
v -0.029550 0.007980 0.010525
v -0.029475 0.007980 0.010450
v -0.029478 0.007960 0.010522
v -0.029475 0.007850 0.010580
v -0.029550 0.007925 0.010580
v -0.029478 0.007922 0.010560
v -0.029420 0.007925 0.010450
v -0.029420 0.007850 0.010525
v -0.029440 0.007922 0.010522
v -0.029550 0.004000 0.009550
v -0.029550 0.004150 0.009400
v -0.029400 0.004150 0.009550
v -0.029550 0.004020 0.009475
v -0.029475 0.004020 0.009550
v -0.029478 0.004040 0.009478
v -0.029475 0.004150 0.009420
v -0.029550 0.004075 0.009420
v -0.029478 0.004078 0.009440
v -0.029420 0.004075 0.009550
v -0.029420 0.004150 0.009475
v -0.029440 0.004078 0.009478
v -0.029550 0.008000 0.009550
v -0.029400 0.007850 0.009550
v -0.029550 0.007850 0.009400
v -0.029475 0.007980 0.009550
v -0.029550 0.007980 0.009475
v -0.029478 0.007960 0.009478
v -0.029420 0.007850 0.009475
v -0.029420 0.007925 0.009550
v -0.029440 0.007922 0.009478
v -0.029550 0.007925 0.009420
v -0.029475 0.007850 0.009420
v -0.029478 0.007922 0.009440
v -0.031200 0.002500 0.021700
v -0.031200 0.002800 0.022000
v -0.031500 0.002800 0.021700
v -0.031200 0.002540 0.021850
v -0.031350 0.002540 0.021700
v -0.031343 0.002579 0.021843
v -0.031350 0.002800 0.021960
v -0.031200 0.002650 0.021960
v -0.031343 0.002657 0.021921
v -0.031460 0.002650 0.021700
v -0.031460 0.002800 0.021850
v -0.031421 0.002657 0.021843
v -0.031200 0.005200 0.022000
v -0.031200 0.005500 0.021700
v -0.031500 0.005200 0.021700
v -0.031200 0.005350 0.021960
v -0.031350 0.005200 0.021960
v -0.031343 0.005343 0.021921
v -0.031350 0.005460 0.021700
v -0.031200 0.005460 0.021850
v -0.031343 0.005421 0.021843
v -0.031460 0.005200 0.021850
v -0.031460 0.005350 0.021700
v -0.031421 0.005343 0.021843
v -0.031200 0.002500 0.018300
v -0.031500 0.002800 0.018300
v -0.031200 0.002800 0.018000
v -0.031350 0.002540 0.018300
v -0.031200 0.002540 0.018150
v -0.031343 0.002579 0.018157
v -0.031460 0.002800 0.018150
v -0.031460 0.002650 0.018300
v -0.031421 0.002657 0.018157
v -0.031200 0.002650 0.018040
v -0.031350 0.002800 0.018040
v -0.031343 0.002657 0.018079
v -0.031200 0.005500 0.018300
v -0.031200 0.005200 0.018000
v -0.031500 0.005200 0.018300
v -0.031200 0.005460 0.018150
v -0.031350 0.005460 0.018300
v -0.031343 0.005421 0.018157
v -0.031350 0.005200 0.018040
v -0.031200 0.005350 0.018040
v -0.031343 0.005343 0.018079
v -0.031460 0.005350 0.018300
v -0.031460 0.005200 0.018150
v -0.031421 0.005343 0.018157
v -0.028800 0.002500 0.021700
v -0.028500 0.002800 0.021700
v -0.028800 0.002800 0.022000
v -0.028650 0.002540 0.021700
v -0.028800 0.002540 0.021850
v -0.028657 0.002579 0.021843
v -0.028540 0.002800 0.021850
v -0.028540 0.002650 0.021700
v -0.028579 0.002657 0.021843
v -0.028800 0.002650 0.021960
v -0.028650 0.002800 0.021960
v -0.028657 0.002657 0.021921
v -0.028800 0.005500 0.021700
v -0.028800 0.005200 0.022000
v -0.028500 0.005200 0.021700
v -0.028800 0.005460 0.021850
v -0.028650 0.005460 0.021700
v -0.028657 0.005421 0.021843
v -0.028650 0.005200 0.021960
v -0.028800 0.005350 0.021960
v -0.028657 0.005343 0.021921
v -0.028540 0.005350 0.021700
v -0.028540 0.005200 0.021850
v -0.028579 0.005343 0.021843
v -0.028800 0.002500 0.018300
v -0.028800 0.002800 0.018000
v -0.028500 0.002800 0.018300
v -0.028800 0.002540 0.018150
v -0.028650 0.002540 0.018300
v -0.028657 0.002579 0.018157
v -0.028650 0.002800 0.018040
v -0.028800 0.002650 0.018040
v -0.028657 0.002657 0.018079
v -0.028540 0.002650 0.018300
v -0.028540 0.002800 0.018150
v -0.028579 0.002657 0.018157
v -0.028800 0.005500 0.018300
v -0.028500 0.005200 0.018300
v -0.028800 0.005200 0.018000
v -0.028650 0.005460 0.018300
v -0.028800 0.005460 0.018150
v -0.028657 0.005421 0.018157
v -0.028540 0.005200 0.018150
v -0.028540 0.005350 0.018300
v -0.028579 0.005343 0.018157
v -0.028800 0.005350 0.018040
v -0.028650 0.005200 0.018040
v -0.028657 0.005343 0.018079
v -0.030450 0.004000 0.020450
v -0.030450 0.004150 0.020600
v -0.030600 0.004150 0.020450
v -0.030450 0.004020 0.020525
v -0.030525 0.004020 0.020450
v -0.030522 0.004040 0.020522
v -0.030525 0.004150 0.020580
v -0.030450 0.004075 0.020580
v -0.030522 0.004078 0.020560
v -0.030580 0.004075 0.020450
v -0.030580 0.004150 0.020525
v -0.030560 0.004078 0.020522
v -0.030450 0.007850 0.020600
v -0.030450 0.008000 0.020450
v -0.030600 0.007850 0.020450
v -0.030450 0.007925 0.020580
v -0.030525 0.007850 0.020580
v -0.030522 0.007922 0.020560
v -0.030525 0.007980 0.020450
v -0.030450 0.007980 0.020525
v -0.030522 0.007960 0.020522
v -0.030580 0.007850 0.020525
v -0.030580 0.007925 0.020450
v -0.030560 0.007922 0.020522
v -0.030450 0.004000 0.019550
v -0.030600 0.004150 0.019550
v -0.030450 0.004150 0.019400
v -0.030525 0.004020 0.019550
v -0.030450 0.004020 0.019475
v -0.030522 0.004040 0.019478
v -0.030580 0.004150 0.019475
v -0.030580 0.004075 0.019550
v -0.030560 0.004078 0.019478
v -0.030450 0.004075 0.019420
v -0.030525 0.004150 0.019420
v -0.030522 0.004078 0.019440
v -0.030450 0.008000 0.019550
v -0.030450 0.007850 0.019400
v -0.030600 0.007850 0.019550
v -0.030450 0.007980 0.019475
v -0.030525 0.007980 0.019550
v -0.030522 0.007960 0.019478
v -0.030525 0.007850 0.019420
v -0.030450 0.007925 0.019420
v -0.030522 0.007922 0.019440
v -0.030580 0.007925 0.019550
v -0.030580 0.007850 0.019475
v -0.030560 0.007922 0.019478
v -0.029550 0.004000 0.020450
v -0.029400 0.004150 0.020450
v -0.029550 0.004150 0.020600
v -0.029475 0.004020 0.020450
v -0.029550 0.004020 0.020525
v -0.029478 0.004040 0.020522
v -0.029420 0.004150 0.020525
v -0.029420 0.004075 0.020450
v -0.029440 0.004078 0.020522
v -0.029550 0.004075 0.020580
v -0.029475 0.004150 0.020580
v -0.029478 0.004078 0.020560
v -0.029550 0.008000 0.020450
v -0.029550 0.007850 0.020600
v -0.029400 0.007850 0.020450
v -0.029550 0.007980 0.020525
v -0.029475 0.007980 0.020450
v -0.029478 0.007960 0.020522
v -0.029475 0.007850 0.020580
v -0.029550 0.007925 0.020580
v -0.029478 0.007922 0.020560
v -0.029420 0.007925 0.020450
v -0.029420 0.007850 0.020525
v -0.029440 0.007922 0.020522
v -0.029550 0.004000 0.019550
v -0.029550 0.004150 0.019400
v -0.029400 0.004150 0.019550
v -0.029550 0.004020 0.019475
v -0.029475 0.004020 0.019550
v -0.029478 0.004040 0.019478
v -0.029475 0.004150 0.019420
v -0.029550 0.004075 0.019420
v -0.029478 0.004078 0.019440
v -0.029420 0.004075 0.019550
v -0.029420 0.004150 0.019475
v -0.029440 0.004078 0.019478
v -0.029550 0.008000 0.019550
v -0.029400 0.007850 0.019550
v -0.029550 0.007850 0.019400
v -0.029475 0.007980 0.019550
v -0.029550 0.007980 0.019475
v -0.029478 0.007960 0.019478
v -0.029420 0.007850 0.019475
v -0.029420 0.007925 0.019550
v -0.029440 0.007922 0.019478
v -0.029550 0.007925 0.019420
v -0.029475 0.007850 0.019420
v -0.029478 0.007922 0.019440
vn -0.2502 -0.9353 0.2502
vn -0.2178 -0.6901 0.6901
vn -0.2502 -0.2502 0.9353
vn -0.6901 -0.2178 0.6901
vn -0.9353 -0.2502 0.2502
vn -0.6901 -0.6901 0.2178
vn -0.5774 -0.5773 0.5773
vn -0.2502 0.2502 0.9353
vn -0.2178 0.6901 0.6901
vn -0.2502 0.9353 0.2502
vn -0.6901 0.6901 0.2178
vn -0.9353 0.2502 0.2502
vn -0.6901 0.2178 0.6901
vn -0.5774 0.5773 0.5773
vn -0.2502 -0.9353 -0.2502
vn -0.6901 -0.6901 -0.2178
vn -0.9353 -0.2502 -0.2502
vn -0.6901 -0.2178 -0.6901
vn -0.2502 -0.2502 -0.9353
vn -0.2178 -0.6901 -0.6901
vn -0.5774 -0.5773 -0.5773
vn -0.2502 0.9353 -0.2502
vn -0.2178 0.6901 -0.6901
vn -0.2502 0.2502 -0.9353
vn -0.6901 0.2178 -0.6901
vn -0.9353 0.2502 -0.2502
vn -0.6901 0.6901 -0.2178
vn -0.5774 0.5773 -0.5773
vn 0.2502 -0.9353 0.2502
vn 0.6901 -0.6901 0.2178
vn 0.9353 -0.2502 0.2502
vn 0.6901 -0.2178 0.6901
vn 0.2502 -0.2502 0.9353
vn 0.2178 -0.6901 0.6901
vn 0.5774 -0.5773 0.5773
vn 0.2502 0.9353 0.2502
vn 0.2178 0.6901 0.6901
vn 0.2502 0.2502 0.9353
vn 0.6901 0.2178 0.6901
vn 0.9353 0.2502 0.2502
vn 0.6901 0.6901 0.2178
vn 0.5774 0.5773 0.5773
vn 0.2502 -0.9353 -0.2502
vn 0.2178 -0.6901 -0.6901
vn 0.2502 -0.2502 -0.9353
vn 0.6901 -0.2178 -0.6901
vn 0.9353 -0.2502 -0.2502
vn 0.6901 -0.6901 -0.2178
vn 0.5774 -0.5773 -0.5773
vn 0.2502 0.9353 -0.2502
vn 0.6901 0.6901 -0.2178
vn 0.9353 0.2502 -0.2502
vn 0.6901 0.2178 -0.6901
vn 0.2502 0.2502 -0.9353
vn 0.2178 0.6901 -0.6901
vn 0.5774 0.5773 -0.5773
vn -0.2585 -0.9660 -0.0000
vn -0.7071 -0.7071 -0.0000
vn -0.9660 -0.2585 -0.0000
vn -0.2585 -0.0000 0.9660
vn -0.7071 -0.0000 0.7071
vn -0.9660 -0.0000 0.2585
vn -0.2585 0.9660 -0.0000
vn -0.7071 0.7071 -0.0000
vn -0.9660 0.2585 -0.0000
vn -0.2585 -0.0000 -0.9660
vn -0.7071 -0.0000 -0.7071
vn -0.9660 -0.0000 -0.2585
vn -0.0000 -0.9660 -0.2585
vn -0.0000 -0.7071 -0.7071
vn -0.0000 -0.2584 -0.9660
vn -0.0000 0.9660 -0.2585
vn -0.0000 0.7071 -0.7071
vn -0.0000 0.2584 -0.9660
vn 0.9660 -0.0000 -0.2585
vn 0.7071 -0.0000 -0.7071
vn 0.2584 -0.0000 -0.9660
vn 0.2585 -0.9660 -0.0000
vn 0.7071 -0.7071 -0.0000
vn 0.9660 -0.2585 -0.0000
vn 0.2585 0.9660 -0.0000
vn 0.7071 0.7071 -0.0000
vn 0.9660 0.2585 -0.0000
vn 0.2585 -0.0000 0.9660
vn 0.7071 -0.0000 0.7071
vn 0.9660 -0.0000 0.2585
vn -0.0000 -0.9660 0.2585
vn -0.0000 -0.7071 0.7071
vn -0.0000 -0.2584 0.9660
vn -0.0000 0.9660 0.2585
vn -0.0000 0.7071 0.7071
vn -0.0000 0.2584 0.9660
vn -0.0000 -1.0000 -0.0000
vn -1.0000 -0.0000 -0.0000
vn -0.0000 -0.0000 1.0000
vn -0.0000 1.0000 -0.0000
vn -0.0000 -0.0000 -1.0000
vn 1.0000 -0.0000 -0.0000
vn -0.5774 -0.5774 0.5774
vn -0.5774 0.5774 0.5774
vn -0.5773 -0.5774 -0.5774
vn -0.5774 0.5774 -0.5774
vn 0.5773 -0.5774 0.5774
vn 0.5773 0.5774 0.5773
vn 0.5773 -0.5774 -0.5773
vn 0.5773 0.5774 -0.5773
vn -0.0000 -0.2585 -0.9660
vn -0.0000 0.2585 -0.9660
vn 0.2585 -0.0000 -0.9660
vn -0.0000 -0.2585 0.9660
vn -0.0000 0.2585 0.9660
vn -0.5774 -0.5773 0.5774
vn -0.5774 0.5773 0.5774
vn -0.5774 -0.5773 -0.5774
vn -0.5774 0.5773 -0.5774
vn 0.6902 -0.2178 0.6901
vn 0.5774 -0.5773 0.5774
vn 0.6901 0.2178 0.6902
vn 0.5774 0.5773 0.5774
vn 0.6901 -0.2178 -0.6902
vn 0.5774 -0.5773 -0.5774
vn 0.6902 0.2178 -0.6901
vn 0.5774 0.5773 -0.5774
vn -0.9660 -0.2584 -0.0000
vn -0.9660 -0.0000 0.2584
vn -0.9660 -0.0000 -0.2584
vn 0.9660 -0.2584 -0.0000
vn 0.9660 -0.0000 0.2584
vn -0.9353 -0.2502 0.2503
vn -0.5774 -0.5774 0.5773
vn -0.9353 0.2502 0.2503
vn -0.6902 0.2178 0.6901
vn -0.5774 0.5774 0.5773
vn -0.9353 -0.2502 -0.2503
vn -0.2178 -0.6901 -0.6902
vn -0.5774 -0.5774 -0.5773
vn -0.9353 0.2502 -0.2503
vn -0.5774 0.5774 -0.5773
vn 0.9353 -0.2502 0.2503
vn 0.2502 -0.2503 0.9353
vn 0.5774 -0.5774 0.5773
vn 0.2502 0.2503 0.9353
vn 0.9353 0.2502 0.2503
vn 0.5774 0.5774 0.5773
vn 0.9353 -0.2502 -0.2503
vn 0.5774 -0.5774 -0.5773
vn 0.6901 0.6901 -0.2177
vn 0.9353 0.2502 -0.2503
vn 0.5774 0.5774 -0.5773
vn -0.2584 0.9660 -0.0000
vn 0.2584 -0.0000 0.9660
vn -0.0000 -0.9660 0.2584
vn -0.0000 0.9660 0.2584
vn -0.2178 -0.6901 0.6902
vn -0.2502 -0.2503 0.9353
vn -0.6901 -0.2178 0.6902
vn -0.2502 0.2503 0.9353
vn -0.6901 0.6902 0.2178
vn -0.6901 0.2177 0.6902
vn -0.2502 -0.2503 -0.9353
vn -0.2502 0.2503 -0.9353
vn -0.6901 0.2178 -0.6902
vn -0.6902 0.6901 -0.2178
vn 0.2178 -0.6900 0.6902
vn 0.2178 0.6902 0.6901
vn 0.6902 0.6901 0.2178
vn 0.2502 -0.2503 -0.9353
vn 0.6901 0.6902 -0.2178
vn 0.2502 0.2503 -0.9353
vn 0.2178 0.6901 -0.6902
vn -0.0000 0.9660 -0.2584
vn -0.6902 -0.6901 0.2177
vn -0.6902 -0.2178 -0.6901
vn 0.2178 0.6901 0.6902
vn -0.2584 -0.9660 -0.0000
vn -0.6901 -0.2177 0.6902
vn -0.6901 0.2178 0.6902
vn -0.2178 0.6902 -0.6901
vn 0.6901 -0.2178 0.6902
vn 0.2178 -0.6902 0.6901
vn 0.6901 0.2177 0.6902
vn 0.2178 -0.6901 -0.6902
vn 0.2178 0.6902 -0.6901
vn -0.2584 -0.0000 0.9660
vn -0.2584 -0.0000 -0.9660
vn -0.2178 0.6901 0.6902
vn 0.2584 0.9660 -0.0000
vn -0.6902 -0.6901 -0.2178
vn -0.2178 0.6901 -0.6902
vn -0.2178 -0.6902 -0.6901
vn 0.6901 -0.2177 -0.6901
vn -0.6901 -0.6901 0.2177
vn 0.2178 -0.6901 0.6902
vn -0.0000 -0.9660 -0.2584
vn -0.6902 -0.2177 -0.6901
vn 0.2178 -0.6902 -0.6901
vn 0.6901 -0.6902 -0.2178
vn -0.2635 -0.9280 0.2635
vn -0.2635 -0.2635 0.9280
vn -0.9280 -0.2635 0.2635
vn -0.2635 0.2635 0.9280
vn -0.2635 0.9280 0.2635
vn -0.9280 0.2635 0.2635
vn -0.2635 -0.9280 -0.2635
vn -0.9280 -0.2635 -0.2635
vn -0.2635 -0.2635 -0.9280
vn -0.2635 0.9280 -0.2635
vn -0.2635 0.2635 -0.9280
vn -0.9280 0.2635 -0.2635
vn 0.2635 -0.9280 0.2635
vn 0.9280 -0.2635 0.2635
vn 0.2635 -0.2635 0.9280
vn 0.2635 0.9280 0.2635
vn 0.2635 0.2635 0.9280
vn 0.9280 0.2635 0.2635
vn 0.2635 -0.9280 -0.2635
vn 0.2635 -0.2635 -0.9280
vn 0.9280 -0.2635 -0.2635
vn 0.2635 0.9280 -0.2635
vn 0.9280 0.2635 -0.2635
vn 0.2635 0.2635 -0.9280
vn 0.6902 0.2178 0.6901
vn 0.6902 -0.2178 -0.6901
vn 0.6901 0.2178 -0.6902
vn -0.9660 0.2584 -0.0000
vn 0.9660 -0.0000 -0.2584
vn 0.9660 0.2584 -0.0000
vn -0.9280 0.2635 0.2634
vn -0.6901 -0.6901 -0.2177
vn 0.9280 -0.2635 0.2634
vn 0.9280 0.2635 0.2634
vn 0.9280 0.2635 -0.2634
vn 0.2584 -0.9660 -0.0000
vn -0.6902 -0.2177 0.6901
vn -0.6902 0.6901 0.2178
vn -0.6901 -0.2178 -0.6902
vn -0.9280 0.2635 -0.2634
vn -0.6901 0.6902 -0.2178
vn 0.6901 -0.6902 0.2178
vn 0.2635 0.2636 0.9280
vn 0.6901 0.6902 0.2178
vn 0.9280 -0.2635 -0.2634
vn 0.6902 0.6901 -0.2178
vn -0.9280 -0.2635 -0.2634
vn -0.2178 -0.6902 0.6901
vn -0.6902 -0.2178 0.6901
vn -0.2178 0.6902 0.6901
vn -0.6901 -0.2177 -0.6902
vn 0.6901 -0.2177 0.6901
vn 0.6901 0.2177 -0.6902
vn 0.6901 0.6901 0.2177
vn -0.6902 0.2178 -0.6901
vn -0.2635 0.2634 0.9280
vn -0.6901 0.2177 -0.6902
vn 0.2178 -0.6900 -0.6902
vt 0.130357 0.746245
vt 0.127682 0.742500
vt 0.130357 0.742500
vt 0.127795 0.750000
vt 0.127795 0.746087
vt 0.450000 1.000000
vt 0.375000 0.994643
vt 0.450000 0.994643
vt 0.450000 0.000000
vt 0.375000 0.003913
vt 0.375000 0.000000
vt 0.375000 0.007500
vt 0.450000 0.003755
vt 0.450000 0.007500
vt 0.125000 0.742500
vt 0.125000 0.746087
vt 0.587451 0.994643
vt 0.550000 1.000000
vt 0.550000 0.994643
vt 0.625000 0.997205
vt 0.585866 0.997205
vt 0.875000 0.742500
vt 0.869643 0.750000
vt 0.869643 0.742500
vt 0.587451 0.007500
vt 0.625000 0.000000
vt 0.625000 0.007500
vt 0.550000 0.003755
vt 0.550000 0.007500
vt 0.585866 0.001975
vt 0.585866 0.003913
vt 0.585866 0.998589
vt 0.127682 0.507500
vt 0.130357 0.503755
vt 0.130357 0.507500
vt 0.125000 0.507500
vt 0.127795 0.503913
vt 0.450000 0.246245
vt 0.375000 0.242500
vt 0.450000 0.242500
vt 0.450000 0.252682
vt 0.375000 0.246087
vt 0.375000 0.255357
vt 0.450000 0.255357
vt 0.130357 0.500000
vt 0.127795 0.500000
vt 0.125000 0.503913
vt 0.869643 0.500000
vt 0.875000 0.507500
vt 0.869643 0.507500
vt 0.625000 0.255357
vt 0.585866 0.252795
vt 0.625000 0.251562
vt 0.550000 0.252682
vt 0.587451 0.255357
vt 0.550000 0.255357
vt 0.585866 0.246499
vt 0.587451 0.242500
vt 0.550000 0.246245
vt 0.550000 0.242500
vt 0.372318 0.742500
vt 0.369643 0.746245
vt 0.369643 0.742500
vt 0.412549 0.742500
vt 0.372205 0.746087
vt 0.450000 0.746245
vt 0.450000 0.742500
vt 0.450000 0.752682
vt 0.410997 0.746087
vt 0.372318 0.752675
vt 0.450000 0.755357
vt 0.373973 0.751769
vt 0.627675 0.752682
vt 0.627682 0.742500
vt 0.630357 0.742500
vt 0.585866 0.752795
vt 0.626769 0.751027
vt 0.550000 0.752682
vt 0.587451 0.755357
vt 0.550000 0.755357
vt 0.585866 0.746499
vt 0.587451 0.742500
vt 0.550000 0.746245
vt 0.550000 0.742500
vt 0.369643 0.503755
vt 0.372318 0.507500
vt 0.369643 0.507500
vt 0.373973 0.498231
vt 0.372205 0.503913
vt 0.450000 0.497318
vt 0.372318 0.497325
vt 0.450000 0.494643
vt 0.410997 0.503913
vt 0.412549 0.507500
vt 0.450000 0.503755
vt 0.450000 0.507500
vt 0.627682 0.507500
vt 0.627675 0.497318
vt 0.630357 0.507500
vt 0.587451 0.507500
vt 0.619514 0.501968
vt 0.550000 0.503755
vt 0.550000 0.507500
vt 0.550000 0.497318
vt 0.585866 0.503913
vt 0.587451 0.494643
vt 0.550000 0.494643
vt 0.585866 0.497574
vt 0.550000 0.000000
vt 0.625000 0.242500
vt 0.130357 0.750000
vt 0.625000 0.994643
vt 0.133929 0.744785
vt 0.129470 0.739583
vt 0.133929 0.739583
vt 0.129659 0.750000
vt 0.129659 0.744565
vt 0.416667 1.000000
vt 0.375000 0.991071
vt 0.416667 0.991071
vt 0.416667 0.005215
vt 0.416667 0.000000
vt 0.375000 0.010417
vt 0.416667 0.010417
vt 0.125000 0.744565
vt 0.125000 0.739583
vt 0.604139 0.991071
vt 0.583333 1.000000
vt 0.583333 0.991071
vt 0.625000 0.991071
vt 0.603259 0.995341
vt 0.875000 0.739583
vt 0.866071 0.750000
vt 0.866072 0.739583
vt 0.604139 0.010417
vt 0.625000 0.010417
vt 0.583333 0.005215
vt 0.583333 0.010417
vt 0.583333 0.000000
vt 0.603259 0.005435
vt 0.625000 0.995341
vt 0.603259 0.997648
vt 0.129470 0.510417
vt 0.133929 0.505215
vt 0.133929 0.510417
vt 0.125000 0.505435
vt 0.129659 0.505435
vt 0.416667 0.244785
vt 0.375000 0.239583
vt 0.416667 0.239583
vt 0.416667 0.254470
vt 0.375000 0.244565
vt 0.375000 0.258929
vt 0.416667 0.258929
vt 0.133929 0.500000
vt 0.129659 0.500000
vt 0.866071 0.500000
vt 0.875000 0.510417
vt 0.866072 0.510417
vt 0.625000 0.258929
vt 0.603259 0.254659
vt 0.625000 0.252604
vt 0.583333 0.254470
vt 0.604139 0.258929
vt 0.583333 0.258929
vt 0.583333 0.244785
vt 0.604139 0.239583
vt 0.583333 0.239583
vt 0.625000 0.239583
vt 0.603259 0.245167
vt 0.370530 0.739583
vt 0.366071 0.744785
vt 0.366071 0.739583
vt 0.394877 0.744565
vt 0.370341 0.744565
vt 0.416667 0.744785
vt 0.395861 0.739583
vt 0.416667 0.739583
vt 0.416667 0.754470
vt 0.370533 0.754461
vt 0.416667 0.758928
vt 0.373289 0.752948
vt 0.629461 0.754467
vt 0.629470 0.739583
vt 0.633929 0.739583
vt 0.603259 0.754659
vt 0.627948 0.751711
vt 0.583333 0.754470
vt 0.604139 0.758929
vt 0.583333 0.758929
vt 0.603259 0.745167
vt 0.604139 0.739583
vt 0.583333 0.744785
vt 0.583333 0.739583
vt 0.366071 0.505215
vt 0.370530 0.510417
vt 0.366071 0.510417
vt 0.370533 0.495539
vt 0.370341 0.505435
vt 0.416667 0.495530
vt 0.416667 0.491071
vt 0.416667 0.505215
vt 0.373289 0.497052
vt 0.395861 0.510417
vt 0.416667 0.510417
vt 0.394877 0.505435
vt 0.629470 0.510417
vt 0.629461 0.495533
vt 0.633929 0.510417
vt 0.604139 0.510417
vt 0.623917 0.502509
vt 0.583333 0.505215
vt 0.583333 0.510417
vt 0.583333 0.495530
vt 0.603259 0.505435
vt 0.604139 0.491071
vt 0.583333 0.491071
vt 0.603259 0.495914
vt 0.125000 0.510417
vt 0.133929 0.750000
vt 0.150000 0.743742
vt 0.137516 0.737500
vt 0.150000 0.737500
vt 0.150000 0.750000
vt 0.138045 0.743478
vt 0.404167 1.000000
vt 0.375000 0.975000
vt 0.404167 0.975000
vt 0.404167 0.006258
vt 0.404167 0.000000
vt 0.375000 0.012500
vt 0.404167 0.012500
vt 0.125000 0.737500
vt 0.125000 0.743478
vt 0.138045 0.750000
vt 0.610398 0.975000
vt 0.595833 1.000000
vt 0.595833 0.975000
vt 0.625000 0.986955
vt 0.609781 0.986955
vt 0.875000 0.737500
vt 0.850000 0.750000
vt 0.850000 0.737500
vt 0.625000 0.012500
vt 0.609781 0.006522
vt 0.595833 0.006258
vt 0.610398 0.012500
vt 0.595833 0.012500
vt 0.609781 0.003292
vt 0.609781 0.993416
vt 0.137516 0.512500
vt 0.150000 0.506258
vt 0.150000 0.512500
vt 0.125000 0.506522
vt 0.138045 0.506522
vt 0.404167 0.243742
vt 0.375000 0.237500
vt 0.404167 0.237500
vt 0.375000 0.263045
vt 0.375000 0.243478
vt 0.375000 0.275000
vt 0.404167 0.262516
vt 0.404167 0.275000
vt 0.150000 0.500000
vt 0.138045 0.500000
vt 0.850000 0.500000
vt 0.875000 0.512500
vt 0.850000 0.512500
vt 0.610398 0.275000
vt 0.625000 0.257290
vt 0.625000 0.275000
vt 0.595833 0.262516
vt 0.595833 0.275000
vt 0.595833 0.243742
vt 0.609781 0.263045
vt 0.610397 0.237500
vt 0.595833 0.237500
vt 0.625000 0.237500
vt 0.609781 0.244492
vt 0.362484 0.737500
vt 0.350000 0.743742
vt 0.350000 0.737500
vt 0.389602 0.737500
vt 0.361955 0.743478
vt 0.404167 0.743742
vt 0.404167 0.737500
vt 0.370209 0.758254
vt 0.388532 0.743478
vt 0.362531 0.762531
vt 0.404167 0.762516
vt 0.404167 0.775000
vt 0.637531 0.762469
vt 0.637516 0.737500
vt 0.650000 0.737500
vt 0.610398 0.775000
vt 0.633254 0.754791
vt 0.595833 0.762516
vt 0.595833 0.775000
vt 0.595833 0.743742
vt 0.609781 0.763045
vt 0.610398 0.737500
vt 0.595833 0.737500
vt 0.609781 0.744492
vt 0.350000 0.506258
vt 0.362484 0.512500
vt 0.350000 0.512500
vt 0.362531 0.487469
vt 0.361955 0.506522
vt 0.404167 0.487484
vt 0.404167 0.475000
vt 0.404167 0.506258
vt 0.370209 0.491746
vt 0.389602 0.512500
vt 0.404167 0.512500
vt 0.388532 0.506522
vt 0.637516 0.512500
vt 0.637531 0.487531
vt 0.650000 0.512500
vt 0.610398 0.512500
vt 0.630433 0.500850
vt 0.595833 0.506258
vt 0.595833 0.512500
vt 0.609781 0.488219
vt 0.609781 0.506522
vt 0.610398 0.475000
vt 0.595833 0.487484
vt 0.595833 0.475000
vt 0.125000 0.512500
vt 0.595833 0.000000
vt 0.625000 0.975000
vt 0.150000 0.740613
vt 0.137516 0.731250
vt 0.150000 0.731250
vt 0.138045 0.750000
vt 0.138045 0.740216
vt 0.400000 1.000000
vt 0.375000 0.975000
vt 0.400000 0.975000
vt 0.400000 0.009387
vt 0.400000 0.000000
vt 0.375000 0.018750
vt 0.400000 0.018750
vt 0.125000 0.731250
vt 0.125000 0.740217
vt 0.612484 0.975000
vt 0.600000 1.000000
vt 0.600000 0.975000
vt 0.625000 0.986955
vt 0.611955 0.986955
vt 0.875000 0.731250
vt 0.850000 0.750000
vt 0.850000 0.731250
vt 0.612484 0.018750
vt 0.625000 0.018750
vt 0.600000 0.009387
vt 0.600000 0.018750
vt 0.600000 0.000000
vt 0.611955 0.009784
vt 0.611955 0.993416
vt 0.137516 0.518750
vt 0.150000 0.509387
vt 0.150000 0.518750
vt 0.125000 0.509784
vt 0.138045 0.509784
vt 0.400000 0.240613
vt 0.375000 0.231250
vt 0.400000 0.231250
vt 0.375000 0.263045
vt 0.375000 0.240216
vt 0.375000 0.275000
vt 0.400000 0.262516
vt 0.400000 0.275000
vt 0.138045 0.500000
vt 0.150000 0.500000
vt 0.850000 0.500000
vt 0.875000 0.518750
vt 0.850000 0.518750
vt 0.612484 0.275000
vt 0.625000 0.275000
vt 0.600000 0.262516
vt 0.600000 0.275000
vt 0.600000 0.240613
vt 0.611955 0.263045
vt 0.612484 0.231250
vt 0.600000 0.231250
vt 0.611955 0.241483
vt 0.362484 0.731250
vt 0.350000 0.740613
vt 0.350000 0.731250
vt 0.387516 0.731250
vt 0.361955 0.740216
vt 0.400000 0.740613
vt 0.400000 0.731250
vt 0.370209 0.758254
vt 0.386526 0.740216
vt 0.362531 0.762531
vt 0.400000 0.762516
vt 0.400000 0.775000
vt 0.637531 0.762469
vt 0.637516 0.731250
vt 0.650000 0.731250
vt 0.611955 0.763045
vt 0.633254 0.754791
vt 0.600000 0.762516
vt 0.612484 0.775000
vt 0.600000 0.775000
vt 0.600000 0.740613
vt 0.612484 0.731250
vt 0.600000 0.731250
vt 0.611955 0.741483
vt 0.350000 0.509387
vt 0.362484 0.518750
vt 0.350000 0.518750
vt 0.361955 0.509784
vt 0.400000 0.487484
vt 0.362531 0.487469
vt 0.400000 0.475000
vt 0.400000 0.509387
vt 0.387516 0.518750
vt 0.400000 0.518750
vt 0.386526 0.509784
vt 0.637516 0.518750
vt 0.650000 0.518750
vt 0.612484 0.518750
vt 0.630835 0.503165
vt 0.600000 0.509387
vt 0.600000 0.518750
vt 0.600000 0.487484
vt 0.611955 0.509784
vt 0.612484 0.475000
vt 0.600000 0.475000
vt 0.611955 0.488347
vt 0.125000 0.518750
vt 0.625000 0.231250
vt 0.150000 0.750000
vt 0.625000 0.975000
vt 0.156250 0.734354
vt 0.140645 0.718750
vt 0.156250 0.718750
vt 0.141306 0.750000
vt 0.141306 0.733694
vt 0.384375 1.000000
vt 0.375000 0.968750
vt 0.384375 0.968750
vt 0.384375 0.015645
vt 0.384375 0.000000
vt 0.375000 0.031250
vt 0.384375 0.031250
vt 0.125000 0.718750
vt 0.125000 0.733694
vt 0.620306 0.968750
vt 0.615625 1.000000
vt 0.615625 0.968750
vt 0.625000 0.968750
vt 0.620108 0.983694
vt 0.875000 0.718750
vt 0.843750 0.750000
vt 0.843750 0.718750
vt 0.620306 0.031250
vt 0.625000 0.031250
vt 0.615625 0.015645
vt 0.615625 0.031250
vt 0.620108 0.008230
vt 0.620108 0.016306
vt 0.625000 0.983694
vt 0.620108 0.991770
vt 0.140645 0.531250
vt 0.156250 0.515645
vt 0.156250 0.531250
vt 0.125000 0.516306
vt 0.141306 0.516306
vt 0.384375 0.234355
vt 0.375000 0.218750
vt 0.384375 0.218750
vt 0.384375 0.265646
vt 0.375000 0.233694
vt 0.375000 0.281250
vt 0.384375 0.281250
vt 0.156250 0.500000
vt 0.141306 0.500000
vt 0.843750 0.500000
vt 0.875000 0.531250
vt 0.843750 0.531250
vt 0.620306 0.281250
vt 0.625000 0.259113
vt 0.625000 0.281250
vt 0.615625 0.265645
vt 0.615625 0.281250
vt 0.620108 0.235592
vt 0.620108 0.266306
vt 0.620306 0.218750
vt 0.615625 0.234355
vt 0.615625 0.218750
vt 0.359355 0.718750
vt 0.343750 0.734354
vt 0.343750 0.718750
vt 0.378877 0.733694
vt 0.358694 0.733694
vt 0.384375 0.734355
vt 0.379694 0.718750
vt 0.384375 0.718750
vt 0.384375 0.765646
vt 0.359437 0.765687
vt 0.384375 0.781250
vt 0.369011 0.760317
vt 0.640687 0.765563
vt 0.640645 0.718750
vt 0.656250 0.718750
vt 0.620306 0.781250
vt 0.635317 0.755989
vt 0.615625 0.765645
vt 0.615625 0.781250
vt 0.620108 0.735593
vt 0.620108 0.766306
vt 0.620306 0.718750
vt 0.615625 0.734355
vt 0.615625 0.718750
vt 0.343750 0.515646
vt 0.359354 0.531250
vt 0.343750 0.531250
vt 0.359437 0.484313
vt 0.358694 0.516306
vt 0.384375 0.484355
vt 0.384375 0.468750
vt 0.378876 0.516306
vt 0.369011 0.489683
vt 0.379694 0.531250
vt 0.384375 0.515646
vt 0.384375 0.531250
vt 0.640645 0.531250
vt 0.640687 0.484437
vt 0.656250 0.531250
vt 0.620306 0.531250
vt 0.634410 0.506852
vt 0.615625 0.515646
vt 0.615625 0.531250
vt 0.615625 0.484354
vt 0.620108 0.516306
vt 0.620306 0.468750
vt 0.615625 0.468750
vt 0.620108 0.485593
vt 0.125000 0.531250
vt 0.615625 0.000000
vt 0.625000 0.218750
vt 0.156250 0.750000
vt 0.150000 0.740613
vt 0.400000 0.975000
vt 0.400000 0.009387
vt 0.612484 0.018750
vt 0.600000 0.009387
vt 0.600000 0.018750
vt 0.137516 0.518750
vt 0.150000 0.518750
vt 0.400000 0.240613
vt 0.850000 0.518750
vt 0.611955 0.263045
vt 0.600000 0.262516
vt 0.612484 0.275000
vt 0.600000 0.240613
vt 0.612484 0.231250
vt 0.611955 0.241483
vt 0.400000 0.740613
vt 0.400000 0.731250
vt 0.400000 0.762516
vt 0.386526 0.740216
vt 0.362531 0.762531
vt 0.637531 0.762469
vt 0.637516 0.731250
vt 0.650000 0.731250
vt 0.612484 0.775000
vt 0.633254 0.754791
vt 0.600000 0.762516
vt 0.600000 0.740613
vt 0.611955 0.763045
vt 0.612484 0.731250
vt 0.611955 0.741483
vt 0.362484 0.518750
vt 0.400000 0.487484
vt 0.400000 0.475000
vt 0.400000 0.509387
vt 0.370209 0.491746
vt 0.400000 0.518750
vt 0.386526 0.509784
vt 0.637516 0.518750
vt 0.637531 0.487531
vt 0.611955 0.509784
vt 0.612484 0.518750
vt 0.600000 0.518750
vt 0.612484 0.475000
vt 0.600000 0.487484
vt 0.620306 0.968750
vt 0.615625 0.031250
vt 0.156250 0.531250
vt 0.384375 0.234355
vt 0.375000 0.266306
vt 0.615625 0.281250
vt 0.615625 0.234355
vt 0.378877 0.733694
vt 0.656250 0.718750
vt 0.615625 0.718750
vt 0.359355 0.531250
vt 0.384375 0.468750
vt 0.150000 0.731250
vt 0.612484 0.975000
vt 0.612484 0.018750
vt 0.611955 0.004938
vt 0.150000 0.518750
vt 0.386526 0.740216
vt 0.612484 0.731250
vt 0.600000 0.731250
vt 0.140646 0.718750
vt 0.620306 0.031250
vt 0.615625 0.218750
vt 0.359437 0.765687
vt 0.640646 0.718750
vt 0.620306 0.718750
vt 0.384375 0.468750
vt 0.640687 0.484437
vt 0.400000 0.240613
vt 0.370209 0.758254
vt 0.637531 0.487531
vt 0.140646 0.718750
vt 0.156250 0.718750
vt 0.141306 0.733694
vt 0.384375 0.968750
vt 0.384375 0.015645
vt 0.384375 0.031250
vt 0.620306 0.968750
vt 0.615625 0.968750
vt 0.843750 0.718750
vt 0.615625 0.031250
vt 0.141306 0.516306
vt 0.384375 0.218750
vt 0.384375 0.281250
vt 0.620108 0.266306
vt 0.625000 0.259113
vt 0.615625 0.265645
vt 0.620306 0.281250
vt 0.615625 0.234355
vt 0.620306 0.218750
vt 0.359355 0.718750
vt 0.378876 0.733694
vt 0.369011 0.760317
vt 0.384375 0.781250
vt 0.640687 0.765563
vt 0.620306 0.781250
vt 0.615625 0.765645
vt 0.615625 0.781250
vt 0.620306 0.718750
vt 0.620108 0.735593
vt 0.384375 0.484355
vt 0.384375 0.515646
vt 0.378876 0.516306
vt 0.620306 0.531250
vt 0.634410 0.506852
vt 0.615625 0.484354
vt 0.615625 0.468750
vt 0.620108 0.485592
vt 0.137516 0.731250
vt 0.600000 0.275000
vt 0.600000 0.231250
vt 0.400000 0.775000
vt 0.637516 0.731250
vt 0.362484 0.518750
vt 0.400000 0.475000
vt 0.378877 0.733694
vt 0.384375 0.468750
vt 0.375000 0.997205
vt 0.872205 0.750000
vt 0.375000 0.252795
vt 0.872205 0.500000
vt 0.375000 0.995341
vt 0.375000 0.005435
vt 0.870341 0.750000
vt 0.603259 0.002743
vt 0.375000 0.254659
vt 0.870341 0.500000
vt 0.375000 0.986955
vt 0.375000 0.006522
vt 0.861955 0.750000
vt 0.861955 0.500000
vt 0.375000 0.009784
vt 0.861955 0.750000
vt 0.375000 0.983694
vt 0.375000 0.016306
vt 0.858694 0.750000
vt 0.858694 0.500000
s 0
usemtl BoardBody
f 4/1/1 5/2/1 1/3/1
f 4/1/2 9/4/2 6/5/2
f 7/6/3 8/7/3 2/8/3
f 7/9/4 12/10/4 9/11/4
f 10/12/5 11/13/5 3/14/5
f 10/15/6 6/5/6 12/16/6
f 6/5/7 9/4/7 12/16/7
f 16/17/8 17/18/8 13/19/8
f 16/17/9 21/20/9 18/21/9
f 19/22/10 20/23/10 14/24/10
f 23/25/11 21/26/11 19/27/11
f 22/28/12 23/25/12 15/29/12
f 22/28/13 18/30/13 24/31/13
f 18/21/14 21/20/14 24/32/14
f 28/33/15 29/34/15 25/35/15
f 32/36/16 30/37/16 28/33/16
f 31/38/17 32/39/17 26/40/17
f 35/41/18 33/42/18 31/38/18
f 34/43/19 35/41/19 27/44/19
f 34/45/20 30/37/20 36/46/20
f 30/37/21 33/47/21 36/46/21
f 40/48/22 41/49/22 37/50/22
f 40/51/23 45/52/23 42/53/23
f 43/54/24 44/55/24 38/56/24
f 43/54/25 48/57/25 45/52/25
f 46/58/26 47/59/26 39/60/26
f 46/58/27 42/53/27 48/57/27
f 42/53/28 45/52/28 48/57/28
f 52/61/29 53/62/29 49/63/29
f 56/64/30 54/65/30 52/61/30
f 55/66/31 56/64/31 50/67/31
f 59/68/32 57/69/32 55/66/32
f 58/70/33 59/68/33 51/71/33
f 58/70/34 54/65/34 60/72/34
f 54/65/35 57/69/35 60/72/35
f 64/73/36 65/74/36 61/75/36
f 64/73/37 69/76/37 66/77/37
f 67/78/38 68/79/38 62/80/38
f 67/78/39 72/81/39 69/76/39
f 70/82/40 71/83/40 63/84/40
f 70/82/41 66/77/41 72/81/41
f 66/77/42 69/76/42 72/81/42
f 76/85/43 77/86/43 73/87/43
f 76/85/44 81/88/44 78/89/44
f 79/90/45 80/91/45 74/92/45
f 79/90/46 84/93/46 81/88/46
f 82/94/47 83/95/47 75/96/47
f 82/94/48 78/89/48 84/93/48
f 78/89/49 81/88/49 84/93/49
f 88/97/50 89/98/50 85/99/50
f 92/100/51 90/101/51 88/97/51
f 91/102/52 92/100/52 86/103/52
f 95/104/53 93/105/53 91/102/53
f 94/106/54 95/104/54 87/107/54
f 94/106/55 90/101/55 96/108/55
f 90/101/56 93/105/56 96/108/56
f 1/3/57 28/33/57 25/35/57
f 5/2/58 32/36/58 28/33/58
f 10/12/59 26/40/59 32/39/59
f 13/19/60 7/6/60 2/8/60
f 17/109/61 11/13/61 7/9/61
f 22/28/62 3/14/62 11/13/62
f 37/50/63 19/22/63 14/24/63
f 41/110/64 23/25/64 19/27/64
f 46/58/65 15/29/65 23/25/65
f 27/44/66 43/54/66 38/56/66
f 35/41/67 47/59/67 43/54/67
f 31/38/68 39/60/68 47/59/68
f 25/35/69 76/85/69 73/87/69
f 29/34/70 80/91/70 76/85/70
f 34/43/71 74/92/71 80/91/71
f 85/99/72 40/48/72 37/50/72
f 89/98/73 44/55/73 40/51/73
f 94/106/74 38/56/74 44/55/74
f 75/96/75 91/102/75 86/103/75
f 83/95/76 95/104/76 91/102/76
f 79/90/77 87/107/77 95/104/77
f 73/87/78 52/61/78 49/63/78
f 77/86/79 56/64/79 52/61/79
f 82/94/80 50/67/80 56/64/80
f 61/75/81 88/97/81 85/99/81
f 65/74/82 92/100/82 88/97/82
f 70/82/83 86/103/83 92/100/83
f 51/71/84 67/78/84 62/80/84
f 59/68/85 71/83/85 67/78/85
f 55/66/86 63/84/86 71/83/86
f 49/63/87 4/1/87 1/3/87
f 53/62/88 8/111/88 4/1/88
f 58/70/89 2/8/89 8/7/89
f 14/24/90 64/73/90 61/75/90
f 20/112/91 68/79/91 64/73/91
f 16/17/92 62/80/92 68/79/92
f 73/87/93 1/3/93 25/35/93
f 15/29/94 26/40/94 3/14/94
f 62/80/95 2/8/95 51/71/95
f 37/50/96 61/75/96 85/99/96
f 38/56/97 74/92/97 27/44/97
f 86/103/98 50/67/98 75/96/98
f 4/1/198 6/5/198 5/2/198
f 4/1/2 8/111/2 9/4/2
f 7/6/199 9/668/199 8/7/199
f 7/9/4 11/13/4 12/10/4
f 10/12/200 12/10/200 11/13/200
f 10/15/6 5/2/6 6/5/6
f 16/17/201 18/21/201 17/18/201
f 16/17/9 20/112/9 21/20/9
f 19/22/202 21/669/202 20/23/202
f 23/25/11 24/31/11 21/26/11
f 22/28/203 24/31/203 23/25/203
f 22/28/13 17/109/13 18/30/13
f 28/33/204 30/37/204 29/34/204
f 32/36/16 33/47/16 30/37/16
f 31/38/205 33/42/205 32/39/205
f 35/41/18 36/670/18 33/42/18
f 34/43/206 36/670/206 35/41/206
f 34/45/20 29/34/20 30/37/20
f 40/48/207 42/671/207 41/49/207
f 40/51/23 44/55/23 45/52/23
f 43/54/208 45/52/208 44/55/208
f 43/54/25 47/59/25 48/57/25
f 46/58/209 48/57/209 47/59/209
f 46/58/27 41/110/27 42/53/27
f 52/61/210 54/65/210 53/62/210
f 56/64/30 57/69/30 54/65/30
f 55/66/211 57/69/211 56/64/211
f 59/68/32 60/72/32 57/69/32
f 58/70/212 60/72/212 59/68/212
f 58/70/34 53/62/34 54/65/34
f 64/73/213 66/77/213 65/74/213
f 64/73/37 68/79/37 69/76/37
f 67/78/214 69/76/214 68/79/214
f 67/78/39 71/83/39 72/81/39
f 70/82/215 72/81/215 71/83/215
f 70/82/41 65/74/41 66/77/41
f 76/85/216 78/89/216 77/86/216
f 76/85/44 80/91/44 81/88/44
f 79/90/217 81/88/217 80/91/217
f 79/90/46 83/95/46 84/93/46
f 82/94/218 84/93/218 83/95/218
f 82/94/48 77/86/48 78/89/48
f 88/97/219 90/101/219 89/98/219
f 92/100/51 93/105/51 90/101/51
f 91/102/220 93/105/220 92/100/220
f 95/104/53 96/108/53 93/105/53
f 94/106/221 96/108/221 95/104/221
f 94/106/55 89/98/55 90/101/55
f 1/3/57 5/2/57 28/33/57
f 5/2/58 10/15/58 32/36/58
f 10/12/59 3/14/59 26/40/59
f 13/19/184 17/18/184 7/6/184
f 17/109/61 22/28/61 11/13/61
f 22/28/62 15/29/62 3/14/62
f 37/50/63 41/49/63 19/22/63
f 41/110/64 46/58/64 23/25/64
f 46/58/65 39/60/65 15/29/65
f 27/44/185 35/41/185 43/54/185
f 35/41/67 31/38/67 47/59/67
f 31/38/68 26/40/68 39/60/68
f 25/35/69 29/34/69 76/85/69
f 29/34/70 34/45/70 80/91/70
f 34/43/107 27/44/107 74/92/107
f 85/99/72 89/98/72 40/48/72
f 89/98/73 94/106/73 44/55/73
f 94/106/108 87/107/108 38/56/108
f 75/96/75 83/95/75 91/102/75
f 83/95/76 79/90/76 95/104/76
f 79/90/109 74/92/109 87/107/109
f 73/87/78 77/86/78 52/61/78
f 77/86/79 82/94/79 56/64/79
f 82/94/80 75/96/80 50/67/80
f 61/75/81 65/74/81 88/97/81
f 65/74/82 70/82/82 92/100/82
f 70/82/83 63/84/83 86/103/83
f 51/71/151 59/68/151 67/78/151
f 59/68/85 55/66/85 71/83/85
f 55/66/86 50/67/86 63/84/86
f 49/63/87 53/62/87 4/1/87
f 53/62/88 58/70/88 8/111/88
f 58/70/110 51/71/110 2/8/110
f 14/24/90 20/23/90 64/73/90
f 20/112/91 16/17/91 68/79/91
f 16/17/111 13/19/111 62/80/111
f 73/87/93 49/63/93 1/3/93
f 15/29/94 39/60/94 26/40/94
f 62/80/95 13/19/95 2/8/95
f 37/50/96 14/24/96 61/75/96
f 38/56/97 87/107/97 74/92/97
f 86/103/98 63/84/98 50/67/98
usemtl Black
f 100/113/1 101/114/1 97/115/1
f 100/113/2 105/116/2 102/117/2
f 103/118/3 104/119/3 98/120/3
f 107/121/4 105/11/4 103/122/4
f 106/123/5 107/121/5 99/124/5
f 101/114/6 108/125/6 106/126/6
f 102/117/99 105/116/99 108/125/99
f 112/127/8 113/128/8 109/129/8
f 116/130/9 114/131/9 112/127/9
f 115/132/10 116/133/10 110/134/10
f 119/135/11 117/26/11 115/136/11
f 118/137/12 119/135/12 111/138/12
f 113/139/13 120/140/13 118/137/13
f 114/131/100 117/141/100 120/142/100
f 124/143/15 125/144/15 121/145/15
f 124/143/16 129/146/16 126/147/16
f 127/148/17 128/149/17 122/150/17
f 131/151/18 129/152/18 127/148/18
f 130/153/19 131/151/19 123/154/19
f 130/155/20 126/147/20 132/156/20
f 126/147/101 129/146/101 132/156/101
f 136/157/22 137/158/22 133/159/22
f 136/160/23 141/161/23 138/162/23
f 139/163/24 140/164/24 134/165/24
f 143/166/25 141/161/25 139/163/25
f 142/167/26 143/166/26 135/168/26
f 137/169/27 144/170/27 142/167/27
f 138/162/102 141/161/102 144/170/102
f 148/171/29 149/172/29 145/173/29
f 148/171/30 153/174/30 150/175/30
f 151/176/31 152/177/31 146/178/31
f 155/179/32 153/174/32 151/176/32
f 154/180/33 155/179/33 147/181/33
f 149/172/34 156/182/34 154/180/34
f 150/175/103 153/174/103 156/182/103
f 160/183/36 161/184/36 157/185/36
f 160/183/37 165/186/37 162/187/37
f 163/188/38 164/189/38 158/190/38
f 163/188/39 168/191/39 165/186/39
f 166/192/40 167/193/40 159/194/40
f 161/184/41 168/191/41 166/192/41
f 162/187/104 165/186/104 168/191/104
f 172/195/43 173/196/43 169/197/43
f 176/198/44 174/199/44 172/195/44
f 175/200/45 176/198/45 170/201/45
f 179/202/46 177/203/46 175/200/46
f 178/204/47 179/202/47 171/205/47
f 173/196/48 180/206/48 178/204/48
f 174/199/105 177/203/105 180/206/105
f 184/207/50 185/208/50 181/209/50
f 188/210/51 186/211/51 184/207/51
f 187/212/52 188/210/52 182/213/52
f 191/214/53 189/215/53 187/212/53
f 190/216/54 191/214/54 183/217/54
f 190/216/55 186/211/55 192/218/55
f 186/211/106 189/215/106 192/218/106
f 97/115/57 124/143/57 121/145/57
f 101/114/58 128/219/58 124/143/58
f 106/123/59 122/150/59 128/149/59
f 109/129/60 103/118/60 98/120/60
f 113/139/61 107/121/61 103/122/61
f 118/137/62 99/124/62 107/121/62
f 110/134/63 137/158/63 115/132/63
f 137/169/64 119/135/64 115/136/64
f 142/167/65 111/138/65 119/135/65
f 123/154/66 139/163/66 134/165/66
f 131/151/67 143/166/67 139/163/67
f 143/166/68 122/150/68 135/168/68
f 121/145/69 172/195/69 169/197/69
f 125/144/70 176/198/70 172/195/70
f 130/153/107 170/201/107 176/198/107
f 181/209/72 136/157/72 133/159/72
f 185/208/73 140/164/73 136/160/73
f 190/216/108 134/165/108 140/164/108
f 182/213/75 179/202/75 187/212/75
f 179/202/76 191/214/76 187/212/76
f 175/200/109 183/217/109 191/214/109
f 169/197/78 148/171/78 145/173/78
f 173/196/79 152/177/79 148/171/79
f 178/204/80 146/178/80 152/177/80
f 157/185/81 184/207/81 181/209/81
f 161/184/82 188/210/82 184/207/82
f 166/192/83 182/213/83 188/210/83
f 147/181/84 163/188/84 158/190/84
f 155/179/85 167/193/85 163/188/85
f 167/193/86 146/178/86 159/194/86
f 145/173/87 100/113/87 97/115/87
f 149/172/88 104/220/88 100/113/88
f 154/180/110 98/120/110 104/119/110
f 110/134/90 160/183/90 157/185/90
f 116/130/91 164/189/91 160/183/91
f 112/127/111 158/190/111 164/189/111
f 169/197/93 97/115/93 121/145/93
f 111/138/94 122/150/94 99/124/94
f 158/190/95 98/120/95 147/181/95
f 133/159/96 157/185/96 181/209/96
f 134/165/97 170/201/97 123/154/97
f 182/213/98 146/178/98 171/205/98
f 292/331/1 293/332/1 289/333/1
f 292/331/2 297/334/2 294/335/2
f 295/336/3 296/337/3 290/338/3
f 299/339/4 297/11/4 295/340/4
f 298/341/129 299/339/129 291/342/129
f 298/343/6 294/335/6 300/344/6
f 294/335/130 297/334/130 300/344/130
f 304/345/8 305/346/8 301/347/8
f 304/345/9 309/348/9 306/349/9
f 307/350/10 308/351/10 302/352/10
f 311/353/11 309/26/11 307/354/11
f 310/355/131 311/353/131 303/356/131
f 305/357/132 312/358/132 310/355/132
f 306/349/133 309/348/133 312/359/133
f 316/360/15 317/361/15 313/362/15
f 316/360/16 321/363/16 318/364/16
f 319/365/134 320/366/134 314/367/134
f 319/365/18 324/368/18 321/369/18
f 322/370/19 323/371/19 315/372/19
f 317/361/135 324/373/135 322/374/135
f 318/364/136 321/363/136 324/373/136
f 328/375/22 329/376/22 325/377/22
f 332/378/23 330/270/23 328/379/23
f 331/380/24 332/378/24 326/381/24
f 335/382/25 333/383/25 331/380/25
f 334/384/137 335/382/137 327/385/137
f 334/384/27 330/270/27 336/386/27
f 330/270/138 333/383/138 336/386/138
f 340/387/29 341/388/29 337/389/29
f 344/390/30 342/391/30 340/387/30
f 343/392/139 344/390/139 338/393/139
f 343/392/32 348/394/32 345/395/32
f 346/396/140 347/397/140 339/398/140
f 341/388/34 348/394/34 346/396/34
f 342/391/141 345/395/141 348/394/141
f 352/399/36 353/400/36 349/401/36
f 352/399/37 357/402/37 354/403/37
f 355/404/142 356/405/142 350/406/142
f 359/407/39 357/402/39 355/404/39
f 358/408/143 359/407/143 351/409/143
f 358/408/41 354/403/41 360/410/41
f 354/403/144 357/402/144 360/410/144
f 364/411/43 365/412/43 361/413/43
f 364/411/44 369/312/44 366/414/44
f 367/415/45 368/416/45 362/417/45
f 371/418/46 369/312/46 367/415/46
f 370/419/145 371/418/145 363/420/145
f 370/419/48 366/414/48 372/421/48
f 366/414/146 369/312/146 372/421/146
f 376/422/50 377/317/50 373/423/50
f 380/424/147 378/425/147 376/422/147
f 379/426/148 380/424/148 374/427/148
f 383/428/53 381/429/53 379/426/53
f 382/430/54 383/428/54 375/431/54
f 382/430/55 378/425/55 384/432/55
f 378/425/149 381/429/149 384/432/149
f 289/333/57 316/360/57 313/362/57
f 293/332/58 320/433/58 316/360/58
f 298/341/59 314/367/59 320/366/59
f 301/347/60 295/336/60 290/338/60
f 305/357/61 299/339/61 295/340/61
f 310/355/62 291/342/62 299/339/62
f 325/377/150 307/350/150 302/352/150
f 329/434/64 311/353/64 307/354/64
f 334/384/65 303/356/65 311/353/65
f 315/372/66 331/380/66 326/381/66
f 323/371/67 335/382/67 331/380/67
f 319/365/68 327/385/68 335/382/68
f 313/362/69 364/411/69 361/413/69
f 317/361/70 368/416/70 364/411/70
f 322/370/107 362/417/107 368/416/107
f 373/423/72 328/375/72 325/377/72
f 377/317/73 332/378/73 328/379/73
f 382/430/108 326/381/108 332/378/108
f 363/420/75 379/426/75 374/427/75
f 371/418/76 383/428/76 379/426/76
f 367/415/109 375/431/109 383/428/109
f 361/413/78 340/387/78 337/389/78
f 365/412/79 344/390/79 340/387/79
f 370/419/80 338/393/80 344/390/80
f 349/401/81 376/422/81 373/423/81
f 353/400/82 380/424/82 376/422/82
f 358/408/83 374/427/83 380/424/83
f 339/398/151 355/404/151 350/406/151
f 347/397/85 359/407/85 355/404/85
f 343/392/86 351/409/86 359/407/86
f 337/389/152 292/331/152 289/333/152
f 341/388/88 296/435/88 292/331/88
f 346/396/110 290/338/110 296/337/110
f 302/352/153 352/399/153 349/401/153
f 308/436/91 356/405/91 352/399/91
f 304/345/111 350/406/111 356/405/111
f 361/413/93 289/333/93 313/362/93
f 303/356/94 314/367/94 291/342/94
f 350/406/95 290/338/95 339/398/95
f 325/377/96 349/401/96 373/423/96
f 326/381/97 362/417/97 315/372/97
f 374/427/98 338/393/98 363/420/98
f 484/546/1 485/332/1 481/333/1
f 488/435/2 486/335/2 484/546/2
f 487/336/3 488/337/3 482/547/3
f 491/548/4 489/11/4 487/340/4
f 490/341/129 491/548/129 483/342/129
f 485/332/172 492/344/172 490/343/172
f 486/335/130 489/334/130 492/344/130
f 496/345/8 497/346/8 493/347/8
f 496/345/9 501/348/9 498/349/9
f 499/350/10 500/351/10 494/352/10
f 503/549/11 501/26/11 499/354/11
f 502/550/131 503/549/131 495/551/131
f 497/357/132 504/358/132 502/550/132
f 498/349/133 501/348/133 504/359/133
f 508/552/15 509/361/15 505/553/15
f 512/433/16 510/364/16 508/552/16
f 511/554/134 512/366/134 506/367/134
f 515/371/173 513/369/173 511/554/173
f 514/370/19 515/371/19 507/372/19
f 514/374/20 510/364/20 516/373/20
f 510/364/136 513/363/136 516/373/136
f 520/375/22 521/376/22 517/555/22
f 520/379/23 525/556/23 522/270/23
f 523/557/24 524/558/24 518/381/24
f 527/559/25 525/556/25 523/557/25
f 526/560/137 527/559/137 519/385/137
f 526/560/27 522/270/27 528/561/27
f 522/270/138 525/556/138 528/561/138
f 532/387/29 533/388/29 529/389/29
f 536/390/30 534/391/30 532/387/30
f 535/562/139 536/390/139 530/563/139
f 539/564/32 537/565/32 535/562/32
f 538/566/33 539/564/33 531/398/33
f 538/566/34 534/391/34 540/394/34
f 534/391/141 537/565/141 540/394/141
f 544/567/36 545/568/36 541/569/36
f 548/570/174 546/571/174 544/567/174
f 547/572/38 548/570/38 542/406/38
f 551/573/39 549/574/39 547/572/39
f 550/575/143 551/573/143 543/409/143
f 550/575/41 546/571/41 552/576/41
f 546/571/144 549/574/144 552/576/144
f 556/411/43 557/577/43 553/413/43
f 560/416/44 558/414/44 556/411/44
f 559/578/45 560/416/45 554/579/45
f 563/580/46 561/581/46 559/578/46
f 562/419/145 563/580/145 555/582/145
f 562/419/48 558/414/48 564/583/48
f 558/414/146 561/581/146 564/583/146
f 568/584/50 569/585/50 565/423/50
f 568/584/51 573/586/51 570/425/51
f 571/426/148 572/587/148 566/588/148
f 571/426/53 576/432/53 573/586/53
f 574/589/54 575/590/54 567/431/54
f 569/585/55 576/432/55 574/589/55
f 570/425/149 573/586/149 576/432/149
f 481/333/175 508/552/175 505/553/175
f 485/332/58 512/433/58 508/552/58
f 490/341/59 506/367/59 512/366/59
f 493/347/60 487/336/60 482/547/60
f 497/357/61 491/548/61 487/340/61
f 502/550/62 483/342/62 491/548/62
f 517/555/150 499/350/150 494/352/150
f 521/434/64 503/549/64 499/354/64
f 526/560/65 495/551/65 503/549/65
f 507/372/66 523/557/66 518/381/66
f 515/371/67 527/559/67 523/557/67
f 511/554/68 519/385/68 527/559/68
f 505/553/69 556/411/69 553/413/69
f 509/361/70 560/416/70 556/411/70
f 514/370/107 554/579/107 560/416/107
f 565/423/72 520/375/72 517/555/72
f 569/585/73 524/558/73 520/379/73
f 574/589/108 518/381/108 524/558/108
f 555/582/75 571/426/75 566/588/75
f 563/580/76 575/590/76 571/426/76
f 559/578/109 567/431/109 575/590/109
f 553/413/78 532/387/78 529/389/78
f 557/577/79 536/390/79 532/387/79
f 562/419/80 530/563/80 536/390/80
f 541/569/81 568/584/81 565/423/81
f 545/568/82 572/587/82 568/584/82
f 550/575/83 566/588/83 572/587/83
f 531/398/84 547/572/84 542/406/84
f 539/564/85 551/573/85 547/572/85
f 535/562/86 543/409/86 551/573/86
f 529/389/87 484/546/87 481/333/87
f 533/388/88 488/435/88 484/546/88
f 538/566/110 482/547/110 488/337/110
f 494/352/90 544/567/90 541/569/90
f 500/436/91 548/570/91 544/567/91
f 496/345/111 542/406/111 548/570/111
f 553/413/93 481/333/93 505/553/93
f 495/551/94 506/367/94 483/342/94
f 542/406/95 482/547/95 531/398/95
f 517/555/96 541/569/96 565/423/96
f 518/381/97 554/579/97 507/372/97
f 566/588/98 530/563/98 555/582/98
f 676/331/1 677/332/1 673/603/1
f 680/435/2 678/335/2 676/331/2
f 679/336/3 680/337/3 674/338/3
f 683/339/4 681/11/4 679/340/4
f 682/341/129 683/339/129 675/342/129
f 682/343/6 678/335/6 684/344/6
f 678/335/130 681/334/130 684/344/130
f 688/604/8 689/346/8 685/347/8
f 692/436/186 690/349/186 688/604/186
f 691/350/10 692/351/10 686/352/10
f 695/605/11 693/26/11 691/354/11
f 694/355/131 695/605/131 687/551/131
f 694/355/13 690/606/13 696/358/13
f 690/349/133 693/348/133 696/359/133
f 700/360/15 701/361/15 697/607/15
f 704/433/16 702/364/16 700/360/16
f 703/365/134 704/366/134 698/367/134
f 703/365/18 708/368/18 705/369/18
f 706/370/19 707/371/19 699/372/19
f 706/374/20 702/364/20 708/373/20
f 702/364/136 705/363/136 708/373/136
f 712/375/22 713/376/22 709/377/22
f 712/379/178 717/383/178 714/270/178
f 715/380/24 716/378/24 710/381/24
f 719/382/25 717/383/25 715/380/25
f 718/384/137 719/382/137 711/385/137
f 718/384/27 714/270/27 720/386/27
f 714/270/138 717/383/138 720/386/138
f 724/387/29 725/388/29 721/389/29
f 724/387/30 729/608/30 726/391/30
f 727/392/139 728/390/139 722/393/139
f 727/392/32 732/394/32 729/608/32
f 730/396/33 731/397/33 723/398/33
f 730/396/34 726/391/34 732/394/34
f 726/391/141 729/608/141 732/394/141
f 736/399/36 737/400/36 733/401/36
f 736/399/37 741/402/37 738/403/37
f 739/404/38 740/405/38 734/406/38
f 743/407/39 741/402/39 739/404/39
f 742/609/143 743/407/143 735/610/143
f 742/609/41 738/403/41 744/410/41
f 738/403/144 741/402/144 744/410/144
f 748/411/43 749/412/43 745/413/43
f 752/416/44 750/414/44 748/411/44
f 751/415/45 752/416/45 746/417/45
f 755/418/46 753/312/46 751/415/46
f 754/419/145 755/418/145 747/420/145
f 749/412/48 756/583/48 754/419/48
f 750/414/146 753/312/146 756/583/146
f 760/422/50 761/317/50 757/423/50
f 764/424/147 762/425/147 760/422/147
f 763/426/148 764/424/148 758/427/148
f 763/426/53 768/432/53 765/429/53
f 766/430/54 767/428/54 759/431/54
f 761/317/55 768/432/55 766/430/55
f 762/425/149 765/429/149 768/432/149
f 673/603/57 700/360/57 697/607/57
f 677/332/58 704/433/58 700/360/58
f 682/341/59 698/367/59 704/366/59
f 685/347/60 679/336/60 674/338/60
f 689/357/61 683/339/61 679/340/61
f 694/355/62 675/342/62 683/339/62
f 709/377/150 691/350/150 686/352/150
f 713/434/64 695/605/64 691/354/64
f 718/384/65 687/551/65 695/605/65
f 699/372/66 715/380/66 710/381/66
f 707/371/67 719/382/67 715/380/67
f 703/365/68 711/385/68 719/382/68
f 697/607/69 748/411/69 745/413/69
f 701/361/70 752/416/70 748/411/70
f 706/370/107 746/417/107 752/416/107
f 757/423/72 712/375/72 709/377/72
f 761/317/73 716/378/73 712/379/73
f 766/430/108 710/381/108 716/378/108
f 747/420/75 763/426/75 758/427/75
f 755/418/76 767/428/76 763/426/76
f 751/415/109 759/431/109 767/428/109
f 745/413/78 724/387/78 721/389/78
f 749/412/79 728/390/79 724/387/79
f 754/419/80 722/393/80 728/390/80
f 733/401/81 760/422/81 757/423/81
f 737/400/82 764/424/82 760/422/82
f 742/609/83 758/427/83 764/424/83
f 723/398/151 739/404/151 734/406/151
f 731/397/85 743/407/85 739/404/85
f 727/392/86 735/610/86 743/407/86
f 721/389/87 676/331/87 673/603/87
f 725/388/88 680/435/88 676/331/88
f 730/396/110 674/338/110 680/337/110
f 686/352/90 736/399/90 733/401/90
f 692/436/91 740/405/91 736/399/91
f 688/604/111 734/406/111 740/405/111
f 745/413/93 673/603/93 697/607/93
f 687/551/94 698/367/94 675/342/94
f 734/406/95 674/338/95 723/398/95
f 709/377/96 733/401/96 757/423/96
f 710/381/97 746/417/97 699/372/97
f 758/427/98 722/393/98 747/420/98
f 868/331/1 869/332/1 865/603/1
f 872/435/2 870/335/2 868/331/2
f 871/336/3 872/337/3 866/338/3
f 875/339/4 873/11/4 871/340/4
f 874/341/129 875/339/129 867/342/129
f 874/343/6 870/335/6 876/344/6
f 870/335/130 873/334/130 876/344/130
f 880/604/8 881/346/8 877/347/8
f 884/436/186 882/349/186 880/604/186
f 883/350/10 884/351/10 878/352/10
f 887/605/11 885/26/11 883/354/11
f 886/355/131 887/605/131 879/551/131
f 881/357/132 888/358/132 886/355/132
f 882/349/133 885/348/133 888/359/133
f 892/360/15 893/361/15 889/362/15
f 896/433/188 894/364/188 892/360/188
f 895/619/134 896/366/134 890/367/134
f 899/371/173 897/369/173 895/619/173
f 898/370/19 899/371/19 891/372/19
f 898/374/20 894/364/20 900/373/20
f 894/364/136 897/363/136 900/373/136
f 904/375/22 905/376/22 901/377/22
f 908/378/189 906/270/189 904/379/189
f 907/380/24 908/378/24 902/381/24
f 907/380/162 912/386/162 909/383/162
f 910/384/137 911/382/137 903/385/137
f 910/384/27 906/270/27 912/386/27
f 906/270/138 909/383/138 912/386/138
f 916/387/29 917/388/29 913/389/29
f 920/390/30 918/391/30 916/387/30
f 919/392/139 920/390/139 914/393/139
f 923/397/32 921/395/32 919/392/32
f 922/396/33 923/397/33 915/398/33
f 922/396/34 918/391/34 924/620/34
f 918/391/141 921/395/141 924/620/141
f 928/399/36 929/400/36 925/401/36
f 932/405/174 930/403/174 928/399/174
f 931/404/38 932/405/38 926/406/38
f 935/407/39 933/402/39 931/404/39
f 934/609/143 935/407/143 927/610/143
f 929/400/41 936/410/41 934/609/41
f 930/403/144 933/402/144 936/410/144
f 940/411/43 941/412/43 937/413/43
f 944/416/44 942/414/44 940/411/44
f 943/415/45 944/416/45 938/417/45
f 943/415/46 948/421/46 945/312/46
f 946/419/145 947/418/145 939/420/145
f 946/419/48 942/414/48 948/421/48
f 942/414/146 945/312/146 948/421/146
f 952/422/50 953/621/50 949/423/50
f 956/424/51 954/425/51 952/422/51
f 955/426/148 956/424/148 950/427/148
f 955/426/53 960/432/53 957/429/53
f 958/430/54 959/428/54 951/431/54
f 958/430/55 954/425/55 960/432/55
f 954/425/149 957/429/149 960/432/149
f 865/603/175 892/360/175 889/362/175
f 869/332/58 896/433/58 892/360/58
f 874/341/59 890/367/59 896/366/59
f 877/347/60 871/336/60 866/338/60
f 881/357/61 875/339/61 871/340/61
f 886/355/62 867/342/62 875/339/62
f 901/377/150 883/350/150 878/352/150
f 905/434/64 887/605/64 883/354/64
f 910/384/65 879/551/65 887/605/65
f 891/372/66 907/380/66 902/381/66
f 899/371/67 911/382/67 907/380/67
f 895/619/68 903/385/68 911/382/68
f 889/362/69 940/411/69 937/413/69
f 893/361/70 944/416/70 940/411/70
f 898/370/107 938/417/107 944/416/107
f 949/423/72 904/375/72 901/377/72
f 953/621/73 908/378/73 904/379/73
f 958/430/108 902/381/108 908/378/108
f 939/420/75 955/426/75 950/427/75
f 947/418/76 959/428/76 955/426/76
f 943/415/109 951/431/109 959/428/109
f 937/413/78 916/387/78 913/389/78
f 941/412/79 920/390/79 916/387/79
f 946/419/80 914/393/80 920/390/80
f 925/401/81 952/422/81 949/423/81
f 929/400/82 956/424/82 952/422/82
f 934/609/83 950/427/83 956/424/83
f 915/398/84 931/404/84 926/406/84
f 923/397/85 935/407/85 931/404/85
f 919/392/86 927/610/86 935/407/86
f 913/389/87 868/331/87 865/603/87
f 917/388/88 872/435/88 868/331/88
f 922/396/110 866/338/110 872/337/110
f 878/352/90 928/399/90 925/401/90
f 884/436/91 932/405/91 928/399/91
f 880/604/111 926/406/111 932/405/111
f 937/413/93 865/603/93 889/362/93
f 879/551/94 890/367/94 867/342/94
f 926/406/95 866/338/95 915/398/95
f 901/377/96 925/401/96 949/423/96
f 902/381/97 938/417/97 891/372/97
f 950/427/98 914/393/98 939/420/98
f 1060/546/1 1061/659/1 1057/603/1
f 1060/546/2 1065/334/2 1062/335/2
f 1063/336/3 1064/337/3 1058/547/3
f 1067/548/4 1065/11/4 1063/340/4
f 1066/341/129 1067/548/129 1059/342/129
f 1061/659/192 1068/344/192 1066/343/192
f 1062/335/130 1065/334/130 1068/344/130
f 1072/345/8 1073/346/8 1069/347/8
f 1072/345/9 1077/348/9 1074/349/9
f 1075/350/10 1076/351/10 1070/352/10
f 1079/353/11 1077/26/11 1075/354/11
f 1078/550/131 1079/353/131 1071/551/131
f 1078/550/13 1074/606/13 1080/358/13
f 1074/349/133 1077/348/133 1080/359/133
f 1084/552/15 1085/361/15 1081/607/15
f 1088/433/16 1086/364/16 1084/552/16
f 1087/554/134 1088/366/134 1082/367/134
f 1087/554/18 1092/368/18 1089/369/18
f 1090/370/19 1091/371/19 1083/372/19
f 1085/361/135 1092/373/135 1090/374/135
f 1086/364/136 1089/363/136 1092/373/136
f 1096/375/22 1097/376/22 1093/555/22
f 1100/558/23 1098/270/23 1096/379/23
f 1099/557/24 1100/558/24 1094/660/24
f 1103/382/25 1101/556/25 1099/557/25
f 1102/560/137 1103/382/137 1095/661/137
f 1102/560/27 1098/270/27 1104/561/27
f 1098/270/138 1101/556/138 1104/561/138
f 1108/387/29 1109/388/29 1105/389/29
f 1112/390/30 1110/391/30 1108/387/30
f 1111/562/139 1112/390/139 1106/563/139
f 1111/562/32 1116/620/32 1113/395/32
f 1114/566/33 1115/397/33 1107/662/33
f 1114/566/193 1110/391/193 1116/620/193
f 1110/391/141 1113/395/141 1116/620/141
f 1120/567/36 1121/663/36 1117/401/36
f 1124/570/37 1122/571/37 1120/567/37
f 1123/572/38 1124/570/38 1118/406/38
f 1127/573/39 1125/574/39 1123/572/39
f 1126/575/143 1127/573/143 1119/610/143
f 1126/575/41 1122/571/41 1128/576/41
f 1122/571/144 1125/574/144 1128/576/144
f 1132/411/43 1133/664/43 1129/413/43
f 1136/416/44 1134/414/44 1132/411/44
f 1135/578/167 1136/416/167 1130/665/167
f 1139/580/46 1137/581/46 1135/578/46
f 1138/419/145 1139/580/145 1131/582/145
f 1138/419/48 1134/414/48 1140/583/48
f 1134/414/146 1137/581/146 1140/583/146
f 1144/584/50 1145/317/50 1141/423/50
f 1148/587/51 1146/425/51 1144/584/51
f 1147/426/148 1148/587/148 1142/588/148
f 1147/426/53 1152/432/53 1149/586/53
f 1150/589/169 1151/590/169 1143/431/169
f 1145/317/55 1152/432/55 1150/589/55
f 1146/425/149 1149/586/149 1152/432/149
f 1057/603/57 1084/552/57 1081/607/57
f 1061/659/58 1088/433/58 1084/552/58
f 1066/341/59 1082/367/59 1088/366/59
f 1069/347/60 1063/336/60 1058/547/60
f 1073/357/61 1067/548/61 1063/340/61
f 1078/550/62 1059/342/62 1067/548/62
f 1093/555/150 1075/350/150 1070/352/150
f 1097/434/64 1079/353/64 1075/354/64
f 1102/560/65 1071/551/65 1079/353/65
f 1083/372/66 1099/557/66 1094/660/66
f 1091/371/67 1103/382/67 1099/557/67
f 1087/554/68 1095/661/68 1103/382/68
f 1081/607/194 1132/411/194 1129/413/194
f 1085/361/70 1136/416/70 1132/411/70
f 1090/370/107 1130/665/107 1136/416/107
f 1141/423/171 1096/375/171 1093/555/171
f 1145/317/73 1100/558/73 1096/379/73
f 1150/589/108 1094/660/108 1100/558/108
f 1131/582/75 1147/426/75 1142/588/75
f 1139/580/76 1151/590/76 1147/426/76
f 1135/578/109 1143/431/109 1151/590/109
f 1129/413/78 1108/387/78 1105/389/78
f 1133/664/79 1112/390/79 1108/387/79
f 1138/419/80 1106/563/80 1112/390/80
f 1117/401/81 1144/584/81 1141/423/81
f 1121/663/82 1148/587/82 1144/584/82
f 1126/575/83 1142/588/83 1148/587/83
f 1107/662/151 1123/572/151 1118/406/151
f 1115/397/85 1127/573/85 1123/572/85
f 1111/562/86 1119/610/86 1127/573/86
f 1105/389/87 1060/546/87 1057/603/87
f 1109/388/88 1064/435/88 1060/546/88
f 1114/566/110 1058/547/110 1064/337/110
f 1070/352/90 1120/567/90 1117/401/90
f 1076/436/91 1124/570/91 1120/567/91
f 1072/345/111 1118/406/111 1124/570/111
f 1129/413/93 1057/603/93 1081/607/93
f 1071/551/94 1082/367/94 1059/342/94
f 1118/406/95 1058/547/95 1107/662/95
f 1093/555/96 1117/401/96 1141/423/96
f 1094/660/97 1130/665/97 1083/372/97
f 1142/588/98 1106/563/98 1131/582/98
f 100/113/198 102/117/198 101/114/198
f 100/113/2 104/220/2 105/116/2
f 103/118/199 105/672/199 104/119/199
f 107/121/4 108/673/4 105/11/4
f 106/123/200 108/673/200 107/121/200
f 101/114/6 102/117/6 108/125/6
f 112/127/201 114/131/201 113/128/201
f 116/130/9 117/141/9 114/131/9
f 115/132/202 117/674/202 116/133/202
f 119/135/11 120/140/11 117/26/11
f 118/137/203 120/140/203 119/135/203
f 113/139/13 114/675/13 120/140/13
f 124/143/204 126/147/204 125/144/204
f 124/143/16 128/219/16 129/146/16
f 127/148/205 129/152/205 128/149/205
f 131/151/18 132/676/18 129/152/18
f 130/153/206 132/676/206 131/151/206
f 130/155/20 125/144/20 126/147/20
f 136/157/207 138/677/207 137/158/207
f 136/160/23 140/164/23 141/161/23
f 139/163/208 141/161/208 140/164/208
f 143/166/25 144/170/25 141/161/25
f 142/167/209 144/170/209 143/166/209
f 137/169/27 138/162/27 144/170/27
f 148/171/210 150/175/210 149/172/210
f 148/171/30 152/177/30 153/174/30
f 151/176/211 153/174/211 152/177/211
f 155/179/32 156/182/32 153/174/32
f 154/180/212 156/182/212 155/179/212
f 149/172/34 150/175/34 156/182/34
f 160/183/213 162/187/213 161/184/213
f 160/183/37 164/189/37 165/186/37
f 163/188/214 165/186/214 164/189/214
f 163/188/39 167/193/39 168/191/39
f 166/192/215 168/191/215 167/193/215
f 161/184/41 162/187/41 168/191/41
f 172/195/216 174/199/216 173/196/216
f 176/198/44 177/203/44 174/199/44
f 175/200/217 177/203/217 176/198/217
f 179/202/46 180/206/46 177/203/46
f 178/204/218 180/206/218 179/202/218
f 173/196/48 174/199/48 180/206/48
f 184/207/219 186/211/219 185/208/219
f 188/210/51 189/215/51 186/211/51
f 187/212/220 189/215/220 188/210/220
f 191/214/53 192/218/53 189/215/53
f 190/216/221 192/218/221 191/214/221
f 190/216/55 185/208/55 186/211/55
f 97/115/57 101/114/57 124/143/57
f 101/114/58 106/126/58 128/219/58
f 106/123/59 99/124/59 122/150/59
f 109/129/60 113/128/60 103/118/60
f 113/139/61 118/137/61 107/121/61
f 118/137/62 111/138/62 99/124/62
f 110/134/63 133/159/63 137/158/63
f 137/169/64 142/167/64 119/135/64
f 142/167/65 135/168/65 111/138/65
f 123/154/66 131/151/66 139/163/66
f 131/151/67 127/148/67 143/166/67
f 143/166/68 127/148/68 122/150/68
f 121/145/69 125/144/69 172/195/69
f 125/144/70 130/155/70 176/198/70
f 130/153/107 123/154/107 170/201/107
f 181/209/72 185/208/72 136/157/72
f 185/208/73 190/216/73 140/164/73
f 190/216/108 183/217/108 134/165/108
f 182/213/75 171/205/75 179/202/75
f 179/202/76 175/200/76 191/214/76
f 175/200/109 170/201/109 183/217/109
f 169/197/78 173/196/78 148/171/78
f 173/196/79 178/204/79 152/177/79
f 178/204/80 171/205/80 146/178/80
f 157/185/81 161/184/81 184/207/81
f 161/184/82 166/192/82 188/210/82
f 166/192/83 159/194/83 182/213/83
f 147/181/84 155/179/84 163/188/84
f 155/179/85 151/176/85 167/193/85
f 167/193/128 151/176/128 146/178/128
f 145/173/87 149/172/87 100/113/87
f 149/172/88 154/180/88 104/220/88
f 154/180/110 147/181/110 98/120/110
f 110/134/90 116/133/90 160/183/90
f 116/130/91 112/127/91 164/189/91
f 112/127/111 109/129/111 158/190/111
f 169/197/93 145/173/93 97/115/93
f 111/138/94 135/168/94 122/150/94
f 158/190/95 109/129/95 98/120/95
f 133/159/96 110/134/96 157/185/96
f 134/165/97 183/217/97 170/201/97
f 182/213/98 159/194/98 146/178/98
f 292/331/198 294/335/198 293/332/198
f 292/331/154 296/435/154 297/334/154
f 295/336/199 297/678/199 296/337/199
f 299/339/4 300/682/4 297/11/4
f 298/341/200 300/682/200 299/339/200
f 298/343/6 293/332/6 294/335/6
f 304/345/201 306/349/201 305/346/201
f 304/345/9 308/436/9 309/348/9
f 307/350/202 309/683/202 308/351/202
f 311/353/11 312/358/11 309/26/11
f 310/355/228 312/358/228 311/353/228
f 305/357/177 306/606/177 312/358/177
f 316/360/204 318/364/204 317/361/204
f 316/360/229 320/433/229 321/363/229
f 319/365/205 321/369/205 320/366/205
f 319/365/18 323/371/18 324/368/18
f 322/370/206 324/368/206 323/371/206
f 317/361/20 318/364/20 324/373/20
f 328/375/207 330/681/207 329/376/207
f 332/378/23 333/383/23 330/270/23
f 331/380/208 333/383/208 332/378/208
f 335/382/25 336/386/25 333/383/25
f 334/384/209 336/386/209 335/382/209
f 334/384/27 329/434/27 330/270/27
f 340/387/210 342/391/210 341/388/210
f 344/390/30 345/395/30 342/391/30
f 343/392/230 345/395/230 344/390/230
f 343/392/32 347/397/32 348/394/32
f 346/396/212 348/394/212 347/397/212
f 341/388/34 342/391/34 348/394/34
f 352/399/213 354/403/213 353/400/213
f 352/399/37 356/405/37 357/402/37
f 355/404/214 357/402/214 356/405/214
f 359/407/39 360/410/39 357/402/39
f 358/408/231 360/410/231 359/407/231
f 358/408/41 353/400/41 354/403/41
f 364/411/216 366/414/216 365/412/216
f 364/411/44 368/416/44 369/312/44
f 367/415/217 369/312/217 368/416/217
f 371/418/46 372/421/46 369/312/46
f 370/419/218 372/421/218 371/418/218
f 370/419/48 365/412/48 366/414/48
f 376/422/219 378/425/219 377/317/219
f 380/424/51 381/429/51 378/425/51
f 379/426/232 381/429/232 380/424/232
f 383/428/53 384/432/53 381/429/53
f 382/430/221 384/432/221 383/428/221
f 382/430/55 377/317/55 378/425/55
f 289/333/175 293/332/175 316/360/175
f 293/332/58 298/343/58 320/433/58
f 298/341/59 291/342/59 314/367/59
f 301/347/184 305/346/184 295/336/184
f 305/357/61 310/355/61 299/339/61
f 310/355/62 303/356/62 291/342/62
f 325/377/150 329/376/150 307/350/150
f 329/434/64 334/384/64 311/353/64
f 334/384/65 327/385/65 303/356/65
f 315/372/185 323/371/185 331/380/185
f 323/371/67 319/365/67 335/382/67
f 319/365/68 314/367/68 327/385/68
f 313/362/69 317/361/69 364/411/69
f 317/361/70 322/374/70 368/416/70
f 322/370/71 315/372/71 362/417/71
f 373/423/72 377/317/72 328/375/72
f 377/317/73 382/430/73 332/378/73
f 382/430/74 375/431/74 326/381/74
f 363/420/75 371/418/75 379/426/75
f 371/418/76 367/415/76 383/428/76
f 367/415/77 362/417/77 375/431/77
f 361/413/233 365/412/233 340/387/233
f 365/412/79 370/419/79 344/390/79
f 370/419/80 363/420/80 338/393/80
f 349/401/81 353/400/81 376/422/81
f 353/400/82 358/408/82 380/424/82
f 358/408/83 351/409/83 374/427/83
f 339/398/84 347/397/84 355/404/84
f 347/397/85 343/392/85 359/407/85
f 343/392/86 338/393/86 351/409/86
f 337/389/87 341/388/87 292/331/87
f 341/388/88 346/396/88 296/435/88
f 346/396/110 339/398/110 290/338/110
f 302/352/90 308/351/90 352/399/90
f 308/436/91 304/345/91 356/405/91
f 304/345/111 301/347/111 350/406/111
f 361/413/93 337/389/93 289/333/93
f 303/356/94 327/385/94 314/367/94
f 350/406/95 301/347/95 290/338/95
f 325/377/96 302/352/96 349/401/96
f 326/381/97 375/431/97 362/417/97
f 374/427/98 351/409/98 338/393/98
f 484/546/198 486/335/198 485/332/198
f 488/435/2 489/334/2 486/335/2
f 487/336/199 489/678/199 488/337/199
f 491/548/4 492/682/4 489/11/4
f 490/341/200 492/682/200 491/548/200
f 485/332/6 486/335/6 492/344/6
f 496/345/201 498/349/201 497/346/201
f 496/345/186 500/436/186 501/348/186
f 499/350/202 501/683/202 500/351/202
f 503/549/11 504/358/11 501/26/11
f 502/550/228 504/358/228 503/549/228
f 497/357/177 498/606/177 504/358/177
f 508/552/204 510/364/204 509/361/204
f 512/433/16 513/363/16 510/364/16
f 511/554/244 513/369/244 512/366/244
f 515/371/236 516/368/236 513/369/236
f 514/370/206 516/368/206 515/371/206
f 514/374/20 509/361/20 510/364/20
f 520/375/207 522/681/207 521/376/207
f 520/379/189 524/558/189 525/556/189
f 523/557/208 525/556/208 524/558/208
f 527/559/25 528/561/25 525/556/25
f 526/560/209 528/561/209 527/559/209
f 526/560/27 521/434/27 522/270/27
f 532/387/210 534/391/210 533/388/210
f 536/390/30 537/565/30 534/391/30
f 535/562/230 537/565/230 536/390/230
f 539/564/32 540/394/32 537/565/32
f 538/566/212 540/394/212 539/564/212
f 538/566/34 533/388/34 534/391/34
f 544/567/213 546/571/213 545/568/213
f 548/570/37 549/574/37 546/571/37
f 547/572/214 549/574/214 548/570/214
f 551/573/39 552/576/39 549/574/39
f 550/575/231 552/576/231 551/573/231
f 550/575/41 545/568/41 546/571/41
f 556/411/216 558/414/216 557/577/216
f 560/416/44 561/581/44 558/414/44
f 559/578/217 561/581/217 560/416/217
f 563/580/46 564/583/46 561/581/46
f 562/419/218 564/583/218 563/580/218
f 562/419/48 557/577/48 558/414/48
f 568/584/219 570/425/219 569/585/219
f 568/584/51 572/587/51 573/586/51
f 571/426/232 573/586/232 572/587/232
f 571/426/53 575/590/53 576/432/53
f 574/589/221 576/432/221 575/590/221
f 569/585/170 570/425/170 576/432/170
f 481/333/175 485/332/175 508/552/175
f 485/332/58 490/343/58 512/433/58
f 490/341/59 483/342/59 506/367/59
f 493/347/184 497/346/184 487/336/184
f 497/357/61 502/550/61 491/548/61
f 502/550/62 495/551/62 483/342/62
f 517/555/150 521/376/150 499/350/150
f 521/434/64 526/560/64 503/549/64
f 526/560/65 519/385/65 495/551/65
f 507/372/185 515/371/185 523/557/185
f 515/371/67 511/554/67 527/559/67
f 511/554/68 506/367/68 519/385/68
f 505/553/69 509/361/69 556/411/69
f 509/361/70 514/374/70 560/416/70
f 514/370/107 507/372/107 554/579/107
f 565/423/72 569/585/72 520/375/72
f 569/585/73 574/589/73 524/558/73
f 574/589/108 567/431/108 518/381/108
f 555/582/75 563/580/75 571/426/75
f 563/580/76 559/578/76 575/590/76
f 559/578/109 554/579/109 567/431/109
f 553/413/78 557/577/78 532/387/78
f 557/577/79 562/419/79 536/390/79
f 562/419/80 555/582/80 530/563/80
f 541/569/187 545/568/187 568/584/187
f 545/568/82 550/575/82 572/587/82
f 550/575/83 543/409/83 566/588/83
f 531/398/84 539/564/84 547/572/84
f 539/564/85 535/562/85 551/573/85
f 535/562/86 530/563/86 543/409/86
f 529/389/87 533/388/87 484/546/87
f 533/388/88 538/566/88 488/435/88
f 538/566/110 531/398/110 482/547/110
f 494/352/90 500/351/90 544/567/90
f 500/436/91 496/345/91 548/570/91
f 496/345/111 493/347/111 542/406/111
f 553/413/93 529/389/93 481/333/93
f 495/551/94 519/385/94 506/367/94
f 542/406/95 493/347/95 482/547/95
f 517/555/96 494/352/96 541/569/96
f 518/381/97 567/431/97 554/579/97
f 566/588/98 543/409/98 530/563/98
f 676/331/198 678/335/198 677/332/198
f 680/435/2 681/334/2 678/335/2
f 679/336/199 681/678/199 680/337/199
f 683/339/4 684/682/4 681/11/4
f 682/341/200 684/682/200 683/339/200
f 682/343/6 677/332/6 678/335/6
f 688/604/201 690/349/201 689/346/201
f 692/436/247 693/348/247 690/349/247
f 691/350/202 693/683/202 692/351/202
f 695/605/11 696/358/11 693/26/11
f 694/355/228 696/358/228 695/605/228
f 694/355/13 689/357/13 690/606/13
f 700/360/204 702/364/204 701/361/204
f 704/433/16 705/363/16 702/364/16
f 703/365/244 705/369/244 704/366/244
f 703/365/18 707/371/18 708/368/18
f 706/370/206 708/368/206 707/371/206
f 706/374/20 701/361/20 702/364/20
f 712/375/207 714/681/207 713/376/207
f 712/379/189 716/378/189 717/383/189
f 715/380/208 717/383/208 716/378/208
f 719/382/25 720/386/25 717/383/25
f 718/384/209 720/386/209 719/382/209
f 718/384/27 713/434/27 714/270/27
f 724/387/210 726/391/210 725/388/210
f 724/387/30 728/390/30 729/608/30
f 727/392/230 729/608/230 728/390/230
f 727/392/32 731/397/32 732/394/32
f 730/396/212 732/394/212 731/397/212
f 730/396/34 725/388/34 726/391/34
f 736/399/213 738/403/213 737/400/213
f 736/399/37 740/405/37 741/402/37
f 739/404/214 741/402/214 740/405/214
f 743/407/39 744/410/39 741/402/39
f 742/609/231 744/410/231 743/407/231
f 742/609/251 737/400/251 738/403/251
f 748/411/216 750/414/216 749/412/216
f 752/416/44 753/312/44 750/414/44
f 751/415/217 753/312/217 752/416/217
f 755/418/46 756/583/46 753/312/46
f 754/419/218 756/583/218 755/418/218
f 749/412/48 750/414/48 756/583/48
f 760/422/219 762/425/219 761/317/219
f 764/424/51 765/429/51 762/425/51
f 763/426/232 765/429/232 764/424/232
f 763/426/53 767/428/53 768/432/53
f 766/430/221 768/432/221 767/428/221
f 761/317/55 762/425/55 768/432/55
f 673/603/175 677/332/175 700/360/175
f 677/332/58 682/343/58 704/433/58
f 682/341/59 675/342/59 698/367/59
f 685/347/184 689/346/184 679/336/184
f 689/357/61 694/355/61 683/339/61
f 694/355/62 687/551/62 675/342/62
f 709/377/63 713/376/63 691/350/63
f 713/434/64 718/384/64 695/605/64
f 718/384/65 711/385/65 687/551/65
f 699/372/185 707/371/185 715/380/185
f 707/371/67 703/365/67 719/382/67
f 703/365/68 698/367/68 711/385/68
f 697/607/69 701/361/69 748/411/69
f 701/361/70 706/374/70 752/416/70
f 706/370/107 699/372/107 746/417/107
f 757/423/72 761/317/72 712/375/72
f 761/317/73 766/430/73 716/378/73
f 766/430/108 759/431/108 710/381/108
f 747/420/75 755/418/75 763/426/75
f 755/418/76 751/415/76 767/428/76
f 751/415/77 746/417/77 759/431/77
f 745/413/233 749/412/233 724/387/233
f 749/412/79 754/419/79 728/390/79
f 754/419/80 747/420/80 722/393/80
f 733/401/81 737/400/81 760/422/81
f 737/400/82 742/609/82 764/424/82
f 742/609/83 735/610/83 758/427/83
f 723/398/84 731/397/84 739/404/84
f 731/397/85 727/392/85 743/407/85
f 727/392/86 722/393/86 735/610/86
f 721/389/87 725/388/87 676/331/87
f 725/388/88 730/396/88 680/435/88
f 730/396/110 723/398/110 674/338/110
f 686/352/90 692/351/90 736/399/90
f 692/436/91 688/604/91 740/405/91
f 688/604/111 685/347/111 734/406/111
f 745/413/93 721/389/93 673/603/93
f 687/551/94 711/385/94 698/367/94
f 734/406/95 685/347/95 674/338/95
f 709/377/96 686/352/96 733/401/96
f 710/381/97 759/431/97 746/417/97
f 758/427/98 735/610/98 722/393/98
f 868/331/198 870/335/198 869/332/198
f 872/435/2 873/334/2 870/335/2
f 871/336/199 873/678/199 872/337/199
f 875/339/4 876/682/4 873/11/4
f 874/341/200 876/682/200 875/339/200
f 874/343/6 869/332/6 870/335/6
f 880/604/201 882/349/201 881/346/201
f 884/436/9 885/348/9 882/349/9
f 883/350/202 885/683/202 884/351/202
f 887/605/11 888/358/11 885/26/11
f 886/355/228 888/358/228 887/605/228
f 881/357/177 882/606/177 888/358/177
f 892/360/204 894/364/204 893/361/204
f 896/433/16 897/363/16 894/364/16
f 895/619/244 897/369/244 896/366/244
f 899/371/236 900/368/236 897/369/236
f 898/370/206 900/368/206 899/371/206
f 898/374/20 893/361/20 894/364/20
f 904/375/207 906/681/207 905/376/207
f 908/378/23 909/383/23 906/270/23
f 907/380/208 909/383/208 908/378/208
f 907/380/252 911/382/252 912/386/252
f 910/384/209 912/386/209 911/382/209
f 910/384/27 905/434/27 906/270/27
f 916/387/210 918/391/210 917/388/210
f 920/390/30 921/395/30 918/391/30
f 919/392/230 921/395/230 920/390/230
f 923/397/32 924/620/32 921/395/32
f 922/396/212 924/620/212 923/397/212
f 922/396/34 917/388/34 918/391/34
f 928/399/213 930/403/213 929/400/213
f 932/405/37 933/402/37 930/403/37
f 931/404/214 933/402/214 932/405/214
f 935/407/39 936/410/39 933/402/39
f 934/609/231 936/410/231 935/407/231
f 929/400/41 930/403/41 936/410/41
f 940/411/216 942/414/216 941/412/216
f 944/416/44 945/312/44 942/414/44
f 943/415/217 945/312/217 944/416/217
f 943/415/46 947/418/46 948/421/46
f 946/419/218 948/421/218 947/418/218
f 946/419/48 941/412/48 942/414/48
f 952/422/219 954/425/219 953/621/219
f 956/424/51 957/429/51 954/425/51
f 955/426/232 957/429/232 956/424/232
f 955/426/53 959/428/53 960/432/53
f 958/430/221 960/432/221 959/428/221
f 958/430/170 953/621/170 954/425/170
f 865/603/175 869/332/175 892/360/175
f 869/332/58 874/343/58 896/433/58
f 874/341/59 867/342/59 890/367/59
f 877/347/184 881/346/184 871/336/184
f 881/357/61 886/355/61 875/339/61
f 886/355/62 879/551/62 867/342/62
f 901/377/150 905/376/150 883/350/150
f 905/434/64 910/384/64 887/605/64
f 910/384/65 903/385/65 879/551/65
f 891/372/185 899/371/185 907/380/185
f 899/371/67 895/619/67 911/382/67
f 895/619/68 890/367/68 903/385/68
f 889/362/69 893/361/69 940/411/69
f 893/361/70 898/374/70 944/416/70
f 898/370/107 891/372/107 938/417/107
f 949/423/72 953/621/72 904/375/72
f 953/621/73 958/430/73 908/378/73
f 958/430/108 951/431/108 902/381/108
f 939/420/75 947/418/75 955/426/75
f 947/418/76 943/415/76 959/428/76
f 943/415/109 938/417/109 951/431/109
f 937/413/78 941/412/78 916/387/78
f 941/412/79 946/419/79 920/390/79
f 946/419/80 939/420/80 914/393/80
f 925/401/187 929/400/187 952/422/187
f 929/400/82 934/609/82 956/424/82
f 934/609/83 927/610/83 950/427/83
f 915/398/84 923/397/84 931/404/84
f 923/397/85 919/392/85 935/407/85
f 919/392/86 914/393/86 927/610/86
f 913/389/87 917/388/87 868/331/87
f 917/388/88 922/396/88 872/435/88
f 922/396/110 915/398/110 866/338/110
f 878/352/90 884/351/90 928/399/90
f 884/436/91 880/604/91 932/405/91
f 880/604/111 877/347/111 926/406/111
f 937/413/93 913/389/93 865/603/93
f 879/551/94 903/385/94 890/367/94
f 926/406/95 877/347/95 866/338/95
f 901/377/96 878/352/96 925/401/96
f 902/381/97 951/431/97 938/417/97
f 950/427/98 927/610/98 914/393/98
f 1060/546/198 1062/335/198 1061/659/198
f 1060/546/154 1064/435/154 1065/334/154
f 1063/336/199 1065/678/199 1064/337/199
f 1067/548/4 1068/682/4 1065/11/4
f 1066/341/200 1068/682/200 1067/548/200
f 1061/659/6 1062/335/6 1068/344/6
f 1072/345/201 1074/349/201 1073/346/201
f 1072/345/9 1076/436/9 1077/348/9
f 1075/350/202 1077/683/202 1076/351/202
f 1079/353/11 1080/358/11 1077/26/11
f 1078/550/228 1080/358/228 1079/353/228
f 1078/550/13 1073/357/13 1074/606/13
f 1084/552/204 1086/364/204 1085/361/204
f 1088/433/16 1089/363/16 1086/364/16
f 1087/554/205 1089/369/205 1088/366/205
f 1087/554/18 1091/371/18 1092/368/18
f 1090/370/206 1092/368/206 1091/371/206
f 1085/361/20 1086/364/20 1092/373/20
f 1096/375/207 1098/681/207 1097/376/207
f 1100/558/23 1101/556/23 1098/270/23
f 1099/557/208 1101/556/208 1100/558/208
f 1103/382/25 1104/561/25 1101/556/25
f 1102/560/209 1104/561/209 1103/382/209
f 1102/560/27 1097/434/27 1098/270/27
f 1108/387/210 1110/391/210 1109/388/210
f 1112/390/30 1113/395/30 1110/391/30
f 1111/562/230 1113/395/230 1112/390/230
f 1111/562/32 1115/397/32 1116/620/32
f 1114/566/212 1116/620/212 1115/397/212
f 1114/566/34 1109/388/34 1110/391/34
f 1120/567/213 1122/571/213 1121/663/213
f 1124/570/37 1125/574/37 1122/571/37
f 1123/572/214 1125/574/214 1124/570/214
f 1127/573/39 1128/576/39 1125/574/39
f 1126/575/231 1128/576/231 1127/573/231
f 1126/575/251 1121/663/251 1122/571/251
f 1132/411/216 1134/414/216 1133/664/216
f 1136/416/182 1137/581/182 1134/414/182
f 1135/578/217 1137/581/217 1136/416/217
f 1139/580/46 1140/583/46 1137/581/46
f 1138/419/218 1140/583/218 1139/580/218
f 1138/419/48 1133/664/48 1134/414/48
f 1144/584/219 1146/425/219 1145/317/219
f 1148/587/51 1149/586/51 1146/425/51
f 1147/426/232 1149/586/232 1148/587/232
f 1147/426/53 1151/590/53 1152/432/53
f 1150/589/221 1152/432/221 1151/590/221
f 1145/317/55 1146/425/55 1152/432/55
f 1057/603/175 1061/659/175 1084/552/175
f 1061/659/58 1066/343/58 1088/433/58
f 1066/341/59 1059/342/59 1082/367/59
f 1069/347/184 1073/346/184 1063/336/184
f 1073/357/61 1078/550/61 1067/548/61
f 1078/550/62 1071/551/62 1059/342/62
f 1093/555/150 1097/376/150 1075/350/150
f 1097/434/64 1102/560/64 1079/353/64
f 1102/560/65 1095/661/65 1071/551/65
f 1083/372/185 1091/371/185 1099/557/185
f 1091/371/67 1087/554/67 1103/382/67
f 1087/554/68 1082/367/68 1095/661/68
f 1081/607/69 1085/361/69 1132/411/69
f 1085/361/70 1090/374/70 1136/416/70
f 1090/370/107 1083/372/107 1130/665/107
f 1141/423/72 1145/317/72 1096/375/72
f 1145/317/73 1150/589/73 1100/558/73
f 1150/589/108 1143/431/108 1094/660/108
f 1131/582/75 1139/580/75 1147/426/75
f 1139/580/76 1135/578/76 1151/590/76
f 1135/578/77 1130/665/77 1143/431/77
f 1129/413/233 1133/664/233 1108/387/233
f 1133/664/79 1138/419/79 1112/390/79
f 1138/419/80 1131/582/80 1106/563/80
f 1117/401/81 1121/663/81 1144/584/81
f 1121/663/82 1126/575/82 1148/587/82
f 1126/575/83 1119/610/83 1142/588/83
f 1107/662/84 1115/397/84 1123/572/84
f 1115/397/85 1111/562/85 1127/573/85
f 1111/562/86 1106/563/86 1119/610/86
f 1105/389/87 1109/388/87 1060/546/87
f 1109/388/88 1114/566/88 1064/435/88
f 1114/566/89 1107/662/89 1058/547/89
f 1070/352/90 1076/351/90 1120/567/90
f 1076/436/91 1072/345/91 1124/570/91
f 1072/345/92 1069/347/92 1118/406/92
f 1129/413/93 1105/389/93 1057/603/93
f 1071/551/94 1095/661/94 1082/367/94
f 1118/406/95 1069/347/95 1058/547/95
f 1093/555/96 1070/352/96 1117/401/96
f 1094/660/97 1143/431/97 1130/665/97
f 1142/588/98 1119/610/98 1106/563/98
usemtl Silver
f 196/221/1 197/222/1 193/223/1
f 200/224/2 198/225/2 196/221/2
f 199/226/3 200/227/3 194/228/3
f 203/229/4 201/11/4 199/230/4
f 202/231/5 203/229/5 195/232/5
f 202/233/6 198/225/6 204/234/6
f 198/225/112 201/235/112 204/234/112
f 208/236/8 209/237/8 205/238/8
f 208/236/9 213/239/9 210/240/9
f 211/241/10 212/242/10 206/243/10
f 211/244/11 216/245/11 213/26/11
f 214/246/12 215/247/12 207/248/12
f 214/246/13 210/249/13 216/245/13
f 210/240/113 213/239/113 216/250/113
f 220/251/15 221/252/15 217/253/15
f 220/251/16 225/254/16 222/255/16
f 223/256/17 224/257/17 218/258/17
f 223/256/18 228/259/18 225/260/18
f 226/261/19 227/262/19 219/263/19
f 226/264/20 222/255/20 228/265/20
f 222/255/114 225/254/114 228/265/114
f 232/266/22 233/267/22 229/268/22
f 236/269/23 234/270/23 232/271/23
f 235/272/24 236/269/24 230/273/24
f 239/274/25 237/275/25 235/272/25
f 238/276/26 239/274/26 231/277/26
f 233/278/27 240/279/27 238/276/27
f 234/270/115 237/275/115 240/279/115
f 244/280/29 245/281/29 241/282/29
f 248/283/30 246/284/30 244/280/30
f 247/285/31 248/283/31 242/286/31
f 247/285/116 252/287/116 249/288/116
f 250/289/33 251/290/33 243/291/33
f 250/289/34 246/284/34 252/287/34
f 246/284/117 249/288/117 252/287/117
f 256/292/36 257/293/36 253/294/36
f 260/295/37 258/296/37 256/292/37
f 259/297/38 260/295/38 254/298/38
f 263/299/118 261/300/118 259/297/118
f 262/301/40 263/299/40 255/302/40
f 262/301/41 258/296/41 264/303/41
f 258/296/119 261/300/119 264/303/119
f 268/304/43 269/305/43 265/306/43
f 272/307/44 270/308/44 268/304/44
f 271/309/45 272/307/45 266/310/45
f 275/311/120 273/312/120 271/309/120
f 274/313/47 275/311/47 267/314/47
f 274/313/48 270/308/48 276/315/48
f 270/308/121 273/312/121 276/315/121
f 280/316/50 281/317/50 277/318/50
f 284/319/51 282/320/51 280/316/51
f 283/321/52 284/319/52 278/322/52
f 283/321/122 288/323/122 285/324/122
f 286/325/54 287/326/54 279/327/54
f 286/325/55 282/320/55 288/323/55
f 282/320/123 285/324/123 288/323/123
f 193/223/57 220/251/57 217/253/57
f 197/222/58 224/328/58 220/251/58
f 202/231/124 218/258/124 224/257/124
f 205/238/60 199/226/60 194/228/60
f 209/329/61 203/229/61 199/230/61
f 214/246/125 195/232/125 203/229/125
f 229/268/63 211/241/63 206/243/63
f 233/278/64 215/247/64 211/244/64
f 238/276/65 207/248/65 215/247/65
f 219/263/66 235/272/66 230/273/66
f 227/262/67 239/274/67 235/272/67
f 223/256/126 231/277/126 239/274/126
f 217/253/69 268/304/69 265/306/69
f 221/252/70 272/307/70 268/304/70
f 226/261/107 266/310/107 272/307/107
f 277/318/72 232/266/72 229/268/72
f 281/317/73 236/269/73 232/271/73
f 286/325/108 230/273/108 236/269/108
f 267/314/75 283/321/75 278/322/75
f 275/311/76 287/326/76 283/321/76
f 271/309/109 279/327/109 287/326/109
f 265/306/78 244/280/78 241/282/78
f 269/305/79 248/283/79 244/280/79
f 274/313/127 242/286/127 248/283/127
f 253/294/81 280/316/81 277/318/81
f 257/293/82 284/319/82 280/316/82
f 262/301/83 278/322/83 284/319/83
f 243/291/84 259/297/84 254/298/84
f 251/290/85 263/299/85 259/297/85
f 247/285/128 255/302/128 263/299/128
f 241/282/87 196/221/87 193/223/87
f 245/281/88 200/224/88 196/221/88
f 250/289/110 194/228/110 200/227/110
f 206/243/90 256/292/90 253/294/90
f 212/330/91 260/295/91 256/292/91
f 208/236/111 254/298/111 260/295/111
f 265/306/93 193/223/93 217/253/93
f 207/248/94 218/258/94 195/232/94
f 254/298/95 194/228/95 243/291/95
f 229/268/96 253/294/96 277/318/96
f 230/273/97 266/310/97 219/263/97
f 278/322/98 242/286/98 267/314/98
f 196/221/198 198/225/198 197/222/198
f 200/224/2 201/235/2 198/225/2
f 199/226/199 201/678/199 200/227/199
f 203/229/4 204/679/4 201/11/4
f 202/231/200 204/679/200 203/229/200
f 202/233/6 197/222/6 198/225/6
f 208/236/201 210/240/201 209/237/201
f 208/236/9 212/330/9 213/239/9
f 211/241/202 213/680/202 212/242/202
f 211/244/11 215/247/11 216/245/11
f 214/246/203 216/245/203 215/247/203
f 214/246/13 209/329/13 210/249/13
f 220/251/204 222/255/204 221/252/204
f 220/251/16 224/328/16 225/254/16
f 223/256/205 225/260/205 224/257/205
f 223/256/18 227/262/18 228/259/18
f 226/261/206 228/259/206 227/262/206
f 226/264/20 221/252/20 222/255/20
f 232/266/207 234/681/207 233/267/207
f 236/269/23 237/275/23 234/270/23
f 235/272/208 237/275/208 236/269/208
f 239/274/25 240/279/25 237/275/25
f 238/276/209 240/279/209 239/274/209
f 233/278/27 234/270/27 240/279/27
f 244/280/210 246/284/210 245/281/210
f 248/283/30 249/288/30 246/284/30
f 247/285/211 249/288/211 248/283/211
f 247/285/179 251/290/179 252/287/179
f 250/289/212 252/287/212 251/290/212
f 250/289/34 245/281/34 246/284/34
f 256/292/213 258/296/213 257/293/213
f 260/295/37 261/300/37 258/296/37
f 259/297/214 261/300/214 260/295/214
f 263/299/222 264/303/222 261/300/222
f 262/301/215 264/303/215 263/299/215
f 262/301/41 257/293/41 258/296/41
f 268/304/216 270/308/216 269/305/216
f 272/307/44 273/312/44 270/308/44
f 271/309/217 273/312/217 272/307/217
f 275/311/223 276/315/223 273/312/223
f 274/313/218 276/315/218 275/311/218
f 274/313/48 269/305/48 270/308/48
f 280/316/219 282/320/219 281/317/219
f 284/319/51 285/324/51 282/320/51
f 283/321/220 285/324/220 284/319/220
f 283/321/224 287/326/224 288/323/224
f 286/325/221 288/323/221 287/326/221
f 286/325/55 281/317/55 282/320/55
f 193/223/57 197/222/57 220/251/57
f 197/222/58 202/233/58 224/328/58
f 202/231/124 195/232/124 218/258/124
f 205/238/60 209/237/60 199/226/60
f 209/329/61 214/246/61 203/229/61
f 214/246/62 207/248/62 195/232/62
f 229/268/63 233/267/63 211/241/63
f 233/278/64 238/276/64 215/247/64
f 238/276/225 231/277/225 207/248/225
f 219/263/66 227/262/66 235/272/66
f 227/262/67 223/256/67 239/274/67
f 223/256/68 218/258/68 231/277/68
f 217/253/69 221/252/69 268/304/69
f 221/252/70 226/264/70 272/307/70
f 226/261/107 219/263/107 266/310/107
f 277/318/72 281/317/72 232/266/72
f 281/317/73 286/325/73 236/269/73
f 286/325/108 279/327/108 230/273/108
f 267/314/226 275/311/226 283/321/226
f 275/311/76 271/309/76 287/326/76
f 271/309/109 266/310/109 279/327/109
f 265/306/78 269/305/78 244/280/78
f 269/305/79 274/313/79 248/283/79
f 274/313/127 267/314/127 242/286/127
f 253/294/81 257/293/81 280/316/81
f 257/293/82 262/301/82 284/319/82
f 262/301/227 255/302/227 278/322/227
f 243/291/84 251/290/84 259/297/84
f 251/290/85 247/285/85 263/299/85
f 247/285/86 242/286/86 255/302/86
f 241/282/87 245/281/87 196/221/87
f 245/281/88 250/289/88 200/224/88
f 250/289/110 243/291/110 194/228/110
f 206/243/90 212/242/90 256/292/90
f 212/330/91 208/236/91 260/295/91
f 208/236/111 205/238/111 254/298/111
f 265/306/93 241/282/93 193/223/93
f 207/248/94 231/277/94 218/258/94
f 254/298/95 205/238/95 194/228/95
f 229/268/96 206/243/96 253/294/96
f 230/273/97 279/327/97 266/310/97
f 278/322/98 255/302/98 242/286/98
usemtl Gold
f 388/437/1 389/438/1 385/439/1
f 388/437/154 393/440/154 390/441/154
f 391/442/155 392/443/155 386/444/155
f 395/445/156 393/11/156 391/446/156
f 394/447/5 395/445/5 387/448/5
f 394/449/6 390/441/6 396/450/6
f 390/441/7 393/440/7 396/450/7
f 400/451/157 401/452/157 397/453/157
f 404/454/9 402/455/9 400/451/9
f 403/456/10 404/457/10 398/458/10
f 407/459/158 405/26/158 403/460/158
f 406/461/12 407/459/12 399/462/12
f 406/461/159 402/463/159 408/464/159
f 402/455/14 405/465/14 408/466/14
f 412/467/15 413/468/15 409/469/15
f 412/467/16 417/470/16 414/471/16
f 415/472/17 416/473/17 410/474/17
f 419/475/18 417/476/18 415/472/18
f 418/477/160 419/475/160 411/478/160
f 418/479/135 414/471/135 420/480/135
f 414/471/21 417/470/21 420/480/21
f 424/481/22 425/482/22 421/483/22
f 428/484/23 426/485/23 424/486/23
f 427/487/161 428/484/161 422/488/161
f 427/487/162 432/489/162 429/490/162
f 430/491/26 431/492/26 423/493/26
f 430/491/163 426/485/163 432/489/163
f 426/485/28 429/490/28 432/489/28
f 436/494/29 437/495/29 433/496/29
f 436/494/30 441/497/30 438/498/30
f 439/499/139 440/500/139 434/501/139
f 443/502/32 441/497/32 439/499/32
f 442/503/140 443/502/140 435/504/140
f 442/503/164 438/498/164 444/505/164
f 438/498/35 441/497/35 444/505/35
f 448/506/36 449/507/36 445/508/36
f 452/509/165 450/510/165 448/506/165
f 451/511/142 452/509/142 446/512/142
f 451/511/118 456/513/118 453/514/118
f 454/515/143 455/516/143 447/517/143
f 454/515/166 450/510/166 456/513/166
f 450/510/42 453/514/42 456/513/42
f 460/518/43 461/519/43 457/520/43
f 464/521/44 462/522/44 460/518/44
f 463/523/167 464/521/167 458/524/167
f 463/523/120 468/525/120 465/526/120
f 466/527/145 467/528/145 459/529/145
f 461/519/48 468/525/48 466/527/48
f 462/522/49 465/526/49 468/525/49
f 472/530/50 473/531/50 469/532/50
f 476/533/168 474/534/168 472/530/168
f 475/535/148 476/533/148 470/536/148
f 479/537/53 477/538/53 475/535/53
f 478/539/169 479/537/169 471/540/169
f 478/539/170 474/534/170 480/541/170
f 474/534/56 477/538/56 480/541/56
f 385/439/57 412/467/57 409/469/57
f 389/438/58 416/542/58 412/467/58
f 394/447/59 410/474/59 416/473/59
f 397/453/60 391/442/60 386/444/60
f 401/543/61 395/445/61 391/446/61
f 406/461/125 387/448/125 395/445/125
f 421/483/63 403/456/63 398/458/63
f 425/544/64 407/459/64 403/460/64
f 430/491/65 399/462/65 407/459/65
f 411/478/66 427/487/66 422/488/66
f 419/475/67 431/492/67 427/487/67
f 415/472/126 423/493/126 431/492/126
f 409/469/69 460/518/69 457/520/69
f 413/468/70 464/521/70 460/518/70
f 418/477/107 458/524/107 464/521/107
f 469/532/171 424/481/171 421/483/171
f 473/531/73 428/484/73 424/486/73
f 478/539/108 422/488/108 428/484/108
f 459/529/75 475/535/75 470/536/75
f 467/528/76 479/537/76 475/535/76
f 463/523/109 471/540/109 479/537/109
f 457/520/78 436/494/78 433/496/78
f 461/519/79 440/500/79 436/494/79
f 466/527/80 434/501/80 440/500/80
f 445/508/81 472/530/81 469/532/81
f 449/507/82 476/533/82 472/530/82
f 454/515/83 470/536/83 476/533/83
f 435/504/84 451/511/84 446/512/84
f 443/502/85 455/516/85 451/511/85
f 439/499/128 447/517/128 455/516/128
f 433/496/152 388/437/152 385/439/152
f 437/495/88 392/545/88 388/437/88
f 442/503/110 386/444/110 392/443/110
f 398/458/90 448/506/90 445/508/90
f 404/454/91 452/509/91 448/506/91
f 400/451/111 446/512/111 452/509/111
f 457/520/93 385/439/93 409/469/93
f 399/462/94 410/474/94 387/448/94
f 446/512/95 386/444/95 435/504/95
f 421/483/96 445/508/96 469/532/96
f 422/488/97 458/524/97 411/478/97
f 470/536/98 434/501/98 459/529/98
f 580/437/1 581/438/1 577/439/1
f 584/545/2 582/441/2 580/437/2
f 583/442/3 584/443/3 578/444/3
f 587/445/176 585/11/176 583/446/176
f 586/447/5 587/445/5 579/448/5
f 586/449/6 582/441/6 588/450/6
f 582/441/130 585/440/130 588/450/130
f 592/591/8 593/452/8 589/453/8
f 596/454/9 594/455/9 592/591/9
f 595/456/10 596/457/10 590/458/10
f 599/459/11 597/26/11 595/460/11
f 598/461/12 599/459/12 591/592/12
f 598/461/177 594/463/177 600/464/177
f 594/455/133 597/465/133 600/466/133
f 604/467/15 605/468/15 601/593/15
f 608/542/16 606/471/16 604/467/16
f 607/594/17 608/473/17 602/474/17
f 607/594/173 612/595/173 609/476/173
f 610/477/19 611/475/19 603/478/19
f 605/468/20 612/480/20 610/479/20
f 606/471/136 609/470/136 612/480/136
f 616/481/22 617/482/22 613/483/22
f 616/486/178 621/490/178 618/485/178
f 619/487/24 620/484/24 614/596/24
f 623/597/25 621/490/25 619/487/25
f 622/491/26 623/597/26 615/493/26
f 622/491/163 618/485/163 624/489/163
f 618/485/138 621/490/138 624/489/138
f 628/494/29 629/495/29 625/496/29
f 628/494/30 633/598/30 630/498/30
f 631/499/139 632/500/139 626/501/139
f 631/499/179 636/505/179 633/598/179
f 634/503/33 635/502/33 627/504/33
f 629/495/180 636/505/180 634/503/180
f 630/498/141 633/598/141 636/505/141
f 640/506/36 641/507/36 637/599/36
f 644/509/37 642/510/37 640/506/37
f 643/511/38 644/509/38 638/512/38
f 643/511/181 648/513/181 645/514/181
f 646/515/143 647/516/143 639/600/143
f 646/515/166 642/510/166 648/513/166
f 642/510/144 645/514/144 648/513/144
f 652/518/43 653/601/43 649/520/43
f 652/518/182 657/526/182 654/522/182
f 655/523/45 656/521/45 650/602/45
f 659/528/46 657/526/46 655/523/46
f 658/527/145 659/528/145 651/529/145
f 653/601/48 660/525/48 658/527/48
f 654/522/146 657/526/146 660/525/146
f 664/530/50 665/531/50 661/532/50
f 664/530/51 669/538/51 666/534/51
f 667/535/148 668/533/148 662/536/148
f 671/537/53 669/538/53 667/535/53
f 670/539/54 671/537/54 663/540/54
f 670/539/183 666/534/183 672/541/183
f 666/534/149 669/538/149 672/541/149
f 577/439/57 604/467/57 601/593/57
f 581/438/58 608/542/58 604/467/58
f 586/447/59 602/474/59 608/473/59
f 589/453/184 583/442/184 578/444/184
f 593/543/61 587/445/61 583/446/61
f 598/461/125 579/448/125 587/445/125
f 613/483/63 595/456/63 590/458/63
f 617/544/64 599/459/64 595/460/64
f 622/491/65 591/592/65 599/459/65
f 603/478/185 619/487/185 614/596/185
f 611/475/67 623/597/67 619/487/67
f 607/594/126 615/493/126 623/597/126
f 601/593/69 652/518/69 649/520/69
f 605/468/70 656/521/70 652/518/70
f 610/477/71 650/602/71 656/521/71
f 661/532/72 616/481/72 613/483/72
f 665/531/73 620/484/73 616/486/73
f 670/539/108 614/596/108 620/484/108
f 651/529/75 667/535/75 662/536/75
f 659/528/76 671/537/76 667/535/76
f 655/523/109 663/540/109 671/537/109
f 649/520/78 628/494/78 625/496/78
f 653/601/79 632/500/79 628/494/79
f 658/527/80 626/501/80 632/500/80
f 637/599/81 664/530/81 661/532/81
f 641/507/82 668/533/82 664/530/82
f 646/515/83 662/536/83 668/533/83
f 627/504/84 643/511/84 638/512/84
f 635/502/85 647/516/85 643/511/85
f 631/499/128 639/600/128 647/516/128
f 625/496/152 580/437/152 577/439/152
f 629/495/88 584/545/88 580/437/88
f 634/503/110 578/444/110 584/443/110
f 590/458/90 640/506/90 637/599/90
f 596/454/91 644/509/91 640/506/91
f 592/591/92 638/512/92 644/509/92
f 649/520/93 577/439/93 601/593/93
f 591/592/94 602/474/94 579/448/94
f 638/512/95 578/444/95 627/504/95
f 613/483/96 637/599/96 661/532/96
f 614/596/97 650/602/97 603/478/97
f 662/536/98 626/501/98 651/529/98
f 772/437/1 773/611/1 769/439/1
f 772/437/2 777/440/2 774/441/2
f 775/442/3 776/443/3 770/444/3
f 779/445/156 777/11/156 775/446/156
f 778/447/5 779/445/5 771/448/5
f 778/449/6 774/441/6 780/450/6
f 774/441/7 777/440/7 780/450/7
f 784/591/8 785/452/8 781/453/8
f 788/454/9 786/455/9 784/591/9
f 787/456/10 788/457/10 782/458/10
f 791/612/11 789/26/11 787/460/11
f 790/461/12 791/612/12 783/462/12
f 790/461/177 786/463/177 792/464/177
f 786/455/14 789/465/14 792/466/14
f 796/467/15 797/468/15 793/469/15
f 800/542/16 798/471/16 796/467/16
f 799/594/17 800/473/17 794/474/17
f 799/594/173 804/595/173 801/476/173
f 802/477/19 803/475/19 795/478/19
f 797/468/20 804/480/20 802/479/20
f 798/471/21 801/470/21 804/480/21
f 808/481/22 809/482/22 805/483/22
f 808/486/178 813/490/178 810/485/178
f 811/487/24 812/484/24 806/488/24
f 815/492/25 813/490/25 811/487/25
f 814/491/26 815/492/26 807/613/26
f 814/491/27 810/485/27 816/489/27
f 810/485/28 813/490/28 816/489/28
f 820/494/29 821/495/29 817/496/29
f 824/500/30 822/498/30 820/494/30
f 823/499/139 824/500/139 818/501/139
f 823/499/179 828/505/179 825/598/179
f 826/614/33 827/502/33 819/504/33
f 821/495/34 828/505/34 826/614/34
f 822/498/35 825/598/35 828/505/35
f 832/506/36 833/615/36 829/599/36
f 836/509/37 834/510/37 832/506/37
f 835/511/38 836/509/38 830/512/38
f 839/516/39 837/514/39 835/511/39
f 838/616/143 839/516/143 831/600/143
f 838/616/41 834/510/41 840/513/41
f 834/510/42 837/514/42 840/513/42
f 844/518/43 845/519/43 841/520/43
f 844/518/182 849/526/182 846/522/182
f 847/523/45 848/521/45 842/617/45
f 851/528/46 849/526/46 847/523/46
f 850/527/145 851/528/145 843/529/145
f 850/527/48 846/522/48 852/525/48
f 846/522/49 849/526/49 852/525/49
f 856/530/50 857/618/50 853/532/50
f 860/533/51 858/534/51 856/530/51
f 859/535/148 860/533/148 854/536/148
f 863/537/53 861/538/53 859/535/53
f 862/539/54 863/537/54 855/540/54
f 857/618/183 864/541/183 862/539/183
f 858/534/56 861/538/56 864/541/56
f 793/469/57 773/611/57 796/467/57
f 773/611/58 800/542/58 796/467/58
f 778/447/59 794/474/59 800/473/59
f 781/453/184 775/442/184 770/444/184
f 785/543/61 779/445/61 775/446/61
f 790/461/125 771/448/125 779/445/125
f 805/483/63 787/456/63 782/458/63
f 809/544/64 791/612/64 787/460/64
f 814/491/65 783/462/65 791/612/65
f 795/478/185 811/487/185 806/488/185
f 803/475/67 815/492/67 811/487/67
f 799/594/126 807/613/126 815/492/126
f 793/469/69 844/518/69 841/520/69
f 797/468/70 848/521/70 844/518/70
f 802/477/107 842/617/107 848/521/107
f 853/532/72 808/481/72 805/483/72
f 857/618/73 812/484/73 808/486/73
f 862/539/108 806/488/108 812/484/108
f 843/529/75 859/535/75 854/536/75
f 851/528/76 863/537/76 859/535/76
f 847/523/109 855/540/109 863/537/109
f 817/496/78 845/519/78 820/494/78
f 845/519/79 824/500/79 820/494/79
f 850/527/80 818/501/80 824/500/80
f 853/532/187 833/615/187 856/530/187
f 833/615/82 860/533/82 856/530/82
f 838/616/83 854/536/83 860/533/83
f 819/504/84 835/511/84 830/512/84
f 827/502/85 839/516/85 835/511/85
f 823/499/128 831/600/128 839/516/128
f 817/496/87 772/437/87 769/439/87
f 821/495/88 776/545/88 772/437/88
f 826/614/110 770/444/110 776/443/110
f 782/458/90 832/506/90 829/599/90
f 788/454/91 836/509/91 832/506/91
f 784/591/111 830/512/111 836/509/111
f 841/520/93 769/439/93 793/469/93
f 783/462/94 794/474/94 771/448/94
f 830/512/95 770/444/95 819/504/95
f 805/483/96 829/599/96 853/532/96
f 806/488/97 842/617/97 795/478/97
f 854/536/98 818/501/98 843/529/98
f 964/437/1 965/622/1 961/623/1
f 964/437/2 969/440/2 966/624/2
f 967/442/3 968/443/3 962/625/3
f 971/626/176 969/11/176 967/446/176
f 970/447/5 971/626/5 963/627/5
f 970/449/6 966/624/6 972/450/6
f 966/624/130 969/440/130 972/450/130
f 976/628/8 977/452/8 973/629/8
f 980/454/9 978/455/9 976/628/9
f 979/456/10 980/457/10 974/630/10
f 983/459/11 981/26/11 979/460/11
f 982/461/12 983/459/12 975/631/12
f 982/461/177 978/463/177 984/464/177
f 978/455/133 981/465/133 984/466/133
f 988/467/15 989/468/15 985/593/15
f 992/542/16 990/632/16 988/467/16
f 991/594/17 992/473/17 986/633/17
f 991/594/173 996/595/173 993/476/173
f 994/477/19 995/475/19 987/634/19
f 994/479/190 990/632/190 996/480/190
f 990/632/136 993/470/136 996/480/136
f 1000/481/22 1001/482/22 997/483/22
f 1000/486/178 1005/635/178 1002/636/178
f 1003/637/24 1004/638/24 998/488/24
f 1007/639/25 1005/635/25 1003/637/25
f 1006/640/26 1007/639/26 999/493/26
f 1006/640/163 1002/636/163 1008/489/163
f 1002/636/138 1005/635/138 1008/489/138
f 1012/641/29 1013/495/29 1009/496/29
f 1012/641/30 1017/642/30 1014/498/30
f 1015/499/139 1016/500/139 1010/501/139
f 1015/499/179 1020/643/179 1017/642/179
f 1018/614/33 1019/502/33 1011/644/33
f 1013/495/180 1020/643/180 1018/614/180
f 1014/498/141 1017/642/141 1020/643/141
f 1024/645/36 1025/615/36 1021/508/36
f 1028/646/37 1026/510/37 1024/645/37
f 1027/647/38 1028/646/38 1022/648/38
f 1031/516/39 1029/514/39 1027/647/39
f 1030/649/143 1031/516/143 1023/600/143
f 1025/615/41 1032/650/41 1030/649/41
f 1026/510/144 1029/514/144 1032/650/144
f 1036/518/43 1037/519/43 1033/520/43
f 1036/518/182 1041/526/182 1038/522/182
f 1039/651/45 1040/521/45 1034/617/45
f 1043/652/191 1041/526/191 1039/651/191
f 1042/527/145 1043/652/145 1035/529/145
f 1037/519/48 1044/653/48 1042/527/48
f 1038/522/146 1041/526/146 1044/653/146
f 1048/530/50 1049/618/50 1045/532/50
f 1052/654/51 1050/655/51 1048/530/51
f 1051/535/148 1052/654/148 1046/536/148
f 1055/656/53 1053/538/53 1051/535/53
f 1054/539/54 1055/656/54 1047/657/54
f 1054/539/55 1050/655/55 1056/658/55
f 1050/655/149 1053/538/149 1056/658/149
f 961/623/57 988/467/57 985/593/57
f 965/622/58 992/542/58 988/467/58
f 970/447/59 986/633/59 992/473/59
f 973/629/184 967/442/184 962/625/184
f 977/543/61 971/626/61 967/446/61
f 982/461/125 963/627/125 971/626/125
f 997/483/63 979/456/63 974/630/63
f 1001/544/64 983/459/64 979/460/64
f 1006/640/65 975/631/65 983/459/65
f 987/634/185 1003/637/185 998/488/185
f 995/475/67 1007/639/67 1003/637/67
f 991/594/126 999/493/126 1007/639/126
f 985/593/69 1036/518/69 1033/520/69
f 989/468/70 1040/521/70 1036/518/70
f 994/477/71 1034/617/71 1040/521/71
f 1045/532/171 1000/481/171 997/483/171
f 1049/618/73 1004/638/73 1000/486/73
f 1054/539/108 998/488/108 1004/638/108
f 1035/529/75 1051/535/75 1046/536/75
f 1043/652/76 1055/656/76 1051/535/76
f 1039/651/109 1047/657/109 1055/656/109
f 1033/520/78 1012/641/78 1009/496/78
f 1037/519/79 1016/500/79 1012/641/79
f 1042/527/80 1010/501/80 1016/500/80
f 1021/508/81 1048/530/81 1045/532/81
f 1025/615/82 1052/654/82 1048/530/82
f 1030/649/83 1046/536/83 1052/654/83
f 1011/644/84 1027/647/84 1022/648/84
f 1019/502/85 1031/516/85 1027/647/85
f 1015/499/128 1023/600/128 1031/516/128
f 1009/496/87 964/437/87 961/623/87
f 1013/495/88 968/545/88 964/437/88
f 1018/614/110 962/625/110 968/443/110
f 974/630/90 1024/645/90 1021/508/90
f 980/454/91 1028/646/91 1024/645/91
f 976/628/92 1022/648/92 1028/646/92
f 1033/520/93 961/623/93 985/593/93
f 975/631/94 986/633/94 963/627/94
f 1022/648/95 962/625/95 1011/644/95
f 997/483/96 1021/508/96 1045/532/96
f 998/488/97 1034/617/97 987/634/97
f 1046/536/98 1010/501/98 1035/529/98
f 1156/437/1 1157/611/1 1153/439/1
f 1160/545/2 1158/441/2 1156/437/2
f 1159/442/155 1160/443/155 1154/444/155
f 1163/445/156 1161/11/156 1159/446/156
f 1162/447/5 1163/445/5 1155/448/5
f 1157/611/6 1164/450/6 1162/449/6
f 1158/441/7 1161/440/7 1164/450/7
f 1168/591/157 1169/452/157 1165/453/157
f 1172/454/9 1170/455/9 1168/591/9
f 1171/456/10 1172/457/10 1166/458/10
f 1175/612/158 1173/26/158 1171/460/158
f 1174/461/12 1175/612/12 1167/462/12
f 1169/543/13 1176/464/13 1174/461/13
f 1170/455/14 1173/465/14 1176/466/14
f 1180/467/15 1181/468/15 1177/469/15
f 1184/542/16 1182/471/16 1180/467/16
f 1183/472/17 1184/473/17 1178/474/17
f 1183/472/195 1188/595/195 1185/476/195
f 1186/477/160 1187/475/160 1179/478/160
f 1181/468/20 1188/480/20 1186/479/20
f 1182/471/21 1185/470/21 1188/480/21
f 1192/481/22 1193/482/22 1189/483/22
f 1192/486/23 1197/490/23 1194/485/23
f 1195/487/161 1196/484/161 1190/488/161
f 1199/492/25 1197/490/25 1195/487/25
f 1198/491/26 1199/492/26 1191/493/26
f 1198/491/163 1194/485/163 1200/489/163
f 1194/485/28 1197/490/28 1200/489/28
f 1204/641/29 1205/495/29 1201/496/29
f 1204/641/30 1209/666/30 1206/498/30
f 1207/499/139 1208/500/139 1202/501/139
f 1211/502/32 1209/666/32 1207/499/32
f 1210/503/140 1211/502/140 1203/504/140
f 1210/503/193 1206/498/193 1212/505/193
f 1206/498/35 1209/666/35 1212/505/35
f 1216/506/36 1217/507/36 1213/599/36
f 1216/506/174 1221/514/174 1218/510/174
f 1219/511/142 1220/509/142 1214/512/142
f 1219/511/118 1224/513/118 1221/514/118
f 1222/515/143 1223/516/143 1215/517/143
f 1222/515/166 1218/510/166 1224/513/166
f 1218/510/42 1221/514/42 1224/513/42
f 1228/518/43 1229/601/43 1225/520/43
f 1232/521/196 1230/522/196 1228/518/196
f 1231/523/167 1232/521/167 1226/667/167
f 1231/523/120 1236/525/120 1233/526/120
f 1234/527/145 1235/528/145 1227/529/145
f 1229/601/197 1236/525/197 1234/527/197
f 1230/522/49 1233/526/49 1236/525/49
f 1240/530/50 1241/531/50 1237/532/50
f 1244/533/168 1242/534/168 1240/530/168
f 1243/535/148 1244/533/148 1238/536/148
f 1247/537/53 1245/538/53 1243/535/53
f 1246/539/169 1247/537/169 1239/540/169
f 1241/531/55 1248/541/55 1246/539/55
f 1242/534/56 1245/538/56 1248/541/56
f 1153/439/57 1180/467/57 1177/469/57
f 1157/611/58 1184/542/58 1180/467/58
f 1162/447/59 1178/474/59 1184/473/59
f 1165/453/60 1159/442/60 1154/444/60
f 1169/543/61 1163/445/61 1159/446/61
f 1174/461/125 1155/448/125 1163/445/125
f 1189/483/63 1171/456/63 1166/458/63
f 1193/544/64 1175/612/64 1171/460/64
f 1198/491/65 1167/462/65 1175/612/65
f 1179/478/66 1195/487/66 1190/488/66
f 1187/475/67 1199/492/67 1195/487/67
f 1183/472/126 1191/493/126 1199/492/126
f 1177/469/69 1228/518/69 1225/520/69
f 1181/468/70 1232/521/70 1228/518/70
f 1186/477/107 1226/667/107 1232/521/107
f 1237/532/171 1192/481/171 1189/483/171
f 1241/531/73 1196/484/73 1192/486/73
f 1246/539/108 1190/488/108 1196/484/108
f 1227/529/75 1243/535/75 1238/536/75
f 1235/528/76 1247/537/76 1243/535/76
f 1231/523/109 1239/540/109 1247/537/109
f 1225/520/78 1204/641/78 1201/496/78
f 1229/601/79 1208/500/79 1204/641/79
f 1234/527/80 1202/501/80 1208/500/80
f 1213/599/81 1240/530/81 1237/532/81
f 1217/507/82 1244/533/82 1240/530/82
f 1222/515/83 1238/536/83 1244/533/83
f 1203/504/84 1219/511/84 1214/512/84
f 1211/502/85 1223/516/85 1219/511/85
f 1207/499/128 1215/517/128 1223/516/128
f 1201/496/152 1156/437/152 1153/439/152
f 1205/495/88 1160/545/88 1156/437/88
f 1210/503/110 1154/444/110 1160/443/110
f 1166/458/90 1216/506/90 1213/599/90
f 1172/454/91 1220/509/91 1216/506/91
f 1168/591/111 1214/512/111 1220/509/111
f 1225/520/93 1153/439/93 1177/469/93
f 1167/462/94 1178/474/94 1155/448/94
f 1214/512/95 1154/444/95 1203/504/95
f 1189/483/96 1213/599/96 1237/532/96
f 1190/488/97 1226/667/97 1179/478/97
f 1238/536/98 1202/501/98 1227/529/98
f 388/437/198 390/441/198 389/438/198
f 388/437/2 392/545/2 393/440/2
f 391/442/199 393/684/199 392/443/199
f 395/445/234 396/685/234 393/11/234
f 394/447/200 396/685/200 395/445/200
f 394/449/6 389/438/6 390/441/6
f 400/451/201 402/455/201 401/452/201
f 404/454/9 405/465/9 402/455/9
f 403/456/202 405/686/202 404/457/202
f 407/459/235 408/464/235 405/26/235
f 406/461/228 408/464/228 407/459/228
f 406/461/13 401/543/13 402/463/13
f 412/467/204 414/471/204 413/468/204
f 412/467/16 416/542/16 417/470/16
f 415/472/205 417/476/205 416/473/205
f 419/475/236 420/595/236 417/476/236
f 418/477/206 420/595/206 419/475/206
f 418/479/20 413/468/20 414/471/20
f 424/481/207 426/687/207 425/482/207
f 428/484/189 429/490/189 426/485/189
f 427/487/208 429/490/208 428/484/208
f 427/487/25 431/492/25 432/489/25
f 430/491/237 432/489/237 431/492/237
f 430/491/238 425/544/238 426/485/238
f 436/494/210 438/498/210 437/495/210
f 436/494/239 440/500/239 441/497/239
f 439/499/230 441/497/230 440/500/230
f 443/502/179 444/505/179 441/497/179
f 442/503/212 444/505/212 443/502/212
f 442/503/180 437/495/180 438/498/180
f 448/506/213 450/510/213 449/507/213
f 452/509/174 453/514/174 450/510/174
f 451/511/240 453/514/240 452/509/240
f 451/511/39 455/516/39 456/513/39
f 454/515/231 456/513/231 455/516/231
f 454/515/241 449/507/241 450/510/241
f 460/518/216 462/522/216 461/519/216
f 464/521/182 465/526/182 462/522/182
f 463/523/217 465/526/217 464/521/217
f 463/523/46 467/528/46 468/525/46
f 466/527/242 468/525/242 467/528/242
f 461/519/48 462/522/48 468/525/48
f 472/530/219 474/534/219 473/531/219
f 476/533/243 477/538/243 474/534/243
f 475/535/232 477/538/232 476/533/232
f 479/537/224 480/541/224 477/538/224
f 478/539/221 480/541/221 479/537/221
f 478/539/55 473/531/55 474/534/55
f 385/439/57 389/438/57 412/467/57
f 389/438/58 394/449/58 416/542/58
f 394/447/59 387/448/59 410/474/59
f 397/453/60 401/452/60 391/442/60
f 401/543/61 406/461/61 395/445/61
f 406/461/62 399/462/62 387/448/62
f 421/483/150 425/482/150 403/456/150
f 425/544/64 430/491/64 407/459/64
f 430/491/65 423/493/65 399/462/65
f 411/478/66 419/475/66 427/487/66
f 419/475/67 415/472/67 431/492/67
f 415/472/68 410/474/68 423/493/68
f 409/469/194 413/468/194 460/518/194
f 413/468/70 418/479/70 464/521/70
f 418/477/107 411/478/107 458/524/107
f 469/532/72 473/531/72 424/481/72
f 473/531/73 478/539/73 428/484/73
f 478/539/108 471/540/108 422/488/108
f 459/529/226 467/528/226 475/535/226
f 467/528/76 463/523/76 479/537/76
f 463/523/109 458/524/109 471/540/109
f 457/520/78 461/519/78 436/494/78
f 461/519/79 466/527/79 440/500/79
f 466/527/80 459/529/80 434/501/80
f 445/508/187 449/507/187 472/530/187
f 449/507/82 454/515/82 476/533/82
f 454/515/83 447/517/83 470/536/83
f 435/504/84 443/502/84 451/511/84
f 443/502/85 439/499/85 455/516/85
f 439/499/86 434/501/86 447/517/86
f 433/496/87 437/495/87 388/437/87
f 437/495/88 442/503/88 392/545/88
f 442/503/110 435/504/110 386/444/110
f 398/458/153 404/457/153 448/506/153
f 404/454/91 400/451/91 452/509/91
f 400/451/111 397/453/111 446/512/111
f 457/520/93 433/496/93 385/439/93
f 399/462/94 423/493/94 410/474/94
f 446/512/95 397/453/95 386/444/95
f 421/483/96 398/458/96 445/508/96
f 422/488/97 471/540/97 458/524/97
f 470/536/98 447/517/98 434/501/98
f 580/437/198 582/441/198 581/438/198
f 584/545/245 585/440/245 582/441/245
f 583/442/199 585/684/199 584/443/199
f 587/445/246 588/685/246 585/11/246
f 586/447/200 588/685/200 587/445/200
f 586/449/6 581/438/6 582/441/6
f 592/591/201 594/455/201 593/452/201
f 596/454/247 597/465/247 594/455/247
f 595/456/202 597/686/202 596/457/202
f 599/459/235 600/464/235 597/26/235
f 598/461/228 600/464/228 599/459/228
f 598/461/13 593/543/13 594/463/13
f 604/467/204 606/471/204 605/468/204
f 608/542/16 609/470/16 606/471/16
f 607/594/205 609/476/205 608/473/205
f 607/594/248 611/475/248 612/595/248
f 610/477/206 612/595/206 611/475/206
f 605/468/20 606/471/20 612/480/20
f 616/481/207 618/687/207 617/482/207
f 616/486/23 620/484/23 621/490/23
f 619/487/208 621/490/208 620/484/208
f 623/597/162 624/489/162 621/490/162
f 622/491/209 624/489/209 623/597/209
f 622/491/27 617/544/27 618/485/27
f 628/494/210 630/498/210 629/495/210
f 628/494/30 632/500/30 633/598/30
f 631/499/230 633/598/230 632/500/230
f 631/499/249 635/502/249 636/505/249
f 634/503/212 636/505/212 635/502/212
f 629/495/193 630/498/193 636/505/193
f 640/506/213 642/510/213 641/507/213
f 644/509/37 645/514/37 642/510/37
f 643/511/214 645/514/214 644/509/214
f 643/511/39 647/516/39 648/513/39
f 646/515/215 648/513/215 647/516/215
f 646/515/41 641/507/41 642/510/41
f 652/518/216 654/522/216 653/601/216
f 652/518/196 656/521/196 657/526/196
f 655/523/217 657/526/217 656/521/217
f 659/528/120 660/525/120 657/526/120
f 658/527/218 660/525/218 659/528/218
f 653/601/48 654/522/48 660/525/48
f 664/530/219 666/534/219 665/531/219
f 664/530/51 668/533/51 669/538/51
f 667/535/220 669/538/220 668/533/220
f 671/537/250 672/541/250 669/538/250
f 670/539/221 672/541/221 671/537/221
f 670/539/55 665/531/55 666/534/55
f 577/439/57 581/438/57 604/467/57
f 581/438/58 586/449/58 608/542/58
f 586/447/59 579/448/59 602/474/59
f 589/453/60 593/452/60 583/442/60
f 593/543/61 598/461/61 587/445/61
f 598/461/62 591/592/62 579/448/62
f 613/483/150 617/482/150 595/456/150
f 617/544/64 622/491/64 599/459/64
f 622/491/65 615/493/65 591/592/65
f 603/478/66 611/475/66 619/487/66
f 611/475/67 607/594/67 623/597/67
f 607/594/68 602/474/68 615/493/68
f 601/593/194 605/468/194 652/518/194
f 605/468/70 610/479/70 656/521/70
f 610/477/107 603/478/107 650/602/107
f 661/532/72 665/531/72 616/481/72
f 665/531/73 670/539/73 620/484/73
f 670/539/108 663/540/108 614/596/108
f 651/529/226 659/528/226 667/535/226
f 659/528/76 655/523/76 671/537/76
f 655/523/109 650/602/109 663/540/109
f 649/520/78 653/601/78 628/494/78
f 653/601/79 658/527/79 632/500/79
f 658/527/80 651/529/80 626/501/80
f 637/599/187 641/507/187 664/530/187
f 641/507/82 646/515/82 668/533/82
f 646/515/83 639/600/83 662/536/83
f 627/504/84 635/502/84 643/511/84
f 635/502/85 631/499/85 647/516/85
f 631/499/86 626/501/86 639/600/86
f 625/496/87 629/495/87 580/437/87
f 629/495/88 634/503/88 584/545/88
f 634/503/89 627/504/89 578/444/89
f 590/458/153 596/457/153 640/506/153
f 596/454/91 592/591/91 644/509/91
f 592/591/111 589/453/111 638/512/111
f 649/520/93 625/496/93 577/439/93
f 591/592/94 615/493/94 602/474/94
f 638/512/95 589/453/95 578/444/95
f 613/483/96 590/458/96 637/599/96
f 614/596/97 663/540/97 650/602/97
f 662/536/98 639/600/98 626/501/98
f 772/437/198 774/441/198 773/611/198
f 772/437/2 776/545/2 777/440/2
f 775/442/199 777/684/199 776/443/199
f 779/445/246 780/685/246 777/11/246
f 778/447/200 780/685/200 779/445/200
f 778/449/6 773/611/6 774/441/6
f 784/591/201 786/455/201 785/452/201
f 788/454/247 789/465/247 786/455/247
f 787/456/202 789/686/202 788/457/202
f 791/612/11 792/464/11 789/26/11
f 790/461/228 792/464/228 791/612/228
f 790/461/13 785/543/13 786/463/13
f 796/467/204 798/471/204 797/468/204
f 800/542/16 801/470/16 798/471/16
f 799/594/205 801/476/205 800/473/205
f 799/594/236 803/475/236 804/595/236
f 802/477/206 804/595/206 803/475/206
f 797/468/20 798/471/20 804/480/20
f 808/481/207 810/687/207 809/482/207
f 808/486/23 812/484/23 813/490/23
f 811/487/208 813/490/208 812/484/208
f 815/492/162 816/489/162 813/490/162
f 814/491/209 816/489/209 815/492/209
f 814/491/27 809/544/27 810/485/27
f 820/494/210 822/498/210 821/495/210
f 824/500/30 825/598/30 822/498/30
f 823/499/230 825/598/230 824/500/230
f 823/499/32 827/502/32 828/505/32
f 826/614/212 828/505/212 827/502/212
f 821/495/193 822/498/193 828/505/193
f 832/506/213 834/510/213 833/615/213
f 836/509/37 837/514/37 834/510/37
f 835/511/214 837/514/214 836/509/214
f 839/516/118 840/513/118 837/514/118
f 838/616/215 840/513/215 839/516/215
f 838/616/41 833/615/41 834/510/41
f 844/518/216 846/522/216 845/519/216
f 844/518/44 848/521/44 849/526/44
f 847/523/217 849/526/217 848/521/217
f 851/528/120 852/525/120 849/526/120
f 850/527/218 852/525/218 851/528/218
f 850/527/48 845/519/48 846/522/48
f 856/530/219 858/534/219 857/618/219
f 860/533/51 861/538/51 858/534/51
f 859/535/220 861/538/220 860/533/220
f 863/537/250 864/541/250 861/538/250
f 862/539/221 864/541/221 863/537/221
f 857/618/170 858/534/170 864/541/170
f 793/469/57 769/439/57 773/611/57
f 773/611/58 778/449/58 800/542/58
f 778/447/59 771/448/59 794/474/59
f 781/453/60 785/452/60 775/442/60
f 785/543/61 790/461/61 779/445/61
f 790/461/62 783/462/62 771/448/62
f 805/483/63 809/482/63 787/456/63
f 809/544/64 814/491/64 791/612/64
f 814/491/65 807/613/65 783/462/65
f 795/478/66 803/475/66 811/487/66
f 803/475/67 799/594/67 815/492/67
f 799/594/68 794/474/68 807/613/68
f 793/469/69 797/468/69 844/518/69
f 797/468/70 802/479/70 848/521/70
f 802/477/107 795/478/107 842/617/107
f 853/532/72 857/618/72 808/481/72
f 857/618/73 862/539/73 812/484/73
f 862/539/108 855/540/108 806/488/108
f 843/529/226 851/528/226 859/535/226
f 851/528/76 847/523/76 863/537/76
f 847/523/109 842/617/109 855/540/109
f 817/496/78 841/520/78 845/519/78
f 845/519/79 850/527/79 824/500/79
f 850/527/80 843/529/80 818/501/80
f 853/532/81 829/599/81 833/615/81
f 833/615/82 838/616/82 860/533/82
f 838/616/83 831/600/83 854/536/83
f 819/504/84 827/502/84 835/511/84
f 827/502/85 823/499/85 839/516/85
f 823/499/86 818/501/86 831/600/86
f 817/496/87 821/495/87 772/437/87
f 821/495/88 826/614/88 776/545/88
f 826/614/110 819/504/110 770/444/110
f 782/458/90 788/457/90 832/506/90
f 788/454/91 784/591/91 836/509/91
f 784/591/111 781/453/111 830/512/111
f 841/520/93 817/496/93 769/439/93
f 783/462/94 807/613/94 794/474/94
f 830/512/95 781/453/95 770/444/95
f 805/483/96 782/458/96 829/599/96
f 806/488/97 855/540/97 842/617/97
f 854/536/98 831/600/98 818/501/98
f 964/437/198 966/624/198 965/622/198
f 964/437/2 968/545/2 969/440/2
f 967/442/199 969/684/199 968/443/199
f 971/626/246 972/685/246 969/11/246
f 970/447/200 972/685/200 971/626/200
f 970/449/6 965/622/6 966/624/6
f 976/628/253 978/455/253 977/452/253
f 980/454/247 981/465/247 978/455/247
f 979/456/202 981/686/202 980/457/202
f 983/459/235 984/464/235 981/26/235
f 982/461/228 984/464/228 983/459/228
f 982/461/13 977/543/13 978/463/13
f 988/467/204 990/632/204 989/468/204
f 992/542/16 993/470/16 990/632/16
f 991/594/205 993/476/205 992/473/205
f 991/594/248 995/475/248 996/595/248
f 994/477/206 996/595/206 995/475/206
f 994/479/20 989/468/20 990/632/20
f 1000/481/207 1002/687/207 1001/482/207
f 1000/486/23 1004/638/23 1005/635/23
f 1003/637/208 1005/635/208 1004/638/208
f 1007/639/162 1008/489/162 1005/635/162
f 1006/640/209 1008/489/209 1007/639/209
f 1006/640/27 1001/544/27 1002/636/27
f 1012/641/210 1014/498/210 1013/495/210
f 1012/641/30 1016/500/30 1017/642/30
f 1015/499/230 1017/642/230 1016/500/230
f 1015/499/32 1019/502/32 1020/643/32
f 1018/614/212 1020/643/212 1019/502/212
f 1013/495/193 1014/498/193 1020/643/193
f 1024/645/213 1026/510/213 1025/615/213
f 1028/646/165 1029/514/165 1026/510/165
f 1027/647/214 1029/514/214 1028/646/214
f 1031/516/118 1032/650/118 1029/514/118
f 1030/649/215 1032/650/215 1031/516/215
f 1025/615/41 1026/510/41 1032/650/41
f 1036/518/216 1038/522/216 1037/519/216
f 1036/518/196 1040/521/196 1041/526/196
f 1039/651/217 1041/526/217 1040/521/217
f 1043/652/120 1044/653/120 1041/526/120
f 1042/527/218 1044/653/218 1043/652/218
f 1037/519/48 1038/522/48 1044/653/48
f 1048/530/219 1050/655/219 1049/618/219
f 1052/654/243 1053/538/243 1050/655/243
f 1051/535/220 1053/538/220 1052/654/220
f 1055/656/250 1056/658/250 1053/538/250
f 1054/539/221 1056/658/221 1055/656/221
f 1054/539/55 1049/618/55 1050/655/55
f 961/623/57 965/622/57 988/467/57
f 965/622/58 970/449/58 992/542/58
f 970/447/59 963/627/59 986/633/59
f 973/629/60 977/452/60 967/442/60
f 977/543/61 982/461/61 971/626/61
f 982/461/62 975/631/62 963/627/62
f 997/483/150 1001/482/150 979/456/150
f 1001/544/64 1006/640/64 983/459/64
f 1006/640/65 999/493/65 975/631/65
f 987/634/66 995/475/66 1003/637/66
f 995/475/67 991/594/67 1007/639/67
f 991/594/68 986/633/68 999/493/68
f 985/593/194 989/468/194 1036/518/194
f 989/468/70 994/479/70 1040/521/70
f 994/477/107 987/634/107 1034/617/107
f 1045/532/72 1049/618/72 1000/481/72
f 1049/618/73 1054/539/73 1004/638/73
f 1054/539/74 1047/657/74 998/488/74
f 1035/529/226 1043/652/226 1051/535/226
f 1043/652/76 1039/651/76 1055/656/76
f 1039/651/109 1034/617/109 1047/657/109
f 1033/520/78 1037/519/78 1012/641/78
f 1037/519/79 1042/527/79 1016/500/79
f 1042/527/80 1035/529/80 1010/501/80
f 1021/508/187 1025/615/187 1048/530/187
f 1025/615/82 1030/649/82 1052/654/82
f 1030/649/83 1023/600/83 1046/536/83
f 1011/644/84 1019/502/84 1027/647/84
f 1019/502/85 1015/499/85 1031/516/85
f 1015/499/86 1010/501/86 1023/600/86
f 1009/496/87 1013/495/87 964/437/87
f 1013/495/88 1018/614/88 968/545/88
f 1018/614/110 1011/644/110 962/625/110
f 974/630/153 980/457/153 1024/645/153
f 980/454/91 976/628/91 1028/646/91
f 976/628/111 973/629/111 1022/648/111
f 1033/520/93 1009/496/93 961/623/93
f 975/631/94 999/493/94 986/633/94
f 1022/648/95 973/629/95 962/625/95
f 997/483/96 974/630/96 1021/508/96
f 998/488/97 1047/657/97 1034/617/97
f 1046/536/98 1023/600/98 1010/501/98
f 1156/437/198 1158/441/198 1157/611/198
f 1160/545/154 1161/440/154 1158/441/154
f 1159/442/199 1161/684/199 1160/443/199
f 1163/445/234 1164/685/234 1161/11/234
f 1162/447/200 1164/685/200 1163/445/200
f 1157/611/6 1158/441/6 1164/450/6
f 1168/591/201 1170/455/201 1169/452/201
f 1172/454/186 1173/465/186 1170/455/186
f 1171/456/202 1173/686/202 1172/457/202
f 1175/612/235 1176/464/235 1173/26/235
f 1174/461/228 1176/464/228 1175/612/228
f 1169/543/177 1170/463/177 1176/464/177
f 1180/467/204 1182/471/204 1181/468/204
f 1184/542/16 1185/470/16 1182/471/16
f 1183/472/205 1185/476/205 1184/473/205
f 1183/472/236 1187/475/236 1188/595/236
f 1186/477/206 1188/595/206 1187/475/206
f 1181/468/135 1182/471/135 1188/480/135
f 1192/481/207 1194/687/207 1193/482/207
f 1192/486/23 1196/484/23 1197/490/23
f 1195/487/208 1197/490/208 1196/484/208
f 1199/492/254 1200/489/254 1197/490/254
f 1198/491/237 1200/489/237 1199/492/237
f 1198/491/238 1193/544/238 1194/485/238
f 1204/641/210 1206/498/210 1205/495/210
f 1204/641/30 1208/500/30 1209/666/30
f 1207/499/230 1209/666/230 1208/500/230
f 1211/502/179 1212/505/179 1209/666/179
f 1210/503/212 1212/505/212 1211/502/212
f 1210/503/34 1205/495/34 1206/498/34
f 1216/506/213 1218/510/213 1217/507/213
f 1216/506/165 1220/509/165 1221/514/165
f 1219/511/214 1221/514/214 1220/509/214
f 1219/511/39 1223/516/39 1224/513/39
f 1222/515/231 1224/513/231 1223/516/231
f 1222/515/241 1217/507/241 1218/510/241
f 1228/518/216 1230/522/216 1229/601/216
f 1232/521/255 1233/526/255 1230/522/255
f 1231/523/217 1233/526/217 1232/521/217
f 1231/523/46 1235/528/46 1236/525/46
f 1234/527/242 1236/525/242 1235/528/242
f 1229/601/48 1230/522/48 1236/525/48
f 1240/530/219 1242/534/219 1241/531/219
f 1244/533/243 1245/538/243 1242/534/243
f 1243/535/232 1245/538/232 1244/533/232
f 1247/537/224 1248/541/224 1245/538/224
f 1246/539/221 1248/541/221 1247/537/221
f 1241/531/170 1242/534/170 1248/541/170
f 1153/439/57 1157/611/57 1180/467/57
f 1157/611/58 1162/449/58 1184/542/58
f 1162/447/59 1155/448/59 1178/474/59
f 1165/453/60 1169/452/60 1159/442/60
f 1169/543/61 1174/461/61 1163/445/61
f 1174/461/62 1167/462/62 1155/448/62
f 1189/483/150 1193/482/150 1171/456/150
f 1193/544/64 1198/491/64 1175/612/64
f 1198/491/65 1191/493/65 1167/462/65
f 1179/478/66 1187/475/66 1195/487/66
f 1187/475/67 1183/472/67 1199/492/67
f 1183/472/68 1178/474/68 1191/493/68
f 1177/469/194 1181/468/194 1228/518/194
f 1181/468/70 1186/479/70 1232/521/70
f 1186/477/107 1179/478/107 1226/667/107
f 1237/532/72 1241/531/72 1192/481/72
f 1241/531/73 1246/539/73 1196/484/73
f 1246/539/108 1239/540/108 1190/488/108
f 1227/529/226 1235/528/226 1243/535/226
f 1235/528/76 1231/523/76 1247/537/76
f 1231/523/109 1226/667/109 1239/540/109
f 1225/520/78 1229/601/78 1204/641/78
f 1229/601/79 1234/527/79 1208/500/79
f 1234/527/80 1227/529/80 1202/501/80
f 1213/599/187 1217/507/187 1240/530/187
f 1217/507/82 1222/515/82 1244/533/82
f 1222/515/83 1215/517/83 1238/536/83
f 1203/504/84 1211/502/84 1219/511/84
f 1211/502/85 1207/499/85 1223/516/85
f 1207/499/86 1202/501/86 1215/517/86
f 1201/496/87 1205/495/87 1156/437/87
f 1205/495/88 1210/503/88 1160/545/88
f 1210/503/110 1203/504/110 1154/444/110
f 1166/458/153 1172/457/153 1216/506/153
f 1172/454/91 1168/591/91 1220/509/91
f 1168/591/111 1165/453/111 1214/512/111
f 1225/520/93 1201/496/93 1153/439/93
f 1167/462/94 1191/493/94 1178/474/94
f 1214/512/95 1165/453/95 1154/444/95
f 1189/483/96 1166/458/96 1213/599/96
f 1190/488/97 1239/540/97 1226/667/97
f 1238/536/98 1215/517/98 1202/501/98
