# Blender 5.2.1 LTS
# www.blender.org
mtllib chassis_plate.mtl
o chassis_plate
v -0.059000 -0.002000 0.039000
v -0.059000 -0.001000 0.040000
v -0.060000 -0.001000 0.039000
v -0.059000 -0.001866 0.039499
v -0.059499 -0.001866 0.039000
v -0.059478 -0.001737 0.039478
v -0.059499 -0.001000 0.039866
v -0.059000 -0.001499 0.039866
v -0.059478 -0.001478 0.039737
v -0.059866 -0.001499 0.039000
v -0.059866 -0.001000 0.039499
v -0.059737 -0.001478 0.039478
v -0.059000 0.001000 0.040000
v -0.059000 0.002000 0.039000
v -0.060000 0.001000 0.039000
v -0.059000 0.001499 0.039866
v -0.059499 0.001000 0.039866
v -0.059478 0.001478 0.039737
v -0.059499 0.001866 0.039000
v -0.059000 0.001866 0.039499
v -0.059478 0.001737 0.039478
v -0.059866 0.001000 0.039499
v -0.059866 0.001499 0.039000
v -0.059737 0.001478 0.039478
v -0.059000 -0.002000 -0.039000
v -0.060000 -0.001000 -0.039000
v -0.059000 -0.001000 -0.040000
v -0.059499 -0.001866 -0.039000
v -0.059000 -0.001866 -0.039499
v -0.059478 -0.001737 -0.039478
v -0.059866 -0.001000 -0.039499
v -0.059866 -0.001499 -0.039000
v -0.059737 -0.001478 -0.039478
v -0.059000 -0.001499 -0.039866
v -0.059499 -0.001000 -0.039866
v -0.059478 -0.001478 -0.039737
v -0.059000 0.002000 -0.039000
v -0.059000 0.001000 -0.040000
v -0.060000 0.001000 -0.039000
v -0.059000 0.001866 -0.039499
v -0.059499 0.001866 -0.039000
v -0.059478 0.001737 -0.039478
v -0.059499 0.001000 -0.039866
v -0.059000 0.001499 -0.039866
v -0.059478 0.001478 -0.039737
v -0.059866 0.001499 -0.039000
v -0.059866 0.001000 -0.039499
v -0.059737 0.001478 -0.039478
v 0.059000 -0.002000 0.039000
v 0.060000 -0.001000 0.039000
v 0.059000 -0.001000 0.040000
v 0.059499 -0.001866 0.039000
v 0.059000 -0.001866 0.039499
v 0.059478 -0.001737 0.039478
v 0.059866 -0.001000 0.039499
v 0.059866 -0.001499 0.039000
v 0.059737 -0.001478 0.039478
v 0.059000 -0.001499 0.039866
v 0.059499 -0.001000 0.039866
v 0.059478 -0.001478 0.039737
v 0.059000 0.002000 0.039000
v 0.059000 0.001000 0.040000
v 0.060000 0.001000 0.039000
v 0.059000 0.001866 0.039499
v 0.059499 0.001866 0.039000
v 0.059478 0.001737 0.039478
v 0.059499 0.001000 0.039866
v 0.059000 0.001499 0.039866
v 0.059478 0.001478 0.039737
v 0.059866 0.001499 0.039000
v 0.059866 0.001000 0.039499
v 0.059737 0.001478 0.039478
v 0.059000 -0.002000 -0.039000
v 0.059000 -0.001000 -0.040000
v 0.060000 -0.001000 -0.039000
v 0.059000 -0.001866 -0.039499
v 0.059499 -0.001866 -0.039000
v 0.059478 -0.001737 -0.039478
v 0.059499 -0.001000 -0.039866
v 0.059000 -0.001499 -0.039866
v 0.059478 -0.001478 -0.039737
v 0.059866 -0.001499 -0.039000
v 0.059866 -0.001000 -0.039499
v 0.059737 -0.001478 -0.039478
v 0.059000 0.002000 -0.039000
v 0.060000 0.001000 -0.039000
v 0.059000 0.001000 -0.040000
v 0.059499 0.001866 -0.039000
v 0.059000 0.001866 -0.039499
v 0.059478 0.001737 -0.039478
v 0.059866 0.001000 -0.039499
v 0.059866 0.001499 -0.039000
v 0.059737 0.001478 -0.039478
v 0.059000 0.001499 -0.039866
v 0.059499 0.001000 -0.039866
v 0.059478 0.001478 -0.039737
v -0.052500 -0.002000 -0.025000
v -0.051641 -0.002000 -0.022355
v -0.052280 -0.002000 -0.023609
v -0.052280 -0.002000 -0.026391
v -0.049391 -0.002000 -0.020720
v -0.049391 -0.002000 -0.029280
v -0.050645 -0.002000 -0.021359
v -0.050645 -0.002000 -0.028641
v -0.051641 -0.002000 -0.027645
v -0.045355 -0.002000 -0.028641
v -0.046609 -0.002000 -0.020720
v -0.046609 -0.002000 -0.029280
v -0.044359 -0.002000 -0.022355
v -0.043500 -0.002000 -0.025000
v -0.043720 -0.002000 -0.023609
v -0.043720 -0.002000 -0.026391
v -0.044359 -0.002000 -0.027645
v -0.045355 -0.002000 -0.021359
v -0.048000 -0.002000 -0.020500
v -0.048000 -0.002000 -0.029500
v -0.052500 0.002000 -0.025000
v -0.051641 0.002000 -0.022355
v -0.052280 0.002000 -0.023609
v -0.052280 0.002000 -0.026391
v -0.049391 0.002000 -0.020720
v -0.049391 0.002000 -0.029280
v -0.050645 0.002000 -0.021359
v -0.050645 0.002000 -0.028641
v -0.051641 0.002000 -0.027645
v -0.045355 0.002000 -0.021359
v -0.046609 0.002000 -0.020720
v -0.046609 0.002000 -0.029280
v -0.044359 0.002000 -0.027645
v -0.043500 0.002000 -0.025000
v -0.043720 0.002000 -0.023609
v -0.043720 0.002000 -0.026391
v -0.044359 0.002000 -0.022355
v -0.045355 0.002000 -0.028641
v -0.048000 0.002000 -0.020500
v -0.048000 0.002000 -0.029500
v -0.052280 -0.002000 0.026391
v -0.052500 -0.002000 0.025000
v -0.051641 -0.002000 0.027645
v -0.052280 -0.002000 0.023609
v -0.050645 -0.002000 0.021359
v -0.049391 -0.002000 0.029280
v -0.049391 -0.002000 0.020720
v -0.050645 -0.002000 0.028641
v -0.051641 -0.002000 0.022355
v -0.045355 -0.002000 0.021359
v -0.046609 -0.002000 0.029280
v -0.046609 -0.002000 0.020720
v -0.044359 -0.002000 0.027645
v -0.043500 -0.002000 0.025000
v -0.043720 -0.002000 0.026391
v -0.043720 -0.002000 0.023609
v -0.045355 -0.002000 0.028641
v -0.044359 -0.002000 0.022355
v -0.048000 -0.002000 0.029500
v -0.048000 -0.002000 0.020500
v -0.052280 0.002000 0.026391
v -0.052500 0.002000 0.025000
v -0.051641 0.002000 0.027645
v -0.052280 0.002000 0.023609
v -0.050645 0.002000 0.028641
v -0.049391 0.002000 0.020720
v -0.049391 0.002000 0.029280
v -0.050645 0.002000 0.021359
v -0.048000 0.002000 0.029500
v -0.051641 0.002000 0.022355
v -0.045355 0.002000 0.028641
v -0.045355 0.002000 0.021359
v -0.046609 0.002000 0.029280
v -0.046609 0.002000 0.020720
v -0.048000 0.002000 0.020500
v -0.044359 0.002000 0.022355
v -0.043500 0.002000 0.025000
v -0.043720 0.002000 0.026391
v -0.043720 0.002000 0.023609
v -0.044359 0.002000 0.027645
v -0.028280 -0.002000 -0.023609
v -0.028500 -0.002000 -0.025000
v -0.027641 -0.002000 -0.022355
v -0.028280 -0.002000 -0.026391
v -0.027641 -0.002000 -0.027645
v -0.026645 -0.002000 -0.028641
v -0.025391 -0.002000 -0.020720
v -0.026645 -0.002000 -0.021359
v -0.025391 -0.002000 -0.029280
v -0.021355 -0.002000 -0.021359
v -0.021355 -0.002000 -0.028641
v -0.022609 -0.002000 -0.020720
v -0.022609 -0.002000 -0.029280
v -0.019500 -0.002000 -0.025000
v -0.019720 -0.002000 -0.026391
v -0.020359 -0.002000 -0.022355
v -0.019720 -0.002000 -0.023609
v -0.020359 -0.002000 -0.027645
v -0.024000 -0.002000 -0.029500
v -0.024000 -0.002000 -0.020500
v -0.026645 0.002000 -0.028641
v -0.025391 0.002000 -0.029280
v -0.024000 0.002000 -0.029500
v -0.022609 0.002000 -0.029280
v -0.027641 0.002000 -0.027645
v -0.021355 0.002000 -0.028641
v -0.028356 0.002000 -0.025912
v -0.028280 0.002000 -0.026391
v -0.020359 0.002000 -0.027645
v -0.028500 0.002000 -0.025000
v -0.019720 0.002000 -0.026391
v -0.028280 0.002000 -0.023609
v -0.025391 0.002000 -0.020720
v -0.026645 0.002000 -0.021359
v -0.024000 0.002000 -0.020500
v -0.027641 0.002000 -0.022355
v -0.022609 0.002000 -0.020720
v -0.021355 0.002000 -0.021359
v -0.019500 0.002000 -0.025000
v -0.019720 0.002000 -0.023609
v -0.020359 0.002000 -0.022355
v -0.028280 -0.002000 0.026391
v -0.028500 -0.002000 0.025000
v -0.027641 -0.002000 0.027645
v -0.028280 -0.002000 0.023609
v -0.027641 -0.002000 0.022355
v -0.026645 -0.002000 0.021359
v -0.025391 -0.002000 0.029280
v -0.026645 -0.002000 0.028641
v -0.025391 -0.002000 0.020720
v -0.024000 -0.002000 0.029500
v -0.021355 -0.002000 0.028641
v -0.021355 -0.002000 0.021359
v -0.022609 -0.002000 0.029280
v -0.022609 -0.002000 0.020720
v -0.019500 -0.002000 0.025000
v -0.019720 -0.002000 0.023609
v -0.020359 -0.002000 0.027645
v -0.019720 -0.002000 0.026391
v -0.020359 -0.002000 0.022355
v -0.024000 -0.002000 0.020500
v -0.028280 0.002000 0.026391
v -0.028500 0.002000 0.025000
v -0.027641 0.002000 0.027645
v -0.028280 0.002000 0.023609
v -0.027641 0.002000 0.022355
v -0.026645 0.002000 0.028641
v -0.025391 0.002000 0.020720
v -0.025391 0.002000 0.029280
v -0.026645 0.002000 0.021359
v -0.024000 0.002000 0.029500
v -0.021355 0.002000 0.028641
v -0.021355 0.002000 0.021359
v -0.022609 0.002000 0.029280
v -0.022609 0.002000 0.020720
v -0.019500 0.002000 0.025000
v -0.019720 0.002000 0.023609
v -0.020359 0.002000 0.027645
v -0.019720 0.002000 0.026391
v -0.020359 0.002000 0.022355
v -0.024000 0.002000 0.020500
v 0.019500 -0.002000 -0.025000
v 0.020359 -0.002000 -0.022355
v 0.019720 -0.002000 -0.023609
v 0.019720 -0.002000 -0.026391
v 0.022609 -0.002000 -0.020720
v 0.022609 -0.002000 -0.029280
v 0.021355 -0.002000 -0.021359
v 0.021355 -0.002000 -0.028641
v 0.020359 -0.002000 -0.027645
v 0.026645 -0.002000 -0.028641
v 0.025391 -0.002000 -0.020720
v 0.025391 -0.002000 -0.029280
v 0.027641 -0.002000 -0.022355
v 0.028500 -0.002000 -0.025000
v 0.028280 -0.002000 -0.023609
v 0.028280 -0.002000 -0.026391
v 0.027641 -0.002000 -0.027645
v 0.026645 -0.002000 -0.021359
v 0.024000 -0.002000 -0.029500
v 0.024000 -0.002000 -0.020500
v 0.019500 0.002000 -0.025000
v 0.020359 0.002000 -0.022355
v 0.019720 0.002000 -0.023609
v 0.019720 0.002000 -0.026391
v 0.022609 0.002000 -0.020720
v 0.022609 0.002000 -0.029280
v 0.021355 0.002000 -0.021359
v 0.021355 0.002000 -0.028641
v 0.020359 0.002000 -0.027645
v 0.026645 0.002000 -0.021359
v 0.025391 0.002000 -0.020720
v 0.025391 0.002000 -0.029280
v 0.027641 0.002000 -0.027645
v 0.028500 0.002000 -0.025000
v 0.028280 0.002000 -0.023609
v 0.028280 0.002000 -0.026391
v 0.027641 0.002000 -0.022355
v 0.026645 0.002000 -0.028641
v 0.024000 0.002000 -0.029500
v 0.024000 0.002000 -0.020500
v 0.019720 -0.002000 0.026391
v 0.019500 -0.002000 0.025000
v 0.020359 -0.002000 0.027645
v 0.019720 -0.002000 0.023609
v 0.020359 -0.002000 0.022355
v 0.021355 -0.002000 0.021359
v 0.022609 -0.002000 0.029280
v 0.021355 -0.002000 0.028641
v 0.022609 -0.002000 0.020720
v 0.026645 -0.002000 0.028641
v 0.026645 -0.002000 0.021359
v 0.025391 -0.002000 0.029280
v 0.025391 -0.002000 0.020720
v 0.028500 -0.002000 0.025000
v 0.028280 -0.002000 0.023609
v 0.027641 -0.002000 0.027645
v 0.028280 -0.002000 0.026391
v 0.027641 -0.002000 0.022355
v 0.024000 -0.002000 0.020500
v 0.024000 -0.002000 0.029500
v 0.019500 0.002000 0.025000
v 0.020359 0.002000 0.027645
v 0.019720 0.002000 0.026391
v 0.019720 0.002000 0.023609
v 0.022609 0.002000 0.029280
v 0.022609 0.002000 0.020720
v 0.021355 0.002000 0.028641
v 0.021355 0.002000 0.021359
v 0.020359 0.002000 0.022355
v 0.026645 0.002000 0.028641
v 0.025391 0.002000 0.029280
v 0.025391 0.002000 0.020720
v 0.027641 0.002000 0.022355
v 0.028500 0.002000 0.025000
v 0.028280 0.002000 0.026391
v 0.028280 0.002000 0.023609
v 0.027641 0.002000 0.027645
v 0.024000 0.002000 0.029500
v 0.026645 0.002000 0.021359
v 0.024000 0.002000 0.020500
v 0.051641 -0.002000 -0.022355
v 0.052280 -0.002000 -0.023609
v 0.052500 -0.002000 -0.025000
v 0.050645 -0.002000 -0.021359
v 0.049391 -0.002000 -0.020720
v 0.052280 -0.002000 -0.026391
v 0.048130 -0.002000 -0.020521
v 0.048000 -0.002000 -0.020500
v 0.043720 -0.002000 -0.023609
v 0.043500 -0.002000 -0.025000
v 0.044359 -0.002000 -0.022355
v 0.045355 -0.002000 -0.021359
v 0.043720 -0.002000 -0.026391
v 0.048000 -0.002000 -0.029500
v 0.046609 -0.002000 -0.020720
v 0.051641 -0.002000 -0.027645
v 0.050645 -0.002000 -0.028641
v 0.049391 -0.002000 -0.029280
v 0.044359 -0.002000 -0.027645
v 0.046609 -0.002000 -0.029280
v 0.045355 -0.002000 -0.028641
v 0.051641 0.002000 -0.022355
v 0.050645 0.002000 -0.021359
v 0.052280 0.002000 -0.023609
v 0.052500 0.002000 -0.025000
v 0.043500 0.002000 -0.025000
v 0.043720 0.002000 -0.026391
v 0.043720 0.002000 -0.023609
v 0.045355 0.002000 -0.021359
v 0.045355 0.002000 -0.028641
v 0.046609 0.002000 -0.020720
v 0.044359 0.002000 -0.022355
v 0.044359 0.002000 -0.027645
v 0.046609 0.002000 -0.029280
v 0.049391 0.002000 -0.020720
v 0.048000 0.002000 -0.020500
v 0.048000 0.002000 -0.029500
v 0.050645 0.002000 -0.028641
v 0.052280 0.002000 -0.026391
v 0.051641 0.002000 -0.027645
v 0.049391 0.002000 -0.029280
v 0.043720 -0.002000 0.026391
v 0.043500 -0.002000 0.025000
v 0.044359 -0.002000 0.027645
v 0.043720 -0.002000 0.023609
v 0.044359 -0.002000 0.022355
v 0.045355 -0.002000 0.021359
v 0.046609 -0.002000 0.029280
v 0.045355 -0.002000 0.028641
v 0.046609 -0.002000 0.020720
v 0.048000 -0.002000 0.020500
v 0.050645 -0.002000 0.021359
v 0.049391 -0.002000 0.029280
v 0.049391 -0.002000 0.020720
v 0.051641 -0.002000 0.027645
v 0.052500 -0.002000 0.025000
v 0.052280 -0.002000 0.026391
v 0.052280 -0.002000 0.023609
v 0.050645 -0.002000 0.028641
v 0.051641 -0.002000 0.022355
v 0.048000 -0.002000 0.029500
v 0.043500 0.002000 0.025000
v 0.043720 0.002000 0.023609
v 0.043720 0.002000 0.026391
v 0.045355 0.002000 0.028641
v 0.045355 0.002000 0.021359
v 0.046609 0.002000 0.029280
v 0.044359 0.002000 0.027645
v 0.044359 0.002000 0.022355
v 0.048000 0.002000 0.029500
v 0.048000 0.002000 0.020500
v 0.050645 0.002000 0.028641
v 0.052280 0.002000 0.026391
v 0.051641 0.002000 0.027645
v 0.049391 0.002000 0.029280
v 0.049391 0.002000 0.020720
v 0.046609 0.002000 0.020720
v 0.050645 0.002000 0.021359
v 0.052500 0.002000 0.025000
v 0.052280 0.002000 0.023609
v 0.051641 0.002000 0.022355
v -0.029706 -0.002000 0.001854
v -0.030000 -0.002000 0.000000
v -0.028854 -0.002000 0.003527
v -0.029706 -0.002000 -0.001854
v -0.027527 -0.002000 -0.004854
v -0.025854 -0.002000 0.005706
v -0.027527 -0.002000 0.004854
v -0.025854 -0.002000 -0.005706
v -0.024000 -0.002000 0.006000
v -0.028854 -0.002000 -0.003527
v -0.020473 -0.002000 -0.004854
v -0.022146 -0.002000 0.005706
v -0.022146 -0.002000 -0.005706
v -0.023536 -0.002000 -0.005927
v -0.024000 -0.002000 -0.006000
v -0.019146 -0.002000 0.003527
v -0.018000 -0.002000 0.000000
v -0.018294 -0.002000 0.001854
v -0.018294 -0.002000 -0.001854
v -0.019146 -0.002000 -0.003527
v -0.020473 -0.002000 0.004854
v -0.024000 0.002000 0.006000
v -0.024000 0.002000 -0.006000
v -0.022146 0.002000 0.005706
v -0.020473 0.002000 -0.004854
v -0.020473 0.002000 0.004854
v -0.018000 0.002000 0.000000
v -0.018294 0.002000 -0.001854
v -0.019146 0.002000 0.003527
v -0.018294 0.002000 0.001854
v -0.019146 0.002000 -0.003527
v -0.022146 0.002000 -0.005706
v -0.029706 0.002000 0.001854
v -0.030000 0.002000 0.000000
v -0.028854 0.002000 0.003527
v -0.029706 0.002000 -0.001854
v -0.027527 0.002000 -0.004854
v -0.025854 0.002000 0.005706
v -0.025854 0.002000 -0.005706
v -0.027527 0.002000 0.004854
v -0.028854 0.002000 -0.003527
v 0.022146 -0.002000 -0.005706
v 0.024000 -0.002000 0.006000
v 0.024000 -0.002000 -0.006000
v 0.022146 -0.002000 0.005706
v 0.018000 -0.002000 0.000000
v 0.019146 -0.002000 0.003527
v 0.018294 -0.002000 0.001854
v 0.018294 -0.002000 -0.001854
v 0.020473 -0.002000 0.004854
v 0.020473 -0.002000 -0.004854
v 0.019146 -0.002000 -0.003527
v 0.025854 -0.002000 0.005706
v 0.027527 -0.002000 -0.004854
v 0.027527 -0.002000 0.004854
v 0.025854 -0.002000 -0.005706
v 0.028854 -0.002000 0.003527
v 0.030000 -0.002000 0.000000
v 0.029706 -0.002000 0.001854
v 0.029706 -0.002000 -0.001854
v 0.028854 -0.002000 -0.003527
v 0.022146 0.002000 -0.005706
v 0.024000 0.002000 0.006000
v 0.024000 0.002000 -0.006000
v 0.022146 0.002000 0.005706
v 0.018000 0.002000 0.000000
v 0.019146 0.002000 0.003527
v 0.018294 0.002000 0.001854
v 0.018294 0.002000 -0.001854
v 0.020473 0.002000 0.004854
v 0.020473 0.002000 -0.004854
v 0.019146 0.002000 -0.003527
v 0.025854 0.002000 0.005706
v 0.027527 0.002000 0.004854
v 0.025854 0.002000 -0.005706
v 0.027527 0.002000 -0.004854
v 0.028854 0.002000 -0.003527
v 0.030000 0.002000 0.000000
v 0.029706 0.002000 0.001854
v 0.029706 0.002000 -0.001854
v 0.028854 0.002000 0.003527
v -0.055597 -0.002000 -0.034781
v -0.055712 -0.002000 -0.034556
v -0.054556 -0.002000 -0.032288
v -0.053571 -0.002000 -0.032268
v -0.054000 -0.002000 -0.032200
v -0.055800 -0.002000 -0.034000
v -0.055712 -0.002000 -0.033444
v -0.055456 -0.002000 -0.032942
v -0.055058 -0.002000 -0.032544
v -0.055456 -0.002000 -0.035058
v -0.053444 -0.002000 -0.032288
v -0.052942 -0.002000 -0.032544
v -0.055058 -0.002000 -0.035456
v -0.052544 -0.002000 -0.032942
v -0.052288 -0.002000 -0.033444
v -0.054556 -0.002000 -0.035712
v -0.053444 -0.002000 -0.035712
v -0.054000 -0.002000 -0.035800
v -0.052942 -0.002000 -0.035456
v -0.052288 -0.002000 -0.034556
v -0.052544 -0.002000 -0.035058
v -0.052200 -0.002000 -0.034000
v -0.055597 0.002000 -0.034781
v -0.055456 0.002000 -0.035058
v -0.053444 0.002000 -0.032288
v -0.052942 0.002000 -0.032544
v -0.053571 0.002000 -0.032268
v -0.055058 0.002000 -0.035456
v -0.052544 0.002000 -0.032942
v -0.054556 0.002000 -0.035712
v -0.053444 0.002000 -0.035712
v -0.054000 0.002000 -0.035800
v -0.052942 0.002000 -0.035456
v -0.052544 0.002000 -0.035058
v -0.052200 0.002000 -0.034000
v -0.052288 0.002000 -0.034556
v -0.052288 0.002000 -0.033444
v -0.055712 0.002000 -0.034556
v -0.054556 0.002000 -0.032288
v -0.054000 0.002000 -0.032200
v -0.055800 0.002000 -0.034000
v -0.055712 0.002000 -0.033444
v -0.055456 0.002000 -0.032942
v -0.055058 0.002000 -0.032544
v -0.055597 -0.002000 0.034781
v -0.055456 -0.002000 0.035058
v -0.052942 -0.002000 0.032544
v -0.053444 -0.002000 0.032288
v -0.053571 -0.002000 0.032268
v -0.055058 -0.002000 0.035456
v -0.052544 -0.002000 0.032942
v -0.052288 -0.002000 0.033444
v -0.054556 -0.002000 0.035712
v -0.053444 -0.002000 0.035712
v -0.052942 -0.002000 0.035456
v -0.054000 -0.002000 0.035800
v -0.052544 -0.002000 0.035058
v -0.052200 -0.002000 0.034000
v -0.052288 -0.002000 0.034556
v -0.055712 -0.002000 0.034556
v -0.054000 -0.002000 0.032200
v -0.054556 -0.002000 0.032288
v -0.055800 -0.002000 0.034000
v -0.055712 -0.002000 0.033444
v -0.055058 -0.002000 0.032544
v -0.055456 -0.002000 0.032942
v -0.055597 0.002000 0.034781
v -0.055456 0.002000 0.035058
v -0.052942 0.002000 0.032544
v -0.053444 0.002000 0.032288
v -0.053571 0.002000 0.032268
v -0.055058 0.002000 0.035456
v -0.052544 0.002000 0.032942
v -0.052288 0.002000 0.033444
v -0.054556 0.002000 0.035712
v -0.053444 0.002000 0.035712
v -0.052942 0.002000 0.035456
v -0.054000 0.002000 0.035800
v -0.052288 0.002000 0.034556
v -0.052544 0.002000 0.035058
v -0.052200 0.002000 0.034000
v -0.055712 0.002000 0.034556
v -0.054556 0.002000 0.032288
v -0.054000 0.002000 0.032200
v -0.055800 0.002000 0.034000
v -0.055712 0.002000 0.033444
v -0.055058 0.002000 0.032544
v -0.055456 0.002000 0.032942
v 0.052942 -0.002000 -0.032544
v 0.055597 -0.002000 -0.034781
v 0.055456 -0.002000 -0.035058
v 0.053571 -0.002000 -0.032268
v 0.053444 -0.002000 -0.032288
v 0.052544 -0.002000 -0.032942
v 0.055058 -0.002000 -0.035456
v 0.052288 -0.002000 -0.033444
v 0.052200 -0.002000 -0.034000
v 0.052544 -0.002000 -0.035058
v 0.052288 -0.002000 -0.034556
v 0.053444 -0.002000 -0.035712
v 0.054556 -0.002000 -0.035712
v 0.054000 -0.002000 -0.035800
v 0.052942 -0.002000 -0.035456
v 0.054000 -0.002000 -0.032200
v 0.055712 -0.002000 -0.034556
v 0.054556 -0.002000 -0.032288
v 0.055058 -0.002000 -0.032544
v 0.055800 -0.002000 -0.034000
v 0.055456 -0.002000 -0.032942
v 0.055712 -0.002000 -0.033444
v 0.053571 0.002000 -0.032268
v 0.054000 0.002000 -0.032200
v 0.054556 0.002000 -0.032288
v 0.055712 0.002000 -0.034556
v 0.055597 0.002000 -0.034781
v 0.055456 0.002000 -0.032942
v 0.055058 0.002000 -0.032544
v 0.055712 0.002000 -0.033444
v 0.055800 0.002000 -0.034000
v 0.053444 0.002000 -0.032288
v 0.052942 0.002000 -0.032544
v 0.055456 0.002000 -0.035058
v 0.052544 0.002000 -0.032942
v 0.055058 0.002000 -0.035456
v 0.052288 0.002000 -0.033444
v 0.052200 0.002000 -0.034000
v 0.052288 0.002000 -0.034556
v 0.052544 0.002000 -0.035058
v 0.053444 0.002000 -0.035712
v 0.052942 0.002000 -0.035456
v 0.054556 0.002000 -0.035712
v 0.054000 0.002000 -0.035800
v 0.053571 -0.002000 0.032268
v 0.054000 -0.002000 0.032200
v 0.054556 -0.002000 0.032288
v 0.055712 -0.002000 0.034556
v 0.055597 -0.002000 0.034781
v 0.055058 -0.002000 0.032544
v 0.055456 -0.002000 0.032942
v 0.055712 -0.002000 0.033444
v 0.055800 -0.002000 0.034000
v 0.052942 -0.002000 0.032544
v 0.053444 -0.002000 0.032288
v 0.055456 -0.002000 0.035058
v 0.052544 -0.002000 0.032942
v 0.055058 -0.002000 0.035456
v 0.052288 -0.002000 0.033444
v 0.052200 -0.002000 0.034000
v 0.052288 -0.002000 0.034556
v 0.052544 -0.002000 0.035058
v 0.053444 -0.002000 0.035712
v 0.052942 -0.002000 0.035456
v 0.054556 -0.002000 0.035712
v 0.054000 -0.002000 0.035800
v 0.052942 0.002000 0.032544
v 0.055456 0.002000 0.035058
v 0.055597 0.002000 0.034781
v 0.053571 0.002000 0.032268
v 0.053444 0.002000 0.032288
v 0.052544 0.002000 0.032942
v 0.055058 0.002000 0.035456
v 0.052288 0.002000 0.033444
v 0.052200 0.002000 0.034000
v 0.052544 0.002000 0.035058
v 0.052288 0.002000 0.034556
v 0.053444 0.002000 0.035712
v 0.054556 0.002000 0.035712
v 0.052942 0.002000 0.035456
v 0.054000 0.002000 0.035800
v 0.054000 0.002000 0.032200
v 0.055712 0.002000 0.034556
v 0.054556 0.002000 0.032288
v 0.055058 0.002000 0.032544
v 0.055800 0.002000 0.034000
v 0.055712 0.002000 0.033444
v 0.055456 0.002000 0.032942
v 0.000000 0.001700 -0.005000
v 0.000000 0.002300 -0.005000
v 0.001294 0.001700 -0.004830
v 0.001294 0.002300 -0.004830
v 0.002500 0.001700 -0.004330
v 0.002500 0.002300 -0.004330
v 0.003536 0.001700 -0.003536
v 0.003536 0.002300 -0.003536
v 0.004330 0.001700 -0.002500
v 0.004330 0.002300 -0.002500
v 0.004830 0.001700 -0.001294
v 0.004830 0.002300 -0.001294
v 0.005000 0.001700 0.000000
v 0.005000 0.002300 0.000000
v 0.004830 0.001700 0.001294
v 0.004830 0.002300 0.001294
v 0.004330 0.001700 0.002500
v 0.004330 0.002300 0.002500
v 0.003536 0.001700 0.003536
v 0.003536 0.002300 0.003536
v 0.002500 0.001700 0.004330
v 0.002500 0.002300 0.004330
v 0.001294 0.001700 0.004830
v 0.001294 0.002300 0.004830
v 0.000000 0.001700 0.005000
v 0.000000 0.002300 0.005000
v -0.001294 0.001700 0.004830
v -0.001294 0.002300 0.004830
v -0.002500 0.001700 0.004330
v -0.002500 0.002300 0.004330
v -0.003536 0.001700 0.003536
v -0.003536 0.002300 0.003536
v -0.004330 0.001700 0.002500
v -0.004330 0.002300 0.002500
v -0.004830 0.001700 0.001294
v -0.004830 0.002300 0.001294
v -0.005000 0.001700 0.000000
v -0.005000 0.002300 0.000000
v -0.004830 0.001700 -0.001294
v -0.004830 0.002300 -0.001294
v -0.004330 0.001700 -0.002500
v -0.004330 0.002300 -0.002500
v -0.003536 0.001700 -0.003536
v -0.003536 0.002300 -0.003536
v -0.002500 0.001700 -0.004330
v -0.002500 0.002300 -0.004330
v -0.001294 0.001700 -0.004830
v -0.001294 0.002300 -0.004830
v -0.002670 0.002300 -0.001940
v 0.000000 0.002300 -0.003300
v -0.001020 0.002300 -0.003138
v -0.001940 0.002300 -0.002670
v -0.001940 0.002300 0.002670
v -0.002670 0.002300 0.001940
v -0.001020 0.002300 0.003138
v 0.000000 0.002300 0.003300
v 0.002670 0.002300 0.001940
v 0.002670 0.002300 -0.001940
v 0.003300 0.002300 0.000000
v 0.003138 0.002300 0.001020
v 0.003138 0.002300 -0.001020
v -0.003138 0.002300 0.001020
v -0.003300 0.002300 0.000000
v -0.003138 0.002300 -0.001020
v 0.001020 0.002300 0.003138
v 0.001940 0.002300 0.002670
v 0.001940 0.002300 -0.002670
v 0.001020 0.002300 -0.003138
v 0.001940 0.001700 -0.002670
v 0.001020 0.001700 -0.003138
v 0.003138 0.001700 -0.001020
v 0.002670 0.001700 -0.001940
v 0.000000 0.001700 0.003300
v -0.001020 0.001700 0.003138
v 0.001940 0.001700 0.002670
v 0.001020 0.001700 0.003138
v 0.002670 0.001700 0.001940
v -0.003138 0.001700 0.001020
v -0.003300 0.001700 0.000000
v -0.003138 0.001700 -0.001020
v -0.001940 0.001700 -0.002670
v -0.002670 0.001700 -0.001940
v -0.002670 0.001700 0.001940
v -0.001940 0.001700 0.002670
v 0.000000 0.001700 -0.003300
v 0.003138 0.001700 0.001020
v 0.003300 0.001700 0.000000
v -0.001020 0.001700 -0.003138
v -0.040000 0.001700 -0.005000
v -0.040000 0.002300 -0.005000
v -0.038706 0.001700 -0.004830
v -0.038706 0.002300 -0.004830
v -0.037500 0.001700 -0.004330
v -0.037500 0.002300 -0.004330
v -0.036464 0.001700 -0.003536
v -0.036464 0.002300 -0.003536
v -0.035670 0.001700 -0.002500
v -0.035670 0.002300 -0.002500
v -0.035170 0.001700 -0.001294
v -0.035170 0.002300 -0.001294
v -0.035000 0.001700 0.000000
v -0.035000 0.002300 0.000000
v -0.035170 0.001700 0.001294
v -0.035170 0.002300 0.001294
v -0.035670 0.001700 0.002500
v -0.035670 0.002300 0.002500
v -0.036464 0.001700 0.003536
v -0.036464 0.002300 0.003536
v -0.037500 0.001700 0.004330
v -0.037500 0.002300 0.004330
v -0.038706 0.001700 0.004830
v -0.038706 0.002300 0.004830
v -0.040000 0.001700 0.005000
v -0.040000 0.002300 0.005000
v -0.041294 0.001700 0.004830
v -0.041294 0.002300 0.004830
v -0.042500 0.001700 0.004330
v -0.042500 0.002300 0.004330
v -0.043536 0.001700 0.003536
v -0.043536 0.002300 0.003536
v -0.044330 0.001700 0.002500
v -0.044330 0.002300 0.002500
v -0.044830 0.001700 0.001294
v -0.044830 0.002300 0.001294
v -0.045000 0.001700 0.000000
v -0.045000 0.002300 0.000000
v -0.044830 0.001700 -0.001294
v -0.044830 0.002300 -0.001294
v -0.044330 0.001700 -0.002500
v -0.044330 0.002300 -0.002500
v -0.043536 0.001700 -0.003536
v -0.043536 0.002300 -0.003536
v -0.042500 0.001700 -0.004330
v -0.042500 0.002300 -0.004330
v -0.041294 0.001700 -0.004830
v -0.041294 0.002300 -0.004830
v -0.042670 0.002300 -0.001940
v -0.040000 0.002300 -0.003300
v -0.041020 0.002300 -0.003138
v -0.041940 0.002300 -0.002670
v -0.041940 0.002300 0.002670
v -0.042670 0.002300 0.001940
v -0.041020 0.002300 0.003138
v -0.040000 0.002300 0.003300
v -0.037330 0.002300 0.001940
v -0.037330 0.002300 -0.001940
v -0.036700 0.002300 0.000000
v -0.036862 0.002300 0.001020
v -0.036862 0.002300 -0.001020
v -0.043138 0.002300 0.001020
v -0.043300 0.002300 0.000000
v -0.043138 0.002300 -0.001020
v -0.038980 0.002300 0.003138
v -0.038060 0.002300 0.002670
v -0.038060 0.002300 -0.002670
v -0.038980 0.002300 -0.003138
v -0.038060 0.001700 -0.002670
v -0.038980 0.001700 -0.003138
v -0.036862 0.001700 -0.001020
v -0.037330 0.001700 -0.001940
v -0.040000 0.001700 0.003300
v -0.041020 0.001700 0.003138
v -0.038060 0.001700 0.002670
v -0.038980 0.001700 0.003138
v -0.037330 0.001700 0.001940
v -0.043138 0.001700 0.001020
v -0.043300 0.001700 0.000000
v -0.043138 0.001700 -0.001020
v -0.041940 0.001700 -0.002670
v -0.042670 0.001700 -0.001940
v -0.042670 0.001700 0.001940
v -0.041940 0.001700 0.002670
v -0.040000 0.001700 -0.003300
v -0.036862 0.001700 0.001020
v -0.036700 0.001700 0.000000
v -0.041020 0.001700 -0.003138
v 0.040000 0.001700 -0.005000
v 0.040000 0.002300 -0.005000
v 0.041294 0.001700 -0.004830
v 0.041294 0.002300 -0.004830
v 0.042500 0.001700 -0.004330
v 0.042500 0.002300 -0.004330
v 0.043536 0.001700 -0.003536
v 0.043536 0.002300 -0.003536
v 0.044330 0.001700 -0.002500
v 0.044330 0.002300 -0.002500
v 0.044830 0.001700 -0.001294
v 0.044830 0.002300 -0.001294
v 0.045000 0.001700 0.000000
v 0.045000 0.002300 0.000000
v 0.044830 0.001700 0.001294
v 0.044830 0.002300 0.001294
v 0.044330 0.001700 0.002500
v 0.044330 0.002300 0.002500
v 0.043536 0.001700 0.003536
v 0.043536 0.002300 0.003536
v 0.042500 0.001700 0.004330
v 0.042500 0.002300 0.004330
v 0.041294 0.001700 0.004830
v 0.041294 0.002300 0.004830
v 0.040000 0.001700 0.005000
v 0.040000 0.002300 0.005000
v 0.038706 0.001700 0.004830
v 0.038706 0.002300 0.004830
v 0.037500 0.001700 0.004330
v 0.037500 0.002300 0.004330
v 0.036464 0.001700 0.003536
v 0.036464 0.002300 0.003536
v 0.035670 0.001700 0.002500
v 0.035670 0.002300 0.002500
v 0.035170 0.001700 0.001294
v 0.035170 0.002300 0.001294
v 0.035000 0.001700 0.000000
v 0.035000 0.002300 0.000000
v 0.035170 0.001700 -0.001294
v 0.035170 0.002300 -0.001294
v 0.035670 0.001700 -0.002500
v 0.035670 0.002300 -0.002500
v 0.036464 0.001700 -0.003536
v 0.036464 0.002300 -0.003536
v 0.037500 0.001700 -0.004330
v 0.037500 0.002300 -0.004330
v 0.038706 0.001700 -0.004830
v 0.038706 0.002300 -0.004830
v 0.037330 0.002300 -0.001940
v 0.040000 0.002300 -0.003300
v 0.038980 0.002300 -0.003138
v 0.038060 0.002300 -0.002670
v 0.038060 0.002300 0.002670
v 0.037330 0.002300 0.001940
v 0.038980 0.002300 0.003138
v 0.040000 0.002300 0.003300
v 0.042670 0.002300 0.001940
v 0.042670 0.002300 -0.001940
v 0.043300 0.002300 0.000000
v 0.043138 0.002300 0.001020
v 0.043138 0.002300 -0.001020
v 0.036862 0.002300 0.001020
v 0.036700 0.002300 0.000000
v 0.036862 0.002300 -0.001020
v 0.041020 0.002300 0.003138
v 0.041940 0.002300 0.002670
v 0.041940 0.002300 -0.002670
v 0.041020 0.002300 -0.003138
v 0.041940 0.001700 -0.002670
v 0.041020 0.001700 -0.003138
v 0.043138 0.001700 -0.001020
v 0.042670 0.001700 -0.001940
v 0.040000 0.001700 0.003300
v 0.038980 0.001700 0.003138
v 0.041940 0.001700 0.002670
v 0.041020 0.001700 0.003138
v 0.042670 0.001700 0.001940
v 0.036862 0.001700 0.001020
v 0.036700 0.001700 0.000000
v 0.036862 0.001700 -0.001020
v 0.038060 0.001700 -0.002670
v 0.037330 0.001700 -0.001940
v 0.037330 0.001700 0.001940
v 0.038060 0.001700 0.002670
v 0.040000 0.001700 -0.003300
v 0.043138 0.001700 0.001020
v 0.043300 0.001700 0.000000
v 0.038980 0.001700 -0.003138
v 0.000000 0.001700 -0.030000
v 0.000000 0.002300 -0.030000
v 0.001294 0.001700 -0.029830
v 0.001294 0.002300 -0.029830
v 0.002500 0.001700 -0.029330
v 0.002500 0.002300 -0.029330
v 0.003536 0.001700 -0.028536
v 0.003536 0.002300 -0.028536
v 0.004330 0.001700 -0.027500
v 0.004330 0.002300 -0.027500
v 0.004830 0.001700 -0.026294
v 0.004830 0.002300 -0.026294
v 0.005000 0.001700 -0.025000
v 0.005000 0.002300 -0.025000
v 0.004830 0.001700 -0.023706
v 0.004830 0.002300 -0.023706
v 0.004330 0.001700 -0.022500
v 0.004330 0.002300 -0.022500
v 0.003536 0.001700 -0.021464
v 0.003536 0.002300 -0.021464
v 0.002500 0.001700 -0.020670
v 0.002500 0.002300 -0.020670
v 0.001294 0.001700 -0.020170
v 0.001294 0.002300 -0.020170
v 0.000000 0.001700 -0.020000
v 0.000000 0.002300 -0.020000
v -0.001294 0.001700 -0.020170
v -0.001294 0.002300 -0.020170
v -0.002500 0.001700 -0.020670
v -0.002500 0.002300 -0.020670
v -0.003536 0.001700 -0.021464
v -0.003536 0.002300 -0.021464
v -0.004330 0.001700 -0.022500
v -0.004330 0.002300 -0.022500
v -0.004830 0.001700 -0.023706
v -0.004830 0.002300 -0.023706
v -0.005000 0.001700 -0.025000
v -0.005000 0.002300 -0.025000
v -0.004830 0.001700 -0.026294
v -0.004830 0.002300 -0.026294
v -0.004330 0.001700 -0.027500
v -0.004330 0.002300 -0.027500
v -0.003536 0.001700 -0.028536
v -0.003536 0.002300 -0.028536
v -0.002500 0.001700 -0.029330
v -0.002500 0.002300 -0.029330
v -0.001294 0.001700 -0.029830
v -0.001294 0.002300 -0.029830
v -0.002670 0.002300 -0.026940
v 0.000000 0.002300 -0.028300
v -0.001020 0.002300 -0.028138
v -0.001940 0.002300 -0.027670
v -0.001940 0.002300 -0.022330
v -0.002670 0.002300 -0.023060
v -0.001020 0.002300 -0.021862
v 0.000000 0.002300 -0.021700
v 0.002670 0.002300 -0.023060
v 0.002670 0.002300 -0.026940
v 0.003300 0.002300 -0.025000
v 0.003138 0.002300 -0.023980
v 0.003138 0.002300 -0.026020
v -0.003138 0.002300 -0.023980
v -0.003300 0.002300 -0.025000
v -0.003138 0.002300 -0.026020
v 0.001020 0.002300 -0.021862
v 0.001940 0.002300 -0.022330
v 0.001940 0.002300 -0.027670
v 0.001020 0.002300 -0.028138
v 0.001940 0.001700 -0.027670
v 0.001020 0.001700 -0.028138
v 0.003138 0.001700 -0.026020
v 0.002670 0.001700 -0.026940
v 0.000000 0.001700 -0.021700
v -0.001020 0.001700 -0.021862
v 0.001940 0.001700 -0.022330
v 0.001020 0.001700 -0.021862
v 0.002670 0.001700 -0.023060
v -0.003138 0.001700 -0.023980
v -0.003300 0.001700 -0.025000
v -0.003138 0.001700 -0.026020
v -0.001940 0.001700 -0.027670
v -0.002670 0.001700 -0.026940
v -0.002670 0.001700 -0.023060
v -0.001940 0.001700 -0.022330
v 0.000000 0.001700 -0.028300
v 0.003138 0.001700 -0.023980
v 0.003300 0.001700 -0.025000
v -0.001020 0.001700 -0.028138
v 0.000000 0.001700 0.020000
v 0.000000 0.002300 0.020000
v 0.001294 0.001700 0.020170
v 0.001294 0.002300 0.020170
v 0.002500 0.001700 0.020670
v 0.002500 0.002300 0.020670
v 0.003536 0.001700 0.021464
v 0.003536 0.002300 0.021464
v 0.004330 0.001700 0.022500
v 0.004330 0.002300 0.022500
v 0.004830 0.001700 0.023706
v 0.004830 0.002300 0.023706
v 0.005000 0.001700 0.025000
v 0.005000 0.002300 0.025000
v 0.004830 0.001700 0.026294
v 0.004830 0.002300 0.026294
v 0.004330 0.001700 0.027500
v 0.004330 0.002300 0.027500
v 0.003536 0.001700 0.028536
v 0.003536 0.002300 0.028536
v 0.002500 0.001700 0.029330
v 0.002500 0.002300 0.029330
v 0.001294 0.001700 0.029830
v 0.001294 0.002300 0.029830
v 0.000000 0.001700 0.030000
v 0.000000 0.002300 0.030000
v -0.001294 0.001700 0.029830
v -0.001294 0.002300 0.029830
v -0.002500 0.001700 0.029330
v -0.002500 0.002300 0.029330
v -0.003536 0.001700 0.028536
v -0.003536 0.002300 0.028536
v -0.004330 0.001700 0.027500
v -0.004330 0.002300 0.027500
v -0.004830 0.001700 0.026294
v -0.004830 0.002300 0.026294
v -0.005000 0.001700 0.025000
v -0.005000 0.002300 0.025000
v -0.004830 0.001700 0.023706
v -0.004830 0.002300 0.023706
v -0.004330 0.001700 0.022500
v -0.004330 0.002300 0.022500
v -0.003536 0.001700 0.021464
v -0.003536 0.002300 0.021464
v -0.002500 0.001700 0.020670
v -0.002500 0.002300 0.020670
v -0.001294 0.001700 0.020170
v -0.001294 0.002300 0.020170
v -0.002670 0.002300 0.023060
v 0.000000 0.002300 0.021700
v -0.001020 0.002300 0.021862
v -0.001940 0.002300 0.022330
v -0.001940 0.002300 0.027670
v -0.002670 0.002300 0.026940
v -0.001020 0.002300 0.028138
v 0.000000 0.002300 0.028300
v 0.002670 0.002300 0.026940
v 0.002670 0.002300 0.023060
v 0.003300 0.002300 0.025000
v 0.003138 0.002300 0.026020
v 0.003138 0.002300 0.023980
v -0.003138 0.002300 0.026020
v -0.003300 0.002300 0.025000
v -0.003138 0.002300 0.023980
v 0.001020 0.002300 0.028138
v 0.001940 0.002300 0.027670
v 0.001940 0.002300 0.022330
v 0.001020 0.002300 0.021862
v 0.001940 0.001700 0.022330
v 0.001020 0.001700 0.021862
v 0.003138 0.001700 0.023980
v 0.002670 0.001700 0.023060
v 0.000000 0.001700 0.028300
v -0.001020 0.001700 0.028138
v 0.001940 0.001700 0.027670
v 0.001020 0.001700 0.028138
v 0.002670 0.001700 0.026940
v -0.003138 0.001700 0.026020
v -0.003300 0.001700 0.025000
v -0.003138 0.001700 0.023980
v -0.001940 0.001700 0.022330
v -0.002670 0.001700 0.023060
v -0.002670 0.001700 0.026940
v -0.001940 0.001700 0.027670
v 0.000000 0.001700 0.021700
v 0.003138 0.001700 0.026020
v 0.003300 0.001700 0.025000
v -0.001020 0.001700 0.021862
vn -0.2503 -0.9319 0.2625
vn -0.2166 -0.6903 0.6903
vn -0.2625 -0.2502 0.9319
vn -0.6903 -0.2166 0.6903
vn -0.9319 -0.2625 0.2502
vn -0.6903 -0.6903 0.2166
vn -0.5773 -0.5774 0.5773
vn -0.2503 0.2625 0.9319
vn -0.2166 0.6903 0.6903
vn -0.2625 0.9319 0.2503
vn -0.6903 0.6903 0.2166
vn -0.9319 0.2503 0.2625
vn -0.6903 0.2166 0.6903
vn -0.5773 0.5774 0.5773
vn -0.2625 -0.9319 -0.2503
vn -0.6903 -0.6903 -0.2166
vn -0.9319 -0.2503 -0.2625
vn -0.6903 -0.2166 -0.6903
vn -0.2503 -0.2625 -0.9319
vn -0.2166 -0.6903 -0.6903
vn -0.5773 -0.5774 -0.5773
vn -0.2503 0.9319 -0.2625
vn -0.2166 0.6903 -0.6903
vn -0.2625 0.2502 -0.9319
vn -0.6903 0.2166 -0.6903
vn -0.9319 0.2625 -0.2502
vn -0.6903 0.6903 -0.2166
vn -0.5773 0.5774 -0.5773
vn 0.2625 -0.9319 0.2503
vn 0.6903 -0.6903 0.2166
vn 0.9319 -0.2503 0.2625
vn 0.6903 -0.2166 0.6903
vn 0.2503 -0.2625 0.9319
vn 0.2166 -0.6903 0.6903
vn 0.5773 -0.5774 0.5773
vn 0.2503 0.9319 0.2625
vn 0.2166 0.6903 0.6903
vn 0.2625 0.2502 0.9319
vn 0.6903 0.2166 0.6903
vn 0.9319 0.2625 0.2502
vn 0.6903 0.6903 0.2166
vn 0.5773 0.5774 0.5773
vn 0.2503 -0.9319 -0.2625
vn 0.2166 -0.6903 -0.6903
vn 0.2625 -0.2502 -0.9319
vn 0.6903 -0.2166 -0.6903
vn 0.9319 -0.2625 -0.2502
vn 0.6903 -0.6903 -0.2166
vn 0.5773 -0.5774 -0.5773
vn 0.2625 0.9319 -0.2503
vn 0.6903 0.6903 -0.2166
vn 0.9319 0.2503 -0.2625
vn 0.6903 0.2166 -0.6903
vn 0.2503 0.2625 -0.9319
vn 0.2166 0.6903 -0.6903
vn 0.5773 0.5774 -0.5773
vn -0.2593 -0.9658 -0.0000
vn -0.7071 -0.7071 -0.0000
vn -0.9658 -0.2593 -0.0000
vn -0.2593 -0.0000 0.9658
vn -0.7071 -0.0000 0.7071
vn -0.9658 -0.0000 0.2594
vn -0.2593 0.9658 -0.0000
vn -0.7071 0.7071 -0.0000
vn -0.9658 0.2593 -0.0000
vn -0.2593 -0.0000 -0.9658
vn -0.7071 -0.0000 -0.7071
vn -0.9658 -0.0000 -0.2594
vn -0.0000 -0.9658 -0.2593
vn -0.0000 -0.7071 -0.7071
vn -0.0000 -0.2593 -0.9658
vn -0.0000 0.9658 -0.2593
vn -0.0000 0.7071 -0.7071
vn -0.0000 0.2593 -0.9658
vn 0.9658 -0.0000 -0.2593
vn 0.7071 -0.0000 -0.7071
vn 0.2593 -0.0000 -0.9658
vn 0.2593 -0.9658 -0.0000
vn 0.7071 -0.7071 -0.0000
vn 0.9658 -0.2593 -0.0000
vn 0.2593 0.9658 -0.0000
vn 0.7071 0.7071 -0.0000
vn 0.9658 0.2593 -0.0000
vn 0.2593 -0.0000 0.9658
vn 0.7071 -0.0000 0.7071
vn 0.9658 -0.0000 0.2594
vn -0.0000 -0.9658 0.2593
vn -0.0000 -0.7071 0.7071
vn -0.0000 -0.2593 0.9658
vn -0.0000 0.9658 0.2593
vn -0.0000 0.7071 0.7071
vn -0.0000 0.2593 0.9658
vn -0.0000 -1.0000 -0.0000
vn -1.0000 -0.0000 -0.0000
vn -0.0000 -0.0000 1.0000
vn -0.0000 1.0000 -0.0000
vn -0.0000 -0.0000 -1.0000
vn 1.0000 -0.0000 -0.0000
vn -0.1562 -0.0000 0.9877
vn -0.4540 -0.0000 0.8910
vn -0.8910 -0.0000 0.4540
vn -0.9877 -0.0000 0.1562
vn -0.9877 -0.0000 -0.1562
vn -0.8910 -0.0000 -0.4540
vn -0.4540 -0.0000 -0.8910
vn -0.1562 -0.0000 -0.9877
vn 0.1562 -0.0000 -0.9877
vn 0.4540 -0.0000 -0.8910
vn 0.8910 -0.0000 -0.4540
vn 0.9877 -0.0000 -0.1562
vn 0.9877 -0.0000 0.1562
vn 0.8910 -0.0000 0.4540
vn 0.4540 -0.0000 0.8910
vn 0.1562 -0.0000 0.9877
vn 0.9876 0.0002 0.1567
vn -0.1559 0.0001 -0.9878
vn -0.1570 -0.0002 0.9876
vn -0.4538 -0.0000 0.8911
vn -0.8911 -0.0000 0.4538
vn -0.9877 -0.0000 0.1566
vn -0.9877 -0.0000 -0.1566
vn -0.8911 -0.0000 -0.4538
vn -0.4538 -0.0000 -0.8911
vn -0.1566 -0.0000 -0.9877
vn 0.1566 -0.0000 -0.9877
vn 0.4538 -0.0000 -0.8911
vn 0.8911 -0.0000 -0.4538
vn 0.9877 -0.0000 -0.1566
vn 0.9877 -0.0000 0.1566
vn 0.8911 -0.0000 0.4538
vn 0.4538 -0.0000 0.8911
vn 0.1566 -0.0000 0.9877
vn -0.1566 -0.0000 0.9877
vn -0.1563 -0.0000 0.9877
vn -0.4543 -0.0000 0.8909
vn -0.8908 -0.0000 0.4543
vn -0.9877 -0.0000 0.1563
vn -0.9877 -0.0000 -0.1563
vn -0.8909 -0.0000 -0.4543
vn -0.4543 -0.0000 -0.8909
vn -0.1565 -0.0000 -0.9877
vn 0.1563 -0.0000 -0.9877
vn 0.4543 -0.0000 -0.8909
vn 0.8908 -0.0000 -0.4543
vn 0.9877 -0.0000 -0.1563
vn 0.9877 -0.0000 0.1563
vn 0.8912 -0.0000 0.4536
vn 0.4543 -0.0000 0.8909
vn 0.1563 -0.0000 0.9877
vn -0.1556 -0.0000 0.9878
vn -0.1563 -0.0000 -0.9877
vn 0.8904 -0.0000 -0.4551
vn 0.8909 -0.0000 0.4543
vn -0.8904 -0.0000 0.4551
vn -0.8908 -0.0000 -0.4543
vn 0.1556 -0.0000 -0.9878
vn 0.8909 -0.0000 -0.4543
vn 0.8908 -0.0000 0.4543
vn -0.8909 -0.0000 0.4543
vn -0.8912 -0.0000 -0.4536
vn 0.1565 -0.0000 0.9877
vn 0.1303 -0.0000 -0.9915
vn 0.3830 -0.0000 -0.9238
vn 0.6083 -0.0000 -0.7937
vn 0.7937 -0.0000 -0.6083
vn 0.9238 -0.0000 -0.3830
vn 0.9915 -0.0000 -0.1303
vn 0.9915 -0.0000 0.1303
vn 0.9238 -0.0000 0.3830
vn 0.7937 -0.0000 0.6083
vn 0.6083 -0.0000 0.7937
vn 0.3830 -0.0000 0.9238
vn 0.1303 -0.0000 0.9915
vn -0.1303 -0.0000 0.9915
vn -0.3830 -0.0000 0.9238
vn -0.6083 -0.0000 0.7937
vn -0.7937 -0.0000 0.6083
vn -0.9238 -0.0000 0.3830
vn -0.9915 -0.0000 0.1303
vn -0.9915 -0.0000 -0.1303
vn -0.9238 -0.0000 -0.3830
vn -0.7937 -0.0000 -0.6083
vn -0.6083 -0.0000 -0.7937
vn -0.3830 -0.0000 -0.9238
vn -0.1303 -0.0000 -0.9915
vn -0.1569 -0.0000 0.9876
vn -0.4534 -0.0000 0.8913
vn -0.8913 -0.0000 0.4534
vn -0.9876 -0.0000 0.1569
vn -0.9876 -0.0000 -0.1569
vn -0.8913 -0.0000 -0.4534
vn -0.4534 -0.0000 -0.8913
vn -0.1569 -0.0000 -0.9876
vn 0.1569 -0.0000 -0.9876
vn 0.4534 -0.0000 -0.8913
vn 0.8913 -0.0000 -0.4534
vn 0.9876 -0.0000 -0.1569
vn 0.9876 -0.0000 0.1569
vn 0.8913 -0.0000 0.4534
vn 0.4534 -0.0000 0.8913
vn 0.1569 -0.0000 0.9876
vn -0.2625 -0.9319 0.2503
vn -0.2503 -0.2625 0.9319
vn -0.9319 -0.2503 0.2625
vn -0.2625 0.2502 0.9319
vn -0.2503 0.9319 0.2625
vn -0.9319 0.2625 0.2502
vn -0.2503 -0.9319 -0.2625
vn -0.9319 -0.2625 -0.2502
vn -0.2625 -0.2502 -0.9319
vn -0.2625 0.9319 -0.2503
vn -0.2503 0.2625 -0.9319
vn -0.9319 0.2503 -0.2625
vn 0.2503 -0.9319 0.2625
vn 0.9319 -0.2625 0.2502
vn 0.2625 -0.2502 0.9319
vn 0.2625 0.9319 0.2503
vn 0.2503 0.2625 0.9319
vn 0.9319 0.2503 0.2625
vn 0.2625 -0.9319 -0.2503
vn 0.2503 -0.2625 -0.9319
vn 0.9319 -0.2503 -0.2625
vn 0.2503 0.9319 -0.2625
vn 0.9319 0.2625 -0.2502
vn 0.2625 0.2502 -0.9319
vn -0.9658 -0.0000 0.2593
vn -0.9658 -0.0000 -0.2593
vn 0.9658 -0.0000 -0.2594
vn 0.9658 -0.0000 0.2593
vn 0.9878 -0.0000 0.1560
vn -0.1595 -0.0000 -0.9872
vn -0.1554 -0.0000 0.9878
vn -0.1556 -0.0000 -0.9878
vn 0.8904 -0.0000 0.4551
vn -0.1565 -0.0000 0.9877
vn 0.8912 -0.0000 -0.4536
vn -0.8912 -0.0000 0.4536
vn 0.1565 -0.0000 -0.9877
vn -0.8904 -0.0000 -0.4551
vn 0.1556 -0.0000 0.9878
s 0
usemtl ChassisMetal
f 1//1 6//1 5//1
f 4//2 9//2 6//2
f 2//3 9//3 8//3
f 7//4 12//4 9//4
f 3//5 12//5 11//5
f 10//6 6//6 12//6
f 6//7 9//7 12//7
f 13//8 18//8 17//8
f 16//9 21//9 18//9
f 14//10 21//10 20//10
f 19//11 24//11 21//11
f 15//12 24//12 23//12
f 22//13 18//13 24//13
f 18//14 21//14 24//14
f 25//15 30//15 29//15
f 28//16 33//16 30//16
f 26//17 33//17 32//17
f 31//18 36//18 33//18
f 27//19 36//19 35//19
f 34//20 30//20 36//20
f 30//21 33//21 36//21
f 37//22 42//22 41//22
f 40//23 45//23 42//23
f 38//24 45//24 44//24
f 43//25 48//25 45//25
f 39//26 48//26 47//26
f 46//27 42//27 48//27
f 42//28 45//28 48//28
f 49//29 54//29 53//29
f 52//30 57//30 54//30
f 50//31 57//31 56//31
f 55//32 60//32 57//32
f 51//33 60//33 59//33
f 58//34 54//34 60//34
f 54//35 57//35 60//35
f 61//36 66//36 65//36
f 64//37 69//37 66//37
f 62//38 69//38 68//38
f 67//39 72//39 69//39
f 63//40 72//40 71//40
f 70//41 66//41 72//41
f 66//42 69//42 72//42
f 73//43 78//43 77//43
f 76//44 81//44 78//44
f 74//45 81//45 80//45
f 79//46 84//46 81//46
f 75//47 84//47 83//47
f 82//48 78//48 84//48
f 78//49 81//49 84//49
f 85//50 90//50 89//50
f 88//51 93//51 90//51
f 86//52 93//52 92//52
f 91//53 96//53 93//53
f 87//54 96//54 95//54
f 94//55 90//55 96//55
f 90//56 93//56 96//56
f 25//57 5//57 28//57
f 28//58 10//58 32//58
f 32//59 3//59 26//59
f 2//60 17//60 7//60
f 7//61 22//61 11//61
f 11//62 15//62 3//62
f 14//63 41//63 19//63
f 19//64 46//64 23//64
f 23//65 39//65 15//65
f 38//66 35//66 43//66
f 43//67 31//67 47//67
f 47//68 26//68 39//68
f 73//69 29//69 76//69
f 76//70 34//70 80//70
f 80//71 27//71 74//71
f 37//72 89//72 40//72
f 40//73 94//73 44//73
f 44//74 87//74 38//74
f 86//75 83//75 91//75
f 91//76 79//76 95//76
f 95//77 74//77 87//77
f 49//78 77//78 52//78
f 52//79 82//79 56//79
f 56//80 75//80 50//80
f 85//81 65//81 88//81
f 88//82 70//82 92//82
f 92//83 63//83 86//83
f 62//84 59//84 67//84
f 67//85 55//85 71//85
f 71//86 50//86 63//86
f 1//87 53//87 4//87
f 4//88 58//88 8//88
f 8//89 51//89 2//89
f 61//90 20//90 64//90
f 64//91 16//91 68//91
f 68//92 13//92 62//92
f 99//93 1//93 25//93
f 422//93 420//93 150//93
f 73//93 600//93 601//93
f 466//93 236//93 229//93
f 392//93 634//93 633//93
f 390//93 642//93 641//93
f 49//93 235//93 317//93
f 190//93 73//93 276//93
f 49//93 1//93 227//93
f 25//93 73//93 195//93
f 139//93 560//93 561//93
f 3//94 39//94 26//94
f 51//95 13//95 2//95
f 331//96 61//96 665//96
f 246//96 173//96 174//96
f 249//96 256//96 483//96
f 492//96 491//96 329//96
f 291//96 625//96 626//96
f 252//96 61//96 322//96
f 215//96 216//96 281//96
f 14//96 61//96 247//96
f 130//96 206//96 203//96
f 160//96 166//96 127//96
f 125//96 539//96 538//96
f 27//97 87//97 74//97
f 75//98 63//98 50//98
f 136//99 108//99 128//99
f 128//100 106//100 134//100
f 134//61 113//61 129//61
f 113//101 132//101 129//101
f 112//102 130//102 132//102
f 110//103 131//103 130//103
f 111//104 133//104 131//104
f 109//67 126//67 133//67
f 114//105 127//105 126//105
f 107//106 135//106 127//106
f 115//107 121//107 135//107
f 101//108 123//108 121//108
f 103//76 118//76 123//76
f 118//109 99//109 119//109
f 119//110 97//110 117//110
f 117//111 100//111 120//111
f 120//112 105//112 125//112
f 125//85 104//85 124//85
f 124//113 102//113 122//113
f 122//114 116//114 136//114
f 1//202 4//202 6//202
f 4//2 8//2 9//2
f 2//203 7//203 9//203
f 7//4 11//4 12//4
f 3//204 10//204 12//204
f 10//6 5//6 6//6
f 13//205 16//205 18//205
f 16//9 20//9 21//9
f 14//206 19//206 21//206
f 19//11 23//11 24//11
f 15//207 22//207 24//207
f 22//13 17//13 18//13
f 25//208 28//208 30//208
f 28//16 32//16 33//16
f 26//209 31//209 33//209
f 31//18 35//18 36//18
f 27//210 34//210 36//210
f 34//20 29//20 30//20
f 37//211 40//211 42//211
f 40//23 44//23 45//23
f 38//212 43//212 45//212
f 43//25 47//25 48//25
f 39//213 46//213 48//213
f 46//27 41//27 42//27
f 49//214 52//214 54//214
f 52//30 56//30 57//30
f 50//215 55//215 57//215
f 55//32 59//32 60//32
f 51//216 58//216 60//216
f 58//34 53//34 54//34
f 61//217 64//217 66//217
f 64//37 68//37 69//37
f 62//218 67//218 69//218
f 67//39 71//39 72//39
f 63//219 70//219 72//219
f 70//41 65//41 66//41
f 73//220 76//220 78//220
f 76//44 80//44 81//44
f 74//221 79//221 81//221
f 79//46 83//46 84//46
f 75//222 82//222 84//222
f 82//48 77//48 78//48
f 85//223 88//223 90//223
f 88//51 92//51 93//51
f 86//224 91//224 93//224
f 91//53 95//53 96//53
f 87//225 94//225 96//225
f 94//55 89//55 90//55
f 25//57 1//57 5//57
f 28//58 5//58 10//58
f 32//59 10//59 3//59
f 2//60 13//60 17//60
f 7//61 17//61 22//61
f 11//226 22//226 15//226
f 14//63 37//63 41//63
f 19//64 41//64 46//64
f 23//65 46//65 39//65
f 38//66 27//66 35//66
f 43//67 35//67 31//67
f 47//227 31//227 26//227
f 73//69 25//69 29//69
f 76//70 29//70 34//70
f 80//71 34//71 27//71
f 37//72 85//72 89//72
f 40//73 89//73 94//73
f 44//74 94//74 87//74
f 86//228 75//228 83//228
f 91//76 83//76 79//76
f 95//77 79//77 74//77
f 49//78 73//78 77//78
f 52//79 77//79 82//79
f 56//80 82//80 75//80
f 85//81 61//81 65//81
f 88//82 65//82 70//82
f 92//83 70//83 63//83
f 62//84 51//84 59//84
f 67//85 59//85 55//85
f 71//229 55//229 50//229
f 1//87 49//87 53//87
f 4//88 53//88 58//88
f 8//89 58//89 51//89
f 61//90 14//90 20//90
f 64//91 20//91 16//91
f 68//92 16//92 13//92
f 504//93 503//93 104//93
f 504//93 104//93 105//93
f 502//93 504//93 105//93
f 502//93 105//93 100//93
f 508//93 502//93 100//93
f 508//93 100//93 97//93
f 507//93 508//93 97//93
f 507//93 97//93 99//93
f 506//93 507//93 99//93
f 25//93 500//93 501//93
f 103//93 101//93 1//93
f 98//93 103//93 1//93
f 25//93 501//93 505//93
f 25//93 505//93 506//93
f 99//93 98//93 1//93
f 25//93 506//93 99//93
f 509//93 500//93 25//93
f 25//93 180//93 178//93
f 25//93 178//93 177//93
f 512//93 509//93 25//93
f 515//93 512//93 25//93
f 25//93 177//93 179//93
f 25//93 179//93 184//93
f 517//93 515//93 25//93
f 516//93 517//93 25//93
f 518//93 516//93 25//93
f 518//93 25//93 184//93
f 520//93 518//93 184//93
f 519//93 520//93 184//93
f 521//93 519//93 184//93
f 514//93 521//93 184//93
f 514//93 184//93 183//93
f 513//93 514//93 183//93
f 511//93 513//93 183//93
f 104//93 503//93 510//93
f 510//93 511//93 183//93
f 102//93 104//93 510//93
f 116//93 102//93 510//93
f 108//93 116//93 510//93
f 108//93 510//93 183//93
f 106//93 108//93 183//93
f 113//93 106//93 183//93
f 112//93 113//93 183//93
f 110//93 112//93 183//93
f 111//93 110//93 183//93
f 109//93 111//93 183//93
f 109//93 183//93 196//93
f 114//93 109//93 196//93
f 107//93 114//93 196//93
f 156//93 101//93 115//93
f 115//93 107//93 196//93
f 156//93 115//93 196//93
f 148//93 156//93 196//93
f 148//93 196//93 188//93
f 146//93 148//93 188//93
f 186//93 192//93 432//93
f 146//93 188//93 186//93
f 154//93 146//93 186//93
f 186//93 432//93 433//93
f 186//93 433//93 426//93
f 152//93 154//93 186//93
f 425//93 151//93 150//93
f 150//93 152//93 186//93
f 186//93 426//93 423//93
f 186//93 423//93 428//93
f 421//93 425//93 150//93
f 419//93 421//93 150//93
f 150//93 186//93 428//93
f 150//93 428//93 422//93
f 420//93 419//93 150//93
f 592//93 591//93 354//93
f 592//93 354//93 355//93
f 588//93 592//93 355//93
f 588//93 355//93 351//93
f 593//93 588//93 351//93
f 593//93 351//93 357//93
f 595//93 593//93 357//93
f 595//93 357//93 358//93
f 596//93 595//93 358//93
f 598//93 596//93 358//93
f 597//93 598//93 358//93
f 602//93 597//93 358//93
f 345//93 344//93 310//93
f 310//93 316//93 461//93
f 310//93 461//93 471//93
f 352//93 345//93 310//93
f 349//93 352//93 310//93
f 310//93 471//93 473//93
f 310//93 473//93 475//93
f 348//93 349//93 310//93
f 346//93 348//93 310//93
f 310//93 475//93 477//93
f 346//93 310//93 477//93
f 347//93 346//93 477//93
f 347//93 477//93 476//93
f 350//93 347//93 476//93
f 350//93 476//93 478//93
f 356//93 350//93 478//93
f 356//93 478//93 479//93
f 356//93 479//93 472//93
f 474//93 462//93 277//93
f 356//93 472//93 474//93
f 474//93 277//93 268//93
f 474//93 268//93 275//93
f 356//93 474//93 275//93
f 356//93 275//93 270//93
f 358//93 356//93 270//93
f 358//93 270//93 272//93
f 602//93 358//93 272//93
f 271//93 273//93 73//93
f 602//93 272//93 271//93
f 599//93 602//93 271//93
f 73//93 589//93 590//93
f 73//93 590//93 594//93
f 599//93 271//93 73//93
f 601//93 599//93 73//93
f 73//93 594//93 600//93
f 547//93 548//93 144//93
f 547//93 144//93 142//93
f 546//93 547//93 142//93
f 546//93 142//93 155//93
f 550//93 546//93 155//93
f 550//93 155//93 147//93
f 551//93 550//93 147//93
f 551//93 147//93 153//93
f 557//93 551//93 153//93
f 149//93 151//93 425//93
f 558//93 557//93 153//93
f 149//93 425//93 424//93
f 556//93 558//93 153//93
f 149//93 424//93 427//93
f 554//93 556//93 153//93
f 149//93 427//93 430//93
f 153//93 149//93 430//93
f 153//93 430//93 439//93
f 431//93 432//93 192//93
f 192//93 193//93 258//93
f 192//93 258//93 260//93
f 429//93 431//93 192//93
f 438//93 429//93 192//93
f 192//93 260//93 259//93
f 192//93 259//93 264//93
f 437//93 438//93 192//93
f 435//93 437//93 192//93
f 192//93 264//93 262//93
f 262//93 277//93 462//93
f 262//93 462//93 460//93
f 435//93 192//93 262//93
f 436//93 435//93 262//93
f 262//93 460//93 469//93
f 262//93 469//93 470//93
f 434//93 436//93 262//93
f 439//93 434//93 262//93
f 262//93 470//93 467//93
f 439//93 262//93 467//93
f 153//93 439//93 467//93
f 153//93 467//93 464//93
f 153//93 464//93 466//93
f 1//93 544//93 545//93
f 219//93 218//93 1//93
f 221//93 219//93 1//93
f 1//93 545//93 549//93
f 1//93 549//93 552//93
f 222//93 221//93 1//93
f 223//93 222//93 1//93
f 1//93 552//93 555//93
f 1//93 555//93 553//93
f 1//93 553//93 554//93
f 463//93 461//93 316//93
f 463//93 316//93 306//93
f 468//93 463//93 306//93
f 468//93 306//93 303//93
f 465//93 468//93 303//93
f 465//93 303//93 302//93
f 223//93 1//93 554//93
f 223//93 554//93 153//93
f 466//93 465//93 302//93
f 301//93 299//93 235//93
f 466//93 302//93 301//93
f 226//93 223//93 153//93
f 226//93 153//93 466//93
f 466//93 301//93 235//93
f 466//93 235//93 232//93
f 237//93 226//93 466//93
f 231//93 237//93 466//93
f 466//93 232//93 233//93
f 466//93 233//93 236//93
f 229//93 231//93 466//93
f 383//93 382//93 308//93
f 308//93 310//93 344//93
f 308//93 344//93 342//93
f 384//93 383//93 308//93
f 387//93 384//93 308//93
f 308//93 342//93 341//93
f 308//93 341//93 338//93
f 388//93 387//93 308//93
f 388//93 308//93 338//93
f 388//93 338//93 339//93
f 391//93 388//93 339//93
f 391//93 339//93 340//93
f 389//93 391//93 340//93
f 397//93 389//93 340//93
f 395//93 397//93 340//93
f 393//93 395//93 340//93
f 353//93 354//93 591//93
f 353//93 591//93 603//93
f 343//93 353//93 603//93
f 343//93 603//93 605//93
f 340//93 343//93 605//93
f 340//93 605//93 606//93
f 393//93 340//93 606//93
f 393//93 606//93 608//93
f 393//93 608//93 609//93
f 393//93 609//93 607//93
f 604//93 589//93 73//93
f 49//93 636//93 635//93
f 49//93 635//93 640//93
f 607//93 604//93 73//93
f 393//93 607//93 73//93
f 73//93 49//93 640//93
f 73//93 640//93 639//93
f 393//93 73//93 639//93
f 393//93 639//93 638//93
f 394//93 393//93 638//93
f 394//93 638//93 637//93
f 632//93 396//93 392//93
f 392//93 394//93 637//93
f 392//93 637//93 634//93
f 633//93 632//93 392//93
f 643//93 636//93 49//93
f 49//93 314//93 311//93
f 49//93 311//93 312//93
f 645//93 643//93 49//93
f 652//93 645//93 49//93
f 49//93 312//93 315//93
f 315//93 308//93 382//93
f 315//93 382//93 380//93
f 653//93 652//93 49//93
f 650//93 653//93 49//93
f 315//93 380//93 379//93
f 315//93 379//93 381//93
f 651//93 650//93 49//93
f 651//93 49//93 315//93
f 315//93 381//93 386//93
f 315//93 386//93 385//93
f 649//93 651//93 315//93
f 648//93 649//93 315//93
f 648//93 315//93 385//93
f 647//93 648//93 385//93
f 647//93 385//93 398//93
f 646//93 647//93 398//93
f 390//93 396//93 632//93
f 646//93 398//93 390//93
f 644//93 646//93 390//93
f 390//93 632//93 642//93
f 641//93 644//93 390//93
f 313//93 314//93 49//93
f 235//93 299//93 298//93
f 235//93 298//93 300//93
f 307//93 313//93 49//93
f 309//93 307//93 49//93
f 235//93 300//93 305//93
f 235//93 305//93 304//93
f 317//93 309//93 49//93
f 235//93 304//93 317//93
f 261//93 258//93 193//93
f 190//93 191//93 73//93
f 261//93 193//93 190//93
f 266//93 261//93 190//93
f 73//93 273//93 274//93
f 73//93 274//93 267//93
f 265//93 266//93 190//93
f 263//93 265//93 190//93
f 73//93 267//93 269//93
f 276//93 263//93 190//93
f 73//93 269//93 276//93
f 234//93 235//93 49//93
f 1//93 218//93 220//93
f 1//93 220//93 225//93
f 228//93 234//93 49//93
f 230//93 228//93 49//93
f 1//93 225//93 224//93
f 227//93 230//93 49//93
f 1//93 224//93 227//93
f 181//93 180//93 25//93
f 73//93 191//93 194//93
f 73//93 194//93 187//93
f 182//93 181//93 25//93
f 185//93 182//93 25//93
f 73//93 187//93 189//93
f 195//93 185//93 25//93
f 73//93 189//93 195//93
f 559//93 544//93 1//93
f 101//93 156//93 143//93
f 101//93 143//93 141//93
f 562//93 559//93 1//93
f 563//93 562//93 1//93
f 101//93 141//93 145//93
f 101//93 145//93 140//93
f 563//93 1//93 101//93
f 565//93 563//93 101//93
f 101//93 140//93 138//93
f 565//93 101//93 138//93
f 564//93 565//93 138//93
f 564//93 138//93 137//93
f 561//93 564//93 137//93
f 139//93 144//93 548//93
f 561//93 137//93 139//93
f 139//93 548//93 560//93
f 3//94 15//94 39//94
f 51//95 62//95 13//95
f 658//96 657//96 409//96
f 658//96 409//96 412//96
f 654//96 658//96 412//96
f 654//96 412//96 407//96
f 659//96 654//96 407//96
f 659//96 407//96 404//96
f 661//96 659//96 404//96
f 661//96 404//96 402//96
f 662//96 661//96 402//96
f 664//96 662//96 402//96
f 663//96 664//96 402//96
f 667//96 663//96 402//96
f 401//96 399//96 331//96
f 331//96 332//96 61//96
f 61//96 656//96 655//96
f 61//96 655//96 660//96
f 405//96 401//96 331//96
f 402//96 405//96 331//96
f 61//96 660//96 666//96
f 61//96 666//96 668//96
f 667//96 402//96 331//96
f 61//96 668//96 665//96
f 665//96 667//96 331//96
f 567//96 566//96 14//96
f 14//96 238//96 239//96
f 14//96 239//96 241//96
f 571//96 567//96 14//96
f 574//96 571//96 14//96
f 14//96 241//96 242//96
f 14//96 242//96 246//96
f 577//96 574//96 14//96
f 575//96 577//96 14//96
f 576//96 575//96 14//96
f 576//96 14//96 246//96
f 244//96 257//96 440//96
f 579//96 576//96 246//96
f 246//96 244//96 440//96
f 246//96 440//96 456//96
f 578//96 579//96 246//96
f 580//96 578//96 246//96
f 246//96 456//96 458//96
f 246//96 458//96 453//96
f 573//96 580//96 246//96
f 572//96 573//96 246//96
f 246//96 453//96 451//96
f 246//96 451//96 452//96
f 568//96 572//96 246//96
f 161//96 570//96 569//96
f 569//96 568//96 246//96
f 163//96 161//96 569//96
f 165//96 163//96 569//96
f 457//96 441//96 211//96
f 457//96 211//96 209//96
f 455//96 457//96 209//96
f 455//96 209//96 210//96
f 459//96 455//96 210//96
f 459//96 210//96 212//96
f 454//96 459//96 212//96
f 208//96 206//96 131//96
f 454//96 212//96 208//96
f 452//96 454//96 208//96
f 208//96 131//96 133//96
f 133//96 126//96 171//96
f 133//96 171//96 170//96
f 452//96 208//96 133//96
f 169//96 165//96 569//96
f 169//96 569//96 246//96
f 246//96 452//96 133//96
f 133//96 170//96 168//96
f 133//96 168//96 172//96
f 167//96 169//96 246//96
f 176//96 167//96 246//96
f 246//96 133//96 172//96
f 246//96 172//96 175//96
f 174//96 176//96 246//96
f 246//96 175//96 173//96
f 480//96 482//96 297//96
f 480//96 297//96 282//96
f 489//96 480//96 282//96
f 489//96 282//96 284//96
f 490//96 489//96 284//96
f 490//96 284//96 279//96
f 487//96 490//96 279//96
f 280//96 278//96 214//96
f 487//96 279//96 280//96
f 484//96 487//96 280//96
f 280//96 214//96 213//96
f 213//96 211//96 441//96
f 213//96 441//96 450//96
f 484//96 280//96 213//96
f 486//96 484//96 213//96
f 213//96 450//96 443//96
f 213//96 443//96 449//96
f 485//96 486//96 213//96
f 488//96 485//96 213//96
f 213//96 449//96 446//96
f 488//96 213//96 446//96
f 337//96 481//96 483//96
f 483//96 488//96 446//96
f 483//96 446//96 445//96
f 323//96 337//96 483//96
f 325//96 323//96 483//96
f 483//96 445//96 448//96
f 483//96 448//96 447//96
f 326//96 325//96 483//96
f 252//96 318//96 321//96
f 321//96 326//96 483//96
f 483//96 447//96 444//96
f 442//96 440//96 257//96
f 483//96 444//96 442//96
f 252//96 321//96 483//96
f 253//96 252//96 483//96
f 483//96 442//96 257//96
f 483//96 257//96 251//96
f 256//96 253//96 483//96
f 483//96 251//96 249//96
f 611//96 610//96 375//96
f 611//96 375//96 377//96
f 612//96 611//96 377//96
f 612//96 377//96 376//96
f 616//96 612//96 376//96
f 616//96 376//96 362//96
f 615//96 616//96 362//96
f 615//96 362//96 361//96
f 617//96 615//96 361//96
f 85//96 614//96 613//96
f 670//96 656//96 61//96
f 673//96 670//96 61//96
f 85//96 613//96 618//96
f 85//96 618//96 617//96
f 673//96 61//96 85//96
f 674//96 673//96 85//96
f 85//96 617//96 361//96
f 674//96 85//96 361//96
f 675//96 674//96 361//96
f 675//96 361//96 359//96
f 672//96 675//96 359//96
f 672//96 359//96 360//96
f 671//96 672//96 360//96
f 671//96 360//96 372//96
f 409//96 657//96 669//96
f 669//96 671//96 372//96
f 669//96 372//96 373//96
f 411//96 409//96 669//96
f 410//96 411//96 669//96
f 669//96 373//96 368//96
f 669//96 368//96 366//96
f 416//96 410//96 669//96
f 417//96 416//96 669//96
f 669//96 366//96 369//96
f 365//96 363//96 291//96
f 669//96 369//96 365//96
f 417//96 669//96 365//96
f 365//96 291//96 292//96
f 365//96 292//96 294//96
f 418//96 417//96 365//96
f 415//96 418//96 365//96
f 365//96 294//96 287//96
f 288//96 297//96 482//96
f 365//96 287//96 288//96
f 413//96 415//96 365//96
f 408//96 413//96 365//96
f 365//96 288//96 482//96
f 365//96 482//96 493//96
f 414//96 408//96 365//96
f 403//96 414//96 365//96
f 365//96 493//96 494//96
f 365//96 494//96 495//96
f 406//96 403//96 365//96
f 331//96 399//96 400//96
f 400//96 406//96 365//96
f 365//96 495//96 498//96
f 365//96 498//96 496//96
f 331//96 400//96 365//96
f 333//96 331//96 365//96
f 365//96 496//96 497//96
f 365//96 497//96 499//96
f 330//96 333//96 365//96
f 336//96 330//96 365//96
f 336//96 365//96 499//96
f 481//96 337//96 329//96
f 329//96 336//96 499//96
f 329//96 499//96 492//96
f 491//96 481//96 329//96
f 621//96 614//96 85//96
f 85//96 293//96 291//96
f 291//96 363//96 364//96
f 291//96 364//96 370//96
f 623//96 621//96 85//96
f 630//96 623//96 85//96
f 291//96 370//96 367//96
f 291//96 367//96 371//96
f 631//96 630//96 85//96
f 628//96 631//96 85//96
f 378//96 375//96 610//96
f 378//96 610//96 619//96
f 374//96 378//96 619//96
f 374//96 619//96 620//96
f 371//96 374//96 620//96
f 371//96 620//96 622//96
f 628//96 85//96 291//96
f 629//96 628//96 291//96
f 291//96 371//96 622//96
f 291//96 622//96 624//96
f 627//96 629//96 291//96
f 626//96 627//96 291//96
f 291//96 624//96 625//96
f 320//96 318//96 252//96
f 252//96 255//96 61//96
f 61//96 332//96 334//96
f 61//96 334//96 327//96
f 319//96 320//96 252//96
f 324//96 319//96 252//96
f 61//96 327//96 328//96
f 61//96 328//96 335//96
f 322//96 324//96 252//96
f 61//96 335//96 322//96
f 524//96 526//96 124//96
f 524//96 124//96 122//96
f 525//96 524//96 122//96
f 525//96 122//96 136//96
f 528//96 525//96 136//96
f 528//96 136//96 128//96
f 536//96 528//96 128//96
f 536//96 128//96 134//96
f 534//96 536//96 134//96
f 535//96 534//96 134//96
f 533//96 535//96 134//96
f 532//96 533//96 134//96
f 132//96 130//96 203//96
f 132//96 203//96 204//96
f 129//96 132//96 204//96
f 129//96 204//96 201//96
f 134//96 129//96 201//96
f 134//96 201//96 197//96
f 532//96 134//96 197//96
f 532//96 197//96 198//96
f 530//96 532//96 198//96
f 530//96 198//96 199//96
f 530//96 199//96 200//96
f 37//96 522//96 523//96
f 290//96 293//96 85//96
f 295//96 290//96 85//96
f 37//96 523//96 527//96
f 37//96 527//96 529//96
f 289//96 295//96 85//96
f 296//96 289//96 85//96
f 37//96 529//96 531//96
f 37//96 531//96 530//96
f 296//96 85//96 37//96
f 283//96 296//96 37//96
f 37//96 530//96 200//96
f 283//96 37//96 200//96
f 285//96 283//96 200//96
f 285//96 200//96 202//96
f 286//96 285//96 202//96
f 286//96 202//96 205//96
f 214//96 278//96 281//96
f 281//96 286//96 205//96
f 281//96 205//96 207//96
f 217//96 214//96 281//96
f 216//96 217//96 281//96
f 281//96 207//96 215//96
f 240//96 238//96 14//96
f 61//96 255//96 254//96
f 61//96 254//96 248//96
f 243//96 240//96 14//96
f 245//96 243//96 14//96
f 61//96 248//96 250//96
f 247//96 245//96 14//96
f 61//96 250//96 247//96
f 130//96 131//96 206//96
f 583//96 570//96 161//96
f 583//96 161//96 159//96
f 582//96 583//96 159//96
f 582//96 159//96 157//96
f 586//96 582//96 157//96
f 586//96 157//96 158//96
f 587//96 586//96 158//96
f 587//96 158//96 160//96
f 585//96 587//96 160//96
f 14//96 566//96 581//96
f 135//96 121//96 14//96
f 171//96 126//96 127//96
f 127//96 135//96 14//96
f 14//96 581//96 584//96
f 14//96 584//96 585//96
f 162//96 171//96 127//96
f 164//96 162//96 127//96
f 127//96 14//96 585//96
f 127//96 585//96 160//96
f 166//96 164//96 127//96
f 537//96 522//96 37//96
f 14//96 121//96 123//96
f 14//96 123//96 118//96
f 540//96 537//96 37//96
f 541//96 540//96 37//96
f 14//96 118//96 119//96
f 14//96 119//96 117//96
f 541//96 37//96 14//96
f 542//96 541//96 14//96
f 542//96 14//96 117//96
f 543//96 542//96 117//96
f 543//96 117//96 120//96
f 538//96 543//96 120//96
f 125//96 124//96 526//96
f 538//96 120//96 125//96
f 125//96 526//96 539//96
f 27//97 38//97 87//97
f 75//98 86//98 63//98
f 136//99 116//99 108//99
f 128//100 108//100 106//100
f 134//61 106//61 113//61
f 113//101 112//101 132//101
f 112//102 110//102 130//102
f 110//103 111//103 131//103
f 111//104 109//104 133//104
f 109//67 114//67 126//67
f 114//105 107//105 127//105
f 107//106 115//106 135//106
f 115//107 101//107 121//107
f 101//108 103//108 123//108
f 103//76 98//76 118//76
f 118//109 98//109 99//109
f 119//110 99//110 97//110
f 117//111 97//111 100//111
f 120//112 100//112 105//112
f 125//85 105//85 104//85
f 124//113 104//113 102//113
f 122//114 102//114 116//114
usemtl Temporary_cutter
f 171//99 148//99 170//99
f 170//100 146//100 168//100
f 168//61 154//61 172//61
f 154//101 175//101 172//101
f 152//102 173//102 175//102
f 150//103 174//103 173//103
f 151//104 176//104 174//104
f 149//67 167//67 176//67
f 153//105 169//105 167//105
f 147//106 165//106 169//106
f 155//107 163//107 165//107
f 142//108 161//108 163//108
f 144//76 159//76 161//76
f 159//109 137//109 157//109
f 157//110 138//110 158//110
f 158//111 140//111 160//111
f 160//112 145//112 166//112
f 166//85 141//85 164//85
f 164//113 143//113 162//113
f 162//114 156//114 171//114
f 199//99 189//99 200//99
f 200//100 187//100 202//100
f 202//61 194//61 205//61
f 194//101 207//101 205//101
f 191//102 215//102 207//102
f 190//103 216//103 215//103
f 193//104 217//104 216//104
f 192//67 214//67 217//67
f 186//105 213//105 214//105
f 188//106 211//106 213//106
f 196//107 209//107 211//107
f 183//108 210//108 209//108
f 184//76 212//76 210//76
f 212//109 177//109 208//109
f 208//110 178//110 206//110
f 203//115 178//115 204//115
f 204//112 181//112 201//112
f 201//85 182//85 197//85
f 197//113 185//113 198//113
f 198//114 195//114 199//114
f 257//99 231//99 251//99
f 251//100 229//100 249//100
f 249//61 236//61 256//61
f 236//101 253//101 256//101
f 233//102 252//102 253//102
f 232//103 255//103 252//103
f 235//104 254//104 255//104
f 234//67 248//67 254//67
f 228//105 250//105 248//105
f 230//106 247//106 250//106
f 227//107 245//107 247//107
f 224//108 243//108 245//108
f 225//76 240//76 243//76
f 240//109 218//109 238//109
f 238//110 219//110 239//110
f 239//111 221//111 241//111
f 241//112 222//112 242//112
f 242//85 223//85 246//85
f 246//113 226//113 244//113
f 244//114 237//114 257//114
f 296//99 269//99 289//99
f 289//100 267//100 295//100
f 295//61 274//61 290//61
f 274//101 293//101 290//101
f 273//102 291//102 293//102
f 271//103 292//103 291//103
f 272//104 294//104 292//104
f 270//67 287//67 294//67
f 275//105 288//105 287//105
f 268//106 297//106 288//106
f 277//107 282//107 297//107
f 262//108 284//108 282//108
f 264//76 279//76 284//76
f 279//109 260//109 280//109
f 280//110 258//110 278//110
f 278//111 261//111 281//111
f 281//112 266//112 286//112
f 286//85 265//85 285//85
f 285//113 263//113 283//113
f 283//114 276//114 296//114
f 337//99 310//99 329//99
f 329//100 308//100 336//100
f 336//61 315//61 330//61
f 315//101 333//101 330//101
f 312//102 331//102 333//102
f 311//103 332//103 331//103
f 314//104 334//104 332//104
f 313//67 327//67 334//67
f 307//105 328//105 327//105
f 309//106 335//106 328//106
f 317//107 322//107 335//107
f 304//108 324//108 322//108
f 305//76 319//76 324//76
f 319//109 298//109 320//109
f 320//110 299//110 318//110
f 318//111 301//111 321//111
f 321//112 302//112 326//112
f 326//85 303//85 325//85
f 325//113 306//113 323//113
f 323//114 316//114 337//114
f 374//99 355//99 378//99
f 378//100 354//100 375//100
f 375//61 353//61 377//61
f 353//101 376//101 377//101
f 343//102 362//102 376//102
f 340//103 361//103 362//103
f 339//104 359//104 361//104
f 338//67 360//67 359//67
f 341//105 372//105 360//105
f 342//116 344//116 373//116
f 345//107 368//107 373//107
f 352//108 366//108 368//108
f 349//76 369//76 366//76
f 369//109 346//109 365//109
f 365//110 347//110 363//110
f 363//111 350//111 364//111
f 364//112 356//112 370//112
f 370//85 358//85 367//85
f 367//113 357//113 371//113
f 371//114 351//114 374//114
f 408//99 391//99 413//99
f 413//100 389//100 415//100
f 415//61 397//61 418//61
f 397//101 417//101 418//101
f 395//102 416//102 417//102
f 393//103 410//103 416//103
f 394//104 411//104 410//104
f 392//67 409//67 411//67
f 396//105 412//105 409//105
f 390//106 407//106 412//106
f 398//107 404//107 407//107
f 385//108 402//108 404//108
f 386//76 405//76 402//76
f 405//109 379//109 401//109
f 401//110 380//110 399//110
f 399//111 382//111 400//111
f 400//112 383//112 406//112
f 406//85 384//85 403//85
f 403//113 387//113 414//113
f 414//114 388//114 408//114
f 441//117 432//117 431//117
f 450//118 429//118 443//118
f 429//61 449//61 443//61
f 438//119 446//119 449//119
f 437//120 445//120 446//120
f 435//121 448//121 445//121
f 436//122 447//122 448//122
f 434//67 444//67 447//67
f 439//123 442//123 444//123
f 430//124 440//124 442//124
f 427//125 456//125 440//125
f 424//126 458//126 456//126
f 458//76 421//76 453//76
f 453//127 419//127 451//127
f 451//128 420//128 452//128
f 452//129 422//129 454//129
f 454//130 428//130 459//130
f 459//85 423//85 455//85
f 455//131 426//131 457//131
f 457//132 433//132 441//132
f 482//133 474//133 493//133
f 493//118 472//118 494//118
f 472//61 495//61 494//61
f 479//119 498//119 495//119
f 478//120 496//120 498//120
f 476//121 497//121 496//121
f 477//122 499//122 497//122
f 475//67 492//67 499//67
f 473//123 491//123 492//123
f 471//124 481//124 491//124
f 461//125 483//125 481//125
f 463//126 488//126 483//126
f 488//76 465//76 485//76
f 485//127 466//127 486//127
f 486//128 464//128 484//128
f 484//129 467//129 487//129
f 487//130 470//130 490//130
f 490//85 469//85 489//85
f 489//131 460//131 480//131
f 462//132 480//132 460//132
f 531//134 516//134 530//134
f 530//135 518//135 532//135
f 532//61 520//61 533//61
f 520//136 535//136 533//136
f 519//137 534//137 535//137
f 521//138 536//138 534//138
f 514//139 528//139 536//139
f 513//67 525//67 528//67
f 511//140 524//140 525//140
f 526//141 503//141 539//141
f 504//142 538//142 539//142
f 502//143 543//143 538//143
f 508//76 542//76 543//76
f 542//144 506//144 541//144
f 541//145 505//145 540//145
f 540//146 501//146 537//146
f 522//147 500//147 523//147
f 523//85 512//85 527//85
f 527//148 515//148 529//148
f 529//149 517//149 531//149
f 570//150 548//150 569//150
f 569//135 546//135 568//135
f 568//61 550//61 572//61
f 550//136 573//136 572//136
f 551//137 580//137 573//137
f 557//138 578//138 580//138
f 558//139 579//139 578//139
f 556//67 576//67 579//67
f 554//140 575//140 576//140
f 553//151 577//151 575//151
f 555//142 574//142 577//142
f 552//143 571//143 574//143
f 549//76 567//76 571//76
f 566//152 544//152 581//152
f 581//145 562//145 584//145
f 584//146 563//146 585//146
f 585//153 565//153 587//153
f 587//85 564//85 586//85
f 586//148 561//148 582//148
f 582//149 560//149 583//149
f 631//134 600//134 630//134
f 594//135 630//135 600//135
f 623//61 590//61 621//61
f 589//154 613//154 614//154
f 604//137 618//137 613//137
f 607//138 617//138 618//138
f 609//155 615//155 617//155
f 608//67 616//67 615//67
f 606//140 612//140 616//140
f 605//151 611//151 612//151
f 591//156 619//156 610//156
f 592//143 620//143 619//143
f 588//76 622//76 620//76
f 622//157 595//157 624//157
f 624//145 596//145 625//145
f 625//146 598//146 626//146
f 626//158 597//158 627//158
f 627//85 602//85 629//85
f 629//148 599//148 628//148
f 628//149 601//149 631//149
f 669//134 634//134 671//134
f 671//135 637//135 672//135
f 672//61 638//61 675//61
f 638//159 674//159 675//159
f 639//137 673//137 674//137
f 640//138 670//138 673//138
f 636//160 655//160 656//160
f 643//67 660//67 655//67
f 645//140 666//140 660//140
f 652//151 668//151 666//151
f 653//142 665//142 668//142
f 650//143 667//143 665//143
f 651//76 663//76 667//76
f 663//157 648//157 664//157
f 664//145 647//145 662//145
f 662//146 646//146 661//146
f 661//158 644//158 659//158
f 659//85 641//85 654//85
f 654//148 642//148 658//148
f 632//161 669//161 657//161
f 171//99 156//99 148//99
f 170//100 148//100 146//100
f 168//61 146//61 154//61
f 154//101 152//101 175//101
f 152//102 150//102 173//102
f 150//103 151//103 174//103
f 151//104 149//104 176//104
f 149//67 153//67 167//67
f 153//105 147//105 169//105
f 147//106 155//106 165//106
f 155//107 142//107 163//107
f 142//108 144//108 161//108
f 144//76 139//76 159//76
f 159//109 139//109 137//109
f 157//110 137//110 138//110
f 158//111 138//111 140//111
f 160//112 140//112 145//112
f 166//85 145//85 141//85
f 164//113 141//113 143//113
f 162//114 143//114 156//114
f 199//99 195//99 189//99
f 200//100 189//100 187//100
f 202//61 187//61 194//61
f 194//101 191//101 207//101
f 191//102 190//102 215//102
f 190//103 193//103 216//103
f 193//104 192//104 217//104
f 192//67 186//67 214//67
f 186//105 188//105 213//105
f 188//106 196//106 211//106
f 196//107 183//107 209//107
f 183//108 184//108 210//108
f 184//76 179//76 212//76
f 212//109 179//109 177//109
f 208//110 177//110 178//110
f 203//230 206//230 178//230
f 178//111 180//111 204//111
f 204//112 180//112 181//112
f 201//85 181//85 182//85
f 197//113 182//113 185//113
f 198//114 185//114 195//114
f 257//99 237//99 231//99
f 251//100 231//100 229//100
f 249//61 229//61 236//61
f 236//101 233//101 253//101
f 233//102 232//102 252//102
f 232//103 235//103 255//103
f 235//104 234//104 254//104
f 234//67 228//67 248//67
f 228//105 230//105 250//105
f 230//106 227//106 247//106
f 227//107 224//107 245//107
f 224//108 225//108 243//108
f 225//76 220//76 240//76
f 240//109 220//109 218//109
f 238//110 218//110 219//110
f 239//111 219//111 221//111
f 241//112 221//112 222//112
f 242//85 222//85 223//85
f 246//113 223//113 226//113
f 244//114 226//114 237//114
f 296//99 276//99 269//99
f 289//100 269//100 267//100
f 295//61 267//61 274//61
f 274//101 273//101 293//101
f 273//102 271//102 291//102
f 271//103 272//103 292//103
f 272//104 270//104 294//104
f 270//67 275//67 287//67
f 275//105 268//105 288//105
f 268//106 277//106 297//106
f 277//107 262//107 282//107
f 262//108 264//108 284//108
f 264//76 259//76 279//76
f 279//109 259//109 260//109
f 280//110 260//110 258//110
f 278//111 258//111 261//111
f 281//112 261//112 266//112
f 286//85 266//85 265//85
f 285//113 265//113 263//113
f 283//114 263//114 276//114
f 337//99 316//99 310//99
f 329//100 310//100 308//100
f 336//61 308//61 315//61
f 315//101 312//101 333//101
f 312//102 311//102 331//102
f 311//103 314//103 332//103
f 314//104 313//104 334//104
f 313//67 307//67 327//67
f 307//105 309//105 328//105
f 309//106 317//106 335//106
f 317//107 304//107 322//107
f 304//108 305//108 324//108
f 305//76 300//76 319//76
f 319//109 300//109 298//109
f 320//110 298//110 299//110
f 318//111 299//111 301//111
f 321//112 301//112 302//112
f 326//85 302//85 303//85
f 325//113 303//113 306//113
f 323//114 306//114 316//114
f 374//99 351//99 355//99
f 378//100 355//100 354//100
f 375//61 354//61 353//61
f 353//101 343//101 376//101
f 343//102 340//102 362//102
f 340//103 339//103 361//103
f 339//104 338//104 359//104
f 338//67 341//67 360//67
f 341//105 342//105 372//105
f 373//106 372//106 342//106
f 344//231 345//231 373//231
f 345//107 352//107 368//107
f 352//108 349//108 366//108
f 349//76 348//76 369//76
f 369//109 348//109 346//109
f 365//110 346//110 347//110
f 363//111 347//111 350//111
f 364//112 350//112 356//112
f 370//85 356//85 358//85
f 367//113 358//113 357//113
f 371//114 357//114 351//114
f 408//99 388//99 391//99
f 413//100 391//100 389//100
f 415//61 389//61 397//61
f 397//101 395//101 417//101
f 395//102 393//102 416//102
f 393//103 394//103 410//103
f 394//104 392//104 411//104
f 392//67 396//67 409//67
f 396//105 390//105 412//105
f 390//106 398//106 407//106
f 398//107 385//107 404//107
f 385//108 386//108 402//108
f 386//76 381//76 405//76
f 405//109 381//109 379//109
f 401//110 379//110 380//110
f 399//111 380//111 382//111
f 400//112 382//112 383//112
f 406//85 383//85 384//85
f 403//113 384//113 387//113
f 414//114 387//114 388//114
f 431//133 450//133 441//133
f 441//232 433//232 432//232
f 450//118 431//118 429//118
f 429//61 438//61 449//61
f 438//119 437//119 446//119
f 437//120 435//120 445//120
f 435//121 436//121 448//121
f 436//122 434//122 447//122
f 434//67 439//67 444//67
f 439//123 430//123 442//123
f 430//124 427//124 440//124
f 427//125 424//125 456//125
f 424//126 425//126 458//126
f 458//76 425//76 421//76
f 453//127 421//127 419//127
f 451//128 419//128 420//128
f 452//129 420//129 422//129
f 454//130 422//130 428//130
f 459//85 428//85 423//85
f 455//131 423//131 426//131
f 457//132 426//132 433//132
f 482//133 462//133 474//133
f 493//118 474//118 472//118
f 472//61 479//61 495//61
f 479//119 478//119 498//119
f 478//120 476//120 496//120
f 476//121 477//121 497//121
f 477//122 475//122 499//122
f 475//67 473//67 492//67
f 473//123 471//123 491//123
f 471//124 461//124 481//124
f 461//125 463//125 483//125
f 463//126 468//126 488//126
f 488//76 468//76 465//76
f 485//127 465//127 466//127
f 486//128 466//128 464//128
f 484//129 464//129 467//129
f 487//130 467//130 470//130
f 490//85 470//85 469//85
f 489//131 469//131 460//131
f 462//132 482//132 480//132
f 531//134 517//134 516//134
f 530//135 516//135 518//135
f 532//61 518//61 520//61
f 520//159 519//159 535//159
f 519//137 521//137 534//137
f 521//138 514//138 536//138
f 514//155 513//155 528//155
f 513//67 511//67 525//67
f 511//140 510//140 524//140
f 526//233 524//233 510//233
f 503//141 504//141 539//141
f 526//233 510//233 503//233
f 504//142 502//142 538//142
f 502//143 508//143 543//143
f 508//76 507//76 542//76
f 542//157 507//157 506//157
f 541//145 506//145 505//145
f 540//146 505//146 501//146
f 522//234 537//234 501//234
f 500//147 509//147 523//147
f 522//234 501//234 500//234
f 523//85 509//85 512//85
f 527//148 512//148 515//148
f 529//149 515//149 517//149
f 570//235 583//235 560//235
f 548//150 547//150 569//150
f 570//235 560//235 548//235
f 569//135 547//135 546//135
f 568//61 546//61 550//61
f 550//159 551//159 573//159
f 551//137 557//137 580//137
f 557//138 558//138 578//138
f 558//155 556//155 579//155
f 556//67 554//67 576//67
f 554//140 553//140 575//140
f 553//151 555//151 577//151
f 555//142 552//142 574//142
f 552//143 549//143 571//143
f 549//76 545//76 567//76
f 566//236 567//236 545//236
f 544//152 559//152 581//152
f 566//236 545//236 544//236
f 581//145 559//145 562//145
f 584//146 562//146 563//146
f 585//158 563//158 565//158
f 587//85 565//85 564//85
f 586//148 564//148 561//148
f 582//149 561//149 560//149
f 631//134 601//134 600//134
f 594//135 623//135 630//135
f 623//61 594//61 590//61
f 614//237 621//237 590//237
f 589//154 604//154 613//154
f 614//237 590//237 589//237
f 604//137 607//137 618//137
f 607//138 609//138 617//138
f 609//139 608//139 615//139
f 608//67 606//67 616//67
f 606//140 605//140 612//140
f 605//151 603//151 611//151
f 610//238 611//238 603//238
f 591//156 592//156 619//156
f 610//238 603//238 591//238
f 592//143 588//143 620//143
f 588//76 593//76 622//76
f 622//144 593//144 595//144
f 624//145 595//145 596//145
f 625//146 596//146 598//146
f 626//153 598//153 597//153
f 627//85 597//85 602//85
f 629//148 602//148 599//148
f 628//149 599//149 601//149
f 669//134 633//134 634//134
f 671//135 634//135 637//135
f 672//61 637//61 638//61
f 638//136 639//136 674//136
f 639//137 640//137 673//137
f 640//138 635//138 670//138
f 670//239 635//239 636//239
f 636//160 643//160 655//160
f 656//239 670//239 636//239
f 643//67 645//67 660//67
f 645//140 652//140 666//140
f 652//151 653//151 668//151
f 653//142 650//142 665//142
f 650//143 651//143 667//143
f 651//76 649//76 663//76
f 663//144 649//144 648//144
f 664//145 648//145 647//145
f 662//146 647//146 646//146
f 661//153 646//153 644//153
f 659//85 644//85 641//85
f 654//148 641//148 642//148
f 657//240 658//240 642//240
f 632//161 633//161 669//161
f 657//240 642//240 632//240
usemtl ServoBlue
f 676//162 679//162 678//162
f 678//163 681//163 680//163
f 680//164 683//164 682//164
f 682//165 685//165 684//165
f 684//166 687//166 686//166
f 686//167 689//167 688//167
f 688//168 691//168 690//168
f 690//169 693//169 692//169
f 692//170 695//170 694//170
f 694//171 697//171 696//171
f 696//172 699//172 698//172
f 698//173 701//173 700//173
f 700//174 703//174 702//174
f 702//175 705//175 704//175
f 704//176 707//176 706//176
f 706//177 709//177 708//177
f 708//178 711//178 710//178
f 710//179 713//179 712//179
f 712//180 715//180 714//180
f 714//181 717//181 716//181
f 716//182 719//182 718//182
f 718//183 721//183 720//183
f 681//96 721//96 725//96
f 705//96 697//96 731//96
f 720//184 723//184 722//184
f 722//185 677//185 676//185
f 720//93 757//93 755//93
f 698//93 752//93 761//93
f 745//186 725//186 760//186
f 744//187 743//187 745//187
f 747//61 742//61 744//61
f 736//188 747//188 746//188
f 734//189 746//189 762//189
f 735//190 762//190 761//190
f 732//191 761//191 752//191
f 741//67 752//67 750//67
f 740//192 750//192 751//192
f 731//193 751//193 748//193
f 730//194 748//194 749//194
f 728//195 749//195 759//195
f 729//76 759//76 758//76
f 753//196 729//196 758//196
f 754//197 737//197 753//197
f 755//198 738//198 754//198
f 757//199 739//199 755//199
f 756//85 724//85 757//85
f 763//200 727//200 756//200
f 760//201 726//201 763//201
f 764//162 767//162 766//162
f 766//163 769//163 768//163
f 768//164 771//164 770//164
f 770//165 773//165 772//165
f 772//166 775//166 774//166
f 774//167 777//167 776//167
f 776//168 779//168 778//168
f 778//169 781//169 780//169
f 780//170 783//170 782//170
f 782//171 785//171 784//171
f 784//172 787//172 786//172
f 786//173 789//173 788//173
f 788//174 791//174 790//174
f 790//175 793//175 792//175
f 792//176 795//176 794//176
f 794//177 797//177 796//177
f 796//178 799//178 798//178
f 798//179 801//179 800//179
f 800//180 803//180 802//180
f 802//181 805//181 804//181
f 804//182 807//182 806//182
f 806//183 809//183 808//183
f 769//96 809//96 813//96
f 793//96 785//96 819//96
f 808//184 811//184 810//184
f 810//185 765//185 764//185
f 808//93 845//93 843//93
f 786//93 840//93 849//93
f 833//186 813//186 848//186
f 832//187 831//187 833//187
f 835//61 830//61 832//61
f 824//188 835//188 834//188
f 822//189 834//189 850//189
f 823//190 850//190 849//190
f 820//191 849//191 840//191
f 829//67 840//67 838//67
f 828//192 838//192 839//192
f 819//193 839//193 836//193
f 818//194 836//194 837//194
f 816//195 837//195 847//195
f 817//76 847//76 846//76
f 841//196 817//196 846//196
f 842//197 825//197 841//197
f 843//198 826//198 842//198
f 845//199 827//199 843//199
f 844//85 812//85 845//85
f 851//200 815//200 844//200
f 848//201 814//201 851//201
f 852//162 855//162 854//162
f 854//163 857//163 856//163
f 856//164 859//164 858//164
f 858//165 861//165 860//165
f 860//166 863//166 862//166
f 862//167 865//167 864//167
f 864//168 867//168 866//168
f 866//169 869//169 868//169
f 868//170 871//170 870//170
f 870//171 873//171 872//171
f 872//172 875//172 874//172
f 874//173 877//173 876//173
f 876//174 879//174 878//174
f 878//175 881//175 880//175
f 880//176 883//176 882//176
f 882//177 885//177 884//177
f 884//178 887//178 886//178
f 886//179 889//179 888//179
f 888//180 891//180 890//180
f 890//181 893//181 892//181
f 892//182 895//182 894//182
f 894//183 897//183 896//183
f 857//96 897//96 901//96
f 881//96 873//96 907//96
f 896//184 899//184 898//184
f 898//185 853//185 852//185
f 896//93 933//93 931//93
f 874//93 928//93 937//93
f 921//186 901//186 936//186
f 920//187 919//187 921//187
f 923//61 918//61 920//61
f 912//188 923//188 922//188
f 910//189 922//189 938//189
f 911//190 938//190 937//190
f 908//191 937//191 928//191
f 917//67 928//67 926//67
f 916//192 926//192 927//192
f 907//193 927//193 924//193
f 906//194 924//194 925//194
f 904//195 925//195 935//195
f 905//76 935//76 934//76
f 929//196 905//196 934//196
f 930//197 913//197 929//197
f 931//198 914//198 930//198
f 933//199 915//199 931//199
f 932//85 900//85 933//85
f 939//200 903//200 932//200
f 936//201 902//201 939//201
f 940//162 943//162 942//162
f 942//163 945//163 944//163
f 944//164 947//164 946//164
f 946//165 949//165 948//165
f 948//166 951//166 950//166
f 950//167 953//167 952//167
f 952//168 955//168 954//168
f 954//169 957//169 956//169
f 956//170 959//170 958//170
f 958//171 961//171 960//171
f 960//172 963//172 962//172
f 962//173 965//173 964//173
f 964//174 967//174 966//174
f 966//175 969//175 968//175
f 968//176 971//176 970//176
f 970//177 973//177 972//177
f 972//178 975//178 974//178
f 974//179 977//179 976//179
f 976//180 979//180 978//180
f 978//181 981//181 980//181
f 980//182 983//182 982//182
f 982//183 985//183 984//183
f 945//96 985//96 989//96
f 969//96 961//96 995//96
f 984//184 987//184 986//184
f 986//185 941//185 940//185
f 984//93 1021//93 1019//93
f 962//93 1016//93 1025//93
f 1009//186 989//186 1024//186
f 1008//187 1007//187 1009//187
f 1011//61 1006//61 1008//61
f 1000//188 1011//188 1010//188
f 998//189 1010//189 1026//189
f 999//190 1026//190 1025//190
f 996//191 1025//191 1016//191
f 1005//67 1016//67 1014//67
f 1004//192 1014//192 1015//192
f 995//193 1015//193 1012//193
f 994//194 1012//194 1013//194
f 992//195 1013//195 1023//195
f 993//76 1023//76 1022//76
f 1017//196 993//196 1022//196
f 1018//197 1001//197 1017//197
f 1019//198 1002//198 1018//198
f 1021//199 1003//199 1019//199
f 1020//85 988//85 1021//85
f 1027//200 991//200 1020//200
f 1024//201 990//201 1027//201
f 1028//162 1031//162 1030//162
f 1030//163 1033//163 1032//163
f 1032//164 1035//164 1034//164
f 1034//165 1037//165 1036//165
f 1036//166 1039//166 1038//166
f 1038//167 1041//167 1040//167
f 1040//168 1043//168 1042//168
f 1042//169 1045//169 1044//169
f 1044//170 1047//170 1046//170
f 1046//171 1049//171 1048//171
f 1048//172 1051//172 1050//172
f 1050//173 1053//173 1052//173
f 1052//174 1055//174 1054//174
f 1054//175 1057//175 1056//175
f 1056//176 1059//176 1058//176
f 1058//177 1061//177 1060//177
f 1060//178 1063//178 1062//178
f 1062//179 1065//179 1064//179
f 1064//180 1067//180 1066//180
f 1066//181 1069//181 1068//181
f 1068//182 1071//182 1070//182
f 1070//183 1073//183 1072//183
f 1033//96 1073//96 1077//96
f 1057//96 1049//96 1083//96
f 1072//184 1075//184 1074//184
f 1074//185 1029//185 1028//185
f 1072//93 1109//93 1107//93
f 1050//93 1104//93 1113//93
f 1097//186 1077//186 1112//186
f 1096//187 1095//187 1097//187
f 1099//61 1094//61 1096//61
f 1088//188 1099//188 1098//188
f 1086//189 1098//189 1114//189
f 1087//190 1114//190 1113//190
f 1084//191 1113//191 1104//191
f 1093//67 1104//67 1102//67
f 1092//192 1102//192 1103//192
f 1083//193 1103//193 1100//193
f 1082//194 1100//194 1101//194
f 1080//195 1101//195 1111//195
f 1081//76 1111//76 1110//76
f 1105//196 1081//196 1110//196
f 1106//197 1089//197 1105//197
f 1107//198 1090//198 1106//198
f 1109//199 1091//199 1107//199
f 1108//85 1076//85 1109//85
f 1115//200 1079//200 1108//200
f 1112//201 1078//201 1115//201
f 676//162 677//162 679//162
f 678//163 679//163 681//163
f 680//164 681//164 683//164
f 682//165 683//165 685//165
f 684//166 685//166 687//166
f 686//167 687//167 689//167
f 688//168 689//168 691//168
f 690//169 691//169 693//169
f 692//170 693//170 695//170
f 694//171 695//171 697//171
f 696//172 697//172 699//172
f 698//173 699//173 701//173
f 700//174 701//174 703//174
f 702//175 703//175 705//175
f 704//176 705//176 707//176
f 706//177 707//177 709//177
f 708//178 709//178 711//178
f 710//179 711//179 713//179
f 712//180 713//180 715//180
f 714//181 715//181 717//181
f 716//182 717//182 719//182
f 718//183 719//183 721//183
f 736//96 734//96 689//96
f 689//96 687//96 685//96
f 685//96 683//96 681//96
f 681//96 679//96 677//96
f 677//96 723//96 721//96
f 721//96 719//96 717//96
f 717//96 715//96 713//96
f 713//96 738//96 739//96
f 713//96 739//96 724//96
f 721//96 717//96 713//96
f 681//96 677//96 721//96
f 689//96 685//96 681//96
f 733//96 736//96 689//96
f 742//96 733//96 689//96
f 721//96 713//96 724//96
f 721//96 724//96 727//96
f 742//96 689//96 681//96
f 743//96 742//96 681//96
f 721//96 727//96 726//96
f 725//96 743//96 681//96
f 721//96 726//96 725//96
f 737//96 738//96 713//96
f 713//96 711//96 709//96
f 709//96 707//96 705//96
f 705//96 703//96 701//96
f 701//96 699//96 697//96
f 697//96 695//96 693//96
f 693//96 691//96 689//96
f 689//96 734//96 735//96
f 689//96 735//96 732//96
f 697//96 693//96 689//96
f 705//96 701//96 697//96
f 713//96 709//96 705//96
f 729//96 737//96 713//96
f 728//96 729//96 713//96
f 697//96 689//96 732//96
f 697//96 732//96 741//96
f 728//96 713//96 705//96
f 730//96 728//96 705//96
f 697//96 741//96 740//96
f 731//96 730//96 705//96
f 697//96 740//96 731//96
f 720//184 721//184 723//184
f 722//185 723//185 677//185
f 755//93 714//93 716//93
f 716//93 718//93 720//93
f 720//93 722//93 763//93
f 720//93 763//93 756//93
f 755//93 716//93 720//93
f 720//93 756//93 757//93
f 760//93 763//93 722//93
f 722//93 676//93 678//93
f 678//93 680//93 682//93
f 682//93 684//93 686//93
f 686//93 688//93 690//93
f 690//93 692//93 694//93
f 694//93 696//93 698//93
f 698//93 700//93 702//93
f 702//93 704//93 706//93
f 706//93 708//93 710//93
f 710//93 712//93 714//93
f 714//93 755//93 754//93
f 714//93 754//93 753//93
f 706//93 710//93 714//93
f 698//93 702//93 706//93
f 690//93 694//93 698//93
f 682//93 686//93 690//93
f 722//93 678//93 682//93
f 745//93 760//93 722//93
f 744//93 745//93 722//93
f 706//93 714//93 753//93
f 706//93 753//93 758//93
f 744//93 722//93 682//93
f 747//93 744//93 682//93
f 706//93 758//93 759//93
f 706//93 759//93 749//93
f 747//93 682//93 690//93
f 746//93 747//93 690//93
f 698//93 706//93 749//93
f 698//93 749//93 748//93
f 762//93 746//93 690//93
f 761//93 762//93 690//93
f 698//93 748//93 751//93
f 698//93 751//93 750//93
f 761//93 690//93 698//93
f 698//93 750//93 752//93
f 745//186 743//186 725//186
f 744//187 742//187 743//187
f 747//61 733//61 742//61
f 736//188 733//188 747//188
f 734//189 736//189 746//189
f 735//190 734//190 762//190
f 732//191 735//191 761//191
f 741//67 732//67 752//67
f 740//192 741//192 750//192
f 731//193 740//193 751//193
f 730//194 731//194 748//194
f 728//195 730//195 749//195
f 729//76 728//76 759//76
f 753//196 737//196 729//196
f 754//197 738//197 737//197
f 755//198 739//198 738//198
f 757//199 724//199 739//199
f 756//85 727//85 724//85
f 763//200 726//200 727//200
f 760//201 725//201 726//201
f 764//162 765//162 767//162
f 766//163 767//163 769//163
f 768//164 769//164 771//164
f 770//165 771//165 773//165
f 772//166 773//166 775//166
f 774//167 775//167 777//167
f 776//168 777//168 779//168
f 778//169 779//169 781//169
f 780//170 781//170 783//170
f 782//171 783//171 785//171
f 784//172 785//172 787//172
f 786//173 787//173 789//173
f 788//174 789//174 791//174
f 790//175 791//175 793//175
f 792//176 793//176 795//176
f 794//177 795//177 797//177
f 796//178 797//178 799//178
f 798//179 799//179 801//179
f 800//180 801//180 803//180
f 802//181 803//181 805//181
f 804//182 805//182 807//182
f 806//183 807//183 809//183
f 824//96 822//96 777//96
f 777//96 775//96 773//96
f 773//96 771//96 769//96
f 769//96 767//96 765//96
f 765//96 811//96 809//96
f 809//96 807//96 805//96
f 805//96 803//96 801//96
f 801//96 826//96 827//96
f 801//96 827//96 812//96
f 809//96 805//96 801//96
f 769//96 765//96 809//96
f 777//96 773//96 769//96
f 821//96 824//96 777//96
f 830//96 821//96 777//96
f 809//96 801//96 812//96
f 809//96 812//96 815//96
f 830//96 777//96 769//96
f 831//96 830//96 769//96
f 809//96 815//96 814//96
f 813//96 831//96 769//96
f 809//96 814//96 813//96
f 825//96 826//96 801//96
f 801//96 799//96 797//96
f 797//96 795//96 793//96
f 793//96 791//96 789//96
f 789//96 787//96 785//96
f 785//96 783//96 781//96
f 781//96 779//96 777//96
f 777//96 822//96 823//96
f 777//96 823//96 820//96
f 785//96 781//96 777//96
f 793//96 789//96 785//96
f 801//96 797//96 793//96
f 817//96 825//96 801//96
f 816//96 817//96 801//96
f 785//96 777//96 820//96
f 785//96 820//96 829//96
f 816//96 801//96 793//96
f 818//96 816//96 793//96
f 785//96 829//96 828//96
f 819//96 818//96 793//96
f 785//96 828//96 819//96
f 808//184 809//184 811//184
f 810//185 811//185 765//185
f 843//93 802//93 804//93
f 804//93 806//93 808//93
f 808//93 810//93 851//93
f 808//93 851//93 844//93
f 843//93 804//93 808//93
f 808//93 844//93 845//93
f 848//93 851//93 810//93
f 810//93 764//93 766//93
f 766//93 768//93 770//93
f 770//93 772//93 774//93
f 774//93 776//93 778//93
f 778//93 780//93 782//93
f 782//93 784//93 786//93
f 786//93 788//93 790//93
f 790//93 792//93 794//93
f 794//93 796//93 798//93
f 798//93 800//93 802//93
f 802//93 843//93 842//93
f 802//93 842//93 841//93
f 794//93 798//93 802//93
f 786//93 790//93 794//93
f 778//93 782//93 786//93
f 770//93 774//93 778//93
f 810//93 766//93 770//93
f 833//93 848//93 810//93
f 832//93 833//93 810//93
f 794//93 802//93 841//93
f 794//93 841//93 846//93
f 832//93 810//93 770//93
f 835//93 832//93 770//93
f 794//93 846//93 847//93
f 794//93 847//93 837//93
f 835//93 770//93 778//93
f 834//93 835//93 778//93
f 786//93 794//93 837//93
f 786//93 837//93 836//93
f 850//93 834//93 778//93
f 849//93 850//93 778//93
f 786//93 836//93 839//93
f 786//93 839//93 838//93
f 849//93 778//93 786//93
f 786//93 838//93 840//93
f 833//186 831//186 813//186
f 832//187 830//187 831//187
f 835//61 821//61 830//61
f 824//188 821//188 835//188
f 822//189 824//189 834//189
f 823//190 822//190 850//190
f 820//191 823//191 849//191
f 829//67 820//67 840//67
f 828//192 829//192 838//192
f 819//193 828//193 839//193
f 818//194 819//194 836//194
f 816//195 818//195 837//195
f 817//76 816//76 847//76
f 841//196 825//196 817//196
f 842//197 826//197 825//197
f 843//198 827//198 826//198
f 845//199 812//199 827//199
f 844//85 815//85 812//85
f 851//200 814//200 815//200
f 848//201 813//201 814//201
f 852//162 853//162 855//162
f 854//163 855//163 857//163
f 856//164 857//164 859//164
f 858//165 859//165 861//165
f 860//166 861//166 863//166
f 862//167 863//167 865//167
f 864//168 865//168 867//168
f 866//169 867//169 869//169
f 868//170 869//170 871//170
f 870//171 871//171 873//171
f 872//172 873//172 875//172
f 874//173 875//173 877//173
f 876//174 877//174 879//174
f 878//175 879//175 881//175
f 880//176 881//176 883//176
f 882//177 883//177 885//177
f 884//178 885//178 887//178
f 886//179 887//179 889//179
f 888//180 889//180 891//180
f 890//181 891//181 893//181
f 892//182 893//182 895//182
f 894//183 895//183 897//183
f 912//96 910//96 865//96
f 865//96 863//96 861//96
f 861//96 859//96 857//96
f 857//96 855//96 853//96
f 853//96 899//96 897//96
f 897//96 895//96 893//96
f 893//96 891//96 889//96
f 889//96 914//96 915//96
f 889//96 915//96 900//96
f 897//96 893//96 889//96
f 857//96 853//96 897//96
f 865//96 861//96 857//96
f 909//96 912//96 865//96
f 918//96 909//96 865//96
f 897//96 889//96 900//96
f 897//96 900//96 903//96
f 918//96 865//96 857//96
f 919//96 918//96 857//96
f 897//96 903//96 902//96
f 901//96 919//96 857//96
f 897//96 902//96 901//96
f 913//96 914//96 889//96
f 889//96 887//96 885//96
f 885//96 883//96 881//96
f 881//96 879//96 877//96
f 877//96 875//96 873//96
f 873//96 871//96 869//96
f 869//96 867//96 865//96
f 865//96 910//96 911//96
f 865//96 911//96 908//96
f 873//96 869//96 865//96
f 881//96 877//96 873//96
f 889//96 885//96 881//96
f 905//96 913//96 889//96
f 904//96 905//96 889//96
f 873//96 865//96 908//96
f 873//96 908//96 917//96
f 904//96 889//96 881//96
f 906//96 904//96 881//96
f 873//96 917//96 916//96
f 907//96 906//96 881//96
f 873//96 916//96 907//96
f 896//184 897//184 899//184
f 898//185 899//185 853//185
f 931//93 890//93 892//93
f 892//93 894//93 896//93
f 896//93 898//93 939//93
f 896//93 939//93 932//93
f 931//93 892//93 896//93
f 896//93 932//93 933//93
f 936//93 939//93 898//93
f 898//93 852//93 854//93
f 854//93 856//93 858//93
f 858//93 860//93 862//93
f 862//93 864//93 866//93
f 866//93 868//93 870//93
f 870//93 872//93 874//93
f 874//93 876//93 878//93
f 878//93 880//93 882//93
f 882//93 884//93 886//93
f 886//93 888//93 890//93
f 890//93 931//93 930//93
f 890//93 930//93 929//93
f 882//93 886//93 890//93
f 874//93 878//93 882//93
f 866//93 870//93 874//93
f 858//93 862//93 866//93
f 898//93 854//93 858//93
f 921//93 936//93 898//93
f 920//93 921//93 898//93
f 882//93 890//93 929//93
f 882//93 929//93 934//93
f 920//93 898//93 858//93
f 923//93 920//93 858//93
f 882//93 934//93 935//93
f 882//93 935//93 925//93
f 923//93 858//93 866//93
f 922//93 923//93 866//93
f 874//93 882//93 925//93
f 874//93 925//93 924//93
f 938//93 922//93 866//93
f 937//93 938//93 866//93
f 874//93 924//93 927//93
f 874//93 927//93 926//93
f 937//93 866//93 874//93
f 874//93 926//93 928//93
f 921//186 919//186 901//186
f 920//187 918//187 919//187
f 923//61 909//61 918//61
f 912//188 909//188 923//188
f 910//189 912//189 922//189
f 911//190 910//190 938//190
f 908//191 911//191 937//191
f 917//67 908//67 928//67
f 916//192 917//192 926//192
f 907//193 916//193 927//193
f 906//194 907//194 924//194
f 904//195 906//195 925//195
f 905//76 904//76 935//76
f 929//196 913//196 905//196
f 930//197 914//197 913//197
f 931//198 915//198 914//198
f 933//199 900//199 915//199
f 932//85 903//85 900//85
f 939//200 902//200 903//200
f 936//201 901//201 902//201
f 940//162 941//162 943//162
f 942//163 943//163 945//163
f 944//164 945//164 947//164
f 946//165 947//165 949//165
f 948//166 949//166 951//166
f 950//167 951//167 953//167
f 952//168 953//168 955//168
f 954//169 955//169 957//169
f 956//170 957//170 959//170
f 958//171 959//171 961//171
f 960//172 961//172 963//172
f 962//173 963//173 965//173
f 964//174 965//174 967//174
f 966//175 967//175 969//175
f 968//176 969//176 971//176
f 970//177 971//177 973//177
f 972//178 973//178 975//178
f 974//179 975//179 977//179
f 976//180 977//180 979//180
f 978//181 979//181 981//181
f 980//182 981//182 983//182
f 982//183 983//183 985//183
f 1000//96 998//96 953//96
f 953//96 951//96 949//96
f 949//96 947//96 945//96
f 945//96 943//96 941//96
f 941//96 987//96 985//96
f 985//96 983//96 981//96
f 981//96 979//96 977//96
f 977//96 1002//96 1003//96
f 977//96 1003//96 988//96
f 985//96 981//96 977//96
f 945//96 941//96 985//96
f 953//96 949//96 945//96
f 997//96 1000//96 953//96
f 1006//96 997//96 953//96
f 985//96 977//96 988//96
f 985//96 988//96 991//96
f 1006//96 953//96 945//96
f 1007//96 1006//96 945//96
f 985//96 991//96 990//96
f 989//96 1007//96 945//96
f 985//96 990//96 989//96
f 1001//96 1002//96 977//96
f 977//96 975//96 973//96
f 973//96 971//96 969//96
f 969//96 967//96 965//96
f 965//96 963//96 961//96
f 961//96 959//96 957//96
f 957//96 955//96 953//96
f 953//96 998//96 999//96
f 953//96 999//96 996//96
f 961//96 957//96 953//96
f 969//96 965//96 961//96
f 977//96 973//96 969//96
f 993//96 1001//96 977//96
f 992//96 993//96 977//96
f 961//96 953//96 996//96
f 961//96 996//96 1005//96
f 992//96 977//96 969//96
f 994//96 992//96 969//96
f 961//96 1005//96 1004//96
f 995//96 994//96 969//96
f 961//96 1004//96 995//96
f 984//184 985//184 987//184
f 986//185 987//185 941//185
f 1019//93 978//93 980//93
f 980//93 982//93 984//93
f 984//93 986//93 1027//93
f 984//93 1027//93 1020//93
f 1019//93 980//93 984//93
f 984//93 1020//93 1021//93
f 1024//93 1027//93 986//93
f 986//93 940//93 942//93
f 942//93 944//93 946//93
f 946//93 948//93 950//93
f 950//93 952//93 954//93
f 954//93 956//93 958//93
f 958//93 960//93 962//93
f 962//93 964//93 966//93
f 966//93 968//93 970//93
f 970//93 972//93 974//93
f 974//93 976//93 978//93
f 978//93 1019//93 1018//93
f 978//93 1018//93 1017//93
f 970//93 974//93 978//93
f 962//93 966//93 970//93
f 954//93 958//93 962//93
f 946//93 950//93 954//93
f 986//93 942//93 946//93
f 1009//93 1024//93 986//93
f 1008//93 1009//93 986//93
f 970//93 978//93 1017//93
f 970//93 1017//93 1022//93
f 1008//93 986//93 946//93
f 1011//93 1008//93 946//93
f 970//93 1022//93 1023//93
f 970//93 1023//93 1013//93
f 1011//93 946//93 954//93
f 1010//93 1011//93 954//93
f 962//93 970//93 1013//93
f 962//93 1013//93 1012//93
f 1026//93 1010//93 954//93
f 1025//93 1026//93 954//93
f 962//93 1012//93 1015//93
f 962//93 1015//93 1014//93
f 1025//93 954//93 962//93
f 962//93 1014//93 1016//93
f 1009//186 1007//186 989//186
f 1008//187 1006//187 1007//187
f 1011//61 997//61 1006//61
f 1000//188 997//188 1011//188
f 998//189 1000//189 1010//189
f 999//190 998//190 1026//190
f 996//191 999//191 1025//191
f 1005//67 996//67 1016//67
f 1004//192 1005//192 1014//192
f 995//193 1004//193 1015//193
f 994//194 995//194 1012//194
f 992//195 994//195 1013//195
f 993//76 992//76 1023//76
f 1017//196 1001//196 993//196
f 1018//197 1002//197 1001//197
f 1019//198 1003//198 1002//198
f 1021//199 988//199 1003//199
f 1020//85 991//85 988//85
f 1027//200 990//200 991//200
f 1024//201 989//201 990//201
f 1028//162 1029//162 1031//162
f 1030//163 1031//163 1033//163
f 1032//164 1033//164 1035//164
f 1034//165 1035//165 1037//165
f 1036//166 1037//166 1039//166
f 1038//167 1039//167 1041//167
f 1040//168 1041//168 1043//168
f 1042//169 1043//169 1045//169
f 1044//170 1045//170 1047//170
f 1046//171 1047//171 1049//171
f 1048//172 1049//172 1051//172
f 1050//173 1051//173 1053//173
f 1052//174 1053//174 1055//174
f 1054//175 1055//175 1057//175
f 1056//176 1057//176 1059//176
f 1058//177 1059//177 1061//177
f 1060//178 1061//178 1063//178
f 1062//179 1063//179 1065//179
f 1064//180 1065//180 1067//180
f 1066//181 1067//181 1069//181
f 1068//182 1069//182 1071//182
f 1070//183 1071//183 1073//183
f 1088//96 1086//96 1041//96
f 1041//96 1039//96 1037//96
f 1037//96 1035//96 1033//96
f 1033//96 1031//96 1029//96
f 1029//96 1075//96 1073//96
f 1073//96 1071//96 1069//96
f 1069//96 1067//96 1065//96
f 1065//96 1090//96 1091//96
f 1065//96 1091//96 1076//96
f 1073//96 1069//96 1065//96
f 1033//96 1029//96 1073//96
f 1041//96 1037//96 1033//96
f 1085//96 1088//96 1041//96
f 1094//96 1085//96 1041//96
f 1073//96 1065//96 1076//96
f 1073//96 1076//96 1079//96
f 1094//96 1041//96 1033//96
f 1095//96 1094//96 1033//96
f 1073//96 1079//96 1078//96
f 1077//96 1095//96 1033//96
f 1073//96 1078//96 1077//96
f 1089//96 1090//96 1065//96
f 1065//96 1063//96 1061//96
f 1061//96 1059//96 1057//96
f 1057//96 1055//96 1053//96
f 1053//96 1051//96 1049//96
f 1049//96 1047//96 1045//96
f 1045//96 1043//96 1041//96
f 1041//96 1086//96 1087//96
f 1041//96 1087//96 1084//96
f 1049//96 1045//96 1041//96
f 1057//96 1053//96 1049//96
f 1065//96 1061//96 1057//96
f 1081//96 1089//96 1065//96
f 1080//96 1081//96 1065//96
f 1049//96 1041//96 1084//96
f 1049//96 1084//96 1093//96
f 1080//96 1065//96 1057//96
f 1082//96 1080//96 1057//96
f 1049//96 1093//96 1092//96
f 1083//96 1082//96 1057//96
f 1049//96 1092//96 1083//96
f 1072//184 1073//184 1075//184
f 1074//185 1075//185 1029//185
f 1107//93 1066//93 1068//93
f 1068//93 1070//93 1072//93
f 1072//93 1074//93 1115//93
f 1072//93 1115//93 1108//93
f 1107//93 1068//93 1072//93
f 1072//93 1108//93 1109//93
f 1112//93 1115//93 1074//93
f 1074//93 1028//93 1030//93
f 1030//93 1032//93 1034//93
f 1034//93 1036//93 1038//93
f 1038//93 1040//93 1042//93
f 1042//93 1044//93 1046//93
f 1046//93 1048//93 1050//93
f 1050//93 1052//93 1054//93
f 1054//93 1056//93 1058//93
f 1058//93 1060//93 1062//93
f 1062//93 1064//93 1066//93
f 1066//93 1107//93 1106//93
f 1066//93 1106//93 1105//93
f 1058//93 1062//93 1066//93
f 1050//93 1054//93 1058//93
f 1042//93 1046//93 1050//93
f 1034//93 1038//93 1042//93
f 1074//93 1030//93 1034//93
f 1097//93 1112//93 1074//93
f 1096//93 1097//93 1074//93
f 1058//93 1066//93 1105//93
f 1058//93 1105//93 1110//93
f 1096//93 1074//93 1034//93
f 1099//93 1096//93 1034//93
f 1058//93 1110//93 1111//93
f 1058//93 1111//93 1101//93
f 1099//93 1034//93 1042//93
f 1098//93 1099//93 1042//93
f 1050//93 1058//93 1101//93
f 1050//93 1101//93 1100//93
f 1114//93 1098//93 1042//93
f 1113//93 1114//93 1042//93
f 1050//93 1100//93 1103//93
f 1050//93 1103//93 1102//93
f 1113//93 1042//93 1050//93
f 1050//93 1102//93 1104//93
f 1097//186 1095//186 1077//186
f 1096//187 1094//187 1095//187
f 1099//61 1085//61 1094//61
f 1088//188 1085//188 1099//188
f 1086//189 1088//189 1098//189
f 1087//190 1086//190 1114//190
f 1084//191 1087//191 1113//191
f 1093//67 1084//67 1104//67
f 1092//192 1093//192 1102//192
f 1083//193 1092//193 1103//193
f 1082//194 1083//194 1100//194
f 1080//195 1082//195 1101//195
f 1081//76 1080//76 1111//76
f 1105//196 1089//196 1081//196
f 1106//197 1090//197 1089//197
f 1107//198 1091//198 1090//198
f 1109//199 1076//199 1091//199
f 1108//85 1079//85 1076//85
f 1115//200 1078//200 1079//200
f 1112//201 1077//201 1078//201
