# Blender 4.5.5 LTS
# www.blender.org
mtllib hc_sr04.mtl
o hc_sr04
v -0.022100 -0.010000 0.000400
v -0.022100 -0.009600 0.000800
v -0.022500 -0.009600 0.000400
v -0.022100 -0.009947 0.000600
v -0.022300 -0.009947 0.000400
v -0.022291 -0.009895 0.000591
v -0.022300 -0.009600 0.000747
v -0.022100 -0.009800 0.000747
v -0.022291 -0.009791 0.000695
v -0.022447 -0.009800 0.000400
v -0.022447 -0.009600 0.000600
v -0.022395 -0.009791 0.000591
v -0.022100 0.009600 0.000800
v -0.022100 0.010000 0.000400
v -0.022500 0.009600 0.000400
v -0.022100 0.009800 0.000747
v -0.022300 0.009600 0.000747
v -0.022291 0.009791 0.000695
v -0.022300 0.009947 0.000400
v -0.022100 0.009947 0.000600
v -0.022291 0.009895 0.000591
v -0.022447 0.009600 0.000600
v -0.022447 0.009800 0.000400
v -0.022395 0.009791 0.000591
v -0.022100 -0.010000 -0.000400
v -0.022500 -0.009600 -0.000400
v -0.022100 -0.009600 -0.000800
v -0.022300 -0.009947 -0.000400
v -0.022100 -0.009947 -0.000600
v -0.022291 -0.009895 -0.000591
v -0.022447 -0.009600 -0.000600
v -0.022447 -0.009800 -0.000400
v -0.022395 -0.009791 -0.000591
v -0.022100 -0.009800 -0.000747
v -0.022300 -0.009600 -0.000747
v -0.022291 -0.009791 -0.000695
v -0.022100 0.010000 -0.000400
v -0.022100 0.009600 -0.000800
v -0.022500 0.009600 -0.000400
v -0.022100 0.009947 -0.000600
v -0.022300 0.009947 -0.000400
v -0.022291 0.009895 -0.000591
v -0.022300 0.009600 -0.000747
v -0.022100 0.009800 -0.000747
v -0.022291 0.009791 -0.000695
v -0.022447 0.009800 -0.000400
v -0.022447 0.009600 -0.000600
v -0.022395 0.009791 -0.000591
v 0.022100 -0.010000 0.000400
v 0.022500 -0.009600 0.000400
v 0.022100 -0.009600 0.000800
v 0.022300 -0.009947 0.000400
v 0.022100 -0.009947 0.000600
v 0.022291 -0.009895 0.000591
v 0.022447 -0.009600 0.000600
v 0.022447 -0.009800 0.000400
v 0.022395 -0.009791 0.000591
v 0.022100 -0.009800 0.000747
v 0.022300 -0.009600 0.000747
v 0.022291 -0.009791 0.000695
v 0.022100 0.010000 0.000400
v 0.022100 0.009600 0.000800
v 0.022500 0.009600 0.000400
v 0.022100 0.009947 0.000600
v 0.022300 0.009947 0.000400
v 0.022291 0.009895 0.000591
v 0.022300 0.009600 0.000747
v 0.022100 0.009800 0.000747
v 0.022291 0.009791 0.000695
v 0.022447 0.009800 0.000400
v 0.022447 0.009600 0.000600
v 0.022395 0.009791 0.000591
v 0.022100 -0.010000 -0.000400
v 0.022100 -0.009600 -0.000800
v 0.022500 -0.009600 -0.000400
v 0.022100 -0.009947 -0.000600
v 0.022300 -0.009947 -0.000400
v 0.022291 -0.009895 -0.000591
v 0.022300 -0.009600 -0.000747
v 0.022100 -0.009800 -0.000747
v 0.022291 -0.009791 -0.000695
v 0.022447 -0.009800 -0.000400
v 0.022447 -0.009600 -0.000600
v 0.022395 -0.009791 -0.000591
v 0.022100 0.010000 -0.000400
v 0.022500 0.009600 -0.000400
v 0.022100 0.009600 -0.000800
v 0.022300 0.009947 -0.000400
v 0.022100 0.009947 -0.000600
v 0.022291 0.009895 -0.000591
v 0.022447 0.009600 -0.000600
v 0.022447 0.009800 -0.000400
v 0.022395 0.009791 -0.000591
v 0.022100 0.009800 -0.000747
v 0.022300 0.009600 -0.000747
v 0.022291 0.009791 -0.000695
v -0.021500 0.000000 0.000800
v -0.021309 -0.000588 0.000800
v -0.021451 -0.000309 0.000800
v -0.021451 0.000309 0.000800
v -0.020809 -0.000951 0.000800
v -0.020716 -0.000966 0.000800
v -0.020809 0.000951 0.000800
v -0.021088 -0.000809 0.000800
v -0.021088 0.000809 0.000800
v -0.021309 0.000588 0.000800
v -0.019912 -0.000809 0.000800
v -0.020191 -0.000951 0.000800
v -0.020191 0.000951 0.000800
v -0.019691 0.000588 0.000800
v -0.019500 0.000000 0.000800
v -0.019549 -0.000309 0.000800
v -0.019549 0.000309 0.000800
v -0.019691 -0.000588 0.000800
v -0.019912 0.000809 0.000800
v -0.020500 -0.001000 0.000800
v -0.020500 0.001000 0.000800
v -0.021500 0.000000 -0.000800
v -0.021309 -0.000588 -0.000800
v -0.021451 -0.000309 -0.000800
v -0.021451 0.000309 -0.000800
v -0.020809 -0.000951 -0.000800
v -0.020716 0.000966 -0.000800
v -0.020809 0.000951 -0.000800
v -0.021088 -0.000809 -0.000800
v -0.021088 0.000809 -0.000800
v -0.021309 0.000588 -0.000800
v -0.019912 0.000809 -0.000800
v -0.020191 -0.000951 -0.000800
v -0.020191 0.000951 -0.000800
v -0.019691 -0.000588 -0.000800
v -0.019500 0.000000 -0.000800
v -0.019549 -0.000309 -0.000800
v -0.019549 0.000309 -0.000800
v -0.019691 0.000588 -0.000800
v -0.019912 -0.000809 -0.000800
v -0.020500 -0.001000 -0.000800
v -0.020500 0.001000 -0.000800
v 0.019549 -0.000309 0.000800
v 0.019500 0.000000 0.000800
v 0.019691 -0.000588 0.000800
v 0.019549 0.000309 0.000800
v 0.019912 -0.000809 0.000800
v 0.020191 0.000951 0.000800
v 0.020191 -0.000951 0.000800
v 0.019912 0.000809 0.000800
v 0.019691 0.000588 0.000800
v 0.021088 -0.000809 0.000800
v 0.021088 0.000809 0.000800
v 0.020809 -0.000951 0.000800
v 0.020716 0.000966 0.000800
v 0.020809 0.000951 0.000800
v 0.021500 0.000000 0.000800
v 0.021451 0.000309 0.000800
v 0.021309 -0.000588 0.000800
v 0.021451 -0.000309 0.000800
v 0.021309 0.000588 0.000800
v 0.020500 0.001000 0.000800
v 0.020500 -0.001000 0.000800
v 0.019549 -0.000309 -0.000800
v 0.019500 0.000000 -0.000800
v 0.019691 -0.000588 -0.000800
v 0.019549 0.000309 -0.000800
v 0.019912 0.000809 -0.000800
v 0.020191 -0.000951 -0.000800
v 0.019912 -0.000809 -0.000800
v 0.020191 0.000951 -0.000800
v 0.019691 0.000588 -0.000800
v 0.021088 -0.000809 -0.000800
v 0.021088 0.000809 -0.000800
v 0.020716 -0.000966 -0.000800
v 0.020809 -0.000951 -0.000800
v 0.020809 0.000951 -0.000800
v 0.021500 0.000000 -0.000800
v 0.021451 0.000309 -0.000800
v 0.021309 -0.000588 -0.000800
v 0.021451 -0.000309 -0.000800
v 0.021309 0.000588 -0.000800
v 0.020500 0.001000 -0.000800
v 0.020500 -0.001000 -0.000800
v -0.013000 0.007397 0.000800
v -0.013000 0.008000 0.001400
v -0.013000 0.007822 0.000976
v -0.013000 0.007397 0.012800
v -0.013000 0.008000 0.012200
v -0.013000 0.007822 0.012624
v -0.011557 0.007255 0.000800
v -0.011439 0.007846 0.001400
v -0.011474 0.007672 0.000976
v -0.011557 0.007255 0.012800
v -0.011439 0.007846 0.012200
v -0.011474 0.007672 0.012624
v -0.010169 0.006834 0.000800
v -0.009939 0.007391 0.001400
v -0.010007 0.007227 0.000976
v -0.010169 0.006834 0.012800
v -0.009939 0.007391 0.012200
v -0.010007 0.007227 0.012624
v -0.008890 0.006150 0.000800
v -0.008555 0.006652 0.001400
v -0.008654 0.006504 0.000976
v -0.008890 0.006150 0.012800
v -0.008555 0.006652 0.012200
v -0.008654 0.006504 0.012624
v -0.007769 0.005231 0.000800
v -0.007343 0.005657 0.001400
v -0.007469 0.005531 0.000976
v -0.007769 0.005231 0.012800
v -0.007343 0.005657 0.012200
v -0.007469 0.005531 0.012624
v -0.006850 0.004110 0.000800
v -0.006348 0.004445 0.001400
v -0.006496 0.004346 0.000976
v -0.006850 0.004110 0.012800
v -0.006348 0.004445 0.012200
v -0.006496 0.004346 0.012624
v -0.006166 0.002831 0.000800
v -0.005609 0.003061 0.001400
v -0.005773 0.002993 0.000976
v -0.006166 0.002831 0.012800
v -0.005609 0.003061 0.012200
v -0.005773 0.002993 0.012624
v -0.005745 0.001443 0.000800
v -0.005154 0.001561 0.001400
v -0.005328 0.001526 0.000976
v -0.005745 0.001443 0.012800
v -0.005154 0.001561 0.012200
v -0.005328 0.001526 0.012624
v -0.005603 0.000000 0.000800
v -0.005000 0.000000 0.001400
v -0.005178 0.000000 0.000976
v -0.005603 -0.000000 0.012800
v -0.005000 -0.000000 0.012200
v -0.005178 -0.000000 0.012624
v -0.005745 -0.001443 0.000800
v -0.005154 -0.001561 0.001400
v -0.005328 -0.001526 0.000976
v -0.005745 -0.001443 0.012800
v -0.005154 -0.001561 0.012200
v -0.005328 -0.001526 0.012624
v -0.006166 -0.002831 0.000800
v -0.005609 -0.003061 0.001400
v -0.005773 -0.002993 0.000976
v -0.006166 -0.002831 0.012800
v -0.005609 -0.003061 0.012200
v -0.005773 -0.002993 0.012624
v -0.006850 -0.004110 0.000800
v -0.006348 -0.004445 0.001400
v -0.006496 -0.004346 0.000976
v -0.006850 -0.004110 0.012800
v -0.006348 -0.004445 0.012200
v -0.006496 -0.004346 0.012624
v -0.007769 -0.005231 0.000800
v -0.007343 -0.005657 0.001400
v -0.007469 -0.005531 0.000976
v -0.007769 -0.005231 0.012800
v -0.007343 -0.005657 0.012200
v -0.007469 -0.005531 0.012624
v -0.008890 -0.006150 0.000800
v -0.008555 -0.006652 0.001400
v -0.008654 -0.006504 0.000976
v -0.008890 -0.006150 0.012800
v -0.008555 -0.006652 0.012200
v -0.008654 -0.006504 0.012624
v -0.010169 -0.006834 0.000800
v -0.009939 -0.007391 0.001400
v -0.010007 -0.007227 0.000976
v -0.010169 -0.006834 0.012800
v -0.009939 -0.007391 0.012200
v -0.010007 -0.007227 0.012624
v -0.011557 -0.007255 0.000800
v -0.011439 -0.007846 0.001400
v -0.011474 -0.007672 0.000976
v -0.011557 -0.007255 0.012800
v -0.011439 -0.007846 0.012200
v -0.011474 -0.007672 0.012624
v -0.013000 -0.007397 0.000800
v -0.013000 -0.008000 0.001400
v -0.013000 -0.007822 0.000976
v -0.013000 -0.007397 0.012800
v -0.013000 -0.008000 0.012200
v -0.013000 -0.007822 0.012624
v -0.014443 -0.007255 0.000800
v -0.014561 -0.007846 0.001400
v -0.014526 -0.007672 0.000976
v -0.014443 -0.007255 0.012800
v -0.014561 -0.007846 0.012200
v -0.014526 -0.007672 0.012624
v -0.015831 -0.006834 0.000800
v -0.016061 -0.007391 0.001400
v -0.015993 -0.007227 0.000976
v -0.015831 -0.006834 0.012800
v -0.016061 -0.007391 0.012200
v -0.015993 -0.007227 0.012624
v -0.017110 -0.006150 0.000800
v -0.017445 -0.006652 0.001400
v -0.017346 -0.006504 0.000976
v -0.017110 -0.006150 0.012800
v -0.017445 -0.006652 0.012200
v -0.017346 -0.006504 0.012624
v -0.018231 -0.005231 0.000800
v -0.018657 -0.005657 0.001400
v -0.018531 -0.005531 0.000976
v -0.018231 -0.005231 0.012800
v -0.018657 -0.005657 0.012200
v -0.018531 -0.005531 0.012624
v -0.019150 -0.004110 0.000800
v -0.019652 -0.004445 0.001400
v -0.019504 -0.004346 0.000976
v -0.019150 -0.004110 0.012800
v -0.019652 -0.004445 0.012200
v -0.019504 -0.004346 0.012624
v -0.019834 -0.002831 0.000800
v -0.020391 -0.003061 0.001400
v -0.020227 -0.002993 0.000976
v -0.019834 -0.002831 0.012800
v -0.020391 -0.003061 0.012200
v -0.020227 -0.002993 0.012624
v -0.020255 -0.001443 0.000800
v -0.020846 -0.001561 0.001400
v -0.020672 -0.001526 0.000976
v -0.020255 -0.001443 0.012800
v -0.020846 -0.001561 0.012200
v -0.020672 -0.001526 0.012624
v -0.020397 0.000000 0.000800
v -0.021000 0.000000 0.001400
v -0.020822 0.000000 0.000976
v -0.020397 -0.000000 0.012800
v -0.021000 -0.000000 0.012200
v -0.020822 -0.000000 0.012624
v -0.020255 0.001443 0.000800
v -0.020846 0.001561 0.001400
v -0.020672 0.001526 0.000976
v -0.020255 0.001443 0.012800
v -0.020846 0.001561 0.012200
v -0.020672 0.001526 0.012624
v -0.019834 0.002831 0.000800
v -0.020391 0.003061 0.001400
v -0.020227 0.002993 0.000976
v -0.019834 0.002831 0.012800
v -0.020391 0.003061 0.012200
v -0.020227 0.002993 0.012624
v -0.019150 0.004110 0.000800
v -0.019652 0.004445 0.001400
v -0.019504 0.004346 0.000976
v -0.019150 0.004110 0.012800
v -0.019652 0.004445 0.012200
v -0.019504 0.004346 0.012624
v -0.018231 0.005231 0.000800
v -0.018657 0.005657 0.001400
v -0.018531 0.005531 0.000976
v -0.018231 0.005231 0.012800
v -0.018657 0.005657 0.012200
v -0.018531 0.005531 0.012624
v -0.017110 0.006150 0.000800
v -0.017445 0.006652 0.001400
v -0.017346 0.006504 0.000976
v -0.017110 0.006150 0.012800
v -0.017445 0.006652 0.012200
v -0.017346 0.006504 0.012624
v -0.015831 0.006834 0.000800
v -0.016061 0.007391 0.001400
v -0.015993 0.007227 0.000976
v -0.015831 0.006834 0.012800
v -0.016061 0.007391 0.012200
v -0.015993 0.007227 0.012624
v -0.014443 0.007255 0.000800
v -0.014561 0.007846 0.001400
v -0.014526 0.007672 0.000976
v -0.014443 0.007255 0.012800
v -0.014561 0.007846 0.012200
v -0.014526 0.007672 0.012624
v -0.013000 0.006200 0.012700
v -0.013000 0.006200 0.013300
v -0.011790 0.006081 0.012700
v -0.011790 0.006081 0.013300
v -0.010627 0.005728 0.012700
v -0.010627 0.005728 0.013300
v -0.009555 0.005155 0.012700
v -0.009555 0.005155 0.013300
v -0.008616 0.004384 0.012700
v -0.008616 0.004384 0.013300
v -0.007845 0.003445 0.012700
v -0.007845 0.003445 0.013300
v -0.007272 0.002373 0.012700
v -0.007272 0.002373 0.013300
v -0.006919 0.001210 0.012700
v -0.006919 0.001210 0.013300
v -0.006800 0.000000 0.012700
v -0.006800 -0.000000 0.013300
v -0.006919 -0.001210 0.012700
v -0.006919 -0.001210 0.013300
v -0.007272 -0.002373 0.012700
v -0.007272 -0.002373 0.013300
v -0.007845 -0.003445 0.012700
v -0.007845 -0.003445 0.013300
v -0.008616 -0.004384 0.012700
v -0.008616 -0.004384 0.013300
v -0.009555 -0.005155 0.012700
v -0.009555 -0.005155 0.013300
v -0.010627 -0.005728 0.012700
v -0.010627 -0.005728 0.013300
v -0.011790 -0.006081 0.012700
v -0.011790 -0.006081 0.013300
v -0.013000 -0.006200 0.012700
v -0.013000 -0.006200 0.013300
v -0.014210 -0.006081 0.012700
v -0.014210 -0.006081 0.013300
v -0.015373 -0.005728 0.012700
v -0.015373 -0.005728 0.013300
v -0.016445 -0.005155 0.012700
v -0.016445 -0.005155 0.013300
v -0.017384 -0.004384 0.012700
v -0.017384 -0.004384 0.013300
v -0.018155 -0.003445 0.012700
v -0.018155 -0.003445 0.013300
v -0.018728 -0.002373 0.012700
v -0.018728 -0.002373 0.013300
v -0.019081 -0.001210 0.012700
v -0.019081 -0.001210 0.013300
v -0.019200 0.000000 0.012700
v -0.019200 -0.000000 0.013300
v -0.019081 0.001210 0.012700
v -0.019081 0.001210 0.013300
v -0.018728 0.002373 0.012700
v -0.018728 0.002373 0.013300
v -0.018155 0.003445 0.012700
v -0.018155 0.003445 0.013300
v -0.017384 0.004384 0.012700
v -0.017384 0.004384 0.013300
v -0.016445 0.005155 0.012700
v -0.016445 0.005155 0.013300
v -0.015373 0.005728 0.012700
v -0.015373 0.005728 0.013300
v -0.014210 0.006081 0.012700
v -0.014210 0.006081 0.013300
v 0.013000 0.007397 0.000800
v 0.013000 0.008000 0.001400
v 0.013000 0.007822 0.000976
v 0.013000 0.007397 0.012800
v 0.013000 0.008000 0.012200
v 0.013000 0.007822 0.012624
v 0.014443 0.007255 0.000800
v 0.014561 0.007846 0.001400
v 0.014526 0.007672 0.000976
v 0.014443 0.007255 0.012800
v 0.014561 0.007846 0.012200
v 0.014526 0.007672 0.012624
v 0.015831 0.006834 0.000800
v 0.016061 0.007391 0.001400
v 0.015993 0.007227 0.000976
v 0.015831 0.006834 0.012800
v 0.016061 0.007391 0.012200
v 0.015993 0.007227 0.012624
v 0.017110 0.006150 0.000800
v 0.017445 0.006652 0.001400
v 0.017346 0.006504 0.000976
v 0.017110 0.006150 0.012800
v 0.017445 0.006652 0.012200
v 0.017346 0.006504 0.012624
v 0.018231 0.005231 0.000800
v 0.018657 0.005657 0.001400
v 0.018531 0.005531 0.000976
v 0.018231 0.005231 0.012800
v 0.018657 0.005657 0.012200
v 0.018531 0.005531 0.012624
v 0.019150 0.004110 0.000800
v 0.019652 0.004445 0.001400
v 0.019504 0.004346 0.000976
v 0.019150 0.004110 0.012800
v 0.019652 0.004445 0.012200
v 0.019504 0.004346 0.012624
v 0.019834 0.002831 0.000800
v 0.020391 0.003061 0.001400
v 0.020227 0.002993 0.000976
v 0.019834 0.002831 0.012800
v 0.020391 0.003061 0.012200
v 0.020227 0.002993 0.012624
v 0.020255 0.001443 0.000800
v 0.020846 0.001561 0.001400
v 0.020672 0.001526 0.000976
v 0.020255 0.001443 0.012800
v 0.020846 0.001561 0.012200
v 0.020672 0.001526 0.012624
v 0.020397 0.000000 0.000800
v 0.021000 0.000000 0.001400
v 0.020822 0.000000 0.000976
v 0.020397 -0.000000 0.012800
v 0.021000 -0.000000 0.012200
v 0.020822 -0.000000 0.012624
v 0.020255 -0.001443 0.000800
v 0.020846 -0.001561 0.001400
v 0.020672 -0.001526 0.000976
v 0.020255 -0.001443 0.012800
v 0.020846 -0.001561 0.012200
v 0.020672 -0.001526 0.012624
v 0.019834 -0.002831 0.000800
v 0.020391 -0.003061 0.001400
v 0.020227 -0.002993 0.000976
v 0.019834 -0.002831 0.012800
v 0.020391 -0.003061 0.012200
v 0.020227 -0.002993 0.012624
v 0.019150 -0.004110 0.000800
v 0.019652 -0.004445 0.001400
v 0.019504 -0.004346 0.000976
v 0.019150 -0.004110 0.012800
v 0.019652 -0.004445 0.012200
v 0.019504 -0.004346 0.012624
v 0.018231 -0.005231 0.000800
v 0.018657 -0.005657 0.001400
v 0.018531 -0.005531 0.000976
v 0.018231 -0.005231 0.012800
v 0.018657 -0.005657 0.012200
v 0.018531 -0.005531 0.012624
v 0.017110 -0.006150 0.000800
v 0.017445 -0.006652 0.001400
v 0.017346 -0.006504 0.000976
v 0.017110 -0.006150 0.012800
v 0.017445 -0.006652 0.012200
v 0.017346 -0.006504 0.012624
v 0.015831 -0.006834 0.000800
v 0.016061 -0.007391 0.001400
v 0.015993 -0.007227 0.000976
v 0.015831 -0.006834 0.012800
v 0.016061 -0.007391 0.012200
v 0.015993 -0.007227 0.012624
v 0.014443 -0.007255 0.000800
v 0.014561 -0.007846 0.001400
v 0.014526 -0.007672 0.000976
v 0.014443 -0.007255 0.012800
v 0.014561 -0.007846 0.012200
v 0.014526 -0.007672 0.012624
v 0.013000 -0.007397 0.000800
v 0.013000 -0.008000 0.001400
v 0.013000 -0.007822 0.000976
v 0.013000 -0.007397 0.012800
v 0.013000 -0.008000 0.012200
v 0.013000 -0.007822 0.012624
v 0.011557 -0.007255 0.000800
v 0.011439 -0.007846 0.001400
v 0.011474 -0.007672 0.000976
v 0.011557 -0.007255 0.012800
v 0.011439 -0.007846 0.012200
v 0.011474 -0.007672 0.012624
v 0.010169 -0.006834 0.000800
v 0.009939 -0.007391 0.001400
v 0.010007 -0.007227 0.000976
v 0.010169 -0.006834 0.012800
v 0.009939 -0.007391 0.012200
v 0.010007 -0.007227 0.012624
v 0.008890 -0.006150 0.000800
v 0.008555 -0.006652 0.001400
v 0.008654 -0.006504 0.000976
v 0.008890 -0.006150 0.012800
v 0.008555 -0.006652 0.012200
v 0.008654 -0.006504 0.012624
v 0.007769 -0.005231 0.000800
v 0.007343 -0.005657 0.001400
v 0.007469 -0.005531 0.000976
v 0.007769 -0.005231 0.012800
v 0.007343 -0.005657 0.012200
v 0.007469 -0.005531 0.012624
v 0.006850 -0.004110 0.000800
v 0.006348 -0.004445 0.001400
v 0.006496 -0.004346 0.000976
v 0.006850 -0.004110 0.012800
v 0.006348 -0.004445 0.012200
v 0.006496 -0.004346 0.012624
v 0.006166 -0.002831 0.000800
v 0.005609 -0.003061 0.001400
v 0.005773 -0.002993 0.000976
v 0.006166 -0.002831 0.012800
v 0.005609 -0.003061 0.012200
v 0.005773 -0.002993 0.012624
v 0.005745 -0.001443 0.000800
v 0.005154 -0.001561 0.001400
v 0.005328 -0.001526 0.000976
v 0.005745 -0.001443 0.012800
v 0.005154 -0.001561 0.012200
v 0.005328 -0.001526 0.012624
v 0.005603 0.000000 0.000800
v 0.005000 0.000000 0.001400
v 0.005178 0.000000 0.000976
v 0.005603 -0.000000 0.012800
v 0.005000 -0.000000 0.012200
v 0.005178 -0.000000 0.012624
v 0.005745 0.001443 0.000800
v 0.005154 0.001561 0.001400
v 0.005328 0.001526 0.000976
v 0.005745 0.001443 0.012800
v 0.005154 0.001561 0.012200
v 0.005328 0.001526 0.012624
v 0.006166 0.002831 0.000800
v 0.005609 0.003061 0.001400
v 0.005773 0.002993 0.000976
v 0.006166 0.002831 0.012800
v 0.005609 0.003061 0.012200
v 0.005773 0.002993 0.012624
v 0.006850 0.004110 0.000800
v 0.006348 0.004445 0.001400
v 0.006496 0.004346 0.000976
v 0.006850 0.004110 0.012800
v 0.006348 0.004445 0.012200
v 0.006496 0.004346 0.012624
v 0.007769 0.005231 0.000800
v 0.007343 0.005657 0.001400
v 0.007469 0.005531 0.000976
v 0.007769 0.005231 0.012800
v 0.007343 0.005657 0.012200
v 0.007469 0.005531 0.012624
v 0.008890 0.006150 0.000800
v 0.008555 0.006652 0.001400
v 0.008654 0.006504 0.000976
v 0.008890 0.006150 0.012800
v 0.008555 0.006652 0.012200
v 0.008654 0.006504 0.012624
v 0.010169 0.006834 0.000800
v 0.009939 0.007391 0.001400
v 0.010007 0.007227 0.000976
v 0.010169 0.006834 0.012800
v 0.009939 0.007391 0.012200
v 0.010007 0.007227 0.012624
v 0.011557 0.007255 0.000800
v 0.011439 0.007846 0.001400
v 0.011474 0.007672 0.000976
v 0.011557 0.007255 0.012800
v 0.011439 0.007846 0.012200
v 0.011474 0.007672 0.012624
v 0.013000 0.006200 0.012700
v 0.013000 0.006200 0.013300
v 0.014210 0.006081 0.012700
v 0.014210 0.006081 0.013300
v 0.015373 0.005728 0.012700
v 0.015373 0.005728 0.013300
v 0.016445 0.005155 0.012700
v 0.016445 0.005155 0.013300
v 0.017384 0.004384 0.012700
v 0.017384 0.004384 0.013300
v 0.018155 0.003445 0.012700
v 0.018155 0.003445 0.013300
v 0.018728 0.002373 0.012700
v 0.018728 0.002373 0.013300
v 0.019081 0.001210 0.012700
v 0.019081 0.001210 0.013300
v 0.019200 0.000000 0.012700
v 0.019200 -0.000000 0.013300
v 0.019081 -0.001210 0.012700
v 0.019081 -0.001210 0.013300
v 0.018728 -0.002373 0.012700
v 0.018728 -0.002373 0.013300
v 0.018155 -0.003445 0.012700
v 0.018155 -0.003445 0.013300
v 0.017384 -0.004384 0.012700
v 0.017384 -0.004384 0.013300
v 0.016445 -0.005155 0.012700
v 0.016445 -0.005155 0.013300
v 0.015373 -0.005728 0.012700
v 0.015373 -0.005728 0.013300
v 0.014210 -0.006081 0.012700
v 0.014210 -0.006081 0.013300
v 0.013000 -0.006200 0.012700
v 0.013000 -0.006200 0.013300
v 0.011790 -0.006081 0.012700
v 0.011790 -0.006081 0.013300
v 0.010627 -0.005728 0.012700
v 0.010627 -0.005728 0.013300
v 0.009555 -0.005155 0.012700
v 0.009555 -0.005155 0.013300
v 0.008616 -0.004384 0.012700
v 0.008616 -0.004384 0.013300
v 0.007845 -0.003445 0.012700
v 0.007845 -0.003445 0.013300
v 0.007272 -0.002373 0.012700
v 0.007272 -0.002373 0.013300
v 0.006919 -0.001210 0.012700
v 0.006919 -0.001210 0.013300
v 0.006800 0.000000 0.012700
v 0.006800 -0.000000 0.013300
v 0.006919 0.001210 0.012700
v 0.006919 0.001210 0.013300
v 0.007272 0.002373 0.012700
v 0.007272 0.002373 0.013300
v 0.007845 0.003445 0.012700
v 0.007845 0.003445 0.013300
v 0.008616 0.004384 0.012700
v 0.008616 0.004384 0.013300
v 0.009555 0.005155 0.012700
v 0.009555 0.005155 0.013300
v 0.010627 0.005728 0.012700
v 0.010627 0.005728 0.013300
v 0.011790 0.006081 0.012700
v 0.011790 0.006081 0.013300
v -0.004500 0.006000 -0.004400
v 0.004500 0.006000 -0.004400
v -0.004500 0.005311 -0.004263
v 0.004500 0.005311 -0.004263
v -0.004500 0.004727 -0.003873
v 0.004500 0.004727 -0.003873
v -0.004500 0.004337 -0.003289
v 0.004500 0.004337 -0.003289
v -0.004500 0.004200 -0.002600
v 0.004500 0.004200 -0.002600
v -0.004500 0.004337 -0.001911
v 0.004500 0.004337 -0.001911
v -0.004500 0.004727 -0.001327
v 0.004500 0.004727 -0.001327
v -0.004500 0.005311 -0.000937
v 0.004500 0.005311 -0.000937
v -0.004500 0.006000 -0.000800
v 0.004500 0.006000 -0.000800
v -0.004500 0.006689 -0.000937
v 0.004500 0.006689 -0.000937
v -0.004500 0.007273 -0.001327
v 0.004500 0.007273 -0.001327
v -0.004500 0.007663 -0.001911
v 0.004500 0.007663 -0.001911
v -0.004500 0.007800 -0.002600
v 0.004500 0.007800 -0.002600
v -0.004500 0.007663 -0.003289
v 0.004500 0.007663 -0.003289
v -0.004500 0.007273 -0.003873
v 0.004500 0.007273 -0.003873
v -0.004500 0.006689 -0.004263
v 0.004500 0.006689 -0.004263
v -0.004800 -0.006250 -0.001000
v -0.004800 -0.006050 -0.000800
v -0.005000 -0.006050 -0.001000
v -0.004800 -0.006223 -0.000900
v -0.004900 -0.006223 -0.001000
v -0.004896 -0.006197 -0.000904
v -0.004900 -0.006050 -0.000827
v -0.004800 -0.006150 -0.000827
v -0.004896 -0.006146 -0.000853
v -0.004973 -0.006150 -0.001000
v -0.004973 -0.006050 -0.000900
v -0.004947 -0.006146 -0.000904
v -0.004800 -0.001950 -0.000800
v -0.004800 -0.001750 -0.001000
v -0.005000 -0.001950 -0.001000
v -0.004800 -0.001850 -0.000827
v -0.004900 -0.001950 -0.000827
v -0.004896 -0.001854 -0.000853
v -0.004900 -0.001777 -0.001000
v -0.004800 -0.001777 -0.000900
v -0.004896 -0.001803 -0.000904
v -0.004973 -0.001950 -0.000900
v -0.004973 -0.001850 -0.001000
v -0.004947 -0.001854 -0.000904
v -0.004800 -0.006250 -0.002200
v -0.005000 -0.006050 -0.002200
v -0.004800 -0.006050 -0.002400
v -0.004900 -0.006223 -0.002200
v -0.004800 -0.006223 -0.002300
v -0.004896 -0.006197 -0.002296
v -0.004973 -0.006050 -0.002300
v -0.004973 -0.006150 -0.002200
v -0.004947 -0.006146 -0.002296
v -0.004800 -0.006150 -0.002373
v -0.004900 -0.006050 -0.002373
v -0.004896 -0.006146 -0.002347
v -0.004800 -0.001750 -0.002200
v -0.004800 -0.001950 -0.002400
v -0.005000 -0.001950 -0.002200
v -0.004800 -0.001777 -0.002300
v -0.004900 -0.001777 -0.002200
v -0.004896 -0.001803 -0.002296
v -0.004900 -0.001950 -0.002373
v -0.004800 -0.001850 -0.002373
v -0.004896 -0.001854 -0.002347
v -0.004973 -0.001850 -0.002200
v -0.004973 -0.001950 -0.002300
v -0.004947 -0.001854 -0.002296
v 0.004800 -0.006250 -0.001000
v 0.005000 -0.006050 -0.001000
v 0.004800 -0.006050 -0.000800
v 0.004900 -0.006223 -0.001000
v 0.004800 -0.006223 -0.000900
v 0.004896 -0.006197 -0.000904
v 0.004973 -0.006050 -0.000900
v 0.004973 -0.006150 -0.001000
v 0.004947 -0.006146 -0.000904
v 0.004800 -0.006150 -0.000827
v 0.004900 -0.006050 -0.000827
v 0.004896 -0.006146 -0.000853
v 0.004800 -0.001750 -0.001000
v 0.004800 -0.001950 -0.000800
v 0.005000 -0.001950 -0.001000
v 0.004800 -0.001777 -0.000900
v 0.004900 -0.001777 -0.001000
v 0.004896 -0.001803 -0.000904
v 0.004900 -0.001950 -0.000827
v 0.004800 -0.001850 -0.000827
v 0.004896 -0.001854 -0.000853
v 0.004973 -0.001850 -0.001000
v 0.004973 -0.001950 -0.000900
v 0.004947 -0.001854 -0.000904
v 0.004800 -0.006250 -0.002200
v 0.004800 -0.006050 -0.002400
v 0.005000 -0.006050 -0.002200
v 0.004800 -0.006223 -0.002300
v 0.004900 -0.006223 -0.002200
v 0.004896 -0.006197 -0.002296
v 0.004900 -0.006050 -0.002373
v 0.004800 -0.006150 -0.002373
v 0.004896 -0.006146 -0.002347
v 0.004973 -0.006150 -0.002200
v 0.004973 -0.006050 -0.002300
v 0.004947 -0.006146 -0.002296
v 0.004800 -0.001750 -0.002200
v 0.005000 -0.001950 -0.002200
v 0.004800 -0.001950 -0.002400
v 0.004900 -0.001777 -0.002200
v 0.004800 -0.001777 -0.002300
v 0.004896 -0.001803 -0.002296
v 0.004973 -0.001950 -0.002300
v 0.004973 -0.001850 -0.002200
v 0.004947 -0.001854 -0.002296
v 0.004800 -0.001850 -0.002373
v 0.004900 -0.001950 -0.002373
v 0.004896 -0.001854 -0.002347
v -0.004800 -0.012500 0.000950
v -0.004800 -0.012200 0.001250
v -0.005100 -0.012200 0.000950
v -0.004800 -0.012460 0.001100
v -0.004950 -0.012460 0.000950
v -0.004943 -0.012421 0.001093
v -0.004950 -0.012200 0.001210
v -0.004800 -0.012350 0.001210
v -0.004943 -0.012343 0.001171
v -0.005060 -0.012350 0.000950
v -0.005060 -0.012200 0.001100
v -0.005021 -0.012343 0.001093
v -0.004800 -0.010300 0.001250
v -0.004800 -0.010000 0.000950
v -0.005100 -0.010300 0.000950
v -0.004800 -0.010150 0.001210
v -0.004950 -0.010300 0.001210
v -0.004943 -0.010157 0.001171
v -0.004950 -0.010040 0.000950
v -0.004800 -0.010040 0.001100
v -0.004943 -0.010079 0.001093
v -0.005060 -0.010300 0.001100
v -0.005060 -0.010150 0.000950
v -0.005021 -0.010157 0.001093
v -0.004800 -0.012500 -0.000950
v -0.005100 -0.012200 -0.000950
v -0.004800 -0.012200 -0.001250
v -0.004950 -0.012460 -0.000950
v -0.004800 -0.012460 -0.001100
v -0.004943 -0.012421 -0.001093
v -0.005060 -0.012200 -0.001100
v -0.005060 -0.012350 -0.000950
v -0.005021 -0.012343 -0.001093
v -0.004800 -0.012350 -0.001210
v -0.004950 -0.012200 -0.001210
v -0.004943 -0.012343 -0.001171
v -0.004800 -0.010000 -0.000950
v -0.004800 -0.010300 -0.001250
v -0.005100 -0.010300 -0.000950
v -0.004800 -0.010040 -0.001100
v -0.004950 -0.010040 -0.000950
v -0.004943 -0.010079 -0.001093
v -0.004950 -0.010300 -0.001210
v -0.004800 -0.010150 -0.001210
v -0.004943 -0.010157 -0.001171
v -0.005060 -0.010150 -0.000950
v -0.005060 -0.010300 -0.001100
v -0.005021 -0.010157 -0.001093
v 0.004800 -0.012500 0.000950
v 0.005100 -0.012200 0.000950
v 0.004800 -0.012200 0.001250
v 0.004950 -0.012460 0.000950
v 0.004800 -0.012460 0.001100
v 0.004943 -0.012421 0.001093
v 0.005060 -0.012200 0.001100
v 0.005060 -0.012350 0.000950
v 0.005021 -0.012343 0.001093
v 0.004800 -0.012350 0.001210
v 0.004950 -0.012200 0.001210
v 0.004943 -0.012343 0.001171
v 0.004800 -0.010000 0.000950
v 0.004800 -0.010300 0.001250
v 0.005100 -0.010300 0.000950
v 0.004800 -0.010040 0.001100
v 0.004950 -0.010040 0.000950
v 0.004943 -0.010079 0.001093
v 0.004950 -0.010300 0.001210
v 0.004800 -0.010150 0.001210
v 0.004943 -0.010157 0.001171
v 0.005060 -0.010150 0.000950
v 0.005060 -0.010300 0.001100
v 0.005021 -0.010157 0.001093
v 0.004800 -0.012500 -0.000950
v 0.004800 -0.012200 -0.001250
v 0.005100 -0.012200 -0.000950
v 0.004800 -0.012460 -0.001100
v 0.004950 -0.012460 -0.000950
v 0.004943 -0.012421 -0.001093
v 0.004950 -0.012200 -0.001210
v 0.004800 -0.012350 -0.001210
v 0.004943 -0.012343 -0.001171
v 0.005060 -0.012350 -0.000950
v 0.005060 -0.012200 -0.001100
v 0.005021 -0.012343 -0.001093
v 0.004800 -0.010000 -0.000950
v 0.005100 -0.010300 -0.000950
v 0.004800 -0.010300 -0.001250
v 0.004950 -0.010040 -0.000950
v 0.004800 -0.010040 -0.001100
v 0.004943 -0.010079 -0.001093
v 0.005060 -0.010300 -0.001100
v 0.005060 -0.010150 -0.000950
v 0.005021 -0.010157 -0.001093
v 0.004800 -0.010150 -0.001210
v 0.004950 -0.010300 -0.001210
v 0.004943 -0.010157 -0.001171
v -0.003810 -0.018500 -0.000320
v -0.003810 -0.012500 -0.000320
v -0.003584 -0.018500 -0.000226
v -0.003584 -0.012500 -0.000226
v -0.003490 -0.018500 0.000000
v -0.003490 -0.012500 0.000000
v -0.003584 -0.018500 0.000226
v -0.003584 -0.012500 0.000226
v -0.003810 -0.018500 0.000320
v -0.003810 -0.012500 0.000320
v -0.004036 -0.018500 0.000226
v -0.004036 -0.012500 0.000226
v -0.004130 -0.018500 0.000000
v -0.004130 -0.012500 0.000000
v -0.004036 -0.018500 -0.000226
v -0.004036 -0.012500 -0.000226
v -0.001270 -0.018500 -0.000320
v -0.001270 -0.012500 -0.000320
v -0.001044 -0.018500 -0.000226
v -0.001044 -0.012500 -0.000226
v -0.000950 -0.018500 0.000000
v -0.000950 -0.012500 0.000000
v -0.001044 -0.018500 0.000226
v -0.001044 -0.012500 0.000226
v -0.001270 -0.018500 0.000320
v -0.001270 -0.012500 0.000320
v -0.001496 -0.018500 0.000226
v -0.001496 -0.012500 0.000226
v -0.001590 -0.018500 0.000000
v -0.001590 -0.012500 0.000000
v -0.001496 -0.018500 -0.000226
v -0.001496 -0.012500 -0.000226
v 0.001270 -0.018500 -0.000320
v 0.001270 -0.012500 -0.000320
v 0.001496 -0.018500 -0.000226
v 0.001496 -0.012500 -0.000226
v 0.001590 -0.018500 0.000000
v 0.001590 -0.012500 0.000000
v 0.001496 -0.018500 0.000226
v 0.001496 -0.012500 0.000226
v 0.001270 -0.018500 0.000320
v 0.001270 -0.012500 0.000320
v 0.001044 -0.018500 0.000226
v 0.001044 -0.012500 0.000226
v 0.000950 -0.018500 0.000000
v 0.000950 -0.012500 0.000000
v 0.001044 -0.018500 -0.000226
v 0.001044 -0.012500 -0.000226
v 0.003810 -0.018500 -0.000320
v 0.003810 -0.012500 -0.000320
v 0.004036 -0.018500 -0.000226
v 0.004036 -0.012500 -0.000226
v 0.004130 -0.018500 0.000000
v 0.004130 -0.012500 0.000000
v 0.004036 -0.018500 0.000226
v 0.004036 -0.012500 0.000226
v 0.003810 -0.018500 0.000320
v 0.003810 -0.012500 0.000320
v 0.003584 -0.018500 0.000226
v 0.003584 -0.012500 0.000226
v 0.003490 -0.018500 0.000000
v 0.003490 -0.012500 0.000000
v 0.003584 -0.018500 -0.000226
v 0.003584 -0.012500 -0.000226
vn -0.2502 -0.9353 0.2502
vn -0.2178 -0.6901 0.6901
vn -0.2502 -0.2502 0.9353
vn -0.6901 -0.2178 0.6901
vn -0.9353 -0.2502 0.2502
vn -0.6901 -0.6901 0.2178
vn -0.5774 -0.5774 0.5773
vn -0.2502 0.2502 0.9353
vn -0.2178 0.6901 0.6901
vn -0.2502 0.9353 0.2502
vn -0.6901 0.6901 0.2178
vn -0.9353 0.2502 0.2502
vn -0.6901 0.2178 0.6901
vn -0.5774 0.5774 0.5773
vn -0.2502 -0.9353 -0.2502
vn -0.6901 -0.6901 -0.2178
vn -0.9353 -0.2502 -0.2502
vn -0.6901 -0.2178 -0.6901
vn -0.2502 -0.2502 -0.9353
vn -0.2178 -0.6901 -0.6901
vn -0.5774 -0.5774 -0.5773
vn -0.2502 0.9353 -0.2502
vn -0.2178 0.6901 -0.6901
vn -0.2502 0.2502 -0.9353
vn -0.6901 0.2178 -0.6901
vn -0.9353 0.2502 -0.2502
vn -0.6901 0.6901 -0.2178
vn -0.5774 0.5774 -0.5773
vn 0.2502 -0.9353 0.2502
vn 0.6901 -0.6901 0.2178
vn 0.9353 -0.2502 0.2502
vn 0.6901 -0.2178 0.6901
vn 0.2502 -0.2502 0.9353
vn 0.2178 -0.6901 0.6901
vn 0.5774 -0.5774 0.5773
vn 0.2502 0.9353 0.2502
vn 0.2178 0.6901 0.6901
vn 0.2502 0.2502 0.9353
vn 0.6901 0.2178 0.6901
vn 0.9353 0.2502 0.2502
vn 0.6901 0.6901 0.2178
vn 0.5774 0.5774 0.5773
vn 0.2502 -0.9353 -0.2502
vn 0.2178 -0.6901 -0.6901
vn 0.2502 -0.2502 -0.9353
vn 0.6901 -0.2178 -0.6901
vn 0.9353 -0.2502 -0.2502
vn 0.6901 -0.6901 -0.2178
vn 0.5774 -0.5774 -0.5773
vn 0.2502 0.9353 -0.2502
vn 0.6901 0.6901 -0.2178
vn 0.9353 0.2502 -0.2502
vn 0.6901 0.2178 -0.6901
vn 0.2502 0.2502 -0.9353
vn 0.2178 0.6901 -0.6901
vn 0.5774 0.5774 -0.5773
vn -0.2585 -0.9660 -0.0000
vn -0.7071 -0.7071 -0.0000
vn -0.9660 -0.2585 -0.0000
vn -0.2585 -0.0000 0.9660
vn -0.7071 -0.0000 0.7071
vn -0.9660 -0.0000 0.2585
vn -0.2585 0.9660 -0.0000
vn -0.7071 0.7071 -0.0000
vn -0.9660 0.2585 -0.0000
vn -0.2585 -0.0000 -0.9660
vn -0.7071 -0.0000 -0.7071
vn -0.9660 -0.0000 -0.2585
vn -0.0000 -0.9660 -0.2585
vn -0.0000 -0.7071 -0.7071
vn -0.0000 -0.2585 -0.9660
vn -0.0000 0.9660 -0.2585
vn -0.0000 0.7071 -0.7071
vn -0.0000 0.2585 -0.9660
vn 0.9660 -0.0000 -0.2585
vn 0.7071 -0.0000 -0.7071
vn 0.2585 -0.0000 -0.9660
vn 0.2585 -0.9660 -0.0000
vn 0.7071 -0.7071 -0.0000
vn 0.9660 -0.2585 -0.0000
vn 0.2585 0.9660 -0.0000
vn 0.7071 0.7071 -0.0000
vn 0.9660 0.2585 -0.0000
vn 0.2585 -0.0000 0.9660
vn 0.7071 -0.0000 0.7071
vn 0.9660 -0.0000 0.2585
vn -0.0000 -0.9660 0.2585
vn -0.0000 -0.7071 0.7071
vn -0.0000 -0.2585 0.9660
vn -0.0000 0.9660 0.2585
vn -0.0000 0.7071 0.7071
vn -0.0000 0.2585 0.9660
vn -0.0000 -1.0000 -0.0000
vn -1.0000 -0.0000 -0.0000
vn -0.0000 -0.0000 1.0000
vn -0.0000 1.0000 -0.0000
vn -0.0000 -0.0000 -1.0000
vn 1.0000 -0.0000 -0.0000
vn -0.1564 -0.9877 -0.0000
vn -0.4540 -0.8910 -0.0000
vn -0.8910 -0.4540 -0.0000
vn -0.9877 -0.1564 -0.0000
vn -0.9877 0.1564 -0.0000
vn -0.8910 0.4540 -0.0000
vn -0.4540 0.8910 -0.0000
vn -0.1564 0.9877 -0.0000
vn 0.1564 0.9877 -0.0000
vn 0.4540 0.8910 -0.0000
vn 0.8910 0.4540 -0.0000
vn 0.9877 0.1564 -0.0000
vn 0.9877 -0.1564 -0.0000
vn 0.8910 -0.4540 -0.0000
vn 0.4540 -0.8910 -0.0000
vn 0.1564 -0.9877 -0.0000
vn 0.0905 0.9185 -0.3849
vn 0.0376 0.3818 -0.9235
vn 0.0905 0.9185 0.3849
vn 0.0376 0.3818 0.9235
vn 0.2679 0.8832 -0.3849
vn 0.1114 0.3671 -0.9235
vn 0.2679 0.8832 0.3849
vn 0.1114 0.3671 0.9235
vn 0.4351 0.8140 -0.3849
vn 0.1808 0.3383 -0.9235
vn 0.4351 0.8140 0.3849
vn 0.1808 0.3383 0.9235
vn 0.5855 0.7135 -0.3849
vn 0.2434 0.2965 -0.9235
vn 0.5855 0.7135 0.3849
vn 0.2434 0.2965 0.9235
vn 0.7135 0.5855 -0.3849
vn 0.2965 0.2434 -0.9235
vn 0.7135 0.5855 0.3849
vn 0.2965 0.2434 0.9235
vn 0.8140 0.4351 -0.3849
vn 0.3383 0.1808 -0.9235
vn 0.8140 0.4351 0.3849
vn 0.3383 0.1808 0.9235
vn 0.8832 0.2679 -0.3849
vn 0.3671 0.1114 -0.9235
vn 0.8832 0.2679 0.3849
vn 0.3671 0.1114 0.9235
vn 0.9185 0.0905 -0.3849
vn 0.3818 0.0376 -0.9235
vn 0.9185 0.0905 0.3849
vn 0.3818 0.0376 0.9235
vn 0.9185 -0.0905 -0.3849
vn 0.3818 -0.0376 -0.9235
vn 0.9185 -0.0905 0.3849
vn 0.3818 -0.0376 0.9235
vn 0.8832 -0.2679 -0.3849
vn 0.3671 -0.1114 -0.9235
vn 0.8832 -0.2679 0.3849
vn 0.3671 -0.1114 0.9235
vn 0.8140 -0.4351 -0.3849
vn 0.3383 -0.1808 -0.9235
vn 0.8140 -0.4351 0.3849
vn 0.3383 -0.1808 0.9235
vn 0.7135 -0.5855 -0.3849
vn 0.2965 -0.2434 -0.9235
vn 0.7135 -0.5855 0.3849
vn 0.2965 -0.2434 0.9235
vn 0.5855 -0.7135 -0.3849
vn 0.2434 -0.2965 -0.9235
vn 0.5855 -0.7135 0.3849
vn 0.2434 -0.2965 0.9235
vn 0.4351 -0.8140 -0.3849
vn 0.1808 -0.3383 -0.9235
vn 0.4351 -0.8140 0.3849
vn 0.1808 -0.3383 0.9235
vn 0.2679 -0.8832 -0.3849
vn 0.1114 -0.3671 -0.9235
vn 0.2679 -0.8832 0.3849
vn 0.1114 -0.3671 0.9235
vn 0.0905 -0.9185 -0.3849
vn 0.0376 -0.3818 -0.9235
vn 0.0905 -0.9185 0.3849
vn 0.0376 -0.3818 0.9235
vn -0.0905 -0.9185 -0.3849
vn -0.0376 -0.3818 -0.9235
vn -0.0905 -0.9185 0.3849
vn -0.0376 -0.3818 0.9235
vn -0.2679 -0.8832 -0.3849
vn -0.1114 -0.3671 -0.9235
vn -0.2679 -0.8832 0.3849
vn -0.1114 -0.3671 0.9235
vn -0.4351 -0.8140 -0.3849
vn -0.1808 -0.3383 -0.9235
vn -0.4351 -0.8140 0.3849
vn -0.1808 -0.3383 0.9235
vn -0.5855 -0.7135 -0.3849
vn -0.2434 -0.2965 -0.9235
vn -0.5855 -0.7135 0.3849
vn -0.2434 -0.2965 0.9235
vn -0.7135 -0.5855 -0.3849
vn -0.2965 -0.2434 -0.9235
vn -0.7135 -0.5855 0.3849
vn -0.2965 -0.2434 0.9235
vn -0.8140 -0.4351 -0.3849
vn -0.3383 -0.1808 -0.9235
vn -0.8140 -0.4351 0.3849
vn -0.3383 -0.1808 0.9235
vn -0.8832 -0.2679 -0.3849
vn -0.3671 -0.1114 -0.9235
vn -0.8832 -0.2679 0.3849
vn -0.3671 -0.1114 0.9235
vn -0.9185 -0.0905 -0.3849
vn -0.3818 -0.0376 -0.9235
vn -0.9185 -0.0905 0.3849
vn -0.3818 -0.0376 0.9235
vn -0.9185 0.0905 -0.3849
vn -0.3818 0.0376 -0.9235
vn -0.9185 0.0905 0.3849
vn -0.3818 0.0376 0.9235
vn -0.8832 0.2679 -0.3849
vn -0.3671 0.1114 -0.9235
vn -0.8832 0.2679 0.3849
vn -0.3671 0.1114 0.9235
vn -0.8140 0.4351 -0.3849
vn -0.3383 0.1808 -0.9235
vn -0.8140 0.4351 0.3849
vn -0.3383 0.1808 0.9235
vn -0.7135 0.5855 -0.3849
vn -0.2965 0.2434 -0.9235
vn -0.7135 0.5855 0.3849
vn -0.2965 0.2434 0.9235
vn -0.5855 0.7135 -0.3849
vn -0.2434 0.2965 -0.9235
vn -0.5855 0.7135 0.3849
vn -0.2434 0.2965 0.9235
vn -0.4351 0.8140 -0.3849
vn -0.1808 0.3383 -0.9235
vn -0.4351 0.8140 0.3849
vn -0.1808 0.3383 0.9235
vn -0.2679 0.8832 -0.3849
vn -0.1114 0.3671 -0.9235
vn -0.2679 0.8832 0.3849
vn -0.1114 0.3671 0.9235
vn -0.0905 0.9185 -0.3849
vn -0.0376 0.3818 -0.9235
vn -0.0905 0.9185 0.3849
vn -0.0376 0.3818 0.9235
vn 0.0980 0.9952 -0.0000
vn -0.0980 0.9952 -0.0000
vn 0.2903 0.9569 -0.0000
vn 0.4714 0.8819 -0.0000
vn 0.6344 0.7730 -0.0000
vn 0.7730 0.6344 -0.0000
vn 0.8819 0.4714 -0.0000
vn 0.9569 0.2903 -0.0000
vn 0.9952 0.0980 -0.0000
vn 0.9952 -0.0980 -0.0000
vn 0.9569 -0.2903 -0.0000
vn 0.8819 -0.4714 -0.0000
vn 0.7730 -0.6344 -0.0000
vn 0.6344 -0.7730 -0.0000
vn 0.4714 -0.8819 -0.0000
vn 0.2903 -0.9569 -0.0000
vn 0.0980 -0.9952 -0.0000
vn -0.0980 -0.9952 -0.0000
vn -0.2903 -0.9569 -0.0000
vn -0.4714 -0.8819 -0.0000
vn -0.6344 -0.7730 -0.0000
vn -0.7730 -0.6344 -0.0000
vn -0.8819 -0.4714 -0.0000
vn -0.9569 -0.2903 -0.0000
vn -0.9952 -0.0980 -0.0000
vn -0.9952 0.0980 -0.0000
vn -0.9569 0.2903 -0.0000
vn -0.8819 0.4714 -0.0000
vn -0.7730 0.6344 -0.0000
vn -0.6344 0.7730 -0.0000
vn -0.4714 0.8819 -0.0000
vn -0.2903 0.9569 -0.0000
vn -0.0000 -0.1951 -0.9808
vn -0.0000 -0.5556 -0.8315
vn -0.0000 -0.8315 -0.5556
vn -0.0000 -0.9808 -0.1951
vn -0.0000 -0.9808 0.1951
vn -0.0000 -0.8315 0.5556
vn -0.0000 -0.5556 0.8315
vn -0.0000 -0.1951 0.9808
vn -0.0000 0.1951 0.9808
vn -0.0000 0.5556 0.8315
vn -0.0000 0.8315 0.5556
vn -0.0000 0.9808 0.1951
vn -0.0000 0.9808 -0.1951
vn -0.0000 0.8315 -0.5556
vn -0.0000 0.5556 -0.8315
vn -0.0000 0.1951 -0.9808
vn -0.5773 -0.5774 0.5773
vn -0.5774 -0.5774 -0.5774
vn -0.5774 0.5773 -0.5773
vn 0.5773 -0.5774 0.5773
vn 0.5774 -0.5774 -0.5774
vn 0.5774 0.5773 -0.5773
vn -0.2584 -0.9660 -0.0000
vn -0.2584 0.9660 -0.0000
vn 0.2584 -0.9660 -0.0000
vn 0.2584 0.9660 -0.0000
vn -0.9660 -0.0000 0.2584
vn -0.9660 -0.0000 -0.2584
vn 0.9660 -0.0000 0.2584
vn 0.3827 -0.0000 -0.9239
vn 0.9239 -0.0000 -0.3827
vn 0.9239 -0.0000 0.3827
vn 0.3827 -0.0000 0.9239
vn -0.3827 -0.0000 0.9239
vn -0.9239 -0.0000 0.3827
vn -0.9239 -0.0000 -0.3827
vn -0.3827 -0.0000 -0.9239
vn -0.2635 -0.9280 0.2635
vn -0.2635 -0.2635 0.9280
vn -0.9280 -0.2635 0.2635
vn -0.2635 0.2635 0.9280
vn -0.2635 0.9280 0.2635
vn -0.9280 0.2635 0.2635
vn -0.2635 -0.9280 -0.2635
vn -0.9280 -0.2635 -0.2635
vn -0.2635 -0.2635 -0.9280
vn -0.2635 0.9280 -0.2635
vn -0.2635 0.2635 -0.9280
vn -0.9280 0.2635 -0.2635
vn 0.2635 -0.9280 0.2635
vn 0.9280 -0.2635 0.2635
vn 0.2635 -0.2635 0.9280
vn 0.2635 0.9280 0.2635
vn 0.2635 0.2635 0.9280
vn 0.9280 0.2635 0.2635
vn 0.2635 -0.9280 -0.2635
vn 0.2635 -0.2635 -0.9280
vn 0.9280 -0.2635 -0.2635
vn 0.2635 0.9280 -0.2635
vn 0.9280 0.2635 -0.2635
vn 0.2635 0.2635 -0.9280
vn 0.9660 -0.0000 -0.2584
vt 0.127222 0.718709
vt 0.126113 0.687500
vt 0.127222 0.687500
vt 0.127222 0.750000
vt 0.126160 0.717388
vt 0.380000 1.000000
vt 0.375000 0.997778
vt 0.380000 0.997778
vt 0.380000 0.031291
vt 0.375000 0.000000
vt 0.380000 0.000000
vt 0.375000 0.062500
vt 0.380000 0.062500
vt 0.125000 0.687500
vt 0.125000 0.717388
vt 0.126159 0.750000
vt 0.622497 0.997778
vt 0.620000 1.000000
vt 0.620000 0.997778
vt 0.625000 0.998841
vt 0.622391 0.998840
vt 0.875000 0.687500
vt 0.872778 0.750000
vt 0.872778 0.687500
vt 0.622497 0.062500
vt 0.625000 0.000000
vt 0.625000 0.062500
vt 0.620000 0.031291
vt 0.620000 0.062500
vt 0.622391 0.016460
vt 0.622391 0.032612
vt 0.622391 0.999415
vt 0.126113 0.562500
vt 0.127222 0.531291
vt 0.127222 0.562500
vt 0.125000 0.562500
vt 0.126160 0.532612
vt 0.380000 0.218709
vt 0.375000 0.187500
vt 0.380000 0.187500
vt 0.380000 0.251113
vt 0.375000 0.217388
vt 0.375000 0.252222
vt 0.380000 0.252222
vt 0.127222 0.500000
vt 0.126160 0.500000
vt 0.125000 0.532612
vt 0.872778 0.500000
vt 0.875000 0.562500
vt 0.872778 0.562500
vt 0.622497 0.252222
vt 0.625000 0.250648
vt 0.625000 0.252222
vt 0.620000 0.251113
vt 0.620000 0.252222
vt 0.620000 0.218709
vt 0.622391 0.251159
vt 0.622497 0.187500
vt 0.620000 0.187500
vt 0.622391 0.219957
vt 0.373887 0.687500
vt 0.372778 0.718709
vt 0.372778 0.687500
vt 0.377503 0.687500
vt 0.373840 0.717388
vt 0.380000 0.718709
vt 0.380000 0.687500
vt 0.380000 0.751113
vt 0.377362 0.717388
vt 0.373887 0.751109
vt 0.380000 0.752222
vt 0.374574 0.750734
vt 0.626109 0.751113
vt 0.626113 0.687500
vt 0.627222 0.687500
vt 0.622497 0.752222
vt 0.625734 0.750426
vt 0.620000 0.751113
vt 0.620000 0.752222
vt 0.620000 0.718709
vt 0.622391 0.751159
vt 0.622497 0.687500
vt 0.620000 0.687500
vt 0.622391 0.719957
vt 0.372778 0.531291
vt 0.373887 0.562500
vt 0.372778 0.562500
vt 0.373887 0.498891
vt 0.373840 0.532612
vt 0.380000 0.498887
vt 0.380000 0.497778
vt 0.380000 0.531291
vt 0.374574 0.499266
vt 0.377503 0.562500
vt 0.380000 0.562500
vt 0.377362 0.532612
vt 0.626113 0.562500
vt 0.626109 0.498887
vt 0.627222 0.562500
vt 0.622497 0.562500
vt 0.625250 0.522821
vt 0.620000 0.531291
vt 0.620000 0.562500
vt 0.620000 0.498887
vt 0.622391 0.532612
vt 0.622497 0.497778
vt 0.620000 0.497778
vt 0.622391 0.500204
vt 0.620000 0.000000
vt 0.625000 0.187500
vt 0.625000 0.997778
vt 0.500000 0.994444
vt 0.512500 0.761111
vt 0.512500 0.988889
vt 0.500000 0.755555
vt 0.500000 0.255556
vt 0.500000 0.494444
vt 0.512500 0.261111
vt 0.512500 0.488889
vt 1.000000 0.850000
vt 0.950000 0.650000
vt 0.950000 0.850000
vt 0.900000 0.650000
vt 0.900000 0.850000
vt 0.850000 0.650000
vt 0.850000 0.850000
vt 0.800000 0.850000
vt 0.800000 0.650000
vt 0.750000 0.850000
vt 0.750000 0.650000
vt 0.700000 0.850000
vt 0.700000 0.650000
vt 0.650000 0.850000
vt 0.600000 0.850000
vt 0.650000 0.650000
vt 0.600000 0.650000
vt 0.550000 0.850000
vt 0.550000 0.650000
vt 0.500000 0.850000
vt 0.500000 0.650000
vt 0.450000 0.650000
vt 0.465000 0.850000
vt 0.400000 0.850000
vt 0.400000 0.650000
vt 0.350000 0.850000
vt 0.350000 0.650000
vt 0.300000 0.650000
vt 0.300000 0.850000
vt 0.250000 0.650000
vt 0.250000 0.850000
vt 0.200000 0.650000
vt 0.200000 0.850000
vt 0.150000 0.650000
vt 0.150000 0.850000
vt 0.100000 0.650000
vt 0.100000 0.850000
vt 0.050000 0.650000
vt 0.050000 0.850000
vt -0.000000 0.850000
vt 0.035000 0.650000
vt 0.965000 0.850000
vt 1.000000 0.650000
vt 0.950000 0.650000
vt 0.900000 0.850000
vt 0.800000 0.650000
vt 0.750000 0.850000
vt 0.750000 0.650000
vt 0.600000 0.850000
vt 0.600000 0.650000
vt 0.550000 0.850000
vt 0.535000 0.650000
vt 0.450000 0.850000
vt 0.450000 0.650000
vt 0.400000 0.650000
vt 0.300000 0.850000
vt 0.250000 0.650000
vt 0.100000 0.650000
vt 0.100000 0.850000
vt 0.050000 0.850000
vt -0.000000 0.650000
vt 0.968750 0.525000
vt 0.999653 0.500000
vt 1.000000 0.525000
vt 0.796812 0.485338
vt 0.750000 0.471913
vt 0.750000 0.489949
vt 0.968750 0.975000
vt 0.999653 1.000000
vt 0.968750 1.000000
vt 0.296812 0.485338
vt 0.250000 0.471913
vt 0.293293 0.467649
vt 0.937500 0.525000
vt 0.968750 0.500000
vt 0.841824 0.471684
vt 0.793293 0.467649
vt 0.937500 0.975000
vt 0.937500 1.000000
vt 0.334922 0.455021
vt 0.341824 0.471684
vt 0.906250 0.525000
vt 0.937500 0.500000
vt 0.883308 0.449510
vt 0.834922 0.455021
vt 0.906250 0.975000
vt 0.906250 1.000000
vt 0.373288 0.434514
vt 0.383308 0.449510
vt 0.875000 0.500000
vt 0.906250 0.500000
vt 0.919669 0.419669
vt 0.873288 0.434514
vt 0.875000 0.975000
vt 0.875000 1.000000
vt 0.419669 0.419669
vt 0.406916 0.406916
vt 0.843750 0.525000
vt 0.875000 0.525000
vt 0.934514 0.373288
vt 0.906916 0.406916
vt 0.843750 1.000000
vt 0.843750 0.975000
vt 0.434514 0.373288
vt 0.449510 0.383308
vt 0.812500 0.525000
vt 0.843750 0.500000
vt 0.971684 0.341824
vt 0.949510 0.383308
vt 0.812500 0.975000
vt 0.812500 1.000000
vt 0.455021 0.334922
vt 0.471684 0.341824
vt 0.781250 0.525000
vt 0.812500 0.500000
vt 0.985338 0.296812
vt 0.955020 0.334922
vt 0.781250 1.000000
vt 0.781250 0.975000
vt 0.485338 0.296812
vt 0.467649 0.293293
vt 0.750000 0.500000
vt 0.781250 0.500000
vt 0.971913 0.250000
vt 0.967649 0.293293
vt 0.750000 1.000000
vt 0.750000 0.975000
vt 0.471913 0.250000
vt 0.489949 0.250000
vt 0.718750 0.525000
vt 0.750000 0.525000
vt 0.985338 0.203188
vt 0.989949 0.250000
vt 0.718750 0.975000
vt 0.718750 1.000000
vt 0.485338 0.203188
vt 0.467649 0.206707
vt 0.687500 0.500000
vt 0.718750 0.500000
vt 0.971684 0.158176
vt 0.967649 0.206707
vt 0.687500 1.000000
vt 0.687500 0.975000
vt 0.455021 0.165078
vt 0.471684 0.158176
vt 0.687500 0.525000
vt 0.656250 0.500000
vt 0.949510 0.116692
vt 0.955020 0.165078
vt 0.656250 1.000000
vt 0.656250 0.975000
vt 0.449510 0.116692
vt 0.434514 0.126712
vt 0.625000 0.525000
vt 0.656250 0.525000
vt 0.919669 0.080331
vt 0.934514 0.126712
vt 0.625000 1.000000
vt 0.625000 0.975000
vt 0.406916 0.093084
vt 0.419669 0.080331
vt 0.593750 0.500000
vt 0.625000 0.500000
vt 0.873288 0.065486
vt 0.906916 0.093084
vt 0.593750 1.000000
vt 0.593750 0.975000
vt 0.373288 0.065486
vt 0.383308 0.050490
vt 0.562500 0.525000
vt 0.593750 0.525000
vt 0.841824 0.028316
vt 0.883308 0.050490
vt 0.562500 1.000000
vt 0.562500 0.975000
vt 0.341824 0.028316
vt 0.334922 0.044979
vt 0.531250 0.500000
vt 0.562500 0.500000
vt 0.793293 0.032351
vt 0.834922 0.044979
vt 0.531250 1.000000
vt 0.531250 0.975000
vt 0.293293 0.032351
vt 0.296812 0.014662
vt 0.531250 0.525000
vt 0.500000 0.500000
vt 0.796812 0.014662
vt 0.750000 0.028087
vt 0.500000 1.000000
vt 0.500000 0.975000
vt 0.250000 0.028087
vt 0.250000 0.010051
vt 0.468750 0.525000
vt 0.500000 0.525000
vt 0.703188 0.014662
vt 0.750000 0.010051
vt 0.468750 0.975000
vt 0.468750 1.000000
vt 0.203188 0.014662
vt 0.206707 0.032351
vt 0.437500 0.525000
vt 0.468750 0.500000
vt 0.658176 0.028316
vt 0.706707 0.032351
vt 0.437500 1.000000
vt 0.437500 0.975000
vt 0.165078 0.044979
vt 0.158176 0.028316
vt 0.406250 0.500000
vt 0.437500 0.500000
vt 0.616692 0.050490
vt 0.665078 0.044979
vt 0.406250 1.000000
vt 0.406250 0.975000
vt 0.116692 0.050490
vt 0.126712 0.065486
vt 0.375000 0.525000
vt 0.406250 0.525000
vt 0.580331 0.080331
vt 0.626712 0.065486
vt 0.375000 0.975000
vt 0.375000 1.000000
vt 0.093084 0.093084
vt 0.080331 0.080331
vt 0.343750 0.525000
vt 0.375000 0.500000
vt 0.550490 0.116692
vt 0.593084 0.093084
vt 0.343750 0.975000
vt 0.343750 1.000000
vt 0.065486 0.126712
vt 0.050490 0.116692
vt 0.312500 0.525000
vt 0.343750 0.500000
vt 0.528316 0.158176
vt 0.565486 0.126712
vt 0.312500 1.000000
vt 0.312500 0.975000
vt 0.028316 0.158176
vt 0.044979 0.165078
vt 0.281250 0.525000
vt 0.312500 0.500000
vt 0.532351 0.206707
vt 0.544979 0.165078
vt 0.281250 1.000000
vt 0.281250 0.975000
vt 0.032351 0.206707
vt 0.014662 0.203188
vt 0.250000 0.500000
vt 0.281250 0.500000
vt 0.514662 0.203188
vt 0.528087 0.250000
vt 0.250000 1.000000
vt 0.250000 0.975000
vt 0.028087 0.250000
vt 0.010051 0.250000
vt 0.218750 0.525000
vt 0.250000 0.525000
vt 0.514662 0.296812
vt 0.510051 0.250000
vt 0.218750 0.975000
vt 0.218750 1.000000
vt 0.014662 0.296812
vt 0.032351 0.293293
vt 0.187500 0.525000
vt 0.218750 0.500000
vt 0.528316 0.341824
vt 0.532351 0.293293
vt 0.187500 1.000000
vt 0.187500 0.975000
vt 0.044979 0.334922
vt 0.028316 0.341824
vt 0.156250 0.500000
vt 0.187500 0.500000
vt 0.565486 0.373288
vt 0.544979 0.334922
vt 0.156250 1.000000
vt 0.156250 0.975000
vt 0.050490 0.383308
vt 0.065486 0.373288
vt 0.156250 0.525000
vt 0.125000 0.500000
vt 0.580331 0.419669
vt 0.550490 0.383308
vt 0.125000 0.975000
vt 0.125000 1.000000
vt 0.080331 0.419669
vt 0.093084 0.406916
vt 0.125000 0.525000
vt 0.093750 0.500000
vt 0.626712 0.434514
vt 0.593084 0.406916
vt 0.093750 1.000000
vt 0.093750 0.975000
vt 0.116692 0.449510
vt 0.126712 0.434514
vt 0.062500 0.525000
vt 0.093750 0.525000
vt 0.616692 0.449510
vt 0.665078 0.455021
vt 0.062500 1.000000
vt 0.062500 0.975000
vt 0.165078 0.455021
vt 0.158176 0.471684
vt 0.031250 0.500000
vt 0.062500 0.500000
vt 0.658176 0.471684
vt 0.706707 0.467649
vt 0.031250 0.975000
vt 0.031250 1.000000
vt 0.203188 0.485338
vt 0.206707 0.467649
vt 0.031250 0.525000
vt 0.000347 0.500000
vt 0.703188 0.485338
vt 0.000347 1.000000
vt 0.000000 0.975000
vt 0.250000 0.489949
vt 1.000000 0.975000
vt 0.000000 0.525000
vt 1.000000 1.000000
vt 0.968750 0.500000
vt 1.000000 0.500000
vt 0.968750 1.000000
vt 0.812500 0.500000
vt 0.781250 0.500000
vt 0.750000 1.000000
vt 0.750000 0.500000
vt 0.718750 1.000000
vt 0.718750 0.500000
vt 0.656250 1.000000
vt 0.625000 1.000000
vt 0.593750 0.500000
vt 0.593750 1.000000
vt 0.562500 0.500000
vt 0.500000 0.500000
vt 0.500000 1.000000
vt 0.468750 0.500000
vt 0.468750 1.000000
vt 0.406250 0.500000
vt 0.406250 1.000000
vt 0.375000 1.000000
vt 0.343750 0.500000
vt 0.343750 1.000000
vt 0.312500 0.500000
vt 0.281250 0.500000
vt 0.281250 1.000000
vt 0.250000 0.500000
vt 0.250000 1.000000
vt 0.218750 1.000000
vt 0.156250 0.500000
vt 0.093750 0.500000
vt 0.093750 1.000000
vt 0.062500 0.500000
vt 0.158156 0.028269
vt 0.471731 0.158156
vt 0.341844 0.471731
vt 0.062500 1.000000
vt 0.031250 0.500000
vt 0.031250 1.000000
vt 0.000000 0.500000
vt 0.796822 0.014612
vt 0.514612 0.203178
vt 0.703178 0.485388
vt 0.843750 0.975000
vt 0.656250 0.975000
vt 0.656250 0.525000
vt 0.468750 0.525000
vt 0.080294 0.080294
vt 0.419706 0.080294
vt 0.419706 0.419706
vt 0.841844 0.028269
vt 0.528269 0.158156
vt 0.658156 0.471731
vt 0.130000 0.734354
vt 0.127503 0.718750
vt 0.130000 0.718750
vt 0.127609 0.750000
vt 0.127609 0.733694
vt 0.386111 1.000000
vt 0.375000 0.995000
vt 0.386111 0.995000
vt 0.386111 0.000000
vt 0.375000 0.016306
vt 0.375000 0.031250
vt 0.386111 0.015646
vt 0.386111 0.031250
vt 0.125000 0.733694
vt 0.125000 0.718750
vt 0.619437 0.995000
vt 0.613889 1.000000
vt 0.613889 0.995000
vt 0.625000 0.997391
vt 0.619202 0.997391
vt 0.875000 0.718750
vt 0.870000 0.750000
vt 0.870000 0.718750
vt 0.625000 0.031250
vt 0.619202 0.016306
vt 0.613889 0.015646
vt 0.619437 0.031250
vt 0.613889 0.031250
vt 0.613889 0.000000
vt 0.619202 0.998683
vt 0.127503 0.531250
vt 0.130000 0.515645
vt 0.130000 0.531250
vt 0.125000 0.516306
vt 0.127609 0.516306
vt 0.386111 0.234355
vt 0.375000 0.218750
vt 0.386111 0.218750
vt 0.386111 0.252503
vt 0.375000 0.233694
vt 0.375000 0.255000
vt 0.386111 0.255000
vt 0.127609 0.500000
vt 0.130000 0.500000
vt 0.870000 0.500000
vt 0.875000 0.531250
vt 0.870000 0.531250
vt 0.619437 0.255000
vt 0.625000 0.251458
vt 0.625000 0.255000
vt 0.613889 0.252503
vt 0.613889 0.255000
vt 0.619202 0.235058
vt 0.619202 0.252609
vt 0.619437 0.218750
vt 0.613889 0.234354
vt 0.613889 0.218750
vt 0.625000 0.218750
vt 0.372497 0.718750
vt 0.370000 0.734354
vt 0.370000 0.718750
vt 0.380247 0.733694
vt 0.372391 0.733694
vt 0.386111 0.734354
vt 0.380563 0.718750
vt 0.386111 0.718750
vt 0.386111 0.752503
vt 0.372497 0.752497
vt 0.386111 0.755000
vt 0.374042 0.751651
vt 0.627497 0.752503
vt 0.627503 0.718750
vt 0.630000 0.718750
vt 0.619437 0.755000
vt 0.626651 0.750958
vt 0.613889 0.752503
vt 0.613889 0.755000
vt 0.619202 0.735058
vt 0.619202 0.752609
vt 0.619437 0.718750
vt 0.613889 0.734354
vt 0.613889 0.718750
vt 0.370000 0.515645
vt 0.372497 0.531250
vt 0.370000 0.531250
vt 0.374042 0.498349
vt 0.372391 0.516306
vt 0.386111 0.497497
vt 0.372497 0.497503
vt 0.386111 0.495000
vt 0.380247 0.516306
vt 0.380563 0.531250
vt 0.386111 0.515646
vt 0.386111 0.531250
vt 0.627503 0.531250
vt 0.627497 0.497497
vt 0.630000 0.531250
vt 0.619202 0.516306
vt 0.625576 0.510822
vt 0.613889 0.515646
vt 0.619437 0.531250
vt 0.613889 0.531250
vt 0.613889 0.497497
vt 0.619437 0.495000
vt 0.613889 0.495000
vt 0.619202 0.498230
vt 0.125000 0.531250
vt 0.130000 0.750000
vt 0.625000 0.995000
vt 0.132353 0.734980
vt 0.128681 0.720000
vt 0.132353 0.720000
vt 0.128837 0.750000
vt 0.128837 0.734346
vt 0.405000 1.000000
vt 0.375000 0.992647
vt 0.405000 0.992647
vt 0.405000 0.015020
vt 0.405000 0.000000
vt 0.375000 0.030000
vt 0.405000 0.030000
vt 0.125000 0.720000
vt 0.125000 0.734346
vt 0.609980 0.992647
vt 0.595000 1.000000
vt 0.595000 0.992647
vt 0.625000 0.992647
vt 0.609346 0.996163
vt 0.875000 0.720000
vt 0.867647 0.750000
vt 0.867647 0.720000
vt 0.625000 0.030000
vt 0.609346 0.015654
vt 0.595000 0.015020
vt 0.609980 0.030000
vt 0.595000 0.030000
vt 0.595000 0.000000
vt 0.625000 0.996163
vt 0.609346 0.998064
vt 0.128681 0.530000
vt 0.132353 0.515020
vt 0.132353 0.530000
vt 0.125000 0.530000
vt 0.128837 0.515654
vt 0.405000 0.234980
vt 0.375000 0.220000
vt 0.405000 0.220000
vt 0.375000 0.253837
vt 0.375000 0.234346
vt 0.375000 0.257353
vt 0.405000 0.253681
vt 0.405000 0.257353
vt 0.128837 0.500000
vt 0.132353 0.500000
vt 0.125000 0.515654
vt 0.867647 0.500000
vt 0.875000 0.530000
vt 0.867647 0.530000
vt 0.625000 0.257353
vt 0.609346 0.253837
vt 0.625000 0.252144
vt 0.595000 0.253681
vt 0.609980 0.257353
vt 0.595000 0.257353
vt 0.595000 0.234980
vt 0.609980 0.220000
vt 0.595000 0.220000
vt 0.625000 0.220000
vt 0.609346 0.235707
vt 0.371319 0.720000
vt 0.367647 0.734980
vt 0.367647 0.720000
vt 0.390020 0.720000
vt 0.371163 0.734346
vt 0.405000 0.734980
vt 0.405000 0.720000
vt 0.373591 0.752428
vt 0.389293 0.734346
vt 0.371320 0.753673
vt 0.405000 0.753681
vt 0.405000 0.757353
vt 0.628673 0.753680
vt 0.628681 0.720000
vt 0.632353 0.720000
vt 0.609346 0.753837
vt 0.627428 0.751409
vt 0.595000 0.753681
vt 0.609980 0.757353
vt 0.595000 0.757353
vt 0.595000 0.734980
vt 0.609980 0.720000
vt 0.595000 0.720000
vt 0.609346 0.735707
vt 0.367647 0.515020
vt 0.371319 0.530000
vt 0.367647 0.530000
vt 0.373591 0.497572
vt 0.371163 0.515654
vt 0.405000 0.496319
vt 0.371320 0.496327
vt 0.405000 0.492647
vt 0.405000 0.515020
vt 0.390020 0.530000
vt 0.405000 0.530000
vt 0.389293 0.515654
vt 0.628681 0.530000
vt 0.628673 0.496320
vt 0.632353 0.530000
vt 0.609346 0.515654
vt 0.624526 0.510003
vt 0.595000 0.515020
vt 0.609980 0.530000
vt 0.595000 0.530000
vt 0.609346 0.497072
vt 0.609980 0.492647
vt 0.595000 0.496319
vt 0.595000 0.492647
vt 0.132353 0.750000
vt 0.010000 0.250000
vt 0.250000 0.010000
vt 0.490000 0.250000
vt 0.919706 0.080294
vt 0.580294 0.080294
vt 0.580294 0.419706
vt 0.375000 0.998840
vt 0.375000 0.032612
vt 0.873841 0.750000
vt 0.375000 0.251160
vt 0.873840 0.500000
vt 0.510113 0.992154
vt 0.511888 0.990606
vt 0.487928 0.990091
vt 0.488112 0.990606
vt 0.489887 0.992154
vt 0.507347 0.993383
vt 0.503863 0.994173
vt 0.492653 0.993384
vt 0.496137 0.994173
vt 0.487500 0.988889
vt 0.488112 0.759394
vt 0.487500 0.761111
vt 0.488112 0.987172
vt 0.489887 0.985623
vt 0.488112 0.762828
vt 0.489887 0.764377
vt 0.492653 0.984394
vt 0.496137 0.983605
vt 0.492653 0.765606
vt 0.496137 0.766395
vt 0.500000 0.766667
vt 0.500000 0.983333
vt 0.503863 0.766395
vt 0.503863 0.983605
vt 0.507347 0.765605
vt 0.507347 0.984394
vt 0.510113 0.764377
vt 0.510113 0.985623
vt 0.511888 0.762828
vt 0.511888 0.987172
vt 0.512072 0.759909
vt 0.489887 0.757845
vt 0.511888 0.759394
vt 0.510113 0.757845
vt 0.492653 0.756616
vt 0.496137 0.755827
vt 0.507347 0.756616
vt 0.503863 0.755827
vt 0.489887 0.257846
vt 0.488112 0.259394
vt 0.512072 0.259909
vt 0.511888 0.259394
vt 0.510113 0.257846
vt 0.492653 0.256617
vt 0.496137 0.255827
vt 0.507347 0.256617
vt 0.503863 0.255827
vt 0.510113 0.492154
vt 0.511888 0.490606
vt 0.487928 0.490091
vt 0.488112 0.490606
vt 0.489887 0.492154
vt 0.507347 0.493383
vt 0.503863 0.494173
vt 0.492653 0.493383
vt 0.496137 0.494173
vt 0.487500 0.261111
vt 0.488112 0.262828
vt 0.487500 0.488889
vt 0.488112 0.487172
vt 0.489887 0.264377
vt 0.492653 0.265606
vt 0.489887 0.485623
vt 0.492653 0.484394
vt 0.496137 0.266395
vt 0.496137 0.483605
vt 0.500000 0.266667
vt 0.500000 0.483333
vt 0.503863 0.266395
vt 0.503863 0.483605
vt 0.507347 0.265606
vt 0.507347 0.484394
vt 0.510113 0.264377
vt 0.510113 0.485624
vt 0.511888 0.262828
vt 0.511888 0.487172
vt 0.781250 1.000000
vt 0.296822 0.485388
vt 0.250000 0.490000
vt 0.203178 0.485388
vt 0.158156 0.471731
vt 0.116663 0.449553
vt 0.080294 0.419706
vt 0.050447 0.383337
vt 0.028269 0.341844
vt 0.014612 0.296822
vt 0.014612 0.203178
vt 0.028269 0.158156
vt 0.050447 0.116663
vt 0.080294 0.080294
vt 0.116663 0.050447
vt 0.203178 0.014612
vt 0.296822 0.014612
vt 0.341844 0.028269
vt 0.383337 0.050447
vt 0.419706 0.080294
vt 0.449553 0.116663
vt 0.485388 0.203178
vt 0.485388 0.296822
vt 0.471731 0.341844
vt 0.449553 0.383337
vt 0.383337 0.449553
vt 0.000000 1.000000
vt 0.750000 0.490000
vt 0.796822 0.485388
vt 0.841844 0.471731
vt 0.883337 0.449553
vt 0.919706 0.419706
vt 0.949553 0.383337
vt 0.971731 0.341844
vt 0.985388 0.296822
vt 0.990000 0.250000
vt 0.985388 0.203178
vt 0.971731 0.158156
vt 0.949553 0.116663
vt 0.919706 0.080294
vt 0.883337 0.050447
vt 0.750000 0.010000
vt 0.703178 0.014612
vt 0.658156 0.028269
vt 0.616663 0.050447
vt 0.580294 0.080294
vt 0.550447 0.116663
vt 0.510000 0.250000
vt 0.514612 0.296822
vt 0.528269 0.341844
vt 0.550447 0.383337
vt 0.616663 0.449553
vt 0.250000 0.490000
vt 0.080294 0.419706
vt 0.010000 0.250000
vt 0.250000 0.010000
vt 0.490000 0.250000
vt 0.750000 0.490000
vt 0.750000 0.010000
vt 0.375000 0.997391
vt 0.872391 0.750000
vt 0.619202 0.008230
vt 0.375000 0.252609
vt 0.872391 0.500000
vt 0.375000 0.996163
vt 0.375000 0.015654
vt 0.871163 0.750000
vt 0.609346 0.007901
vt 0.871163 0.500000
s 0
usemtl SensorBlue
f 4/1/1 5/2/1 1/3/1
f 8/4/2 6/5/2 4/1/2
f 7/6/3 8/7/3 2/8/3
f 11/9/4 9/10/4 7/11/4
f 10/12/5 11/9/5 3/13/5
f 10/14/6 6/5/6 12/15/6
f 6/5/7 9/16/7 12/15/7
f 16/17/8 17/18/8 13/19/8
f 16/17/9 21/20/9 18/21/9
f 19/22/10 20/23/10 14/24/10
f 23/25/11 21/26/11 19/27/11
f 22/28/12 23/25/12 15/29/12
f 22/28/13 18/30/13 24/31/13
f 18/21/14 21/20/14 24/32/14
f 28/33/15 29/34/15 25/35/15
f 32/36/16 30/37/16 28/33/16
f 31/38/17 32/39/17 26/40/17
f 35/41/18 33/42/18 31/38/18
f 34/43/19 35/41/19 27/44/19
f 34/45/20 30/37/20 36/46/20
f 30/37/21 33/47/21 36/46/21
f 40/48/22 41/49/22 37/50/22
f 44/51/23 42/52/23 40/53/23
f 43/54/24 44/51/24 38/55/24
f 47/56/25 45/57/25 43/54/25
f 46/58/26 47/56/26 39/59/26
f 46/58/27 42/52/27 48/60/27
f 42/52/28 45/57/28 48/60/28
f 52/61/29 53/62/29 49/63/29
f 56/64/30 54/65/30 52/61/30
f 55/66/31 56/64/31 50/67/31
f 59/68/32 57/69/32 55/66/32
f 58/70/33 59/68/33 51/71/33
f 58/70/34 54/65/34 60/72/34
f 54/65/35 57/69/35 60/72/35
f 64/73/36 65/74/36 61/75/36
f 68/76/37 66/77/37 64/73/37
f 67/78/38 68/76/38 62/79/38
f 71/80/39 69/81/39 67/78/39
f 70/82/40 71/80/40 63/83/40
f 70/82/41 66/77/41 72/84/41
f 66/77/42 69/81/42 72/84/42
f 76/85/43 77/86/43 73/87/43
f 80/88/44 78/89/44 76/85/44
f 79/90/45 80/88/45 74/91/45
f 83/92/46 81/93/46 79/90/46
f 82/94/47 83/92/47 75/95/47
f 82/94/48 78/89/48 84/96/48
f 78/89/49 81/93/49 84/96/49
f 88/97/50 89/98/50 85/99/50
f 92/100/51 90/101/51 88/97/51
f 91/102/52 92/100/52 86/103/52
f 95/104/53 93/105/53 91/102/53
f 94/106/54 95/104/54 87/107/54
f 94/106/55 90/101/55 96/108/55
f 90/101/56 93/105/56 96/108/56
f 1/3/57 28/33/57 25/35/57
f 5/2/58 32/36/58 28/33/58
f 10/12/59 26/40/59 32/39/59
f 13/19/60 7/6/60 2/8/60
f 17/109/61 11/9/61 7/11/61
f 22/28/62 3/13/62 11/9/62
f 37/50/63 19/22/63 14/24/63
f 41/110/64 23/25/64 19/27/64
f 46/58/65 15/29/65 23/25/65
f 27/44/66 43/54/66 38/55/66
f 35/41/67 47/56/67 43/54/67
f 31/38/68 39/59/68 47/56/68
f 25/35/69 76/85/69 73/87/69
f 29/34/70 80/88/70 76/85/70
f 34/43/71 74/91/71 80/88/71
f 85/99/72 40/48/72 37/50/72
f 89/98/73 44/51/73 40/53/73
f 94/106/74 38/55/74 44/51/74
f 75/95/75 91/102/75 86/103/75
f 83/92/76 95/104/76 91/102/76
f 79/90/77 87/107/77 95/104/77
f 73/87/78 52/61/78 49/63/78
f 77/86/79 56/64/79 52/61/79
f 82/94/80 50/67/80 56/64/80
f 61/75/81 88/97/81 85/99/81
f 65/74/82 92/100/82 88/97/82
f 70/82/83 86/103/83 92/100/83
f 51/71/84 67/78/84 62/79/84
f 59/68/85 71/80/85 67/78/85
f 55/66/86 63/83/86 71/80/86
f 49/63/87 4/1/87 1/3/87
f 53/62/88 8/4/88 4/1/88
f 58/70/89 2/8/89 8/7/89
f 14/24/90 64/73/90 61/75/90
f 20/111/91 68/76/91 64/73/91
f 16/17/92 62/79/92 68/76/92
f 73/87/93 1/3/93 25/35/93
f 3/13/94 39/59/94 26/40/94
f 13/19/95 2/8/95 97/112/95
f 158/113/95 13/19/95 117/114/95
f 51/71/95 62/79/95 153/115/95
f 37/50/96 61/75/96 85/99/96
f 27/44/97 38/55/97 118/116/97
f 87/107/97 74/91/97 174/117/97
f 138/118/97 87/107/97 179/119/97
f 75/95/98 63/83/98 50/67/98
f 117/120/99 130/121/99 109/122/99
f 109/122/100 128/123/100 115/124/100
f 115/124/58 135/125/58 110/126/58
f 135/125/101 113/127/101 110/126/101
f 134/128/102 111/129/102 113/127/102
f 132/130/103 112/131/103 111/129/103
f 133/132/104 114/133/104 112/131/104
f 107/134/64 131/135/64 136/136/64
f 108/137/105 136/136/105 129/138/105
f 116/139/106 129/138/106 137/140/106
f 122/141/107 102/142/107 116/139/107
f 104/143/108 122/141/108 125/144/108
f 98/145/82 125/144/82 119/146/82
f 98/145/109 120/147/109 99/148/109
f 99/148/110 118/149/110 97/150/110
f 97/150/111 121/151/111 100/152/111
f 100/152/112 127/153/112 106/154/112
f 106/154/79 126/155/79 105/156/79
f 105/156/113 124/157/113 103/158/113
f 117/159/114 124/157/114 123/160/114
f 151/161/99 179/162/99 173/163/99
f 152/122/100 170/123/100 149/164/100
f 149/164/58 178/125/58 157/126/58
f 178/125/101 154/127/101 157/126/101
f 175/165/102 153/166/102 154/127/102
f 174/167/103 156/131/103 153/166/103
f 177/132/104 155/133/104 156/131/104
f 148/168/64 176/135/64 169/169/64
f 150/170/105 169/169/105 172/138/105
f 159/139/106 172/138/106 171/171/106
f 145/172/107 180/140/107 165/173/107
f 143/143/108 165/173/108 166/174/108
f 141/145/82 166/174/82 162/146/82
f 141/145/109 160/147/109 139/175/109
f 139/175/110 161/176/110 140/150/110
f 140/150/111 163/151/111 142/152/111
f 142/152/112 168/153/112 147/154/112
f 147/154/79 164/177/79 146/178/79
f 146/178/113 167/157/113 144/179/113
f 144/179/114 179/180/114 158/159/114
f 4/1/312 6/5/312 5/2/312
f 8/4/2 9/16/2 6/5/2
f 7/6/313 9/719/313 8/7/313
f 11/9/4 12/720/4 9/10/4
f 10/12/314 12/720/314 11/9/314
f 10/14/6 5/2/6 6/5/6
f 16/17/315 18/21/315 17/18/315
f 16/17/9 20/111/9 21/20/9
f 19/22/316 21/721/316 20/23/316
f 23/25/11 24/31/11 21/26/11
f 22/28/317 24/31/317 23/25/317
f 22/28/13 17/109/13 18/30/13
f 28/33/318 30/37/318 29/34/318
f 32/36/16 33/47/16 30/37/16
f 31/38/319 33/42/319 32/39/319
f 35/41/18 36/722/18 33/42/18
f 34/43/320 36/722/320 35/41/320
f 34/45/20 29/34/20 30/37/20
f 40/48/321 42/723/321 41/49/321
f 44/51/23 45/57/23 42/52/23
f 43/54/322 45/57/322 44/51/322
f 47/56/25 48/60/25 45/57/25
f 46/58/323 48/60/323 47/56/323
f 46/58/27 41/110/27 42/52/27
f 52/61/324 54/65/324 53/62/324
f 56/64/30 57/69/30 54/65/30
f 55/66/325 57/69/325 56/64/325
f 59/68/32 60/72/32 57/69/32
f 58/70/326 60/72/326 59/68/326
f 58/70/34 53/62/34 54/65/34
f 64/73/327 66/77/327 65/74/327
f 68/76/37 69/81/37 66/77/37
f 67/78/328 69/81/328 68/76/328
f 71/80/39 72/84/39 69/81/39
f 70/82/329 72/84/329 71/80/329
f 70/82/41 65/74/41 66/77/41
f 76/85/330 78/89/330 77/86/330
f 80/88/44 81/93/44 78/89/44
f 79/90/331 81/93/331 80/88/331
f 83/92/46 84/96/46 81/93/46
f 82/94/332 84/96/332 83/92/332
f 82/94/48 77/86/48 78/89/48
f 88/97/333 90/101/333 89/98/333
f 92/100/51 93/105/51 90/101/51
f 91/102/334 93/105/334 92/100/334
f 95/104/53 96/108/53 93/105/53
f 94/106/335 96/108/335 95/104/335
f 94/106/55 89/98/55 90/101/55
f 1/3/297 5/2/297 28/33/297
f 5/2/58 10/14/58 32/36/58
f 10/12/59 3/13/59 26/40/59
f 13/19/60 17/18/60 7/6/60
f 17/109/61 22/28/61 11/9/61
f 22/28/62 15/29/62 3/13/62
f 37/50/298 41/49/298 19/22/298
f 41/110/64 46/58/64 23/25/64
f 46/58/65 39/59/65 15/29/65
f 27/44/66 35/41/66 43/54/66
f 35/41/67 31/38/67 47/56/67
f 31/38/68 26/40/68 39/59/68
f 25/35/69 29/34/69 76/85/69
f 29/34/70 34/45/70 80/88/70
f 34/43/71 27/44/71 74/91/71
f 85/99/72 89/98/72 40/48/72
f 89/98/73 94/106/73 44/51/73
f 94/106/74 87/107/74 38/55/74
f 75/95/75 83/92/75 91/102/75
f 83/92/76 79/90/76 95/104/76
f 79/90/77 74/91/77 87/107/77
f 73/87/299 77/86/299 52/61/299
f 77/86/79 82/94/79 56/64/79
f 82/94/80 75/95/80 50/67/80
f 61/75/300 65/74/300 88/97/300
f 65/74/82 70/82/82 92/100/82
f 70/82/83 63/83/83 86/103/83
f 51/71/84 59/68/84 67/78/84
f 59/68/85 55/66/85 71/80/85
f 55/66/86 50/67/86 63/83/86
f 49/63/87 53/62/87 4/1/87
f 53/62/88 58/70/88 8/4/88
f 58/70/89 51/71/89 2/8/89
f 14/24/90 20/23/90 64/73/90
f 20/111/91 16/17/91 68/76/91
f 16/17/92 13/19/92 62/79/92
f 73/87/93 49/63/93 1/3/93
f 3/13/94 15/29/94 39/59/94
f 105/724/95 103/725/95 13/19/95
f 2/8/95 102/726/95 101/727/95
f 2/8/95 101/727/95 104/728/95
f 106/729/95 105/724/95 13/19/95
f 100/730/95 106/729/95 13/19/95
f 2/8/95 104/728/95 98/731/95
f 2/8/95 98/731/95 99/732/95
f 97/112/95 100/730/95 13/19/95
f 2/8/95 99/732/95 97/112/95
f 116/733/95 102/726/95 2/8/95
f 2/8/95 51/71/95 150/734/95
f 2/8/95 150/734/95 159/735/95
f 108/736/95 116/733/95 2/8/95
f 107/737/95 108/736/95 2/8/95
f 2/8/95 159/735/95 145/738/95
f 2/8/95 145/738/95 143/739/95
f 114/740/95 107/737/95 2/8/95
f 112/741/95 114/740/95 2/8/95
f 2/8/95 143/739/95 141/742/95
f 2/8/95 141/742/95 139/743/95
f 112/741/95 2/8/95 139/743/95
f 112/741/95 139/743/95 140/744/95
f 111/745/95 112/741/95 140/744/95
f 111/745/95 140/744/95 142/746/95
f 113/747/95 111/745/95 142/746/95
f 113/747/95 142/746/95 147/748/95
f 110/749/95 113/747/95 147/748/95
f 110/749/95 147/748/95 146/750/95
f 115/751/95 110/749/95 146/750/95
f 115/751/95 146/750/95 144/752/95
f 109/753/95 115/751/95 144/752/95
f 158/113/95 151/754/95 62/79/95
f 109/753/95 144/752/95 158/113/95
f 13/19/95 103/725/95 117/114/95
f 117/114/95 109/753/95 158/113/95
f 158/113/95 62/79/95 13/19/95
f 148/755/95 150/734/95 51/71/95
f 62/79/95 151/754/95 152/756/95
f 62/79/95 152/756/95 149/757/95
f 155/758/95 148/755/95 51/71/95
f 156/759/95 155/758/95 51/71/95
f 62/79/95 149/757/95 157/760/95
f 62/79/95 157/760/95 154/761/95
f 153/115/95 156/759/95 51/71/95
f 62/79/95 154/761/95 153/115/95
f 37/50/96 14/24/96 61/75/96
f 125/762/97 122/763/97 27/44/97
f 38/55/97 123/764/97 124/765/97
f 38/55/97 124/765/97 126/766/97
f 119/767/97 125/762/97 27/44/97
f 120/768/97 119/767/97 27/44/97
f 38/55/97 126/766/97 127/769/97
f 38/55/97 127/769/97 121/770/97
f 118/116/97 120/768/97 27/44/97
f 38/55/97 121/770/97 118/116/97
f 170/771/97 173/772/97 87/107/97
f 74/91/97 171/773/97 172/774/97
f 74/91/97 172/774/97 169/775/97
f 178/776/97 170/771/97 87/107/97
f 175/777/97 178/776/97 87/107/97
f 74/91/97 169/775/97 176/778/97
f 74/91/97 176/778/97 177/779/97
f 174/117/97 175/777/97 87/107/97
f 74/91/97 177/779/97 174/117/97
f 171/773/97 74/91/97 27/44/97
f 27/44/97 122/763/97 137/780/97
f 27/44/97 137/780/97 129/781/97
f 180/782/97 171/773/97 27/44/97
f 165/783/97 180/782/97 27/44/97
f 27/44/97 129/781/97 136/784/97
f 27/44/97 136/784/97 131/785/97
f 166/786/97 165/783/97 27/44/97
f 162/787/97 166/786/97 27/44/97
f 27/44/97 131/785/97 133/788/97
f 162/787/97 27/44/97 133/788/97
f 160/789/97 162/787/97 133/788/97
f 160/789/97 133/788/97 132/790/97
f 161/791/97 160/789/97 132/790/97
f 161/791/97 132/790/97 134/792/97
f 163/793/97 161/791/97 134/792/97
f 163/793/97 134/792/97 135/794/97
f 168/795/97 163/793/97 135/794/97
f 168/795/97 135/794/97 128/796/97
f 164/797/97 168/795/97 128/796/97
f 164/797/97 128/796/97 130/798/97
f 167/799/97 164/797/97 130/798/97
f 138/118/97 123/764/97 38/55/97
f 167/799/97 130/798/97 138/118/97
f 87/107/97 173/772/97 179/119/97
f 179/119/97 167/799/97 138/118/97
f 138/118/97 38/55/97 87/107/97
f 75/95/98 86/103/98 63/83/98
f 117/120/99 138/162/99 130/121/99
f 109/122/100 130/121/100 128/123/100
f 115/124/58 128/123/58 135/125/58
f 135/125/101 134/128/101 113/127/101
f 134/128/102 132/130/102 111/129/102
f 132/130/103 133/132/103 112/131/103
f 133/132/104 131/135/104 114/133/104
f 107/134/64 114/133/64 131/135/64
f 108/137/105 107/134/105 136/136/105
f 116/139/106 108/137/106 129/138/106
f 116/139/107 137/140/107 122/141/107
f 122/141/107 101/172/107 102/142/107
f 104/143/108 101/172/108 122/141/108
f 98/145/82 104/143/82 125/144/82
f 98/145/109 119/146/109 120/147/109
f 99/148/110 120/147/110 118/149/110
f 97/150/111 118/149/111 121/151/111
f 100/152/112 121/151/112 127/153/112
f 106/154/79 127/153/79 126/155/79
f 105/156/113 126/155/113 124/157/113
f 123/160/114 138/180/114 117/159/114
f 117/159/114 103/158/114 124/157/114
f 173/163/99 152/122/99 151/161/99
f 151/161/99 158/120/99 179/162/99
f 152/122/100 173/163/100 170/123/100
f 149/164/58 170/123/58 178/125/58
f 178/125/101 175/165/101 154/127/101
f 175/165/102 174/167/102 153/166/102
f 174/167/103 177/132/103 156/131/103
f 177/132/104 176/135/104 155/133/104
f 148/168/64 155/133/64 176/135/64
f 150/170/105 148/168/105 169/169/105
f 171/171/106 180/140/106 159/139/106
f 159/139/106 150/170/106 172/138/106
f 145/172/107 159/139/107 180/140/107
f 143/143/108 145/172/108 165/173/108
f 141/145/82 143/143/82 166/174/82
f 141/145/109 162/146/109 160/147/109
f 139/175/110 160/147/110 161/176/110
f 140/150/111 161/176/111 163/151/111
f 142/152/112 163/151/112 168/153/112
f 147/154/79 168/153/79 164/177/79
f 146/178/113 164/177/113 167/157/113
f 144/179/114 167/157/114 179/180/114
usemtl Silver
f 188/181/115 183/182/115 182/183/115
f 189/184/116 181/185/116 183/186/116
f 191/187/117 186/188/117 192/189/117
f 192/190/118 184/191/118 190/192/118
f 194/193/119 189/194/119 188/181/119
f 195/195/120 187/196/120 189/184/120
f 197/197/121 192/189/121 198/198/121
f 192/190/122 196/199/122 198/200/122
f 200/201/123 195/202/123 194/193/123
f 201/203/124 193/204/124 195/195/124
f 203/205/125 198/198/125 204/206/125
f 198/200/126 202/207/126 204/208/126
f 200/201/127 207/209/127 201/210/127
f 207/211/128 199/212/128 201/203/128
f 209/213/129 204/206/129 210/214/129
f 210/215/130 202/207/130 208/216/130
f 212/217/131 207/209/131 206/218/131
f 207/211/132 211/219/132 205/220/132
f 209/213/133 216/221/133 215/222/133
f 210/215/134 214/223/134 216/224/134
f 218/225/135 213/226/135 212/217/135
f 219/227/136 211/219/136 213/228/136
f 221/229/137 216/221/137 222/230/137
f 216/224/138 220/231/138 222/232/138
f 224/233/139 219/234/139 218/225/139
f 225/235/140 217/236/140 219/227/140
f 221/229/141 228/237/141 227/238/141
f 228/239/142 220/231/142 226/240/142
f 224/233/143 231/241/143 225/242/143
f 225/235/144 229/243/144 223/244/144
f 227/238/145 234/245/145 233/246/145
f 228/239/146 232/247/146 234/248/146
f 236/249/147 231/241/147 230/250/147
f 237/251/148 229/243/148 231/252/148
f 239/253/149 234/245/149 240/254/149
f 240/255/150 232/247/150 238/256/150
f 236/249/151 243/257/151 237/258/151
f 243/259/152 235/260/152 237/251/152
f 239/253/153 246/261/153 245/262/153
f 240/255/154 244/263/154 246/264/154
f 242/265/155 249/266/155 243/257/155
f 249/267/156 241/268/156 243/259/156
f 245/262/157 252/269/157 251/270/157
f 252/271/158 244/263/158 250/272/158
f 254/273/159 249/266/159 248/274/159
f 255/275/160 247/276/160 249/267/160
f 251/270/161 258/277/161 257/278/161
f 252/271/162 256/279/162 258/280/162
f 254/273/163 261/281/163 255/282/163
f 255/275/164 259/283/164 253/284/164
f 257/278/165 264/285/165 263/286/165
f 258/280/166 262/287/166 264/288/166
f 266/289/167 261/281/167 260/290/167
f 267/291/168 259/283/168 261/292/168
f 263/286/169 270/293/169 269/294/169
f 270/295/170 262/287/170 268/296/170
f 266/289/171 273/297/171 267/298/171
f 267/291/172 271/299/172 265/300/172
f 269/294/173 276/301/173 275/302/173
f 270/295/174 274/303/174 276/304/174
f 272/305/175 279/306/175 273/297/175
f 273/307/176 277/308/176 271/299/176
f 275/302/177 282/309/177 281/310/177
f 276/304/178 280/311/178 282/312/178
f 284/313/179 279/306/179 278/314/179
f 285/315/180 277/308/180 279/316/180
f 287/317/181 282/309/181 288/318/181
f 288/319/182 280/311/182 286/320/182
f 290/321/183 285/322/183 284/313/183
f 291/323/184 283/324/184 285/315/184
f 287/317/185 294/325/185 293/326/185
f 288/319/186 292/327/186 294/328/186
f 290/321/187 297/329/187 291/330/187
f 297/331/188 289/332/188 291/323/188
f 293/326/189 300/333/189 299/334/189
f 300/335/190 292/327/190 298/336/190
f 302/337/191 297/329/191 296/338/191
f 303/339/192 295/340/192 297/331/192
f 305/341/193 300/333/193 306/342/193
f 300/335/194 304/343/194 306/344/194
f 308/345/195 303/346/195 302/337/195
f 309/347/196 301/348/196 303/339/196
f 311/349/197 306/342/197 312/350/197
f 306/344/198 310/351/198 312/352/198
f 314/353/199 309/354/199 308/345/199
f 315/355/200 307/356/200 309/347/200
f 311/349/201 318/357/201 317/358/201
f 318/359/202 310/351/202 316/360/202
f 320/361/203 315/362/203 314/353/203
f 315/355/204 319/363/204 313/364/204
f 317/358/205 324/365/205 323/366/205
f 318/359/206 322/367/206 324/368/206
f 320/361/207 327/369/207 321/370/207
f 321/371/208 325/372/208 319/363/208
f 323/366/209 330/373/209 329/374/209
f 324/368/210 328/375/210 330/376/210
f 332/377/211 327/369/211 326/378/211
f 333/379/212 325/372/212 327/380/212
f 335/381/213 330/373/213 336/382/213
f 336/383/214 328/375/214 334/384/214
f 338/385/215 333/386/215 332/377/215
f 339/387/216 331/388/216 333/379/216
f 335/381/217 342/389/217 341/390/217
f 336/383/218 340/391/218 342/392/218
f 338/385/219 345/393/219 339/394/219
f 339/387/220 343/395/220 337/396/220
f 341/390/221 348/397/221 347/398/221
f 348/399/222 340/391/222 346/400/222
f 344/401/223 351/402/223 345/393/223
f 351/403/224 343/395/224 345/404/224
f 353/405/225 348/397/225 354/406/225
f 354/407/226 346/400/226 352/408/226
f 350/409/227 357/410/227 351/402/227
f 351/403/228 355/411/228 349/412/228
f 353/405/229 360/413/229 359/414/229
f 360/415/230 352/408/230 358/416/230
f 362/417/231 357/410/231 356/418/231
f 357/419/232 361/420/232 355/411/232
f 359/414/233 366/421/233 365/422/233
f 360/415/234 364/423/234 366/424/234
f 362/417/235 369/425/235 363/426/235
f 363/427/236 367/428/236 361/420/236
f 371/429/237 366/421/237 372/430/237
f 372/431/238 364/423/238 370/432/238
f 368/433/239 183/434/239 369/425/239
f 369/435/240 181/185/240 367/428/240
f 371/429/241 186/436/241 185/437/241
f 372/431/242 184/191/242 186/438/242
f 271/299/97 319/363/97 367/428/97
f 185/439/243 188/181/243 182/183/243
f 371/429/244 182/440/244 368/433/244
f 292/327/95 244/263/95 196/199/95
f 191/187/245 194/193/245 188/181/245
f 197/197/246 200/201/246 194/193/246
f 203/205/247 206/218/247 200/201/247
f 209/213/248 212/217/248 206/218/248
f 215/222/249 218/225/249 212/217/249
f 221/229/250 224/233/250 218/225/250
f 227/238/251 230/250/251 224/233/251
f 233/246/252 236/249/252 230/250/252
f 239/253/253 242/265/253 236/249/253
f 245/262/254 248/274/254 242/265/254
f 251/270/255 254/273/255 248/274/255
f 257/278/256 260/290/256 254/273/256
f 263/286/257 266/289/257 260/290/257
f 269/294/258 272/305/258 266/289/258
f 275/302/259 278/314/259 272/305/259
f 281/310/260 284/313/260 278/314/260
f 284/313/261 293/326/261 290/321/261
f 293/326/262 296/338/262 290/321/262
f 299/334/263 302/337/263 296/338/263
f 305/341/264 308/345/264 302/337/264
f 308/345/265 317/358/265 314/353/265
f 317/358/266 320/361/266 314/353/266
f 323/366/267 326/378/267 320/361/267
f 329/374/268 332/377/268 326/378/268
f 335/381/269 338/385/269 332/377/269
f 341/390/270 344/401/270 338/385/270
f 347/398/271 350/409/271 344/401/271
f 353/405/272 356/418/272 350/409/272
f 356/418/273 365/422/273 362/417/273
f 362/417/274 371/429/274 368/433/274
f 444/181/115 439/182/115 438/183/115
f 445/184/116 437/185/116 439/186/116
f 447/187/117 442/188/117 448/189/117
f 448/190/118 440/191/118 446/192/118
f 450/193/119 445/194/119 444/181/119
f 451/195/120 443/196/120 445/184/120
f 447/187/121 454/198/121 453/197/121
f 448/190/122 452/199/122 454/200/122
f 450/193/123 457/210/123 451/202/123
f 457/203/124 449/204/124 451/195/124
f 459/205/125 454/198/125 460/206/125
f 460/208/126 452/199/126 458/207/126
f 462/218/127 457/210/127 456/201/127
f 463/211/128 455/212/128 457/203/128
f 465/213/129 460/206/129 466/214/129
f 460/208/130 464/216/130 466/215/130
f 468/217/131 463/209/131 462/218/131
f 463/211/132 467/219/132 461/220/132
f 465/213/133 472/221/133 471/485/133
f 466/215/134 470/223/134 472/224/134
f 474/225/135 469/226/135 468/217/135
f 475/227/136 467/219/136 469/228/136
f 471/485/137 478/230/137 477/229/137
f 472/224/138 476/231/138 478/232/138
f 480/233/139 475/234/139 474/225/139
f 475/227/140 479/244/140 473/236/140
f 477/229/141 484/237/141 483/238/141
f 478/232/142 482/240/142 484/239/142
f 480/233/143 487/241/143 481/242/143
f 481/235/144 485/243/144 479/244/144
f 483/238/145 490/245/145 489/246/145
f 484/239/146 488/247/146 490/248/146
f 492/249/147 487/241/147 486/250/147
f 493/251/148 485/243/148 487/252/148
f 495/253/149 490/245/149 496/254/149
f 496/255/150 488/247/150 494/256/150
f 498/265/151 493/258/151 492/249/151
f 499/259/152 491/260/152 493/251/152
f 495/253/153 502/261/153 501/262/153
f 496/255/154 500/263/154 502/264/154
f 498/265/155 505/266/155 499/257/155
f 499/259/156 503/276/156 497/268/156
f 501/262/157 508/269/157 507/486/157
f 502/264/158 506/272/158 508/271/158
f 510/273/159 505/266/159 504/487/159
f 505/267/160 509/284/160 503/276/160
f 507/486/161 514/277/161 513/278/161
f 514/280/162 506/272/162 512/279/162
f 516/290/163 511/282/163 510/273/163
f 511/275/164 515/283/164 509/284/164
f 513/278/165 520/285/165 519/286/165
f 514/280/166 518/287/166 520/288/166
f 522/289/167 517/281/167 516/290/167
f 517/292/168 521/300/168 515/283/168
f 525/294/169 520/285/169 526/293/169
f 520/288/170 524/296/170 526/295/170
f 528/305/171 523/298/171 522/289/171
f 523/291/172 527/299/172 521/300/172
f 531/302/173 526/293/173 532/301/173
f 526/295/174 530/303/174 532/304/174
f 528/305/175 535/306/175 529/297/175
f 529/307/176 533/308/176 527/299/176
f 531/302/177 538/309/177 537/310/177
f 532/304/178 536/311/178 538/312/178
f 540/488/179 535/306/179 534/314/179
f 541/315/180 533/308/180 535/316/180
f 543/317/181 538/309/181 544/318/181
f 544/319/182 536/311/182 542/320/182
f 546/321/183 541/322/183 540/488/183
f 547/323/184 539/324/184 541/315/184
f 549/326/185 544/318/185 550/325/185
f 550/328/186 542/320/186 548/327/186
f 546/321/187 553/329/187 547/330/187
f 547/323/188 551/340/188 545/332/188
f 549/326/189 556/333/189 555/334/189
f 550/328/190 554/336/190 556/335/190
f 558/337/191 553/329/191 552/338/191
f 559/339/192 551/340/192 553/331/192
f 561/341/193 556/333/193 562/342/193
f 562/344/194 554/336/194 560/343/194
f 558/337/195 565/354/195 559/346/195
f 559/339/196 563/356/196 557/348/196
f 567/349/197 562/342/197 568/350/197
f 562/344/198 566/351/198 568/352/198
f 570/353/199 565/354/199 564/345/199
f 571/355/200 563/356/200 565/347/200
f 573/358/201 568/350/201 574/357/201
f 574/359/202 566/351/202 572/360/202
f 576/361/203 571/362/203 570/353/203
f 577/371/204 569/364/204 571/355/204
f 573/358/205 580/365/205 579/366/205
f 580/368/206 572/360/206 578/367/206
f 582/378/207 577/370/207 576/361/207
f 577/371/208 581/372/208 575/363/208
f 579/366/209 586/373/209 585/374/209
f 580/368/210 584/375/210 586/376/210
f 588/377/211 583/369/211 582/378/211
f 589/379/212 581/372/212 583/380/212
f 591/381/213 586/373/213 592/382/213
f 592/383/214 584/375/214 590/384/214
f 588/377/215 595/394/215 589/386/215
f 595/387/216 587/388/216 589/379/216
f 591/381/217 598/389/217 597/390/217
f 592/383/218 596/391/218 598/392/218
f 600/401/219 595/394/219 594/385/219
f 601/404/220 593/396/220 595/387/220
f 597/390/221 604/397/221 603/398/221
f 604/399/222 596/391/222 602/400/222
f 600/401/223 607/402/223 601/393/223
f 607/403/224 599/395/224 601/404/224
f 609/405/225 604/397/225 610/406/225
f 604/399/226 608/408/226 610/407/226
f 612/418/227 607/402/227 606/409/227
f 607/403/228 611/411/228 605/412/228
f 609/405/229 616/413/229 615/414/229
f 610/407/230 614/416/230 616/415/230
f 612/418/231 619/426/231 613/410/231
f 613/419/232 617/420/232 611/411/232
f 615/414/233 622/421/233 621/422/233
f 622/424/234 614/416/234 620/423/234
f 618/417/235 625/425/235 619/426/235
f 625/435/236 617/420/236 619/427/236
f 621/422/237 628/430/237 627/429/237
f 628/431/238 620/423/238 626/432/238
f 624/433/239 439/434/239 625/425/239
f 439/186/240 623/428/240 625/435/240
f 627/429/241 442/436/241 441/437/241
f 628/431/242 440/191/242 442/438/242
f 527/299/97 575/363/97 623/428/97
f 441/439/243 444/181/243 438/183/243
f 627/429/244 438/440/244 624/433/244
f 548/327/95 500/263/95 452/199/95
f 447/187/245 450/193/245 444/181/245
f 453/197/246 456/201/246 450/193/246
f 459/205/247 462/218/247 456/201/247
f 462/218/248 471/485/248 468/217/248
f 471/485/249 474/225/249 468/217/249
f 477/229/250 480/233/250 474/225/250
f 483/238/251 486/250/251 480/233/251
f 489/246/252 492/249/252 486/250/252
f 495/253/253 498/265/253 492/249/253
f 501/262/254 504/487/254 498/265/254
f 507/486/255 510/273/255 504/487/255
f 513/278/256 516/290/256 510/273/256
f 519/286/257 522/289/257 516/290/257
f 525/294/258 528/305/258 522/289/258
f 531/302/259 534/314/259 528/305/259
f 537/310/260 540/488/260 534/314/260
f 540/488/261 549/326/261 546/321/261
f 549/326/262 552/338/262 546/321/262
f 552/338/263 561/341/263 558/337/263
f 561/341/264 564/345/264 558/337/264
f 567/349/265 570/353/265 564/345/265
f 573/358/266 576/361/266 570/353/266
f 579/366/267 582/378/267 576/361/267
f 585/374/268 588/377/268 582/378/268
f 591/381/269 594/385/269 588/377/269
f 597/390/270 600/401/270 594/385/270
f 603/398/271 606/409/271 600/401/271
f 606/409/272 615/414/272 612/418/272
f 612/418/273 621/422/273 618/417/273
f 618/417/274 627/429/274 624/433/274
f 694/441/275 695/202/275 693/443/275
f 696/198/276 697/209/276 695/202/276
f 698/214/277 699/445/277 697/209/277
f 700/230/278 701/448/278 699/445/278
f 702/447/279 703/257/279 701/448/279
f 704/261/280 705/282/280 703/257/280
f 706/452/281 707/455/281 705/282/281
f 708/293/282 709/456/282 707/455/282
f 710/457/283 711/330/283 709/456/283
f 712/325/284 713/346/284 711/330/284
f 714/462/285 715/465/285 713/346/285
f 716/357/286 717/468/286 715/465/286
f 718/469/287 719/394/287 717/468/287
f 720/389/288 721/402/288 719/394/288
f 714/489/98 706/490/98 698/491/98
f 722/406/289 723/474/289 721/402/289
f 724/478/290 693/481/290 723/474/290
f 707/492/94 715/493/94 723/494/94
f 188/181/115 189/194/115 183/182/115
f 189/184/116 187/196/116 181/185/116
f 191/187/117 185/439/117 186/188/117
f 192/190/118 186/438/118 184/191/118
f 194/193/119 195/202/119 189/194/119
f 195/195/120 193/204/120 187/196/120
f 197/197/121 191/187/121 192/189/121
f 192/190/122 190/192/122 196/199/122
f 200/201/123 201/210/123 195/202/123
f 201/203/124 199/212/124 193/204/124
f 203/205/125 197/197/125 198/198/125
f 198/200/126 196/199/126 202/207/126
f 200/201/127 206/218/127 207/209/127
f 207/211/128 205/220/128 199/212/128
f 209/213/129 203/205/129 204/206/129
f 210/215/130 204/208/130 202/207/130
f 212/217/131 213/226/131 207/209/131
f 207/211/132 213/228/132 211/219/132
f 209/213/133 210/214/133 216/221/133
f 210/215/134 208/216/134 214/223/134
f 218/225/135 219/234/135 213/226/135
f 219/227/136 217/236/136 211/219/136
f 221/229/137 215/222/137 216/221/137
f 216/224/138 214/223/138 220/231/138
f 224/233/139 225/242/139 219/234/139
f 225/235/140 223/244/140 217/236/140
f 221/229/141 222/230/141 228/237/141
f 228/239/142 222/232/142 220/231/142
f 224/233/143 230/250/143 231/241/143
f 225/235/144 231/252/144 229/243/144
f 227/238/145 228/237/145 234/245/145
f 228/239/146 226/240/146 232/247/146
f 236/249/147 237/258/147 231/241/147
f 237/251/148 235/260/148 229/243/148
f 239/253/149 233/246/149 234/245/149
f 240/255/150 234/248/150 232/247/150
f 236/249/151 242/265/151 243/257/151
f 243/259/152 241/268/152 235/260/152
f 239/253/153 240/254/153 246/261/153
f 240/255/154 238/256/154 244/263/154
f 242/265/155 248/274/155 249/266/155
f 249/267/156 247/276/156 241/268/156
f 245/262/157 246/261/157 252/269/157
f 252/271/158 246/264/158 244/263/158
f 254/273/159 255/282/159 249/266/159
f 255/275/160 253/284/160 247/276/160
f 251/270/161 252/269/161 258/277/161
f 252/271/162 250/272/162 256/279/162
f 254/273/163 260/290/163 261/281/163
f 255/275/164 261/292/164 259/283/164
f 257/278/165 258/277/165 264/285/165
f 258/280/166 256/279/166 262/287/166
f 266/289/167 267/298/167 261/281/167
f 267/291/168 265/300/168 259/283/168
f 263/286/169 264/285/169 270/293/169
f 270/295/170 264/288/170 262/287/170
f 266/289/171 272/305/171 273/297/171
f 267/291/172 273/307/172 271/299/172
f 269/294/173 270/293/173 276/301/173
f 270/295/174 268/296/174 274/303/174
f 272/305/175 278/314/175 279/306/175
f 273/307/176 279/316/176 277/308/176
f 275/302/177 276/301/177 282/309/177
f 276/304/178 274/303/178 280/311/178
f 284/313/179 285/322/179 279/306/179
f 285/315/180 283/324/180 277/308/180
f 287/317/181 281/310/181 282/309/181
f 288/319/182 282/312/182 280/311/182
f 290/321/183 291/330/183 285/322/183
f 291/323/184 289/332/184 283/324/184
f 287/317/185 288/318/185 294/325/185
f 288/319/186 286/320/186 292/327/186
f 290/321/187 296/338/187 297/329/187
f 297/331/188 295/340/188 289/332/188
f 293/326/189 294/325/189 300/333/189
f 300/335/190 294/328/190 292/327/190
f 302/337/191 303/346/191 297/329/191
f 303/339/192 301/348/192 295/340/192
f 305/341/193 299/334/193 300/333/193
f 300/335/194 298/336/194 304/343/194
f 308/345/195 309/354/195 303/346/195
f 309/347/196 307/356/196 301/348/196
f 311/349/197 305/341/197 306/342/197
f 306/344/198 304/343/198 310/351/198
f 314/353/199 315/362/199 309/354/199
f 315/355/200 313/364/200 307/356/200
f 311/349/201 312/350/201 318/357/201
f 318/359/202 312/352/202 310/351/202
f 320/361/203 321/370/203 315/362/203
f 315/355/204 321/371/204 319/363/204
f 317/358/205 318/357/205 324/365/205
f 318/359/206 316/360/206 322/367/206
f 320/361/207 326/378/207 327/369/207
f 321/371/208 327/380/208 325/372/208
f 323/366/209 324/365/209 330/373/209
f 324/368/210 322/367/210 328/375/210
f 332/377/211 333/386/211 327/369/211
f 333/379/212 331/388/212 325/372/212
f 335/381/213 329/374/213 330/373/213
f 336/383/214 330/376/214 328/375/214
f 338/385/215 339/394/215 333/386/215
f 339/387/216 337/396/216 331/388/216
f 335/381/217 336/382/217 342/389/217
f 336/383/218 334/384/218 340/391/218
f 338/385/219 344/401/219 345/393/219
f 339/387/220 345/404/220 343/395/220
f 341/390/221 342/389/221 348/397/221
f 348/399/222 342/392/222 340/391/222
f 344/401/223 350/409/223 351/402/223
f 351/403/224 349/412/224 343/395/224
f 353/405/225 347/398/225 348/397/225
f 354/407/226 348/399/226 346/400/226
f 350/409/227 356/418/227 357/410/227
f 351/403/228 357/419/228 355/411/228
f 353/405/229 354/406/229 360/413/229
f 360/415/230 354/407/230 352/408/230
f 362/417/231 363/426/231 357/410/231
f 357/419/232 363/427/232 361/420/232
f 359/414/233 360/413/233 366/421/233
f 360/415/234 358/416/234 364/423/234
f 362/417/235 368/433/235 369/425/235
f 363/427/236 369/435/236 367/428/236
f 371/429/237 365/422/237 366/421/237
f 372/431/238 366/424/238 364/423/238
f 368/433/239 182/440/239 183/434/239
f 369/435/240 183/186/240 181/185/240
f 371/429/241 372/430/241 186/436/241
f 372/431/242 370/432/242 184/191/242
f 367/428/97 181/185/97 187/196/97
f 187/196/97 193/204/97 199/212/97
f 199/212/97 205/220/97 211/219/97
f 211/219/97 217/236/97 223/244/97
f 223/244/97 229/243/97 235/260/97
f 235/260/97 241/268/97 247/276/97
f 247/276/97 253/284/97 259/283/97
f 259/283/97 265/300/97 271/299/97
f 271/299/97 277/308/97 283/324/97
f 283/324/97 289/332/97 295/340/97
f 295/340/97 301/348/97 307/356/97
f 307/356/97 313/364/97 319/363/97
f 319/363/97 325/372/97 331/388/97
f 331/388/97 337/396/97 343/395/97
f 343/395/97 349/412/97 355/411/97
f 355/411/97 361/420/97 367/428/97
f 367/428/97 187/196/97 199/212/97
f 199/212/97 211/219/97 223/244/97
f 223/244/97 235/260/97 247/276/97
f 247/276/97 259/283/97 271/299/97
f 271/299/97 283/324/97 295/340/97
f 295/340/97 307/356/97 319/363/97
f 319/363/97 331/388/97 343/395/97
f 343/395/97 355/411/97 367/428/97
f 367/428/97 199/212/97 223/244/97
f 223/244/97 247/276/97 271/299/97
f 271/299/97 295/340/97 319/363/97
f 319/363/97 343/395/97 367/428/97
f 367/428/97 223/244/97 271/299/97
f 185/439/243 191/187/243 188/181/243
f 371/429/244 185/437/244 182/440/244
f 196/199/95 190/192/95 184/191/95
f 184/191/95 370/432/95 364/423/95
f 364/423/95 358/416/95 352/408/95
f 352/408/95 346/400/95 340/391/95
f 340/391/95 334/384/95 328/375/95
f 328/375/95 322/367/95 316/360/95
f 316/360/95 310/351/95 304/343/95
f 304/343/95 298/336/95 292/327/95
f 292/327/95 286/320/95 280/311/95
f 280/311/95 274/303/95 268/296/95
f 268/296/95 262/287/95 256/279/95
f 256/279/95 250/272/95 244/263/95
f 244/263/95 238/256/95 232/247/95
f 232/247/95 226/240/95 220/231/95
f 220/231/95 214/223/95 208/216/95
f 208/216/95 202/207/95 196/199/95
f 196/199/95 184/191/95 364/423/95
f 364/423/95 352/408/95 340/391/95
f 340/391/95 328/375/95 316/360/95
f 316/360/95 304/343/95 292/327/95
f 292/327/95 280/311/95 268/296/95
f 268/296/95 256/279/95 244/263/95
f 244/263/95 232/247/95 220/231/95
f 220/231/95 208/216/95 196/199/95
f 196/199/95 364/423/95 340/391/95
f 340/391/95 316/360/95 292/327/95
f 292/327/95 268/296/95 244/263/95
f 244/263/95 220/231/95 196/199/95
f 196/199/95 340/391/95 292/327/95
f 191/187/245 197/197/245 194/193/245
f 197/197/246 203/205/246 200/201/246
f 203/205/247 209/213/247 206/218/247
f 209/213/248 215/222/248 212/217/248
f 215/222/249 221/229/249 218/225/249
f 221/229/250 227/238/250 224/233/250
f 227/238/251 233/246/251 230/250/251
f 233/246/252 239/253/252 236/249/252
f 239/253/253 245/262/253 242/265/253
f 245/262/254 251/270/254 248/274/254
f 251/270/255 257/278/255 254/273/255
f 257/278/256 263/286/256 260/290/256
f 263/286/257 269/294/257 266/289/257
f 269/294/258 275/302/258 272/305/258
f 275/302/259 281/310/259 278/314/259
f 281/310/260 287/317/260 284/313/260
f 284/313/261 287/317/261 293/326/261
f 293/326/262 299/334/262 296/338/262
f 299/334/263 305/341/263 302/337/263
f 305/341/264 311/349/264 308/345/264
f 308/345/265 311/349/265 317/358/265
f 317/358/266 323/366/266 320/361/266
f 323/366/267 329/374/267 326/378/267
f 329/374/268 335/381/268 332/377/268
f 335/381/269 341/390/269 338/385/269
f 341/390/270 347/398/270 344/401/270
f 347/398/271 353/405/271 350/409/271
f 353/405/272 359/414/272 356/418/272
f 356/418/273 359/414/273 365/422/273
f 362/417/274 365/422/274 371/429/274
f 444/181/115 445/194/115 439/182/115
f 445/184/116 443/196/116 437/185/116
f 447/187/117 441/439/117 442/188/117
f 448/190/118 442/438/118 440/191/118
f 450/193/119 451/202/119 445/194/119
f 451/195/120 449/204/120 443/196/120
f 447/187/121 448/189/121 454/198/121
f 448/190/122 446/192/122 452/199/122
f 450/193/123 456/201/123 457/210/123
f 457/203/124 455/212/124 449/204/124
f 459/205/125 453/197/125 454/198/125
f 460/208/126 454/200/126 452/199/126
f 462/218/127 463/209/127 457/210/127
f 463/211/128 461/220/128 455/212/128
f 465/213/129 459/205/129 460/206/129
f 460/208/130 458/207/130 464/216/130
f 468/217/131 469/226/131 463/209/131
f 463/211/132 469/228/132 467/219/132
f 465/213/133 466/214/133 472/221/133
f 466/215/134 464/216/134 470/223/134
f 474/225/135 475/234/135 469/226/135
f 475/227/136 473/236/136 467/219/136
f 471/485/137 472/221/137 478/230/137
f 472/224/138 470/223/138 476/231/138
f 480/233/139 481/242/139 475/234/139
f 475/227/140 481/235/140 479/244/140
f 477/229/141 478/230/141 484/237/141
f 478/232/142 476/231/142 482/240/142
f 480/233/143 486/250/143 487/241/143
f 481/235/144 487/252/144 485/243/144
f 483/238/145 484/237/145 490/245/145
f 484/239/146 482/240/146 488/247/146
f 492/249/147 493/258/147 487/241/147
f 493/251/148 491/260/148 485/243/148
f 495/253/149 489/246/149 490/245/149
f 496/255/150 490/248/150 488/247/150
f 498/265/151 499/257/151 493/258/151
f 499/259/152 497/268/152 491/260/152
f 495/253/153 496/254/153 502/261/153
f 496/255/154 494/256/154 500/263/154
f 498/265/155 504/487/155 505/266/155
f 499/259/156 505/267/156 503/276/156
f 501/262/157 502/261/157 508/269/157
f 502/264/158 500/263/158 506/272/158
f 510/273/159 511/282/159 505/266/159
f 505/267/160 511/275/160 509/284/160
f 507/486/161 508/269/161 514/277/161
f 514/280/162 508/271/162 506/272/162
f 516/290/163 517/281/163 511/282/163
f 511/275/164 517/292/164 515/283/164
f 513/278/165 514/277/165 520/285/165
f 514/280/166 512/279/166 518/287/166
f 522/289/167 523/298/167 517/281/167
f 517/292/168 523/291/168 521/300/168
f 525/294/169 519/286/169 520/285/169
f 520/288/170 518/287/170 524/296/170
f 528/305/171 529/297/171 523/298/171
f 523/291/172 529/307/172 527/299/172
f 531/302/173 525/294/173 526/293/173
f 526/295/174 524/296/174 530/303/174
f 528/305/175 534/314/175 535/306/175
f 529/307/176 535/316/176 533/308/176
f 531/302/177 532/301/177 538/309/177
f 532/304/178 530/303/178 536/311/178
f 540/488/179 541/322/179 535/306/179
f 541/315/180 539/324/180 533/308/180
f 543/317/181 537/310/181 538/309/181
f 544/319/182 538/312/182 536/311/182
f 546/321/183 547/330/183 541/322/183
f 547/323/184 545/332/184 539/324/184
f 549/326/185 543/317/185 544/318/185
f 550/328/186 544/319/186 542/320/186
f 546/321/187 552/338/187 553/329/187
f 547/323/188 553/331/188 551/340/188
f 549/326/189 550/325/189 556/333/189
f 550/328/190 548/327/190 554/336/190
f 558/337/191 559/346/191 553/329/191
f 559/339/192 557/348/192 551/340/192
f 561/341/193 555/334/193 556/333/193
f 562/344/194 556/335/194 554/336/194
f 558/337/195 564/345/195 565/354/195
f 559/339/196 565/347/196 563/356/196
f 567/349/197 561/341/197 562/342/197
f 562/344/198 560/343/198 566/351/198
f 570/353/199 571/362/199 565/354/199
f 571/355/200 569/364/200 563/356/200
f 573/358/201 567/349/201 568/350/201
f 574/359/202 568/352/202 566/351/202
f 576/361/203 577/370/203 571/362/203
f 577/371/204 575/363/204 569/364/204
f 573/358/205 574/357/205 580/365/205
f 580/368/206 574/359/206 572/360/206
f 582/378/207 583/369/207 577/370/207
f 577/371/208 583/380/208 581/372/208
f 579/366/209 580/365/209 586/373/209
f 580/368/210 578/367/210 584/375/210
f 588/377/211 589/386/211 583/369/211
f 589/379/212 587/388/212 581/372/212
f 591/381/213 585/374/213 586/373/213
f 592/383/214 586/376/214 584/375/214
f 588/377/215 594/385/215 595/394/215
f 595/387/216 593/396/216 587/388/216
f 591/381/217 592/382/217 598/389/217
f 592/383/218 590/384/218 596/391/218
f 600/401/219 601/393/219 595/394/219
f 601/404/220 599/395/220 593/396/220
f 597/390/221 598/389/221 604/397/221
f 604/399/222 598/392/222 596/391/222
f 600/401/223 606/409/223 607/402/223
f 607/403/224 605/412/224 599/395/224
f 609/405/225 603/398/225 604/397/225
f 604/399/226 602/400/226 608/408/226
f 612/418/227 613/410/227 607/402/227
f 607/403/228 613/419/228 611/411/228
f 609/405/229 610/406/229 616/413/229
f 610/407/230 608/408/230 614/416/230
f 612/418/231 618/417/231 619/426/231
f 613/419/232 619/427/232 617/420/232
f 615/414/233 616/413/233 622/421/233
f 622/424/234 616/415/234 614/416/234
f 618/417/235 624/433/235 625/425/235
f 625/435/236 623/428/236 617/420/236
f 621/422/237 622/421/237 628/430/237
f 628/431/238 622/424/238 620/423/238
f 624/433/239 438/440/239 439/434/239
f 439/186/240 437/185/240 623/428/240
f 627/429/241 628/430/241 442/436/241
f 628/431/242 626/432/242 440/191/242
f 623/428/97 437/185/97 443/196/97
f 443/196/97 449/204/97 455/212/97
f 455/212/97 461/220/97 467/219/97
f 467/219/97 473/236/97 479/244/97
f 479/244/97 485/243/97 491/260/97
f 491/260/97 497/268/97 503/276/97
f 503/276/97 509/284/97 515/283/97
f 515/283/97 521/300/97 527/299/97
f 527/299/97 533/308/97 539/324/97
f 539/324/97 545/332/97 551/340/97
f 551/340/97 557/348/97 563/356/97
f 563/356/97 569/364/97 575/363/97
f 575/363/97 581/372/97 587/388/97
f 587/388/97 593/396/97 599/395/97
f 599/395/97 605/412/97 611/411/97
f 611/411/97 617/420/97 623/428/97
f 623/428/97 443/196/97 455/212/97
f 455/212/97 467/219/97 479/244/97
f 479/244/97 491/260/97 503/276/97
f 503/276/97 515/283/97 527/299/97
f 527/299/97 539/324/97 551/340/97
f 551/340/97 563/356/97 575/363/97
f 575/363/97 587/388/97 599/395/97
f 599/395/97 611/411/97 623/428/97
f 623/428/97 455/212/97 479/244/97
f 479/244/97 503/276/97 527/299/97
f 527/299/97 551/340/97 575/363/97
f 575/363/97 599/395/97 623/428/97
f 623/428/97 479/244/97 527/299/97
f 441/439/243 447/187/243 444/181/243
f 627/429/244 441/437/244 438/440/244
f 452/199/95 446/192/95 440/191/95
f 440/191/95 626/432/95 620/423/95
f 620/423/95 614/416/95 608/408/95
f 608/408/95 602/400/95 596/391/95
f 596/391/95 590/384/95 584/375/95
f 584/375/95 578/367/95 572/360/95
f 572/360/95 566/351/95 560/343/95
f 560/343/95 554/336/95 548/327/95
f 548/327/95 542/320/95 536/311/95
f 536/311/95 530/303/95 524/296/95
f 524/296/95 518/287/95 512/279/95
f 512/279/95 506/272/95 500/263/95
f 500/263/95 494/256/95 488/247/95
f 488/247/95 482/240/95 476/231/95
f 476/231/95 470/223/95 464/216/95
f 464/216/95 458/207/95 452/199/95
f 452/199/95 440/191/95 620/423/95
f 620/423/95 608/408/95 596/391/95
f 596/391/95 584/375/95 572/360/95
f 572/360/95 560/343/95 548/327/95
f 548/327/95 536/311/95 524/296/95
f 524/296/95 512/279/95 500/263/95
f 500/263/95 488/247/95 476/231/95
f 476/231/95 464/216/95 452/199/95
f 452/199/95 620/423/95 596/391/95
f 596/391/95 572/360/95 548/327/95
f 548/327/95 524/296/95 500/263/95
f 500/263/95 476/231/95 452/199/95
f 452/199/95 596/391/95 548/327/95
f 447/187/245 453/197/245 450/193/245
f 453/197/246 459/205/246 456/201/246
f 459/205/247 465/213/247 462/218/247
f 462/218/248 465/213/248 471/485/248
f 471/485/249 477/229/249 474/225/249
f 477/229/250 483/238/250 480/233/250
f 483/238/251 489/246/251 486/250/251
f 489/246/252 495/253/252 492/249/252
f 495/253/253 501/262/253 498/265/253
f 501/262/254 507/486/254 504/487/254
f 507/486/255 513/278/255 510/273/255
f 513/278/256 519/286/256 516/290/256
f 519/286/257 525/294/257 522/289/257
f 525/294/258 531/302/258 528/305/258
f 531/302/259 537/310/259 534/314/259
f 537/310/260 543/317/260 540/488/260
f 540/488/261 543/317/261 549/326/261
f 549/326/262 555/334/262 552/338/262
f 552/338/263 555/334/263 561/341/263
f 561/341/264 567/349/264 564/345/264
f 567/349/265 573/358/265 570/353/265
f 573/358/266 579/366/266 576/361/266
f 579/366/267 585/374/267 582/378/267
f 585/374/268 591/381/268 588/377/268
f 591/381/269 597/390/269 594/385/269
f 597/390/270 603/398/270 600/401/270
f 603/398/271 609/405/271 606/409/271
f 606/409/272 609/405/272 615/414/272
f 612/418/273 615/414/273 621/422/273
f 618/417/274 621/422/274 627/429/274
f 694/441/275 696/198/275 695/202/275
f 696/198/276 698/214/276 697/209/276
f 698/214/277 700/230/277 699/445/277
f 700/230/278 702/447/278 701/448/278
f 702/447/279 704/261/279 703/257/279
f 704/261/280 706/452/280 705/282/280
f 706/452/281 708/293/281 707/455/281
f 708/293/282 710/457/282 709/456/282
f 710/457/283 712/325/283 711/330/283
f 712/325/284 714/462/284 713/346/284
f 714/462/285 716/357/285 715/465/285
f 716/357/286 718/469/286 717/468/286
f 718/469/287 720/389/287 719/394/287
f 720/389/288 722/406/288 721/402/288
f 698/491/98 696/477/98 694/852/98
f 694/852/98 724/804/98 722/853/98
f 722/853/98 720/808/98 718/854/98
f 718/854/98 716/811/98 714/489/98
f 714/489/98 712/475/98 710/855/98
f 710/855/98 708/817/98 706/490/98
f 706/490/98 704/476/98 702/856/98
f 702/856/98 700/823/98 698/491/98
f 698/491/98 694/852/98 722/853/98
f 722/853/98 718/854/98 714/489/98
f 714/489/98 710/855/98 706/490/98
f 706/490/98 702/856/98 698/491/98
f 698/491/98 722/853/98 714/489/98
f 722/406/289 724/478/289 723/474/289
f 724/478/290 694/826/290 693/481/290
f 723/494/94 693/857/94 695/829/94
f 695/829/94 697/831/94 699/833/94
f 699/833/94 701/835/94 703/837/94
f 703/837/94 705/716/94 707/492/94
f 707/492/94 709/858/94 711/843/94
f 711/843/94 713/717/94 715/493/94
f 715/493/94 717/847/94 719/849/94
f 719/849/94 721/718/94 723/494/94
f 723/494/94 695/829/94 699/833/94
f 699/833/94 703/837/94 707/492/94
f 707/492/94 711/843/94 715/493/94
f 715/493/94 719/849/94 723/494/94
f 723/494/94 699/833/94 707/492/94
usemtl Black
f 374/441/243 375/442/243 373/443/243
f 376/444/245 377/202/245 375/442/245
f 378/198/246 379/210/246 377/202/246
f 380/206/247 381/209/247 379/210/247
f 382/214/248 383/226/248 381/209/248
f 384/221/249 385/445/249 383/226/249
f 386/230/250 387/446/250 385/445/250
f 387/446/251 390/447/251 389/448/251
f 389/448/252 392/449/252 391/450/252
f 392/449/253 393/257/253 391/450/253
f 394/261/254 395/266/254 393/257/254
f 396/451/255 397/282/255 395/266/255
f 398/452/256 399/453/256 397/282/256
f 400/454/257 401/455/257 399/453/257
f 402/293/258 403/297/258 401/455/258
f 404/301/259 405/456/259 403/297/259
f 406/457/260 407/458/260 405/456/260
f 408/459/261 409/330/261 407/458/261
f 410/325/262 411/460/262 409/330/262
f 412/461/263 413/346/263 411/460/263
f 414/462/264 415/463/264 413/346/264
f 416/464/265 417/465/265 415/463/265
f 418/357/266 419/466/266 417/465/266
f 420/467/267 421/468/267 419/466/267
f 422/469/268 423/386/268 421/468/268
f 424/470/269 425/394/269 423/386/269
f 426/389/270 427/471/270 425/394/270
f 428/397/271 429/402/271 427/471/271
f 430/406/272 431/472/272 429/402/272
f 432/473/273 433/474/273 431/472/273
f 410/475/95 394/476/95 378/477/95
f 434/478/274 435/479/274 433/474/274
f 436/480/244 373/481/244 435/479/244
f 403/482/97 419/483/97 435/484/97
f 630/441/243 631/442/243 629/443/243
f 632/444/245 633/202/245 631/442/245
f 634/198/246 635/210/246 633/202/246
f 636/206/247 637/209/247 635/210/247
f 638/214/248 639/226/248 637/209/248
f 640/221/249 641/445/249 639/226/249
f 642/230/250 643/446/250 641/445/250
f 643/446/251 646/447/251 645/448/251
f 645/448/252 648/449/252 647/450/252
f 648/449/253 649/257/253 647/450/253
f 650/261/254 651/266/254 649/257/254
f 652/451/255 653/282/255 651/266/255
f 654/452/256 655/453/256 653/282/256
f 656/454/257 657/455/257 655/453/257
f 658/293/258 659/297/258 657/455/258
f 660/301/259 661/456/259 659/297/259
f 662/457/260 663/458/260 661/456/260
f 664/459/261 665/330/261 663/458/261
f 666/325/262 667/460/262 665/330/262
f 668/461/263 669/346/263 667/460/263
f 670/462/264 671/463/264 669/346/264
f 672/464/265 673/465/265 671/463/265
f 674/357/266 675/466/266 673/465/266
f 676/467/267 677/468/267 675/466/267
f 678/469/268 679/386/268 677/468/268
f 680/470/269 681/394/269 679/386/269
f 682/389/270 683/471/270 681/394/270
f 684/397/271 685/402/271 683/471/271
f 686/406/272 687/472/272 685/402/272
f 688/473/273 689/474/273 687/472/273
f 666/475/95 650/476/95 634/477/95
f 690/478/274 691/479/274 689/474/274
f 692/480/244 629/481/244 691/479/244
f 659/482/97 675/483/97 691/484/97
f 728/495/1 729/496/1 725/497/1
f 728/495/2 733/498/2 730/499/2
f 731/500/3 732/501/3 726/502/3
f 731/503/4 736/504/4 733/10/4
f 734/505/5 735/506/5 727/507/5
f 729/496/6 736/508/6 734/509/6
f 730/499/291 733/498/291 736/508/291
f 740/510/8 741/511/8 737/512/8
f 740/510/9 745/513/9 742/514/9
f 743/515/10 744/516/10 738/517/10
f 743/518/11 748/519/11 745/26/11
f 746/520/12 747/521/12 739/522/12
f 741/523/13 748/519/13 746/520/13
f 742/514/14 745/513/14 748/524/14
f 752/525/15 753/526/15 749/527/15
f 752/525/16 757/528/16 754/529/16
f 755/530/17 756/531/17 750/532/17
f 759/533/18 757/534/18 755/530/18
f 758/535/19 759/533/19 751/536/19
f 753/526/20 760/537/20 758/538/20
f 754/529/292 757/528/292 760/537/292
f 764/539/22 765/540/22 761/541/22
f 768/542/23 766/543/23 764/544/23
f 767/545/24 768/542/24 762/546/24
f 767/545/25 772/547/25 769/548/25
f 770/549/26 771/550/26 763/551/26
f 765/552/27 772/547/27 770/549/27
f 766/543/293 769/548/293 772/547/293
f 776/553/29 777/554/29 773/555/29
f 776/553/30 781/556/30 778/557/30
f 779/558/31 780/559/31 774/560/31
f 783/561/32 781/556/32 779/558/32
f 782/562/33 783/561/33 775/563/33
f 777/554/34 784/564/34 782/562/34
f 778/557/294 781/556/294 784/564/294
f 788/565/36 789/566/36 785/567/36
f 792/568/37 790/569/37 788/565/37
f 791/570/38 792/568/38 786/571/38
f 791/570/39 796/572/39 793/573/39
f 794/574/40 795/575/40 787/576/40
f 789/566/41 796/572/41 794/574/41
f 790/569/42 793/573/42 796/572/42
f 800/577/43 801/578/43 797/579/43
f 800/577/44 805/580/44 802/581/44
f 803/582/45 804/583/45 798/584/45
f 803/582/46 808/585/46 805/580/46
f 806/586/47 807/587/47 799/588/47
f 801/578/48 808/585/48 806/586/48
f 802/581/295 805/580/295 808/585/295
f 812/589/50 813/590/50 809/591/50
f 812/589/51 817/592/51 814/593/51
f 815/594/52 816/595/52 810/596/52
f 819/597/53 817/592/53 815/594/53
f 818/598/54 819/597/54 811/599/54
f 818/598/55 814/593/55 820/600/55
f 814/593/296 817/592/296 820/600/296
f 725/497/297 752/525/297 749/527/297
f 729/496/58 756/601/58 752/525/58
f 734/505/59 750/532/59 756/531/59
f 737/512/60 731/500/60 726/502/60
f 741/523/61 735/506/61 731/503/61
f 746/520/62 727/507/62 735/506/62
f 761/541/298 743/515/298 738/517/298
f 765/552/64 747/521/64 743/518/64
f 770/549/65 739/522/65 747/521/65
f 751/536/66 767/545/66 762/546/66
f 759/533/67 771/550/67 767/545/67
f 755/530/68 763/551/68 771/550/68
f 749/527/69 800/577/69 797/579/69
f 753/526/70 804/583/70 800/577/70
f 758/535/71 798/584/71 804/583/71
f 809/591/72 764/539/72 761/541/72
f 813/590/73 768/542/73 764/544/73
f 818/598/74 762/546/74 768/542/74
f 799/588/75 815/594/75 810/596/75
f 807/587/76 819/597/76 815/594/76
f 803/582/77 811/599/77 819/597/77
f 797/579/299 776/553/299 773/555/299
f 801/578/79 780/559/79 776/553/79
f 806/586/80 774/560/80 780/559/80
f 785/567/300 812/589/300 809/591/300
f 789/566/82 816/595/82 812/589/82
f 794/574/83 810/596/83 816/595/83
f 775/563/84 791/570/84 786/571/84
f 783/561/85 795/575/85 791/570/85
f 795/575/86 774/560/86 787/576/86
f 773/555/87 728/495/87 725/497/87
f 777/554/88 732/602/88 728/495/88
f 782/562/89 726/502/89 732/501/89
f 738/517/90 788/565/90 785/567/90
f 744/603/91 792/568/91 788/565/91
f 740/510/92 786/571/92 792/568/92
f 797/579/93 725/497/93 749/527/93
f 739/522/94 750/532/94 727/507/94
f 786/571/95 726/502/95 775/563/95
f 761/541/96 785/567/96 809/591/96
f 762/546/97 798/584/97 751/536/97
f 810/596/98 774/560/98 799/588/98
f 824/604/1 825/605/1 821/606/1
f 824/604/2 829/607/2 826/608/2
f 827/609/3 828/610/3 822/611/3
f 831/612/4 829/10/4 827/613/4
f 830/614/5 831/612/5 823/615/5
f 830/616/6 826/608/6 832/617/6
f 826/608/7 829/607/7 832/617/7
f 836/618/8 837/619/8 833/620/8
f 840/621/9 838/622/9 836/618/9
f 839/623/10 840/624/10 834/625/10
f 839/626/11 844/627/11 841/26/11
f 842/628/12 843/629/12 835/630/12
f 837/631/13 844/627/13 842/628/13
f 838/622/14 841/632/14 844/633/14
f 848/634/15 849/635/15 845/636/15
f 852/637/16 850/638/16 848/634/16
f 851/639/17 852/640/17 846/641/17
f 851/639/18 856/642/18 853/643/18
f 854/644/19 855/645/19 847/646/19
f 849/635/20 856/647/20 854/648/20
f 850/638/21 853/649/21 856/647/21
f 860/650/22 861/651/22 857/652/22
f 860/653/23 865/654/23 862/655/23
f 863/656/24 864/657/24 858/658/24
f 867/659/25 865/654/25 863/656/25
f 866/660/26 867/659/26 859/661/26
f 861/662/27 868/663/27 866/660/27
f 862/655/28 865/654/28 868/663/28
f 872/664/29 873/665/29 869/666/29
f 876/667/30 874/668/30 872/664/30
f 875/669/31 876/667/31 870/670/31
f 875/669/32 880/671/32 877/672/32
f 878/673/33 879/674/33 871/675/33
f 873/665/34 880/671/34 878/673/34
f 874/668/35 877/672/35 880/671/35
f 884/676/36 885/677/36 881/678/36
f 884/676/37 889/679/37 886/680/37
f 887/681/38 888/682/38 882/683/38
f 891/684/39 889/679/39 887/681/39
f 890/685/40 891/684/40 883/686/40
f 885/677/41 892/687/41 890/685/41
f 886/680/42 889/679/42 892/687/42
f 896/688/43 897/689/43 893/690/43
f 896/688/44 901/691/44 898/692/44
f 899/693/45 900/694/45 894/695/45
f 903/696/46 901/691/46 899/693/46
f 902/697/47 903/696/47 895/698/47
f 902/697/48 898/692/48 904/699/48
f 898/692/49 901/691/49 904/699/49
f 908/700/50 909/701/50 905/702/50
f 908/700/51 913/703/51 910/704/51
f 911/705/52 912/706/52 906/707/52
f 911/705/53 916/708/53 913/703/53
f 914/709/54 915/710/54 907/711/54
f 914/709/55 910/704/55 916/708/55
f 910/704/56 913/703/56 916/708/56
f 845/636/57 825/605/57 848/634/57
f 825/605/58 852/637/58 848/634/58
f 830/614/59 846/641/59 852/640/59
f 833/620/60 827/609/60 822/611/60
f 837/631/61 831/612/61 827/613/61
f 842/628/301 823/615/301 831/612/301
f 857/652/63 839/623/63 834/625/63
f 861/662/64 843/629/64 839/626/64
f 866/660/65 835/630/65 843/629/65
f 847/646/66 863/656/66 858/658/66
f 855/645/67 867/659/67 863/656/67
f 851/639/302 859/661/302 867/659/302
f 845/636/69 896/688/69 893/690/69
f 849/635/70 900/694/70 896/688/70
f 854/644/71 894/695/71 900/694/71
f 905/702/72 860/650/72 857/652/72
f 909/701/73 864/657/73 860/653/73
f 914/709/74 858/658/74 864/657/74
f 895/698/75 911/705/75 906/707/75
f 903/696/76 915/710/76 911/705/76
f 899/693/77 907/711/77 915/710/77
f 869/666/78 897/689/78 872/664/78
f 897/689/79 876/667/79 872/664/79
f 902/697/80 870/670/80 876/667/80
f 881/678/300 908/700/300 905/702/300
f 885/677/82 912/706/82 908/700/82
f 890/685/83 906/707/83 912/706/83
f 871/675/84 887/681/84 882/683/84
f 879/674/85 891/684/85 887/681/85
f 875/669/303 883/686/303 891/684/303
f 869/666/87 824/604/87 821/606/87
f 873/665/88 828/712/88 824/604/88
f 878/673/89 822/611/89 828/610/89
f 834/625/90 884/676/90 881/678/90
f 840/621/91 888/682/91 884/676/91
f 836/618/92 882/683/92 888/682/92
f 893/690/93 821/606/93 845/636/93
f 835/630/94 846/641/94 823/615/94
f 882/683/95 822/611/95 871/675/95
f 857/652/96 881/678/96 905/702/96
f 858/658/97 894/695/97 847/646/97
f 906/707/98 870/670/98 895/698/98
f 374/441/243 376/444/243 375/442/243
f 376/444/245 378/198/245 377/202/245
f 378/198/246 380/206/246 379/210/246
f 380/206/247 382/214/247 381/209/247
f 382/214/248 384/221/248 383/226/248
f 384/221/249 386/230/249 385/445/249
f 386/230/250 388/800/250 387/446/250
f 387/446/251 388/800/251 390/447/251
f 389/448/252 390/447/252 392/449/252
f 392/449/253 394/261/253 393/257/253
f 394/261/254 396/451/254 395/266/254
f 396/451/255 398/452/255 397/282/255
f 398/452/256 400/454/256 399/453/256
f 400/454/257 402/293/257 401/455/257
f 402/293/258 404/301/258 403/297/258
f 404/301/259 406/457/259 405/456/259
f 406/457/260 408/459/260 407/458/260
f 408/459/261 410/325/261 409/330/261
f 410/325/262 412/461/262 411/460/262
f 412/461/263 414/462/263 413/346/263
f 414/462/264 416/464/264 415/463/264
f 416/464/265 418/357/265 417/465/265
f 418/357/266 420/467/266 419/466/266
f 420/467/267 422/469/267 421/468/267
f 422/469/268 424/470/268 423/386/268
f 424/470/269 426/389/269 425/394/269
f 426/389/270 428/397/270 427/471/270
f 428/397/271 430/406/271 429/402/271
f 430/406/272 432/473/272 431/472/272
f 432/473/273 434/478/273 433/474/273
f 378/477/95 376/801/95 374/802/95
f 374/802/95 436/803/95 434/804/95
f 434/804/95 432/805/95 430/806/95
f 430/806/95 428/807/95 426/808/95
f 426/808/95 424/809/95 422/713/95
f 422/713/95 420/810/95 418/811/95
f 418/811/95 416/812/95 414/813/95
f 414/813/95 412/814/95 410/475/95
f 410/475/95 408/815/95 406/714/95
f 406/714/95 404/816/95 402/817/95
f 402/817/95 400/818/95 398/819/95
f 398/819/95 396/820/95 394/476/95
f 394/476/95 392/821/95 390/715/95
f 390/715/95 388/822/95 386/823/95
f 386/823/95 384/824/95 382/491/95
f 382/491/95 380/825/95 378/477/95
f 378/477/95 374/802/95 434/804/95
f 434/804/95 430/806/95 426/808/95
f 426/808/95 422/713/95 418/811/95
f 418/811/95 414/813/95 410/475/95
f 410/475/95 406/714/95 402/817/95
f 402/817/95 398/819/95 394/476/95
f 394/476/95 390/715/95 386/823/95
f 386/823/95 382/491/95 378/477/95
f 378/477/95 434/804/95 426/808/95
f 426/808/95 418/811/95 410/475/95
f 410/475/95 402/817/95 394/476/95
f 394/476/95 386/823/95 378/477/95
f 378/477/95 426/808/95 410/475/95
f 434/478/274 436/480/274 435/479/274
f 436/480/244 374/826/244 373/481/244
f 435/484/97 373/827/97 375/828/97
f 375/828/97 377/829/97 379/830/97
f 379/830/97 381/831/97 383/832/97
f 383/832/97 385/833/97 387/834/97
f 387/834/97 389/835/97 391/836/97
f 391/836/97 393/837/97 395/838/97
f 395/838/97 397/839/97 399/840/97
f 399/840/97 401/492/97 403/482/97
f 403/482/97 405/841/97 407/842/97
f 407/842/97 409/843/97 411/844/97
f 411/844/97 413/845/97 415/846/97
f 415/846/97 417/493/97 419/483/97
f 419/483/97 421/847/97 423/848/97
f 423/848/97 425/849/97 427/850/97
f 427/850/97 429/718/97 431/851/97
f 431/851/97 433/494/97 435/484/97
f 435/484/97 375/828/97 379/830/97
f 379/830/97 383/832/97 387/834/97
f 387/834/97 391/836/97 395/838/97
f 395/838/97 399/840/97 403/482/97
f 403/482/97 407/842/97 411/844/97
f 411/844/97 415/846/97 419/483/97
f 419/483/97 423/848/97 427/850/97
f 427/850/97 431/851/97 435/484/97
f 435/484/97 379/830/97 387/834/97
f 387/834/97 395/838/97 403/482/97
f 403/482/97 411/844/97 419/483/97
f 419/483/97 427/850/97 435/484/97
f 435/484/97 387/834/97 403/482/97
f 630/441/243 632/444/243 631/442/243
f 632/444/245 634/198/245 633/202/245
f 634/198/246 636/206/246 635/210/246
f 636/206/247 638/214/247 637/209/247
f 638/214/248 640/221/248 639/226/248
f 640/221/249 642/230/249 641/445/249
f 642/230/250 644/800/250 643/446/250
f 643/446/251 644/800/251 646/447/251
f 645/448/252 646/447/252 648/449/252
f 648/449/253 650/261/253 649/257/253
f 650/261/254 652/451/254 651/266/254
f 652/451/255 654/452/255 653/282/255
f 654/452/256 656/454/256 655/453/256
f 656/454/257 658/293/257 657/455/257
f 658/293/258 660/301/258 659/297/258
f 660/301/259 662/457/259 661/456/259
f 662/457/260 664/459/260 663/458/260
f 664/459/261 666/325/261 665/330/261
f 666/325/262 668/461/262 667/460/262
f 668/461/263 670/462/263 669/346/263
f 670/462/264 672/464/264 671/463/264
f 672/464/265 674/357/265 673/465/265
f 674/357/266 676/467/266 675/466/266
f 676/467/267 678/469/267 677/468/267
f 678/469/268 680/470/268 679/386/268
f 680/470/269 682/389/269 681/394/269
f 682/389/270 684/397/270 683/471/270
f 684/397/271 686/406/271 685/402/271
f 686/406/272 688/473/272 687/472/272
f 688/473/273 690/478/273 689/474/273
f 634/477/95 632/801/95 630/802/95
f 630/802/95 692/803/95 690/804/95
f 690/804/95 688/805/95 686/806/95
f 686/806/95 684/807/95 682/808/95
f 682/808/95 680/809/95 678/713/95
f 678/713/95 676/810/95 674/811/95
f 674/811/95 672/812/95 670/813/95
f 670/813/95 668/814/95 666/475/95
f 666/475/95 664/815/95 662/714/95
f 662/714/95 660/816/95 658/817/95
f 658/817/95 656/818/95 654/819/95
f 654/819/95 652/820/95 650/476/95
f 650/476/95 648/821/95 646/715/95
f 646/715/95 644/822/95 642/823/95
f 642/823/95 640/824/95 638/491/95
f 638/491/95 636/825/95 634/477/95
f 634/477/95 630/802/95 690/804/95
f 690/804/95 686/806/95 682/808/95
f 682/808/95 678/713/95 674/811/95
f 674/811/95 670/813/95 666/475/95
f 666/475/95 662/714/95 658/817/95
f 658/817/95 654/819/95 650/476/95
f 650/476/95 646/715/95 642/823/95
f 642/823/95 638/491/95 634/477/95
f 634/477/95 690/804/95 682/808/95
f 682/808/95 674/811/95 666/475/95
f 666/475/95 658/817/95 650/476/95
f 650/476/95 642/823/95 634/477/95
f 634/477/95 682/808/95 666/475/95
f 690/478/274 692/480/274 691/479/274
f 692/480/244 630/826/244 629/481/244
f 691/484/97 629/827/97 631/828/97
f 631/828/97 633/829/97 635/830/97
f 635/830/97 637/831/97 639/832/97
f 639/832/97 641/833/97 643/834/97
f 643/834/97 645/835/97 647/836/97
f 647/836/97 649/837/97 651/838/97
f 651/838/97 653/839/97 655/840/97
f 655/840/97 657/492/97 659/482/97
f 659/482/97 661/841/97 663/842/97
f 663/842/97 665/843/97 667/844/97
f 667/844/97 669/845/97 671/846/97
f 671/846/97 673/493/97 675/483/97
f 675/483/97 677/847/97 679/848/97
f 679/848/97 681/849/97 683/850/97
f 683/850/97 685/718/97 687/851/97
f 687/851/97 689/494/97 691/484/97
f 691/484/97 631/828/97 635/830/97
f 635/830/97 639/832/97 643/834/97
f 643/834/97 647/836/97 651/838/97
f 651/838/97 655/840/97 659/482/97
f 659/482/97 663/842/97 667/844/97
f 667/844/97 671/846/97 675/483/97
f 675/483/97 679/848/97 683/850/97
f 683/850/97 687/851/97 691/484/97
f 691/484/97 635/830/97 643/834/97
f 643/834/97 651/838/97 659/482/97
f 659/482/97 667/844/97 675/483/97
f 675/483/97 683/850/97 691/484/97
f 691/484/97 643/834/97 659/482/97
f 728/495/312 730/499/312 729/496/312
f 728/495/2 732/602/2 733/498/2
f 731/500/313 733/859/313 732/501/313
f 731/503/4 735/506/4 736/504/4
f 734/505/314 736/504/314 735/506/314
f 729/496/6 730/499/6 736/508/6
f 740/510/315 742/514/315 741/511/315
f 740/510/9 744/603/9 745/513/9
f 743/515/316 745/860/316 744/516/316
f 743/518/11 747/521/11 748/519/11
f 746/520/317 748/519/317 747/521/317
f 741/523/13 742/861/13 748/519/13
f 752/525/318 754/529/318 753/526/318
f 752/525/16 756/601/16 757/528/16
f 755/530/319 757/534/319 756/531/319
f 759/533/18 760/862/18 757/534/18
f 758/535/320 760/862/320 759/533/320
f 753/526/20 754/529/20 760/537/20
f 764/539/321 766/863/321 765/540/321
f 768/542/23 769/548/23 766/543/23
f 767/545/322 769/548/322 768/542/322
f 767/545/25 771/550/25 772/547/25
f 770/549/323 772/547/323 771/550/323
f 765/552/27 766/543/27 772/547/27
f 776/553/324 778/557/324 777/554/324
f 776/553/30 780/559/30 781/556/30
f 779/558/325 781/556/325 780/559/325
f 783/561/32 784/564/32 781/556/32
f 782/562/326 784/564/326 783/561/326
f 777/554/34 778/557/34 784/564/34
f 788/565/327 790/569/327 789/566/327
f 792/568/37 793/573/37 790/569/37
f 791/570/328 793/573/328 792/568/328
f 791/570/39 795/575/39 796/572/39
f 794/574/329 796/572/329 795/575/329
f 789/566/41 790/569/41 796/572/41
f 800/577/330 802/581/330 801/578/330
f 800/577/44 804/583/44 805/580/44
f 803/582/331 805/580/331 804/583/331
f 803/582/46 807/587/46 808/585/46
f 806/586/332 808/585/332 807/587/332
f 801/578/48 802/581/48 808/585/48
f 812/589/333 814/593/333 813/590/333
f 812/589/51 816/595/51 817/592/51
f 815/594/334 817/592/334 816/595/334
f 819/597/53 820/600/53 817/592/53
f 818/598/335 820/600/335 819/597/335
f 818/598/55 813/590/55 814/593/55
f 725/497/297 729/496/297 752/525/297
f 729/496/58 734/509/58 756/601/58
f 734/505/59 727/507/59 750/532/59
f 737/512/60 741/511/60 731/500/60
f 741/523/61 746/520/61 735/506/61
f 746/520/62 739/522/62 727/507/62
f 761/541/63 765/540/63 743/515/63
f 765/552/64 770/549/64 747/521/64
f 770/549/65 763/551/65 739/522/65
f 751/536/66 759/533/66 767/545/66
f 759/533/67 755/530/67 771/550/67
f 755/530/302 750/532/302 763/551/302
f 749/527/69 753/526/69 800/577/69
f 753/526/70 758/538/70 804/583/70
f 758/535/71 751/536/71 798/584/71
f 809/591/72 813/590/72 764/539/72
f 813/590/73 818/598/73 768/542/73
f 818/598/74 811/599/74 762/546/74
f 799/588/336 807/587/336 815/594/336
f 807/587/76 803/582/76 819/597/76
f 803/582/77 798/584/77 811/599/77
f 797/579/78 801/578/78 776/553/78
f 801/578/79 806/586/79 780/559/79
f 806/586/80 799/588/80 774/560/80
f 785/567/81 789/566/81 812/589/81
f 789/566/82 794/574/82 816/595/82
f 794/574/83 787/576/83 810/596/83
f 775/563/84 783/561/84 791/570/84
f 783/561/85 779/558/85 795/575/85
f 795/575/86 779/558/86 774/560/86
f 773/555/87 777/554/87 728/495/87
f 777/554/88 782/562/88 732/602/88
f 782/562/89 775/563/89 726/502/89
f 738/517/90 744/516/90 788/565/90
f 744/603/91 740/510/91 792/568/91
f 740/510/92 737/512/92 786/571/92
f 797/579/93 773/555/93 725/497/93
f 739/522/94 763/551/94 750/532/94
f 786/571/95 737/512/95 726/502/95
f 761/541/96 738/517/96 785/567/96
f 762/546/97 811/599/97 798/584/97
f 810/596/98 787/576/98 774/560/98
f 824/604/312 826/608/312 825/605/312
f 824/604/2 828/712/2 829/607/2
f 827/609/313 829/864/313 828/610/313
f 831/612/4 832/865/4 829/10/4
f 830/614/314 832/865/314 831/612/314
f 830/616/6 825/605/6 826/608/6
f 836/618/315 838/622/315 837/619/315
f 840/621/9 841/632/9 838/622/9
f 839/623/316 841/866/316 840/624/316
f 839/626/11 843/629/11 844/627/11
f 842/628/317 844/627/317 843/629/317
f 837/631/13 838/867/13 844/627/13
f 848/634/318 850/638/318 849/635/318
f 852/637/16 853/649/16 850/638/16
f 851/639/319 853/643/319 852/640/319
f 851/639/18 855/645/18 856/642/18
f 854/644/320 856/642/320 855/645/320
f 849/635/20 850/638/20 856/647/20
f 860/650/321 862/868/321 861/651/321
f 860/653/23 864/657/23 865/654/23
f 863/656/322 865/654/322 864/657/322
f 867/659/25 868/663/25 865/654/25
f 866/660/323 868/663/323 867/659/323
f 861/662/27 862/655/27 868/663/27
f 872/664/324 874/668/324 873/665/324
f 876/667/30 877/672/30 874/668/30
f 875/669/325 877/672/325 876/667/325
f 875/669/32 879/674/32 880/671/32
f 878/673/326 880/671/326 879/674/326
f 873/665/34 874/668/34 880/671/34
f 884/676/327 886/680/327 885/677/327
f 884/676/37 888/682/37 889/679/37
f 887/681/328 889/679/328 888/682/328
f 891/684/39 892/687/39 889/679/39
f 890/685/329 892/687/329 891/684/329
f 885/677/41 886/680/41 892/687/41
f 896/688/330 898/692/330 897/689/330
f 896/688/44 900/694/44 901/691/44
f 899/693/331 901/691/331 900/694/331
f 903/696/46 904/699/46 901/691/46
f 902/697/332 904/699/332 903/696/332
f 902/697/48 897/689/48 898/692/48
f 908/700/333 910/704/333 909/701/333
f 908/700/51 912/706/51 913/703/51
f 911/705/334 913/703/334 912/706/334
f 911/705/53 915/710/53 916/708/53
f 914/709/335 916/708/335 915/710/335
f 914/709/55 909/701/55 910/704/55
f 845/636/297 821/606/297 825/605/297
f 825/605/58 830/616/58 852/637/58
f 830/614/59 823/615/59 846/641/59
f 833/620/60 837/619/60 827/609/60
f 837/631/61 842/628/61 831/612/61
f 842/628/62 835/630/62 823/615/62
f 857/652/63 861/651/63 839/623/63
f 861/662/64 866/660/64 843/629/64
f 866/660/65 859/661/65 835/630/65
f 847/646/66 855/645/66 863/656/66
f 855/645/67 851/639/67 867/659/67
f 851/639/68 846/641/68 859/661/68
f 845/636/69 849/635/69 896/688/69
f 849/635/70 854/648/70 900/694/70
f 854/644/71 847/646/71 894/695/71
f 905/702/72 909/701/72 860/650/72
f 909/701/73 914/709/73 864/657/73
f 914/709/74 907/711/74 858/658/74
f 895/698/336 903/696/336 911/705/336
f 903/696/76 899/693/76 915/710/76
f 899/693/77 894/695/77 907/711/77
f 869/666/299 893/690/299 897/689/299
f 897/689/79 902/697/79 876/667/79
f 902/697/80 895/698/80 870/670/80
f 881/678/81 885/677/81 908/700/81
f 885/677/82 890/685/82 912/706/82
f 890/685/83 883/686/83 906/707/83
f 871/675/84 879/674/84 887/681/84
f 879/674/85 875/669/85 891/684/85
f 875/669/86 870/670/86 883/686/86
f 869/666/87 873/665/87 824/604/87
f 873/665/88 878/673/88 828/712/88
f 878/673/89 871/675/89 822/611/89
f 834/625/90 840/624/90 884/676/90
f 840/621/91 836/618/91 888/682/91
f 836/618/92 833/620/92 882/683/92
f 893/690/93 869/666/93 821/606/93
f 835/630/94 859/661/94 846/641/94
f 882/683/95 833/620/95 822/611/95
f 857/652/96 834/625/96 881/678/96
f 858/658/97 907/711/97 894/695/97
f 906/707/98 883/686/98 870/670/98
usemtl Gold
f 918/441/304 919/209/304 917/443/304
f 920/214/305 921/448/305 919/209/305
f 922/447/306 923/282/306 921/448/306
f 924/452/307 925/456/307 923/282/307
f 926/457/308 927/346/308 925/456/308
f 928/462/309 929/468/309 927/346/309
f 930/713/96 926/714/96 922/715/96
f 930/469/310 931/402/310 929/468/310
f 932/406/311 917/481/311 931/402/311
f 923/716/93 927/717/93 931/718/93
f 934/441/304 935/209/304 933/443/304
f 936/214/305 937/448/305 935/209/305
f 938/447/306 939/282/306 937/448/306
f 940/452/307 941/456/307 939/282/307
f 942/457/308 943/346/308 941/456/308
f 944/462/309 945/468/309 943/346/309
f 946/713/96 942/714/96 938/715/96
f 946/469/310 947/402/310 945/468/310
f 948/406/311 933/481/311 947/402/311
f 939/716/93 943/717/93 947/718/93
f 950/441/304 951/209/304 949/443/304
f 952/214/305 953/448/305 951/209/305
f 954/447/306 955/282/306 953/448/306
f 956/452/307 957/456/307 955/282/307
f 958/457/308 959/346/308 957/456/308
f 960/462/309 961/468/309 959/346/309
f 962/713/96 958/714/96 954/715/96
f 962/469/310 963/402/310 961/468/310
f 964/406/311 949/481/311 963/402/311
f 955/716/93 959/717/93 963/718/93
f 966/441/304 967/209/304 965/443/304
f 968/214/305 969/448/305 967/209/305
f 970/447/306 971/282/306 969/448/306
f 972/452/307 973/456/307 971/282/307
f 974/457/308 975/346/308 973/456/308
f 976/462/309 977/468/309 975/346/309
f 978/713/96 974/714/96 970/715/96
f 978/469/310 979/402/310 977/468/310
f 980/406/311 965/481/311 979/402/311
f 971/716/93 975/717/93 979/718/93
f 918/441/304 920/214/304 919/209/304
f 920/214/305 922/447/305 921/448/305
f 922/447/306 924/452/306 923/282/306
f 924/452/307 926/457/307 925/456/307
f 926/457/308 928/462/308 927/346/308
f 928/462/309 930/469/309 929/468/309
f 922/715/96 920/491/96 918/802/96
f 918/802/96 932/853/96 930/713/96
f 930/713/96 928/489/96 926/714/96
f 926/714/96 924/490/96 922/715/96
f 922/715/96 918/802/96 930/713/96
f 930/469/310 932/406/310 931/402/310
f 932/406/311 918/826/311 917/481/311
f 931/718/93 917/827/93 919/831/93
f 919/831/93 921/835/93 923/716/93
f 923/716/93 925/841/93 927/717/93
f 927/717/93 929/847/93 931/718/93
f 931/718/93 919/831/93 923/716/93
f 934/441/304 936/214/304 935/209/304
f 936/214/305 938/447/305 937/448/305
f 938/447/306 940/452/306 939/282/306
f 940/452/307 942/457/307 941/456/307
f 942/457/308 944/462/308 943/346/308
f 944/462/309 946/469/309 945/468/309
f 938/715/96 936/491/96 934/802/96
f 934/802/96 948/853/96 946/713/96
f 946/713/96 944/489/96 942/714/96
f 942/714/96 940/490/96 938/715/96
f 938/715/96 934/802/96 946/713/96
f 946/469/310 948/406/310 947/402/310
f 948/406/311 934/826/311 933/481/311
f 947/718/93 933/827/93 935/831/93
f 935/831/93 937/835/93 939/716/93
f 939/716/93 941/841/93 943/717/93
f 943/717/93 945/847/93 947/718/93
f 947/718/93 935/831/93 939/716/93
f 950/441/304 952/214/304 951/209/304
f 952/214/305 954/447/305 953/448/305
f 954/447/306 956/452/306 955/282/306
f 956/452/307 958/457/307 957/456/307
f 958/457/308 960/462/308 959/346/308
f 960/462/309 962/469/309 961/468/309
f 954/715/96 952/491/96 950/802/96
f 950/802/96 964/853/96 962/713/96
f 962/713/96 960/489/96 958/714/96
f 958/714/96 956/490/96 954/715/96
f 954/715/96 950/802/96 962/713/96
f 962/469/310 964/406/310 963/402/310
f 964/406/311 950/826/311 949/481/311
f 963/718/93 949/827/93 951/831/93
f 951/831/93 953/835/93 955/716/93
f 955/716/93 957/841/93 959/717/93
f 959/717/93 961/847/93 963/718/93
f 963/718/93 951/831/93 955/716/93
f 966/441/304 968/214/304 967/209/304
f 968/214/305 970/447/305 969/448/305
f 970/447/306 972/452/306 971/282/306
f 972/452/307 974/457/307 973/456/307
f 974/457/308 976/462/308 975/346/308
f 976/462/309 978/469/309 977/468/309
f 970/715/96 968/491/96 966/802/96
f 966/802/96 980/853/96 978/713/96
f 978/713/96 976/489/96 974/714/96
f 974/714/96 972/490/96 970/715/96
f 970/715/96 966/802/96 978/713/96
f 978/469/310 980/406/310 979/402/310
f 980/406/311 966/826/311 965/481/311
f 979/718/93 965/827/93 967/831/93
f 967/831/93 969/835/93 971/716/93
f 971/716/93 973/841/93 975/717/93
f 975/717/93 977/847/93 979/718/93
f 979/718/93 967/831/93 971/716/93
