# Blender 5.2.1 LTS
# www.blender.org
mtllib wheel_65.mtl
o wheel_65
v 0.000000 0.029494 -0.013000
v 0.000000 0.032500 -0.010000
v 0.000000 0.031619 -0.012121
v 0.000000 0.029494 0.013000
v 0.000000 0.032500 0.010000
v 0.000000 0.031619 0.012121
v 0.003850 0.029241 -0.013000
v 0.004242 0.032222 -0.010000
v 0.004127 0.031349 -0.012121
v 0.003850 0.029241 0.013000
v 0.004242 0.032222 0.010000
v 0.004127 0.031349 0.012121
v 0.007633 0.028489 -0.013000
v 0.008412 0.031393 -0.010000
v 0.008184 0.030542 -0.012121
v 0.007633 0.028489 0.013000
v 0.008412 0.031393 0.010000
v 0.008184 0.030542 0.012121
v 0.011287 0.027248 -0.013000
v 0.012437 0.030026 -0.010000
v 0.012100 0.029213 -0.012121
v 0.011287 0.027248 0.013000
v 0.012437 0.030026 0.010000
v 0.012100 0.029213 0.012121
v 0.014747 0.025542 -0.013000
v 0.016250 0.028146 -0.010000
v 0.015810 0.027383 -0.012121
v 0.014747 0.025542 0.013000
v 0.016250 0.028146 0.010000
v 0.015810 0.027383 0.012121
v 0.017955 0.023399 -0.013000
v 0.019785 0.025784 -0.010000
v 0.019249 0.025085 -0.012121
v 0.017955 0.023399 0.013000
v 0.019785 0.025784 0.010000
v 0.019249 0.025085 0.012121
v 0.020855 0.020855 -0.013000
v 0.022981 0.022981 -0.010000
v 0.022358 0.022358 -0.012121
v 0.020855 0.020855 0.013000
v 0.022981 0.022981 0.010000
v 0.022358 0.022358 0.012121
v 0.023399 0.017955 -0.013000
v 0.025784 0.019785 -0.010000
v 0.025085 0.019249 -0.012121
v 0.023399 0.017955 0.013000
v 0.025784 0.019785 0.010000
v 0.025085 0.019249 0.012121
v 0.025542 0.014747 -0.013000
v 0.028146 0.016250 -0.010000
v 0.027383 0.015810 -0.012121
v 0.025542 0.014747 0.013000
v 0.028146 0.016250 0.010000
v 0.027383 0.015810 0.012121
v 0.027248 0.011287 -0.013000
v 0.030026 0.012437 -0.010000
v 0.029213 0.012100 -0.012121
v 0.027248 0.011287 0.013000
v 0.030026 0.012437 0.010000
v 0.029213 0.012100 0.012121
v 0.028489 0.007633 -0.013000
v 0.031393 0.008412 -0.010000
v 0.030542 0.008184 -0.012121
v 0.028489 0.007633 0.013000
v 0.031393 0.008412 0.010000
v 0.030542 0.008184 0.012121
v 0.029241 0.003850 -0.013000
v 0.032222 0.004242 -0.010000
v 0.031349 0.004127 -0.012121
v 0.029241 0.003850 0.013000
v 0.032222 0.004242 0.010000
v 0.031349 0.004127 0.012121
v 0.029494 0.000000 -0.013000
v 0.032500 0.000000 -0.010000
v 0.031619 0.000000 -0.012121
v 0.029494 0.000000 0.013000
v 0.032500 0.000000 0.010000
v 0.031619 0.000000 0.012121
v 0.029241 -0.003850 -0.013000
v 0.032222 -0.004242 -0.010000
v 0.031349 -0.004127 -0.012121
v 0.029241 -0.003850 0.013000
v 0.032222 -0.004242 0.010000
v 0.031349 -0.004127 0.012121
v 0.028489 -0.007633 -0.013000
v 0.031393 -0.008412 -0.010000
v 0.030542 -0.008184 -0.012121
v 0.028489 -0.007633 0.013000
v 0.031393 -0.008412 0.010000
v 0.030542 -0.008184 0.012121
v 0.027248 -0.011287 -0.013000
v 0.030026 -0.012437 -0.010000
v 0.029213 -0.012100 -0.012121
v 0.027248 -0.011287 0.013000
v 0.030026 -0.012437 0.010000
v 0.029213 -0.012100 0.012121
v 0.025542 -0.014747 -0.013000
v 0.028146 -0.016250 -0.010000
v 0.027383 -0.015810 -0.012121
v 0.025542 -0.014747 0.013000
v 0.028146 -0.016250 0.010000
v 0.027383 -0.015810 0.012121
v 0.023399 -0.017955 -0.013000
v 0.025784 -0.019785 -0.010000
v 0.025085 -0.019249 -0.012121
v 0.023399 -0.017955 0.013000
v 0.025784 -0.019785 0.010000
v 0.025085 -0.019249 0.012121
v 0.020855 -0.020855 -0.013000
v 0.022981 -0.022981 -0.010000
v 0.022358 -0.022358 -0.012121
v 0.020855 -0.020855 0.013000
v 0.022981 -0.022981 0.010000
v 0.022358 -0.022358 0.012121
v 0.017955 -0.023399 -0.013000
v 0.019785 -0.025784 -0.010000
v 0.019249 -0.025085 -0.012121
v 0.017955 -0.023399 0.013000
v 0.019785 -0.025784 0.010000
v 0.019249 -0.025085 0.012121
v 0.014747 -0.025542 -0.013000
v 0.016250 -0.028146 -0.010000
v 0.015810 -0.027383 -0.012121
v 0.014747 -0.025542 0.013000
v 0.016250 -0.028146 0.010000
v 0.015810 -0.027383 0.012121
v 0.011287 -0.027248 -0.013000
v 0.012437 -0.030026 -0.010000
v 0.012100 -0.029213 -0.012121
v 0.011287 -0.027248 0.013000
v 0.012437 -0.030026 0.010000
v 0.012100 -0.029213 0.012121
v 0.007633 -0.028489 -0.013000
v 0.008412 -0.031393 -0.010000
v 0.008184 -0.030542 -0.012121
v 0.007633 -0.028489 0.013000
v 0.008412 -0.031393 0.010000
v 0.008184 -0.030542 0.012121
v 0.003850 -0.029241 -0.013000
v 0.004242 -0.032222 -0.010000
v 0.004127 -0.031349 -0.012121
v 0.003850 -0.029241 0.013000
v 0.004242 -0.032222 0.010000
v 0.004127 -0.031349 0.012121
v 0.000000 -0.029494 -0.013000
v 0.000000 -0.032500 -0.010000
v 0.000000 -0.031619 -0.012121
v 0.000000 -0.029494 0.013000
v 0.000000 -0.032500 0.010000
v 0.000000 -0.031619 0.012121
v -0.003850 -0.029241 -0.013000
v -0.004242 -0.032222 -0.010000
v -0.004127 -0.031349 -0.012121
v -0.003850 -0.029241 0.013000
v -0.004242 -0.032222 0.010000
v -0.004127 -0.031349 0.012121
v -0.007633 -0.028489 -0.013000
v -0.008412 -0.031393 -0.010000
v -0.008184 -0.030542 -0.012121
v -0.007633 -0.028489 0.013000
v -0.008412 -0.031393 0.010000
v -0.008184 -0.030542 0.012121
v -0.011287 -0.027248 -0.013000
v -0.012437 -0.030026 -0.010000
v -0.012100 -0.029213 -0.012121
v -0.011287 -0.027248 0.013000
v -0.012437 -0.030026 0.010000
v -0.012100 -0.029213 0.012121
v -0.014747 -0.025542 -0.013000
v -0.016250 -0.028146 -0.010000
v -0.015810 -0.027383 -0.012121
v -0.014747 -0.025542 0.013000
v -0.016250 -0.028146 0.010000
v -0.015810 -0.027383 0.012121
v -0.017955 -0.023399 -0.013000
v -0.019785 -0.025784 -0.010000
v -0.019249 -0.025085 -0.012121
v -0.017955 -0.023399 0.013000
v -0.019785 -0.025784 0.010000
v -0.019249 -0.025085 0.012121
v -0.020855 -0.020855 -0.013000
v -0.022981 -0.022981 -0.010000
v -0.022358 -0.022358 -0.012121
v -0.020855 -0.020855 0.013000
v -0.022981 -0.022981 0.010000
v -0.022358 -0.022358 0.012121
v -0.023399 -0.017955 -0.013000
v -0.025784 -0.019785 -0.010000
v -0.025085 -0.019249 -0.012121
v -0.023399 -0.017955 0.013000
v -0.025784 -0.019785 0.010000
v -0.025085 -0.019249 0.012121
v -0.025542 -0.014747 -0.013000
v -0.028146 -0.016250 -0.010000
v -0.027383 -0.015810 -0.012121
v -0.025542 -0.014747 0.013000
v -0.028146 -0.016250 0.010000
v -0.027383 -0.015810 0.012121
v -0.027248 -0.011287 -0.013000
v -0.030026 -0.012437 -0.010000
v -0.029213 -0.012100 -0.012121
v -0.027248 -0.011287 0.013000
v -0.030026 -0.012437 0.010000
v -0.029213 -0.012100 0.012121
v -0.028489 -0.007633 -0.013000
v -0.031393 -0.008412 -0.010000
v -0.030542 -0.008184 -0.012121
v -0.028489 -0.007633 0.013000
v -0.031393 -0.008412 0.010000
v -0.030542 -0.008184 0.012121
v -0.029241 -0.003850 -0.013000
v -0.032222 -0.004242 -0.010000
v -0.031349 -0.004127 -0.012121
v -0.029241 -0.003850 0.013000
v -0.032222 -0.004242 0.010000
v -0.031349 -0.004127 0.012121
v -0.029494 0.000000 -0.013000
v -0.032500 0.000000 -0.010000
v -0.031619 0.000000 -0.012121
v -0.029494 0.000000 0.013000
v -0.032500 0.000000 0.010000
v -0.031619 0.000000 0.012121
v -0.029241 0.003850 -0.013000
v -0.032222 0.004242 -0.010000
v -0.031349 0.004127 -0.012121
v -0.029241 0.003850 0.013000
v -0.032222 0.004242 0.010000
v -0.031349 0.004127 0.012121
v -0.028489 0.007633 -0.013000
v -0.031393 0.008412 -0.010000
v -0.030542 0.008184 -0.012121
v -0.028489 0.007633 0.013000
v -0.031393 0.008412 0.010000
v -0.030542 0.008184 0.012121
v -0.027248 0.011287 -0.013000
v -0.030026 0.012437 -0.010000
v -0.029213 0.012100 -0.012121
v -0.027248 0.011287 0.013000
v -0.030026 0.012437 0.010000
v -0.029213 0.012100 0.012121
v -0.025542 0.014747 -0.013000
v -0.028146 0.016250 -0.010000
v -0.027383 0.015810 -0.012121
v -0.025542 0.014747 0.013000
v -0.028146 0.016250 0.010000
v -0.027383 0.015810 0.012121
v -0.023399 0.017955 -0.013000
v -0.025784 0.019785 -0.010000
v -0.025085 0.019249 -0.012121
v -0.023399 0.017955 0.013000
v -0.025784 0.019785 0.010000
v -0.025085 0.019249 0.012121
v -0.020855 0.020855 -0.013000
v -0.022981 0.022981 -0.010000
v -0.022358 0.022358 -0.012121
v -0.020855 0.020855 0.013000
v -0.022981 0.022981 0.010000
v -0.022358 0.022358 0.012121
v -0.017955 0.023399 -0.013000
v -0.019785 0.025784 -0.010000
v -0.019249 0.025085 -0.012121
v -0.017955 0.023399 0.013000
v -0.019785 0.025784 0.010000
v -0.019249 0.025085 0.012121
v -0.014747 0.025542 -0.013000
v -0.016250 0.028146 -0.010000
v -0.015810 0.027383 -0.012121
v -0.014747 0.025542 0.013000
v -0.016250 0.028146 0.010000
v -0.015810 0.027383 0.012121
v -0.011287 0.027248 -0.013000
v -0.012437 0.030026 -0.010000
v -0.012100 0.029213 -0.012121
v -0.011287 0.027248 0.013000
v -0.012437 0.030026 0.010000
v -0.012100 0.029213 0.012121
v -0.007633 0.028489 -0.013000
v -0.008412 0.031393 -0.010000
v -0.008184 0.030542 -0.012121
v -0.007633 0.028489 0.013000
v -0.008412 0.031393 0.010000
v -0.008184 0.030542 0.012121
v -0.003850 0.029241 -0.013000
v -0.004242 0.032222 -0.010000
v -0.004127 0.031349 -0.012121
v -0.003850 0.029241 0.013000
v -0.004242 0.032222 0.010000
v -0.004127 0.031349 0.012121
v 0.000000 0.025698 -0.013200
v 0.000000 0.026500 -0.012400
v 0.000000 0.026265 -0.012966
v 0.000000 0.025698 0.013200
v 0.000000 0.026500 0.012400
v 0.000000 0.026265 0.012966
v 0.003354 0.025478 -0.013200
v 0.003459 0.026273 -0.012400
v 0.003428 0.026040 -0.012966
v 0.003354 0.025478 0.013200
v 0.003459 0.026273 0.012400
v 0.003428 0.026040 0.012966
v 0.006651 0.024823 -0.013200
v 0.006859 0.025597 -0.012400
v 0.006798 0.025370 -0.012966
v 0.006651 0.024823 0.013200
v 0.006859 0.025597 0.012400
v 0.006798 0.025370 0.012966
v 0.009834 0.023742 -0.013200
v 0.010141 0.024483 -0.012400
v 0.010051 0.024266 -0.012966
v 0.009834 0.023742 0.013200
v 0.010141 0.024483 0.012400
v 0.010051 0.024266 0.012966
v 0.012849 0.022255 -0.013200
v 0.013250 0.022950 -0.012400
v 0.013133 0.022746 -0.012966
v 0.012849 0.022255 0.013200
v 0.013250 0.022950 0.012400
v 0.013133 0.022746 0.012966
v 0.015644 0.020388 -0.013200
v 0.016132 0.021024 -0.012400
v 0.015989 0.020838 -0.012966
v 0.015644 0.020388 0.013200
v 0.016132 0.021024 0.012400
v 0.015989 0.020838 0.012966
v 0.018171 0.018171 -0.013200
v 0.018738 0.018738 -0.012400
v 0.018572 0.018572 -0.012966
v 0.018171 0.018171 0.013200
v 0.018738 0.018738 0.012400
v 0.018572 0.018572 0.012966
v 0.020388 0.015644 -0.013200
v 0.021024 0.016132 -0.012400
v 0.020838 0.015989 -0.012966
v 0.020388 0.015644 0.013200
v 0.021024 0.016132 0.012400
v 0.020838 0.015989 0.012966
v 0.022255 0.012849 -0.013200
v 0.022950 0.013250 -0.012400
v 0.022746 0.013133 -0.012966
v 0.022255 0.012849 0.013200
v 0.022950 0.013250 0.012400
v 0.022746 0.013133 0.012966
v 0.023742 0.009834 -0.013200
v 0.024483 0.010141 -0.012400
v 0.024266 0.010051 -0.012966
v 0.023742 0.009834 0.013200
v 0.024483 0.010141 0.012400
v 0.024266 0.010051 0.012966
v 0.024823 0.006651 -0.013200
v 0.025597 0.006859 -0.012400
v 0.025370 0.006798 -0.012966
v 0.024823 0.006651 0.013200
v 0.025597 0.006859 0.012400
v 0.025370 0.006798 0.012966
v 0.025478 0.003354 -0.013200
v 0.026273 0.003459 -0.012400
v 0.026040 0.003428 -0.012966
v 0.025478 0.003354 0.013200
v 0.026273 0.003459 0.012400
v 0.026040 0.003428 0.012966
v 0.025698 0.000000 -0.013200
v 0.026500 0.000000 -0.012400
v 0.026265 0.000000 -0.012966
v 0.025698 0.000000 0.013200
v 0.026500 0.000000 0.012400
v 0.026265 0.000000 0.012966
v 0.025478 -0.003354 -0.013200
v 0.026273 -0.003459 -0.012400
v 0.026040 -0.003428 -0.012966
v 0.025478 -0.003354 0.013200
v 0.026273 -0.003459 0.012400
v 0.026040 -0.003428 0.012966
v 0.024823 -0.006651 -0.013200
v 0.025597 -0.006859 -0.012400
v 0.025370 -0.006798 -0.012966
v 0.024823 -0.006651 0.013200
v 0.025597 -0.006859 0.012400
v 0.025370 -0.006798 0.012966
v 0.023742 -0.009834 -0.013200
v 0.024483 -0.010141 -0.012400
v 0.024266 -0.010051 -0.012966
v 0.023742 -0.009834 0.013200
v 0.024483 -0.010141 0.012400
v 0.024266 -0.010051 0.012966
v 0.022255 -0.012849 -0.013200
v 0.022950 -0.013250 -0.012400
v 0.022746 -0.013133 -0.012966
v 0.022255 -0.012849 0.013200
v 0.022950 -0.013250 0.012400
v 0.022746 -0.013133 0.012966
v 0.020388 -0.015644 -0.013200
v 0.021024 -0.016132 -0.012400
v 0.020838 -0.015989 -0.012966
v 0.020388 -0.015644 0.013200
v 0.021024 -0.016132 0.012400
v 0.020838 -0.015989 0.012966
v 0.018171 -0.018171 -0.013200
v 0.018738 -0.018738 -0.012400
v 0.018572 -0.018572 -0.012966
v 0.018171 -0.018171 0.013200
v 0.018738 -0.018738 0.012400
v 0.018572 -0.018572 0.012966
v 0.015644 -0.020388 -0.013200
v 0.016132 -0.021024 -0.012400
v 0.015989 -0.020838 -0.012966
v 0.015644 -0.020388 0.013200
v 0.016132 -0.021024 0.012400
v 0.015989 -0.020838 0.012966
v 0.012849 -0.022255 -0.013200
v 0.013250 -0.022950 -0.012400
v 0.013133 -0.022746 -0.012966
v 0.012849 -0.022255 0.013200
v 0.013250 -0.022950 0.012400
v 0.013133 -0.022746 0.012966
v 0.009834 -0.023742 -0.013200
v 0.010141 -0.024483 -0.012400
v 0.010051 -0.024266 -0.012966
v 0.009834 -0.023742 0.013200
v 0.010141 -0.024483 0.012400
v 0.010051 -0.024266 0.012966
v 0.006651 -0.024823 -0.013200
v 0.006859 -0.025597 -0.012400
v 0.006798 -0.025370 -0.012966
v 0.006651 -0.024823 0.013200
v 0.006859 -0.025597 0.012400
v 0.006798 -0.025370 0.012966
v 0.003354 -0.025478 -0.013200
v 0.003459 -0.026273 -0.012400
v 0.003428 -0.026040 -0.012966
v 0.003354 -0.025478 0.013200
v 0.003459 -0.026273 0.012400
v 0.003428 -0.026040 0.012966
v 0.000000 -0.025698 -0.013200
v 0.000000 -0.026500 -0.012400
v 0.000000 -0.026265 -0.012966
v 0.000000 -0.025698 0.013200
v 0.000000 -0.026500 0.012400
v 0.000000 -0.026265 0.012966
v -0.003354 -0.025478 -0.013200
v -0.003459 -0.026273 -0.012400
v -0.003428 -0.026040 -0.012966
v -0.003354 -0.025478 0.013200
v -0.003459 -0.026273 0.012400
v -0.003428 -0.026040 0.012966
v -0.006651 -0.024823 -0.013200
v -0.006859 -0.025597 -0.012400
v -0.006798 -0.025370 -0.012966
v -0.006651 -0.024823 0.013200
v -0.006859 -0.025597 0.012400
v -0.006798 -0.025370 0.012966
v -0.009834 -0.023742 -0.013200
v -0.010141 -0.024483 -0.012400
v -0.010051 -0.024266 -0.012966
v -0.009834 -0.023742 0.013200
v -0.010141 -0.024483 0.012400
v -0.010051 -0.024266 0.012966
v -0.012849 -0.022255 -0.013200
v -0.013250 -0.022950 -0.012400
v -0.013133 -0.022746 -0.012966
v -0.012849 -0.022255 0.013200
v -0.013250 -0.022950 0.012400
v -0.013133 -0.022746 0.012966
v -0.015644 -0.020388 -0.013200
v -0.016132 -0.021024 -0.012400
v -0.015989 -0.020838 -0.012966
v -0.015644 -0.020388 0.013200
v -0.016132 -0.021024 0.012400
v -0.015989 -0.020838 0.012966
v -0.018171 -0.018171 -0.013200
v -0.018738 -0.018738 -0.012400
v -0.018572 -0.018572 -0.012966
v -0.018171 -0.018171 0.013200
v -0.018738 -0.018738 0.012400
v -0.018572 -0.018572 0.012966
v -0.020388 -0.015644 -0.013200
v -0.021024 -0.016132 -0.012400
v -0.020838 -0.015989 -0.012966
v -0.020388 -0.015644 0.013200
v -0.021024 -0.016132 0.012400
v -0.020838 -0.015989 0.012966
v -0.022255 -0.012849 -0.013200
v -0.022950 -0.013250 -0.012400
v -0.022746 -0.013133 -0.012966
v -0.022255 -0.012849 0.013200
v -0.022950 -0.013250 0.012400
v -0.022746 -0.013133 0.012966
v -0.023742 -0.009834 -0.013200
v -0.024483 -0.010141 -0.012400
v -0.024266 -0.010051 -0.012966
v -0.023742 -0.009834 0.013200
v -0.024483 -0.010141 0.012400
v -0.024266 -0.010051 0.012966
v -0.024823 -0.006651 -0.013200
v -0.025597 -0.006859 -0.012400
v -0.025370 -0.006798 -0.012966
v -0.024823 -0.006651 0.013200
v -0.025597 -0.006859 0.012400
v -0.025370 -0.006798 0.012966
v -0.025478 -0.003354 -0.013200
v -0.026273 -0.003459 -0.012400
v -0.026040 -0.003428 -0.012966
v -0.025478 -0.003354 0.013200
v -0.026273 -0.003459 0.012400
v -0.026040 -0.003428 0.012966
v -0.025698 0.000000 -0.013200
v -0.026500 0.000000 -0.012400
v -0.026265 0.000000 -0.012966
v -0.025698 0.000000 0.013200
v -0.026500 0.000000 0.012400
v -0.026265 0.000000 0.012966
v -0.025478 0.003354 -0.013200
v -0.026273 0.003459 -0.012400
v -0.026040 0.003428 -0.012966
v -0.025478 0.003354 0.013200
v -0.026273 0.003459 0.012400
v -0.026040 0.003428 0.012966
v -0.024823 0.006651 -0.013200
v -0.025597 0.006859 -0.012400
v -0.025370 0.006798 -0.012966
v -0.024823 0.006651 0.013200
v -0.025597 0.006859 0.012400
v -0.025370 0.006798 0.012966
v -0.023742 0.009834 -0.013200
v -0.024483 0.010141 -0.012400
v -0.024266 0.010051 -0.012966
v -0.023742 0.009834 0.013200
v -0.024483 0.010141 0.012400
v -0.024266 0.010051 0.012966
v -0.022255 0.012849 -0.013200
v -0.022950 0.013250 -0.012400
v -0.022746 0.013133 -0.012966
v -0.022255 0.012849 0.013200
v -0.022950 0.013250 0.012400
v -0.022746 0.013133 0.012966
v -0.020388 0.015644 -0.013200
v -0.021024 0.016132 -0.012400
v -0.020838 0.015989 -0.012966
v -0.020388 0.015644 0.013200
v -0.021024 0.016132 0.012400
v -0.020838 0.015989 0.012966
v -0.018171 0.018171 -0.013200
v -0.018738 0.018738 -0.012400
v -0.018572 0.018572 -0.012966
v -0.018171 0.018171 0.013200
v -0.018738 0.018738 0.012400
v -0.018572 0.018572 0.012966
v -0.015644 0.020388 -0.013200
v -0.016132 0.021024 -0.012400
v -0.015989 0.020838 -0.012966
v -0.015644 0.020388 0.013200
v -0.016132 0.021024 0.012400
v -0.015989 0.020838 0.012966
v -0.012849 0.022255 -0.013200
v -0.013250 0.022950 -0.012400
v -0.013133 0.022746 -0.012966
v -0.012849 0.022255 0.013200
v -0.013250 0.022950 0.012400
v -0.013133 0.022746 0.012966
v -0.009834 0.023742 -0.013200
v -0.010141 0.024483 -0.012400
v -0.010051 0.024266 -0.012966
v -0.009834 0.023742 0.013200
v -0.010141 0.024483 0.012400
v -0.010051 0.024266 0.012966
v -0.006651 0.024823 -0.013200
v -0.006859 0.025597 -0.012400
v -0.006798 0.025370 -0.012966
v -0.006651 0.024823 0.013200
v -0.006859 0.025597 0.012400
v -0.006798 0.025370 0.012966
v -0.003354 0.025478 -0.013200
v -0.003459 0.026273 -0.012400
v -0.003428 0.026040 -0.012966
v -0.003354 0.025478 0.013200
v -0.003459 0.026273 0.012400
v -0.003428 0.026040 0.012966
v 0.014609 0.004280 -0.013200
v 0.017391 0.004280 -0.013200
v 0.018645 0.003641 -0.013200
v 0.016000 0.004500 -0.013200
v 0.019641 -0.002645 -0.013200
v 0.020500 0.000000 -0.013200
v 0.020280 0.001391 -0.013200
v 0.020280 -0.001391 -0.013200
v 0.019641 0.002645 -0.013200
v 0.011720 -0.001391 -0.013200
v 0.011500 0.000000 -0.013200
v 0.012359 -0.002645 -0.013200
v 0.012359 0.002645 -0.013200
v 0.011720 0.001391 -0.013200
v 0.014609 -0.004280 -0.013200
v 0.018645 -0.003641 -0.013200
v 0.016000 -0.004500 -0.013200
v 0.017391 -0.004280 -0.013200
v 0.013355 -0.003641 -0.013200
v 0.013355 0.003641 -0.013200
v 0.013355 0.003641 0.013200
v 0.014609 0.004280 0.013200
v 0.016000 -0.004500 0.013200
v 0.016000 0.004500 0.013200
v 0.014609 -0.004280 0.013200
v 0.018645 -0.003641 0.013200
v 0.019641 -0.002645 0.013200
v 0.018645 0.003641 0.013200
v 0.020500 0.000000 0.013200
v 0.020280 0.001391 0.013200
v 0.020280 -0.001391 0.013200
v 0.019641 0.002645 0.013200
v 0.017391 -0.004280 0.013200
v 0.017391 0.004280 0.013200
v 0.011500 0.000000 0.013200
v 0.011720 -0.001391 0.013200
v 0.011720 0.001391 0.013200
v 0.013355 -0.003641 0.013200
v 0.012359 -0.002645 0.013200
v 0.012359 0.002645 0.013200
v 0.010645 0.017497 -0.013200
v 0.011641 0.016501 -0.013200
v 0.012500 0.013856 -0.013200
v 0.012280 0.015247 -0.013200
v 0.009391 0.018136 -0.013200
v 0.012280 0.012466 -0.013200
v 0.011641 0.011211 -0.013200
v 0.010645 0.010216 -0.013200
v 0.003500 0.013856 -0.013200
v 0.003720 0.012466 -0.013200
v 0.003720 0.015247 -0.013200
v 0.004359 0.011211 -0.013200
v 0.005355 0.017497 -0.013200
v 0.005355 0.010216 -0.013200
v 0.004359 0.016501 -0.013200
v 0.006609 0.009577 -0.013200
v 0.006609 0.018136 -0.013200
v 0.009391 0.009577 -0.013200
v 0.008000 0.009356 -0.013200
v 0.008000 0.018356 -0.013200
v 0.011641 0.016501 0.013200
v 0.010645 0.017497 0.013200
v 0.012500 0.013856 0.013200
v 0.012280 0.015247 0.013200
v 0.009391 0.018136 0.013200
v 0.012280 0.012466 0.013200
v 0.003500 0.013856 0.013200
v 0.003720 0.012466 0.013200
v 0.003720 0.015247 0.013200
v 0.005355 0.010216 0.013200
v 0.005355 0.017497 0.013200
v 0.006609 0.009577 0.013200
v 0.004359 0.011211 0.013200
v 0.004359 0.016501 0.013200
v 0.006609 0.018136 0.013200
v 0.007764 0.018319 0.013200
v 0.008000 0.009356 0.013200
v 0.008000 0.018356 0.013200
v 0.011641 0.011211 0.013200
v 0.009391 0.009577 0.013200
v 0.010645 0.010216 0.013200
v -0.012280 0.012466 -0.013200
v -0.012500 0.013856 -0.013200
v -0.012463 0.014093 -0.013200
v -0.012280 0.015247 -0.013200
v -0.011641 0.011211 -0.013200
v -0.011641 0.016501 -0.013200
v -0.010645 0.010216 -0.013200
v -0.010645 0.017497 -0.013200
v -0.008000 0.018356 -0.013200
v -0.009391 0.009577 -0.013200
v -0.009391 0.018136 -0.013200
v -0.005355 0.017497 -0.013200
v -0.004359 0.016501 -0.013200
v -0.006609 0.018136 -0.013200
v -0.008000 0.009356 -0.013200
v -0.005355 0.010216 -0.013200
v -0.006609 0.009577 -0.013200
v -0.003500 0.013856 -0.013200
v -0.004359 0.011211 -0.013200
v -0.003720 0.012466 -0.013200
v -0.003720 0.015247 -0.013200
v -0.012500 0.013856 0.013200
v -0.012280 0.015247 0.013200
v -0.011641 0.016501 0.013200
v -0.010645 0.017497 0.013200
v -0.008000 0.018356 0.013200
v -0.006609 0.018136 0.013200
v -0.004359 0.016501 0.013200
v -0.005355 0.017497 0.013200
v -0.009391 0.018136 0.013200
v -0.003720 0.015247 0.013200
v -0.012280 0.012466 0.013200
v -0.003500 0.013856 0.013200
v -0.003505 0.013823 0.013200
v -0.003537 0.014093 0.013200
v -0.011641 0.011211 0.013200
v -0.003720 0.012466 0.013200
v -0.004359 0.011211 0.013200
v -0.010645 0.010216 0.013200
v -0.005355 0.010216 0.013200
v -0.008000 0.009356 0.013200
v -0.009391 0.009577 0.013200
v -0.006609 0.009577 0.013200
v -0.020500 0.000000 -0.013200
v -0.020280 -0.001391 -0.013200
v -0.020280 0.001391 -0.013200
v -0.019641 -0.002645 -0.013200
v -0.019641 0.002645 -0.013200
v -0.018645 -0.003641 -0.013200
v -0.018645 0.003641 -0.013200
v -0.017391 -0.004280 -0.013200
v -0.017391 0.004280 -0.013200
v -0.013355 -0.003641 -0.013200
v -0.014609 -0.004280 -0.013200
v -0.016000 -0.004500 -0.013200
v -0.016000 0.004500 -0.013200
v -0.014609 0.004280 -0.013200
v -0.013355 0.003641 -0.013200
v -0.011500 0.000000 -0.013200
v -0.011720 -0.001391 -0.013200
v -0.011720 0.001391 -0.013200
v -0.012359 0.002645 -0.013200
v -0.012359 -0.002645 -0.013200
v -0.016000 -0.004500 0.013200
v -0.014609 -0.004280 0.013200
v -0.013355 -0.003641 0.013200
v -0.017391 -0.004280 0.013200
v -0.012359 -0.002645 0.013200
v -0.011720 -0.001391 0.013200
v -0.018645 -0.003641 0.013200
v -0.011500 0.000000 0.013200
v -0.011720 0.001391 0.013200
v -0.020280 0.001391 0.013200
v -0.019641 0.002645 0.013200
v -0.018645 0.003641 0.013200
v -0.020500 0.000000 0.013200
v -0.017391 0.004280 0.013200
v -0.016000 0.004500 0.013200
v -0.019641 -0.002645 0.013200
v -0.012359 0.002645 0.013200
v -0.013355 0.003641 0.013200
v -0.020280 -0.001391 0.013200
v -0.014487 0.004217 0.013200
v -0.014609 0.004280 0.013200
v -0.012500 -0.013856 -0.013200
v -0.012280 -0.015247 -0.013200
v -0.012280 -0.012466 -0.013200
v -0.011641 -0.016501 -0.013200
v -0.009391 -0.018136 -0.013200
v -0.010645 -0.017497 -0.013200
v -0.005355 -0.017497 -0.013200
v -0.006609 -0.018136 -0.013200
v -0.003500 -0.013856 -0.013200
v -0.003720 -0.015247 -0.013200
v -0.008000 -0.018356 -0.013200
v -0.004359 -0.016501 -0.013200
v -0.011641 -0.011211 -0.013200
v -0.009391 -0.009577 -0.013200
v -0.010432 -0.010107 -0.013200
v -0.010645 -0.010216 -0.013200
v -0.008000 -0.009356 -0.013200
v -0.005355 -0.010216 -0.013200
v -0.006609 -0.009577 -0.013200
v -0.003720 -0.012466 -0.013200
v -0.004359 -0.011211 -0.013200
v -0.012500 -0.013856 0.013200
v -0.012280 -0.015247 0.013200
v -0.012280 -0.012466 0.013200
v -0.009391 -0.018136 0.013200
v -0.010645 -0.017497 0.013200
v -0.011641 -0.016501 0.013200
v -0.011641 -0.011211 0.013200
v -0.007764 -0.018319 0.013200
v -0.008000 -0.018356 0.013200
v -0.006609 -0.018136 0.013200
v -0.005355 -0.017497 0.013200
v -0.004359 -0.016501 0.013200
v -0.003500 -0.013856 0.013200
v -0.003720 -0.015247 0.013200
v -0.003720 -0.012466 0.013200
v -0.009391 -0.009577 0.013200
v -0.010645 -0.010216 0.013200
v -0.008000 -0.009356 0.013200
v -0.006609 -0.009577 0.013200
v -0.004359 -0.011211 0.013200
v -0.005355 -0.010216 0.013200
v 0.006609 -0.018136 -0.013200
v 0.005355 -0.017497 -0.013200
v 0.008000 -0.018356 -0.013200
v 0.009391 -0.018136 -0.013200
v 0.011641 -0.016501 -0.013200
v 0.011641 -0.011211 -0.013200
v 0.012500 -0.013856 -0.013200
v 0.012280 -0.015247 -0.013200
v 0.012280 -0.012466 -0.013200
v 0.010645 -0.017497 -0.013200
v 0.004359 -0.016501 -0.013200
v 0.010645 -0.010216 -0.013200
v 0.003500 -0.013856 -0.013200
v 0.003720 -0.015247 -0.013200
v 0.003720 -0.012466 -0.013200
v 0.004359 -0.011211 -0.013200
v 0.006609 -0.009577 -0.013200
v 0.005355 -0.010216 -0.013200
v 0.009391 -0.009577 -0.013200
v 0.008000 -0.009356 -0.013200
v 0.009391 -0.018136 0.013200
v 0.008000 -0.018356 0.013200
v 0.010645 -0.017497 0.013200
v 0.012500 -0.013856 0.013200
v 0.012280 -0.012466 0.013200
v 0.011641 -0.016501 0.013200
v 0.012280 -0.015247 0.013200
v 0.011641 -0.011211 0.013200
v 0.010401 -0.010091 0.013200
v 0.010645 -0.010216 0.013200
v 0.006609 -0.018136 0.013200
v 0.009391 -0.009577 0.013200
v 0.003500 -0.013856 0.013200
v 0.004359 -0.016501 0.013200
v 0.003720 -0.015247 0.013200
v 0.003720 -0.012466 0.013200
v 0.004359 -0.011211 0.013200
v 0.005355 -0.017497 0.013200
v 0.006609 -0.009577 0.013200
v 0.008000 -0.009356 0.013200
v 0.005355 -0.010216 0.013200
v 0.000000 0.005395 -0.014000
v 0.000000 0.006000 -0.013400
v 0.000000 0.005823 -0.013824
v 0.000000 0.005395 0.014000
v 0.000000 0.006000 0.013400
v 0.000000 0.005823 0.013824
v 0.001396 0.005211 -0.014000
v 0.001553 0.005796 -0.013400
v 0.001507 0.005624 -0.013824
v 0.001396 0.005211 0.014000
v 0.001553 0.005796 0.013400
v 0.001507 0.005624 0.013824
v 0.002697 0.004672 -0.014000
v 0.003000 0.005196 -0.013400
v 0.002911 0.005043 -0.013824
v 0.002697 0.004672 0.014000
v 0.003000 0.005196 0.013400
v 0.002911 0.005043 0.013824
v 0.003815 0.003815 -0.014000
v 0.004243 0.004243 -0.013400
v 0.004117 0.004117 -0.013824
v 0.003815 0.003815 0.014000
v 0.004243 0.004243 0.013400
v 0.004117 0.004117 0.013824
v 0.004672 0.002697 -0.014000
v 0.005196 0.003000 -0.013400
v 0.005043 0.002911 -0.013824
v 0.004672 0.002697 0.014000
v 0.005196 0.003000 0.013400
v 0.005043 0.002911 0.013824
v 0.005211 0.001396 -0.014000
v 0.005796 0.001553 -0.013400
v 0.005624 0.001507 -0.013824
v 0.005211 0.001396 0.014000
v 0.005796 0.001553 0.013400
v 0.005624 0.001507 0.013824
v 0.005395 0.000000 -0.014000
v 0.006000 0.000000 -0.013400
v 0.005823 0.000000 -0.013824
v 0.005395 0.000000 0.014000
v 0.006000 0.000000 0.013400
v 0.005823 0.000000 0.013824
v 0.005211 -0.001396 -0.014000
v 0.005796 -0.001553 -0.013400
v 0.005624 -0.001507 -0.013824
v 0.005211 -0.001396 0.014000
v 0.005796 -0.001553 0.013400
v 0.005624 -0.001507 0.013824
v 0.004672 -0.002697 -0.014000
v 0.005196 -0.003000 -0.013400
v 0.005043 -0.002911 -0.013824
v 0.004672 -0.002697 0.014000
v 0.005196 -0.003000 0.013400
v 0.005043 -0.002911 0.013824
v 0.003815 -0.003815 -0.014000
v 0.004243 -0.004243 -0.013400
v 0.004117 -0.004117 -0.013824
v 0.003815 -0.003815 0.014000
v 0.004243 -0.004243 0.013400
v 0.004117 -0.004117 0.013824
v 0.002697 -0.004672 -0.014000
v 0.003000 -0.005196 -0.013400
v 0.002911 -0.005043 -0.013824
v 0.002697 -0.004672 0.014000
v 0.003000 -0.005196 0.013400
v 0.002911 -0.005043 0.013824
v 0.001396 -0.005211 -0.014000
v 0.001553 -0.005796 -0.013400
v 0.001507 -0.005624 -0.013824
v 0.001396 -0.005211 0.014000
v 0.001553 -0.005796 0.013400
v 0.001507 -0.005624 0.013824
v 0.000000 -0.005395 -0.014000
v 0.000000 -0.006000 -0.013400
v 0.000000 -0.005823 -0.013824
v 0.000000 -0.005395 0.014000
v 0.000000 -0.006000 0.013400
v 0.000000 -0.005823 0.013824
v -0.001396 -0.005211 -0.014000
v -0.001553 -0.005796 -0.013400
v -0.001507 -0.005624 -0.013824
v -0.001396 -0.005211 0.014000
v -0.001553 -0.005796 0.013400
v -0.001507 -0.005624 0.013824
v -0.002697 -0.004672 -0.014000
v -0.003000 -0.005196 -0.013400
v -0.002911 -0.005043 -0.013824
v -0.002697 -0.004672 0.014000
v -0.003000 -0.005196 0.013400
v -0.002911 -0.005043 0.013824
v -0.003815 -0.003815 -0.014000
v -0.004243 -0.004243 -0.013400
v -0.004117 -0.004117 -0.013824
v -0.003815 -0.003815 0.014000
v -0.004243 -0.004243 0.013400
v -0.004117 -0.004117 0.013824
v -0.004672 -0.002697 -0.014000
v -0.005196 -0.003000 -0.013400
v -0.005043 -0.002911 -0.013824
v -0.004672 -0.002697 0.014000
v -0.005196 -0.003000 0.013400
v -0.005043 -0.002911 0.013824
v -0.005211 -0.001396 -0.014000
v -0.005796 -0.001553 -0.013400
v -0.005624 -0.001507 -0.013824
v -0.005211 -0.001396 0.014000
v -0.005796 -0.001553 0.013400
v -0.005624 -0.001507 0.013824
v -0.005395 0.000000 -0.014000
v -0.006000 0.000000 -0.013400
v -0.005823 0.000000 -0.013824
v -0.005395 0.000000 0.014000
v -0.006000 0.000000 0.013400
v -0.005823 0.000000 0.013824
v -0.005211 0.001396 -0.014000
v -0.005796 0.001553 -0.013400
v -0.005624 0.001507 -0.013824
v -0.005211 0.001396 0.014000
v -0.005796 0.001553 0.013400
v -0.005624 0.001507 0.013824
v -0.004672 0.002697 -0.014000
v -0.005196 0.003000 -0.013400
v -0.005043 0.002911 -0.013824
v -0.004672 0.002697 0.014000
v -0.005196 0.003000 0.013400
v -0.005043 0.002911 0.013824
v -0.003815 0.003815 -0.014000
v -0.004243 0.004243 -0.013400
v -0.004117 0.004117 -0.013824
v -0.003815 0.003815 0.014000
v -0.004243 0.004243 0.013400
v -0.004117 0.004117 0.013824
v -0.002697 0.004672 -0.014000
v -0.003000 0.005196 -0.013400
v -0.002911 0.005043 -0.013824
v -0.002697 0.004672 0.014000
v -0.003000 0.005196 0.013400
v -0.002911 0.005043 0.013824
v -0.001396 0.005211 -0.014000
v -0.001553 0.005796 -0.013400
v -0.001507 0.005624 -0.013824
v -0.001396 0.005211 0.014000
v -0.001553 0.005796 0.013400
v -0.001507 0.005624 0.013824
v -0.002568 -0.000834 -0.014000
v -0.002700 0.000000 -0.014000
v -0.002184 -0.001587 -0.014000
v -0.002568 0.000834 -0.014000
v -0.001587 0.002184 -0.014000
v -0.000834 -0.002568 -0.014000
v -0.000834 0.002568 -0.014000
v -0.001587 -0.002184 -0.014000
v -0.002184 0.001587 -0.014000
v 0.001587 0.002184 -0.014000
v 0.000834 -0.002568 -0.014000
v 0.000834 0.002568 -0.014000
v 0.002184 -0.001587 -0.014000
v 0.002700 0.000000 -0.014000
v 0.002568 -0.000834 -0.014000
v 0.002568 0.000834 -0.014000
v 0.002184 0.001587 -0.014000
v 0.001587 -0.002184 -0.014000
v 0.000000 -0.002700 -0.014000
v 0.000000 0.002700 -0.014000
v 0.002700 0.000000 0.014000
v -0.002568 -0.000834 0.014000
v -0.002700 0.000000 0.014000
v -0.002184 -0.001587 0.014000
v -0.002568 0.000834 0.014000
v -0.002184 0.001587 0.014000
v -0.001587 0.002184 0.014000
v -0.000834 -0.002568 0.014000
v -0.000834 0.002568 0.014000
v -0.001587 -0.002184 0.014000
v 0.000834 -0.002568 0.014000
v 0.001587 0.002184 0.014000
v 0.001587 -0.002184 0.014000
v 0.000834 0.002568 0.014000
v 0.002568 -0.000834 0.014000
v 0.002568 0.000834 0.014000
v 0.002184 0.001587 0.014000
v 0.002184 -0.001587 0.014000
v 0.000000 -0.002700 0.014000
v 0.000000 0.002700 0.014000
vn 0.0603 0.9218 -0.3829
vn 0.0251 0.3821 -0.9238
vn 0.0603 0.9219 0.3827
vn 0.0251 0.3819 0.9238
vn 0.1802 0.9061 -0.3827
vn 0.0746 0.3754 -0.9238
vn 0.1802 0.9060 0.3829
vn 0.0746 0.3755 0.9238
vn 0.2969 0.8748 -0.3829
vn 0.1231 0.3625 -0.9238
vn 0.2969 0.8749 0.3825
vn 0.1231 0.3624 0.9239
vn 0.4087 0.8286 -0.3826
vn 0.1692 0.3433 -0.9239
vn 0.4087 0.8285 0.3828
vn 0.1693 0.3433 0.9238
vn 0.5133 0.7681 -0.3828
vn 0.2126 0.3183 -0.9238
vn 0.5133 0.7681 0.3828
vn 0.2127 0.3184 0.9238
vn 0.6092 0.6945 -0.3828
vn 0.2525 0.2878 -0.9238
vn 0.6092 0.6945 0.3829
vn 0.2525 0.2878 0.9238
vn 0.6945 0.6092 -0.3829
vn 0.2878 0.2525 -0.9238
vn 0.6945 0.6092 0.3828
vn 0.2878 0.2525 0.9238
vn 0.7681 0.5133 -0.3828
vn 0.3184 0.2127 -0.9238
vn 0.7681 0.5133 0.3828
vn 0.3183 0.2126 0.9238
vn 0.8285 0.4087 -0.3828
vn 0.3433 0.1693 -0.9238
vn 0.8286 0.4087 0.3826
vn 0.3432 0.1692 0.9239
vn 0.8749 0.2969 -0.3825
vn 0.3624 0.1231 -0.9239
vn 0.8748 0.2969 0.3829
vn 0.3625 0.1231 0.9238
vn 0.9060 0.1802 -0.3829
vn 0.3755 0.0746 -0.9238
vn 0.9061 0.1802 0.3827
vn 0.3754 0.0746 0.9238
vn 0.9219 0.0603 -0.3827
vn 0.3819 0.0251 -0.9238
vn 0.9218 0.0603 0.3829
vn 0.3821 0.0251 0.9238
vn 0.9218 -0.0603 -0.3829
vn 0.3821 -0.0251 -0.9238
vn 0.9219 -0.0603 0.3827
vn 0.3819 -0.0251 0.9238
vn 0.9061 -0.1802 -0.3827
vn 0.3754 -0.0746 -0.9238
vn 0.9060 -0.1802 0.3829
vn 0.3755 -0.0746 0.9238
vn 0.8748 -0.2969 -0.3829
vn 0.3625 -0.1231 -0.9238
vn 0.8749 -0.2969 0.3825
vn 0.3624 -0.1231 0.9239
vn 0.8286 -0.4087 -0.3826
vn 0.3432 -0.1692 -0.9239
vn 0.8285 -0.4087 0.3828
vn 0.3433 -0.1693 0.9238
vn 0.7681 -0.5133 -0.3828
vn 0.3183 -0.2126 -0.9238
vn 0.7681 -0.5133 0.3828
vn 0.3184 -0.2127 0.9238
vn 0.6945 -0.6092 -0.3828
vn 0.2878 -0.2525 -0.9238
vn 0.6945 -0.6092 0.3829
vn 0.2878 -0.2525 0.9238
vn 0.6092 -0.6945 -0.3829
vn 0.2525 -0.2878 -0.9238
vn 0.6092 -0.6945 0.3828
vn 0.2525 -0.2878 0.9238
vn 0.5133 -0.7681 -0.3828
vn 0.2127 -0.3184 -0.9238
vn 0.5133 -0.7681 0.3828
vn 0.2126 -0.3183 0.9238
vn 0.4087 -0.8285 -0.3828
vn 0.1693 -0.3433 -0.9238
vn 0.4087 -0.8286 0.3826
vn 0.1692 -0.3433 0.9239
vn 0.2969 -0.8749 -0.3825
vn 0.1231 -0.3624 -0.9239
vn 0.2969 -0.8748 0.3829
vn 0.1231 -0.3625 0.9238
vn 0.1802 -0.9060 -0.3829
vn 0.0746 -0.3755 -0.9238
vn 0.1802 -0.9061 0.3827
vn 0.0746 -0.3754 0.9238
vn 0.0603 -0.9219 -0.3827
vn 0.0251 -0.3819 -0.9238
vn 0.0603 -0.9218 0.3829
vn 0.0251 -0.3821 0.9238
vn -0.0603 -0.9218 -0.3829
vn -0.0251 -0.3821 -0.9238
vn -0.0603 -0.9219 0.3827
vn -0.0251 -0.3819 0.9238
vn -0.1802 -0.9061 -0.3827
vn -0.0746 -0.3754 -0.9238
vn -0.1802 -0.9060 0.3829
vn -0.0746 -0.3755 0.9238
vn -0.2969 -0.8748 -0.3829
vn -0.1231 -0.3625 -0.9238
vn -0.2969 -0.8749 0.3825
vn -0.1231 -0.3624 0.9239
vn -0.4087 -0.8286 -0.3826
vn -0.1692 -0.3433 -0.9239
vn -0.4087 -0.8285 0.3828
vn -0.1693 -0.3433 0.9238
vn -0.5133 -0.7681 -0.3828
vn -0.2126 -0.3183 -0.9238
vn -0.5133 -0.7681 0.3828
vn -0.2127 -0.3184 0.9238
vn -0.6092 -0.6945 -0.3828
vn -0.2525 -0.2878 -0.9238
vn -0.6092 -0.6945 0.3829
vn -0.2525 -0.2878 0.9238
vn -0.6945 -0.6092 -0.3829
vn -0.2878 -0.2525 -0.9238
vn -0.6945 -0.6092 0.3828
vn -0.2878 -0.2525 0.9238
vn -0.7681 -0.5133 -0.3828
vn -0.3184 -0.2127 -0.9238
vn -0.7681 -0.5133 0.3828
vn -0.3183 -0.2126 0.9238
vn -0.8285 -0.4087 -0.3828
vn -0.3433 -0.1693 -0.9238
vn -0.8286 -0.4087 0.3826
vn -0.3432 -0.1692 0.9239
vn -0.8749 -0.2969 -0.3825
vn -0.3624 -0.1231 -0.9239
vn -0.8748 -0.2969 0.3829
vn -0.3625 -0.1231 0.9238
vn -0.9060 -0.1802 -0.3829
vn -0.3755 -0.0746 -0.9238
vn -0.9061 -0.1802 0.3827
vn -0.3754 -0.0746 0.9238
vn -0.9219 -0.0603 -0.3827
vn -0.3819 -0.0251 -0.9238
vn -0.9218 -0.0603 0.3829
vn -0.3821 -0.0251 0.9238
vn -0.9218 0.0603 -0.3829
vn -0.3821 0.0251 -0.9238
vn -0.9219 0.0603 0.3827
vn -0.3819 0.0251 0.9238
vn -0.9061 0.1802 -0.3827
vn -0.3754 0.0746 -0.9238
vn -0.9060 0.1802 0.3829
vn -0.3755 0.0746 0.9238
vn -0.8748 0.2969 -0.3829
vn -0.3625 0.1231 -0.9238
vn -0.8749 0.2969 0.3825
vn -0.3624 0.1231 0.9239
vn -0.8286 0.4087 -0.3826
vn -0.3432 0.1692 -0.9239
vn -0.8285 0.4087 0.3828
vn -0.3433 0.1693 0.9238
vn -0.7681 0.5133 -0.3828
vn -0.3183 0.2126 -0.9238
vn -0.7681 0.5133 0.3828
vn -0.3184 0.2127 0.9238
vn -0.6945 0.6092 -0.3828
vn -0.2878 0.2525 -0.9238
vn -0.6945 0.6092 0.3829
vn -0.2878 0.2525 0.9238
vn -0.6092 0.6945 -0.3829
vn -0.2525 0.2878 -0.9238
vn -0.6092 0.6945 0.3828
vn -0.2525 0.2878 0.9238
vn -0.5133 0.7681 -0.3828
vn -0.2127 0.3184 -0.9238
vn -0.5133 0.7681 0.3828
vn -0.2126 0.3183 0.9238
vn -0.4087 0.8285 -0.3828
vn -0.1693 0.3433 -0.9238
vn -0.4087 0.8286 0.3826
vn -0.1692 0.3433 0.9239
vn -0.2969 0.8749 -0.3825
vn -0.1231 0.3624 -0.9239
vn -0.2969 0.8748 0.3829
vn -0.1231 0.3625 0.9238
vn -0.1802 0.9060 -0.3829
vn -0.0746 0.3755 -0.9238
vn -0.1802 0.9061 0.3827
vn -0.0746 0.3754 0.9238
vn -0.0603 0.9219 -0.3827
vn -0.0251 0.3819 -0.9238
vn -0.0603 0.9218 0.3829
vn -0.0251 0.3821 0.9238
vn -0.0000 -0.0000 -1.0000
vn 0.0654 0.9979 -0.0000
vn -0.0654 0.9979 -0.0000
vn -0.0000 -0.0000 1.0000
vn 0.1950 0.9808 -0.0000
vn 0.3216 0.9469 -0.0000
vn 0.4422 0.8969 -0.0000
vn 0.5556 0.8315 -0.0000
vn 0.6594 0.7518 -0.0000
vn 0.7518 0.6594 -0.0000
vn 0.8315 0.5556 -0.0000
vn 0.8969 0.4422 -0.0000
vn 0.9469 0.3216 -0.0000
vn 0.9808 0.1950 -0.0000
vn 0.9979 0.0654 -0.0000
vn 0.9979 -0.0654 -0.0000
vn 0.9808 -0.1950 -0.0000
vn 0.9469 -0.3216 -0.0000
vn 0.8969 -0.4422 -0.0000
vn 0.8315 -0.5556 -0.0000
vn 0.7518 -0.6594 -0.0000
vn 0.6594 -0.7518 -0.0000
vn 0.5556 -0.8315 -0.0000
vn 0.4422 -0.8969 -0.0000
vn 0.3216 -0.9469 -0.0000
vn 0.1950 -0.9808 -0.0000
vn 0.0654 -0.9979 -0.0000
vn -0.0654 -0.9979 -0.0000
vn -0.1950 -0.9808 -0.0000
vn -0.3216 -0.9469 -0.0000
vn -0.4422 -0.8969 -0.0000
vn -0.5556 -0.8315 -0.0000
vn -0.6594 -0.7518 -0.0000
vn -0.7518 -0.6594 -0.0000
vn -0.8315 -0.5556 -0.0000
vn -0.8969 -0.4422 -0.0000
vn -0.9469 -0.3216 -0.0000
vn -0.9808 -0.1950 -0.0000
vn -0.9979 -0.0654 -0.0000
vn -0.9979 0.0654 -0.0000
vn -0.9808 0.1950 -0.0000
vn -0.9469 0.3216 -0.0000
vn -0.8969 0.4422 -0.0000
vn -0.8315 0.5556 -0.0000
vn -0.7518 0.6594 -0.0000
vn -0.6594 0.7518 -0.0000
vn -0.5556 0.8315 -0.0000
vn -0.4422 0.8969 -0.0000
vn -0.3216 0.9469 -0.0000
vn -0.1950 0.9808 -0.0000
vn 0.0605 0.9219 -0.3827
vn 0.0250 0.3814 -0.9241
vn 0.0605 0.9218 0.3828
vn 0.0250 0.3815 0.9240
vn 0.1801 0.9061 -0.3829
vn 0.0745 0.3749 -0.9241
vn 0.1801 0.9061 0.3828
vn 0.0745 0.3752 0.9239
vn 0.1230 0.3622 -0.9239
vn 0.2969 0.8749 0.3826
vn 0.1229 0.3618 0.9241
vn 0.4087 0.8286 -0.3827
vn 0.1690 0.3427 -0.9241
vn 0.4086 0.8285 0.3830
vn 0.1690 0.3427 0.9241
vn 0.5132 0.7681 -0.3829
vn 0.2122 0.3177 -0.9241
vn 0.5133 0.7684 0.3822
vn 0.2123 0.3178 0.9241
vn 0.6094 0.6946 -0.3822
vn 0.2520 0.2873 -0.9241
vn 0.6093 0.6946 0.3824
vn 0.2520 0.2872 0.9241
vn 0.6946 0.6093 -0.3824
vn 0.2872 0.2520 -0.9241
vn 0.6946 0.6094 0.3822
vn 0.2873 0.2520 0.9241
vn 0.7684 0.5133 -0.3822
vn 0.3178 0.2123 -0.9241
vn 0.7681 0.5132 0.3829
vn 0.3177 0.2122 0.9241
vn 0.8285 0.4086 -0.3831
vn 0.3427 0.1690 -0.9241
vn 0.8286 0.4087 0.3827
vn 0.3427 0.1690 0.9241
vn 0.8749 0.2969 -0.3826
vn 0.3618 0.1229 -0.9241
vn 0.8748 0.2969 0.3828
vn 0.3622 0.1230 0.9239
vn 0.9061 0.1801 -0.3828
vn 0.3752 0.0745 -0.9239
vn 0.9061 0.1801 0.3829
vn 0.3749 0.0745 0.9241
vn 0.9218 0.0605 -0.3828
vn 0.3815 0.0250 -0.9241
vn 0.9219 0.0605 0.3828
vn 0.3814 0.0250 0.9241
vn 0.9219 -0.0605 -0.3828
vn 0.3814 -0.0250 -0.9241
vn 0.9218 -0.0605 0.3828
vn 0.3815 -0.0250 0.9241
vn 0.9061 -0.1801 -0.3829
vn 0.3749 -0.0745 -0.9241
vn 0.9061 -0.1801 0.3828
vn 0.3752 -0.0745 0.9239
vn 0.8748 -0.2969 -0.3828
vn 0.3622 -0.1230 -0.9239
vn 0.8749 -0.2969 0.3826
vn 0.3618 -0.1229 0.9241
vn 0.8286 -0.4087 -0.3827
vn 0.3427 -0.1690 -0.9241
vn 0.8285 -0.4086 0.3831
vn 0.3427 -0.1690 0.9241
vn 0.7681 -0.5132 -0.3829
vn 0.3177 -0.2122 -0.9241
vn 0.7684 -0.5133 0.3822
vn 0.3178 -0.2123 0.9241
vn 0.6946 -0.6094 -0.3822
vn 0.2873 -0.2520 -0.9241
vn 0.6946 -0.6093 0.3824
vn 0.2872 -0.2520 0.9241
vn 0.6093 -0.6946 -0.3824
vn 0.2520 -0.2872 -0.9241
vn 0.6094 -0.6946 0.3822
vn 0.2520 -0.2873 0.9241
vn 0.5133 -0.7684 -0.3822
vn 0.2123 -0.3178 -0.9241
vn 0.5132 -0.7681 0.3829
vn 0.2122 -0.3177 0.9241
vn 0.4086 -0.8285 -0.3830
vn 0.1690 -0.3427 -0.9241
vn 0.4087 -0.8286 0.3827
vn 0.1690 -0.3427 0.9241
vn 0.2969 -0.8749 -0.3826
vn 0.1229 -0.3618 -0.9241
vn 0.1230 -0.3622 0.9239
vn 0.1801 -0.9061 -0.3828
vn 0.0745 -0.3752 -0.9239
vn 0.1801 -0.9061 0.3829
vn 0.0745 -0.3749 0.9241
vn 0.0605 -0.9218 -0.3828
vn 0.0250 -0.3815 -0.9240
vn 0.0605 -0.9219 0.3827
vn 0.0250 -0.3814 0.9241
vn -0.0605 -0.9219 -0.3827
vn -0.0250 -0.3814 -0.9241
vn -0.0605 -0.9218 0.3828
vn -0.0250 -0.3815 0.9240
vn -0.1801 -0.9061 -0.3829
vn -0.0745 -0.3749 -0.9241
vn -0.1801 -0.9061 0.3828
vn -0.0745 -0.3752 0.9239
vn -0.1230 -0.3622 -0.9239
vn -0.2969 -0.8749 0.3826
vn -0.1229 -0.3618 0.9241
vn -0.4087 -0.8286 -0.3827
vn -0.1690 -0.3427 -0.9241
vn -0.4086 -0.8285 0.3830
vn -0.1690 -0.3427 0.9241
vn -0.5132 -0.7681 -0.3829
vn -0.2122 -0.3177 -0.9241
vn -0.5133 -0.7684 0.3822
vn -0.2123 -0.3178 0.9241
vn -0.6094 -0.6946 -0.3822
vn -0.2520 -0.2873 -0.9241
vn -0.6093 -0.6946 0.3824
vn -0.2520 -0.2872 0.9241
vn -0.6946 -0.6093 -0.3824
vn -0.2872 -0.2520 -0.9241
vn -0.6946 -0.6094 0.3822
vn -0.2873 -0.2520 0.9241
vn -0.7684 -0.5133 -0.3822
vn -0.3178 -0.2123 -0.9241
vn -0.7681 -0.5132 0.3829
vn -0.3177 -0.2122 0.9241
vn -0.8285 -0.4086 -0.3831
vn -0.3427 -0.1690 -0.9241
vn -0.8286 -0.4087 0.3827
vn -0.3427 -0.1690 0.9241
vn -0.8749 -0.2969 -0.3826
vn -0.3618 -0.1229 -0.9241
vn -0.8748 -0.2969 0.3828
vn -0.3622 -0.1230 0.9239
vn -0.9061 -0.1801 -0.3828
vn -0.3752 -0.0745 -0.9239
vn -0.9061 -0.1801 0.3829
vn -0.3749 -0.0745 0.9241
vn -0.9218 -0.0605 -0.3828
vn -0.3815 -0.0250 -0.9241
vn -0.9219 -0.0605 0.3828
vn -0.3814 -0.0250 0.9241
vn -0.9219 0.0605 -0.3828
vn -0.3814 0.0250 -0.9241
vn -0.9218 0.0605 0.3828
vn -0.3815 0.0250 0.9241
vn -0.9061 0.1801 -0.3829
vn -0.3749 0.0745 -0.9241
vn -0.9061 0.1801 0.3828
vn -0.3752 0.0745 0.9239
vn -0.8748 0.2969 -0.3828
vn -0.3622 0.1230 -0.9239
vn -0.8749 0.2969 0.3826
vn -0.3618 0.1229 0.9241
vn -0.8286 0.4087 -0.3827
vn -0.3427 0.1690 -0.9241
vn -0.8285 0.4086 0.3831
vn -0.3427 0.1690 0.9241
vn -0.7681 0.5132 -0.3829
vn -0.3177 0.2122 -0.9241
vn -0.7684 0.5133 0.3822
vn -0.3178 0.2123 0.9241
vn -0.6946 0.6094 -0.3822
vn -0.2873 0.2520 -0.9241
vn -0.6946 0.6093 0.3824
vn -0.2872 0.2520 0.9241
vn -0.6093 0.6946 -0.3824
vn -0.2520 0.2872 -0.9241
vn -0.6094 0.6946 0.3822
vn -0.2520 0.2873 0.9241
vn -0.5133 0.7684 -0.3822
vn -0.2123 0.3178 -0.9241
vn -0.5132 0.7681 0.3829
vn -0.2122 0.3177 0.9241
vn -0.4086 0.8285 -0.3830
vn -0.1690 0.3427 -0.9241
vn -0.4087 0.8286 0.3827
vn -0.1690 0.3427 0.9241
vn -0.2969 0.8749 -0.3826
vn -0.1229 0.3618 -0.9241
vn -0.1230 0.3622 0.9239
vn -0.1801 0.9061 -0.3828
vn -0.0745 0.3752 -0.9239
vn -0.1801 0.9061 0.3829
vn -0.0745 0.3749 0.9241
vn -0.0605 0.9218 -0.3828
vn -0.0250 0.3815 -0.9240
vn -0.0605 0.9219 0.3827
vn -0.0250 0.3814 0.9241
vn 0.0655 0.9979 -0.0000
vn -0.0655 0.9979 -0.0000
vn 0.3214 0.9469 -0.0000
vn 0.5556 0.8314 -0.0000
vn 0.8314 0.5556 -0.0000
vn 0.9469 0.3214 -0.0000
vn 0.9979 0.0655 -0.0000
vn 0.9979 -0.0655 -0.0000
vn 0.9469 -0.3214 -0.0000
vn 0.8314 -0.5556 -0.0000
vn 0.5556 -0.8314 -0.0000
vn 0.3214 -0.9469 -0.0000
vn 0.0655 -0.9979 -0.0000
vn -0.0655 -0.9979 -0.0000
vn -0.3214 -0.9469 -0.0000
vn -0.5556 -0.8314 -0.0000
vn -0.8314 -0.5556 -0.0000
vn -0.9469 -0.3214 -0.0000
vn -0.9979 -0.0655 -0.0000
vn -0.9979 0.0655 -0.0000
vn -0.9469 0.3214 -0.0000
vn -0.8314 0.5556 -0.0000
vn -0.5556 0.8314 -0.0000
vn -0.3214 0.9469 -0.0000
vn -0.1562 -0.9877 -0.0000
vn -0.4540 -0.8910 -0.0000
vn -0.7071 -0.7071 -0.0000
vn -0.8910 -0.4540 -0.0000
vn -0.9877 -0.1562 -0.0000
vn -0.9877 0.1562 -0.0000
vn -0.8910 0.4540 -0.0000
vn -0.7071 0.7071 -0.0000
vn -0.4540 0.8910 -0.0000
vn -0.1562 0.9877 -0.0000
vn 0.1562 0.9877 -0.0000
vn 0.4540 0.8910 -0.0000
vn 0.7071 0.7071 -0.0000
vn 0.8910 0.4540 -0.0000
vn 0.9877 0.1562 -0.0000
vn 0.9877 -0.1562 -0.0000
vn 0.8910 -0.4540 -0.0000
vn 0.7071 -0.7071 -0.0000
vn 0.4540 -0.8910 -0.0000
vn 0.1562 -0.9877 -0.0000
vn -0.9877 0.1563 -0.0000
vn -0.8911 0.4537 -0.0000
vn -0.7068 0.7075 -0.0000
vn -0.1569 0.9876 -0.0000
vn 0.1569 0.9876 -0.0000
vn 0.7068 0.7075 -0.0000
vn 0.8911 0.4537 -0.0000
vn 0.9877 0.1563 -0.0000
vn 0.1549 -0.9879 0.0001
vn -0.9880 -0.1542 0.0001
vn -0.9877 0.1565 -0.0000
vn 0.9877 -0.1566 -0.0000
vn -0.4535 -0.8913 -0.0000
vn -0.1569 -0.9876 -0.0000
vn -0.7068 -0.7075 -0.0000
vn -0.8911 -0.4537 -0.0000
vn -0.9877 -0.1563 -0.0000
vn -0.1549 0.9879 0.0001
vn 0.9877 -0.1563 -0.0000
vn 0.8911 -0.4537 -0.0000
vn 0.7068 -0.7075 -0.0000
vn 0.4537 -0.8911 -0.0000
vn 0.1569 -0.9876 -0.0000
vn -0.4559 -0.8900 0.0001
vn 0.1210 0.9160 -0.3824
vn 0.0501 0.3798 -0.9237
vn 0.1209 0.9152 0.3844
vn 0.0501 0.3801 0.9236
vn 0.3530 0.8530 -0.3843
vn 0.1467 0.3542 -0.9236
vn 0.3533 0.8538 0.3823
vn 0.1465 0.3537 0.9238
vn 0.5627 0.7328 -0.3826
vn 0.2329 0.3039 -0.9238
vn 0.5622 0.7321 0.3846
vn 0.2335 0.3046 0.9234
vn 0.7321 0.5622 -0.3846
vn 0.3046 0.2335 -0.9234
vn 0.7328 0.5627 0.3826
vn 0.3039 0.2329 0.9238
vn 0.8538 0.3533 -0.3823
vn 0.3537 0.1465 -0.9238
vn 0.8530 0.3530 0.3843
vn 0.3542 0.1467 0.9236
vn 0.9152 0.1209 -0.3844
vn 0.3801 0.0501 -0.9236
vn 0.9160 0.1210 0.3824
vn 0.3798 0.0501 0.9237
vn 0.9160 -0.1210 -0.3824
vn 0.3798 -0.0501 -0.9237
vn 0.9152 -0.1209 0.3844
vn 0.3801 -0.0501 0.9236
vn 0.8530 -0.3530 -0.3843
vn 0.3542 -0.1467 -0.9236
vn 0.8538 -0.3533 0.3823
vn 0.3537 -0.1465 0.9238
vn 0.7328 -0.5627 -0.3826
vn 0.3039 -0.2329 -0.9238
vn 0.7321 -0.5622 0.3846
vn 0.3046 -0.2335 0.9234
vn 0.5622 -0.7321 -0.3846
vn 0.2335 -0.3046 -0.9234
vn 0.5627 -0.7328 0.3826
vn 0.2329 -0.3039 0.9238
vn 0.3533 -0.8538 -0.3823
vn 0.1465 -0.3537 -0.9238
vn 0.3530 -0.8530 0.3843
vn 0.1467 -0.3542 0.9236
vn 0.1209 -0.9152 -0.3844
vn 0.0501 -0.3801 -0.9236
vn 0.1210 -0.9160 0.3824
vn 0.0501 -0.3798 0.9237
vn -0.1210 -0.9160 -0.3824
vn -0.0501 -0.3798 -0.9237
vn -0.1209 -0.9152 0.3844
vn -0.0501 -0.3801 0.9236
vn -0.3530 -0.8530 -0.3843
vn -0.1467 -0.3542 -0.9236
vn -0.3533 -0.8538 0.3823
vn -0.1465 -0.3537 0.9238
vn -0.5627 -0.7328 -0.3826
vn -0.2329 -0.3039 -0.9238
vn -0.5622 -0.7321 0.3846
vn -0.2335 -0.3046 0.9234
vn -0.7321 -0.5622 -0.3846
vn -0.3046 -0.2335 -0.9234
vn -0.7328 -0.5627 0.3826
vn -0.3039 -0.2329 0.9238
vn -0.8538 -0.3533 -0.3823
vn -0.3537 -0.1465 -0.9238
vn -0.8530 -0.3530 0.3843
vn -0.3542 -0.1467 0.9236
vn -0.9152 -0.1209 -0.3844
vn -0.3801 -0.0501 -0.9236
vn -0.9160 -0.1210 0.3824
vn -0.3798 -0.0501 0.9237
vn -0.9160 0.1210 -0.3824
vn -0.3798 0.0501 -0.9237
vn -0.9152 0.1209 0.3844
vn -0.3801 0.0501 0.9236
vn -0.8530 0.3530 -0.3843
vn -0.3542 0.1467 -0.9236
vn -0.8538 0.3533 0.3823
vn -0.3537 0.1465 0.9238
vn -0.7328 0.5627 -0.3826
vn -0.3039 0.2329 -0.9238
vn -0.7321 0.5622 0.3846
vn -0.3046 0.2335 0.9234
vn -0.5622 0.7321 -0.3846
vn -0.2335 0.3046 -0.9234
vn -0.5627 0.7328 0.3826
vn -0.2329 0.3039 0.9238
vn -0.3533 0.8538 -0.3823
vn -0.1465 0.3537 -0.9238
vn -0.3530 0.8530 0.3843
vn -0.1467 0.3542 0.9236
vn -0.1209 0.9152 -0.3844
vn -0.0501 0.3801 -0.9236
vn -0.1210 0.9160 0.3824
vn -0.0501 0.3798 0.9237
vn 0.0001 -0.0000 -1.0000
vn 0.1302 0.9915 -0.0000
vn -0.1302 0.9915 -0.0000
vn 0.3830 0.9237 -0.0000
vn 0.6084 0.7936 -0.0000
vn 0.7936 0.6084 -0.0000
vn 0.9237 0.3830 -0.0000
vn 0.9915 0.1302 -0.0000
vn 0.9915 -0.1302 -0.0000
vn 0.9237 -0.3830 -0.0000
vn 0.7936 -0.6084 -0.0000
vn 0.6084 -0.7936 -0.0000
vn 0.3830 -0.9237 -0.0000
vn 0.1302 -0.9915 -0.0000
vn -0.1302 -0.9915 -0.0000
vn -0.3830 -0.9237 -0.0000
vn -0.6084 -0.7936 -0.0000
vn -0.7936 -0.6084 -0.0000
vn -0.9237 -0.3830 -0.0000
vn -0.9915 -0.1302 -0.0000
vn -0.9915 0.1302 -0.0000
vn -0.9237 0.3830 -0.0000
vn -0.7936 0.6084 -0.0000
vn -0.6084 0.7936 -0.0000
vn -0.3830 0.9237 -0.0000
vn -0.1563 -0.9877 -0.0000
vn -0.4543 -0.8908 -0.0000
vn -0.8909 -0.4543 -0.0000
vn -0.8908 0.4543 -0.0000
vn -0.4543 0.8908 -0.0000
vn -0.1563 0.9877 -0.0000
vn 0.1563 0.9877 -0.0000
vn 0.4543 0.8908 -0.0000
vn 0.8908 0.4543 -0.0000
vn 0.8908 -0.4543 -0.0000
vn 0.4543 -0.8908 -0.0000
vn 0.1563 -0.9877 -0.0000
vn 0.0604 0.9219 -0.3827
vn 0.0250 0.3819 -0.9238
vn 0.0604 0.9218 0.3829
vn 0.0250 0.3821 0.9238
vn 0.0747 0.3755 -0.9238
vn 0.1801 0.9061 0.3827
vn 0.0747 0.3754 0.9238
vn 0.2971 0.8749 -0.3826
vn 0.1230 0.3624 -0.9239
vn 0.2971 0.8747 0.3829
vn 0.1230 0.3625 0.9238
vn 0.4085 0.8286 -0.3828
vn 0.1693 0.3433 -0.9238
vn 0.4086 0.8287 0.3826
vn 0.1693 0.3432 0.9239
vn 0.5132 0.7681 -0.3828
vn 0.2127 0.3184 -0.9238
vn 0.2127 0.3183 0.9238
vn 0.6091 0.6945 -0.3829
vn 0.6091 0.6945 0.3828
vn 0.6945 0.6091 -0.3828
vn 0.6945 0.6091 0.3829
vn 0.3183 0.2127 -0.9238
vn 0.7681 0.5132 0.3828
vn 0.3184 0.2127 0.9238
vn 0.8287 0.4086 -0.3826
vn 0.3432 0.1693 -0.9239
vn 0.8286 0.4085 0.3828
vn 0.3433 0.1693 0.9238
vn 0.8747 0.2971 -0.3829
vn 0.3625 0.1230 -0.9238
vn 0.8749 0.2971 0.3826
vn 0.3624 0.1230 0.9239
vn 0.9061 0.1801 -0.3827
vn 0.3754 0.0747 -0.9238
vn 0.3755 0.0747 0.9238
vn 0.9218 0.0604 -0.3829
vn 0.3821 0.0250 -0.9238
vn 0.9219 0.0604 0.3827
vn 0.3819 0.0250 0.9238
vn 0.9219 -0.0604 -0.3827
vn 0.3819 -0.0250 -0.9238
vn 0.9218 -0.0604 0.3829
vn 0.3821 -0.0250 0.9238
vn 0.3755 -0.0747 -0.9238
vn 0.9061 -0.1801 0.3827
vn 0.3754 -0.0747 0.9238
vn 0.8749 -0.2971 -0.3826
vn 0.3624 -0.1230 -0.9239
vn 0.8747 -0.2971 0.3829
vn 0.3625 -0.1230 0.9238
vn 0.8286 -0.4085 -0.3828
vn 0.3433 -0.1693 -0.9238
vn 0.8287 -0.4086 0.3826
vn 0.3432 -0.1693 0.9239
vn 0.7681 -0.5132 -0.3828
vn 0.3184 -0.2127 -0.9238
vn 0.3183 -0.2127 0.9238
vn 0.6945 -0.6091 -0.3829
vn 0.6945 -0.6091 0.3828
vn 0.6091 -0.6945 -0.3828
vn 0.6091 -0.6945 0.3829
vn 0.2127 -0.3183 -0.9238
vn 0.5132 -0.7681 0.3828
vn 0.2127 -0.3184 0.9238
vn 0.4086 -0.8287 -0.3826
vn 0.1693 -0.3432 -0.9239
vn 0.4085 -0.8286 0.3828
vn 0.1693 -0.3433 0.9238
vn 0.2971 -0.8747 -0.3829
vn 0.1230 -0.3625 -0.9238
vn 0.2971 -0.8749 0.3826
vn 0.1230 -0.3624 0.9239
vn 0.1801 -0.9061 -0.3827
vn 0.0747 -0.3754 -0.9238
vn 0.0747 -0.3755 0.9238
vn 0.0604 -0.9218 -0.3829
vn 0.0250 -0.3821 -0.9238
vn 0.0604 -0.9219 0.3827
vn 0.0250 -0.3819 0.9238
vn -0.0604 -0.9219 -0.3827
vn -0.0250 -0.3819 -0.9238
vn -0.0604 -0.9218 0.3829
vn -0.0250 -0.3821 0.9238
vn -0.0747 -0.3755 -0.9238
vn -0.1801 -0.9061 0.3827
vn -0.0747 -0.3754 0.9238
vn -0.2971 -0.8749 -0.3826
vn -0.1230 -0.3624 -0.9239
vn -0.2971 -0.8747 0.3829
vn -0.1230 -0.3625 0.9238
vn -0.4085 -0.8286 -0.3828
vn -0.1693 -0.3433 -0.9238
vn -0.4086 -0.8287 0.3826
vn -0.1693 -0.3432 0.9239
vn -0.5132 -0.7681 -0.3828
vn -0.2127 -0.3184 -0.9238
vn -0.2127 -0.3183 0.9238
vn -0.6091 -0.6945 -0.3829
vn -0.6091 -0.6945 0.3828
vn -0.6945 -0.6091 -0.3828
vn -0.6945 -0.6091 0.3829
vn -0.3183 -0.2127 -0.9238
vn -0.7681 -0.5132 0.3828
vn -0.3184 -0.2127 0.9238
vn -0.8287 -0.4086 -0.3826
vn -0.3432 -0.1693 -0.9239
vn -0.8286 -0.4085 0.3828
vn -0.3433 -0.1693 0.9238
vn -0.8747 -0.2971 -0.3829
vn -0.3625 -0.1230 -0.9238
vn -0.8749 -0.2971 0.3825
vn -0.3624 -0.1230 0.9239
vn -0.9061 -0.1801 -0.3827
vn -0.3754 -0.0747 -0.9238
vn -0.3755 -0.0747 0.9238
vn -0.9218 -0.0604 -0.3829
vn -0.3821 -0.0250 -0.9238
vn -0.9219 -0.0604 0.3827
vn -0.3819 -0.0250 0.9238
vn -0.9219 0.0604 -0.3827
vn -0.3819 0.0250 -0.9238
vn -0.9218 0.0604 0.3829
vn -0.3821 0.0250 0.9238
vn -0.3755 0.0747 -0.9238
vn -0.9061 0.1801 0.3827
vn -0.3754 0.0747 0.9238
vn -0.8749 0.2971 -0.3825
vn -0.3624 0.1230 -0.9239
vn -0.8747 0.2971 0.3829
vn -0.3625 0.1230 0.9238
vn -0.8286 0.4085 -0.3828
vn -0.3433 0.1693 -0.9238
vn -0.8287 0.4086 0.3826
vn -0.3432 0.1693 0.9239
vn -0.7681 0.5132 -0.3828
vn -0.3184 0.2127 -0.9238
vn -0.3183 0.2127 0.9238
vn -0.6945 0.6091 -0.3829
vn -0.6945 0.6091 0.3828
vn -0.6091 0.6945 -0.3828
vn -0.6091 0.6945 0.3829
vn -0.2127 0.3183 -0.9238
vn -0.5132 0.7681 0.3828
vn -0.2127 0.3184 0.9238
vn -0.4086 0.8287 -0.3826
vn -0.1693 0.3432 -0.9239
vn -0.4085 0.8286 0.3828
vn -0.1693 0.3433 0.9238
vn -0.2971 0.8747 -0.3829
vn -0.1230 0.3625 -0.9238
vn -0.2971 0.8749 0.3826
vn -0.1230 0.3624 0.9239
vn -0.1801 0.9061 -0.3827
vn -0.0747 0.3754 -0.9238
vn -0.0747 0.3755 0.9238
vn -0.0604 0.9218 -0.3829
vn -0.0250 0.3821 -0.9238
vn -0.0604 0.9219 0.3827
vn -0.0250 0.3819 0.9238
vn 0.0605 0.9218 -0.3828
vn 0.0605 0.9219 0.3828
vn 0.0250 0.3814 0.9241
vn 0.1802 0.9061 -0.3828
vn 0.0746 0.3752 -0.9239
vn 0.1801 0.9061 0.3829
vn 0.0745 0.3749 0.9241
vn 0.2970 0.8749 -0.3826
vn 0.1228 0.3618 -0.9241
vn 0.2969 0.8748 0.3828
vn 0.1229 0.3622 0.9240
vn 0.4085 0.8285 -0.3831
vn 0.4086 0.8286 0.3827
vn 0.5134 0.7683 -0.3822
vn 0.2123 0.3178 -0.9241
vn 0.5133 0.7681 0.3829
vn 0.2122 0.3177 0.9241
vn 0.6093 0.6946 -0.3824
vn 0.6094 0.6947 0.3822
vn 0.2520 0.2873 0.9241
vn 0.6947 0.6094 -0.3822
vn 0.2873 0.2520 -0.9241
vn 0.6946 0.6093 0.3824
vn 0.7681 0.5133 -0.3829
vn 0.3177 0.2122 -0.9241
vn 0.7683 0.5134 0.3822
vn 0.3178 0.2123 0.9241
vn 0.8286 0.4086 -0.3827
vn 0.8285 0.4085 0.3831
vn 0.8748 0.2969 -0.3828
vn 0.3622 0.1229 -0.9240
vn 0.8749 0.2970 0.3826
vn 0.3618 0.1228 0.9241
vn 0.9061 0.1801 -0.3829
vn 0.3749 0.0745 -0.9241
vn 0.9061 0.1802 0.3828
vn 0.3752 0.0746 0.9239
vn 0.9219 0.0605 -0.3828
vn 0.3814 0.0250 -0.9241
vn 0.9218 0.0605 0.3828
vn 0.3815 0.0250 0.9241
vn 0.9218 -0.0605 -0.3828
vn 0.3815 -0.0250 -0.9241
vn 0.9219 -0.0605 0.3828
vn 0.3814 -0.0250 0.9241
vn 0.9061 -0.1802 -0.3828
vn 0.3752 -0.0746 -0.9239
vn 0.9061 -0.1801 0.3829
vn 0.3749 -0.0745 0.9241
vn 0.8749 -0.2970 -0.3826
vn 0.3618 -0.1228 -0.9241
vn 0.8748 -0.2969 0.3828
vn 0.3622 -0.1229 0.9240
vn 0.8285 -0.4085 -0.3831
vn 0.8286 -0.4086 0.3827
vn 0.7683 -0.5134 -0.3822
vn 0.3178 -0.2123 -0.9241
vn 0.7681 -0.5133 0.3829
vn 0.3177 -0.2122 0.9241
vn 0.6946 -0.6093 -0.3824
vn 0.6947 -0.6094 0.3822
vn 0.2873 -0.2520 0.9241
vn 0.6094 -0.6947 -0.3822
vn 0.2520 -0.2873 -0.9241
vn 0.6093 -0.6946 0.3824
vn 0.5133 -0.7681 -0.3829
vn 0.2122 -0.3177 -0.9241
vn 0.5134 -0.7683 0.3822
vn 0.2123 -0.3178 0.9241
vn 0.4086 -0.8286 -0.3827
vn 0.4085 -0.8285 0.3831
vn 0.2969 -0.8748 -0.3828
vn 0.1229 -0.3622 -0.9240
vn 0.2970 -0.8749 0.3826
vn 0.1228 -0.3618 0.9241
vn 0.1801 -0.9061 -0.3829
vn 0.0745 -0.3749 -0.9241
vn 0.1802 -0.9061 0.3828
vn 0.0746 -0.3752 0.9239
vn 0.0605 -0.9219 -0.3828
vn 0.0250 -0.3814 -0.9241
vn 0.0605 -0.9218 0.3828
vn -0.0605 -0.9218 -0.3828
vn -0.0605 -0.9219 0.3828
vn -0.0250 -0.3814 0.9241
vn -0.1802 -0.9061 -0.3828
vn -0.0746 -0.3752 -0.9239
vn -0.1801 -0.9061 0.3829
vn -0.0745 -0.3749 0.9241
vn -0.2970 -0.8749 -0.3826
vn -0.1228 -0.3618 -0.9241
vn -0.2969 -0.8748 0.3828
vn -0.1229 -0.3622 0.9240
vn -0.4085 -0.8285 -0.3831
vn -0.4086 -0.8286 0.3827
vn -0.5134 -0.7683 -0.3822
vn -0.2123 -0.3178 -0.9241
vn -0.5133 -0.7681 0.3829
vn -0.2122 -0.3177 0.9241
vn -0.6093 -0.6946 -0.3824
vn -0.6094 -0.6947 0.3822
vn -0.2520 -0.2873 0.9241
vn -0.6947 -0.6094 -0.3822
vn -0.2873 -0.2520 -0.9241
vn -0.6946 -0.6093 0.3824
vn -0.7681 -0.5133 -0.3829
vn -0.3177 -0.2122 -0.9241
vn -0.7683 -0.5134 0.3822
vn -0.3178 -0.2123 0.9241
vn -0.8286 -0.4086 -0.3827
vn -0.8285 -0.4085 0.3831
vn -0.8748 -0.2969 -0.3828
vn -0.3622 -0.1229 -0.9240
vn -0.8749 -0.2970 0.3826
vn -0.3618 -0.1228 0.9241
vn -0.9061 -0.1801 -0.3829
vn -0.3749 -0.0745 -0.9241
vn -0.9061 -0.1802 0.3828
vn -0.3752 -0.0746 0.9239
vn -0.9219 -0.0605 -0.3828
vn -0.3814 -0.0250 -0.9241
vn -0.9218 -0.0605 0.3828
vn -0.3815 -0.0250 0.9241
vn -0.9218 0.0605 -0.3828
vn -0.3815 0.0250 -0.9241
vn -0.9219 0.0605 0.3828
vn -0.3814 0.0250 0.9241
vn -0.9061 0.1802 -0.3828
vn -0.3752 0.0746 -0.9239
vn -0.9061 0.1801 0.3829
vn -0.3749 0.0745 0.9241
vn -0.8749 0.2970 -0.3826
vn -0.3618 0.1228 -0.9241
vn -0.8748 0.2969 0.3828
vn -0.3622 0.1229 0.9240
vn -0.8285 0.4085 -0.3831
vn -0.8286 0.4086 0.3827
vn -0.7683 0.5134 -0.3822
vn -0.3178 0.2123 -0.9241
vn -0.7681 0.5133 0.3829
vn -0.3177 0.2122 0.9241
vn -0.6946 0.6093 -0.3824
vn -0.6947 0.6094 0.3822
vn -0.2873 0.2520 0.9241
vn -0.6094 0.6947 -0.3822
vn -0.2520 0.2873 -0.9241
vn -0.6093 0.6946 0.3824
vn -0.5133 0.7681 -0.3829
vn -0.2122 0.3177 -0.9241
vn -0.5134 0.7683 0.3822
vn -0.2123 0.3178 0.9241
vn -0.4086 0.8286 -0.3827
vn -0.4085 0.8285 0.3831
vn -0.2969 0.8748 -0.3828
vn -0.1229 0.3622 -0.9240
vn -0.2970 0.8749 0.3826
vn -0.1228 0.3618 0.9241
vn -0.1801 0.9061 -0.3829
vn -0.0745 0.3749 -0.9241
vn -0.1802 0.9061 0.3828
vn -0.0746 0.3752 0.9239
vn -0.0605 0.9219 -0.3828
vn -0.0250 0.3814 -0.9241
vn -0.0605 0.9218 0.3828
vn 0.1565 -0.9877 -0.0000
vn -0.9877 -0.1566 -0.0000
vn -0.9887 0.1498 -0.0000
vn 0.9880 -0.1543 -0.0000
vn -0.4588 -0.8885 -0.0000
vn -0.1565 0.9877 -0.0000
vn 0.4555 -0.8902 -0.0000
vn -0.4536 -0.8912 -0.0000
vn 0.1202 0.9153 -0.3844
vn 0.0502 0.3801 -0.9236
vn 0.1203 0.9161 0.3824
vn 0.0502 0.3798 0.9237
vn 0.3539 0.8536 -0.3823
vn 0.1464 0.3538 -0.9238
vn 0.3536 0.8528 0.3843
vn 0.1466 0.3542 0.9236
vn 0.5616 0.7326 -0.3846
vn 0.2337 0.3044 -0.9234
vn 0.5622 0.7332 0.3826
vn 0.2332 0.3037 0.9238
vn 0.7332 0.5622 -0.3826
vn 0.3037 0.2332 -0.9238
vn 0.7326 0.5616 0.3846
vn 0.3044 0.2337 0.9234
vn 0.8528 0.3536 -0.3843
vn 0.3542 0.1466 -0.9236
vn 0.8536 0.3539 0.3823
vn 0.3538 0.1464 0.9238
vn 0.9161 0.1203 -0.3824
vn 0.3798 0.0502 -0.9237
vn 0.9153 0.1202 0.3844
vn 0.3801 0.0502 0.9236
vn 0.9153 -0.1202 -0.3844
vn 0.3801 -0.0502 -0.9236
vn 0.9161 -0.1203 0.3824
vn 0.3798 -0.0502 0.9237
vn 0.8536 -0.3539 -0.3823
vn 0.3538 -0.1464 -0.9238
vn 0.8528 -0.3536 0.3843
vn 0.3542 -0.1466 0.9236
vn 0.7326 -0.5616 -0.3846
vn 0.3044 -0.2337 -0.9234
vn 0.7332 -0.5622 0.3826
vn 0.3037 -0.2332 0.9238
vn 0.5622 -0.7332 -0.3826
vn 0.2332 -0.3037 -0.9238
vn 0.5616 -0.7326 0.3846
vn 0.2337 -0.3044 0.9234
vn 0.3536 -0.8528 -0.3843
vn 0.1466 -0.3542 -0.9236
vn 0.3539 -0.8536 0.3823
vn 0.1464 -0.3538 0.9238
vn 0.1203 -0.9161 -0.3824
vn 0.0502 -0.3798 -0.9237
vn 0.1202 -0.9153 0.3844
vn 0.0502 -0.3801 0.9236
vn -0.1202 -0.9153 -0.3844
vn -0.0502 -0.3801 -0.9236
vn -0.1203 -0.9161 0.3824
vn -0.0502 -0.3798 0.9237
vn -0.3539 -0.8536 -0.3823
vn -0.1464 -0.3538 -0.9238
vn -0.3536 -0.8528 0.3843
vn -0.1466 -0.3542 0.9236
vn -0.5616 -0.7326 -0.3846
vn -0.2337 -0.3044 -0.9234
vn -0.5622 -0.7332 0.3826
vn -0.2332 -0.3037 0.9238
vn -0.7332 -0.5622 -0.3826
vn -0.3037 -0.2332 -0.9238
vn -0.7326 -0.5616 0.3846
vn -0.3044 -0.2337 0.9234
vn -0.8528 -0.3536 -0.3843
vn -0.3542 -0.1466 -0.9236
vn -0.8536 -0.3539 0.3823
vn -0.3538 -0.1464 0.9238
vn -0.9161 -0.1203 -0.3824
vn -0.3798 -0.0502 -0.9237
vn -0.9153 -0.1202 0.3844
vn -0.3801 -0.0502 0.9236
vn -0.9153 0.1202 -0.3844
vn -0.3801 0.0502 -0.9236
vn -0.9161 0.1203 0.3824
vn -0.3798 0.0502 0.9237
vn -0.8536 0.3539 -0.3823
vn -0.3538 0.1464 -0.9238
vn -0.8528 0.3536 0.3843
vn -0.3542 0.1466 0.9236
vn -0.7326 0.5616 -0.3846
vn -0.3044 0.2337 -0.9234
vn -0.7332 0.5622 0.3826
vn -0.3037 0.2332 0.9238
vn -0.5622 0.7332 -0.3826
vn -0.2332 0.3037 -0.9238
vn -0.5616 0.7326 0.3846
vn -0.2337 0.3044 0.9234
vn -0.3536 0.8528 -0.3843
vn -0.1466 0.3542 -0.9236
vn -0.3539 0.8536 0.3823
vn -0.1464 0.3538 0.9238
vn -0.1203 0.9161 -0.3824
vn -0.0502 0.3798 -0.9237
vn -0.1202 0.9153 0.3844
vn -0.0502 0.3801 0.9236
vn -0.8908 -0.4543 -0.0000
vn -0.8909 0.4543 -0.0000
s 0
usemtl Rubber
f 2//1 9//1 3//1
f 3//2 7//2 1//2
f 11//3 6//3 12//3
f 12//4 4//4 10//4
f 8//5 15//5 9//5
f 9//6 13//6 7//6
f 17//7 12//7 18//7
f 18//8 10//8 16//8
f 14//9 21//9 15//9
f 15//10 19//10 13//10
f 23//11 18//11 24//11
f 24//12 16//12 22//12
f 20//13 27//13 21//13
f 21//14 25//14 19//14
f 29//15 24//15 30//15
f 30//16 22//16 28//16
f 26//17 33//17 27//17
f 27//18 31//18 25//18
f 35//19 30//19 36//19
f 36//20 28//20 34//20
f 32//21 39//21 33//21
f 33//22 37//22 31//22
f 41//23 36//23 42//23
f 42//24 34//24 40//24
f 38//25 45//25 39//25
f 39//26 43//26 37//26
f 47//27 42//27 48//27
f 48//28 40//28 46//28
f 44//29 51//29 45//29
f 45//30 49//30 43//30
f 53//31 48//31 54//31
f 54//32 46//32 52//32
f 50//33 57//33 51//33
f 51//34 55//34 49//34
f 59//35 54//35 60//35
f 60//36 52//36 58//36
f 56//37 63//37 57//37
f 57//38 61//38 55//38
f 65//39 60//39 66//39
f 66//40 58//40 64//40
f 62//41 69//41 63//41
f 63//42 67//42 61//42
f 71//43 66//43 72//43
f 72//44 64//44 70//44
f 68//45 75//45 69//45
f 69//46 73//46 67//46
f 77//47 72//47 78//47
f 78//48 70//48 76//48
f 74//49 81//49 75//49
f 75//50 79//50 73//50
f 83//51 78//51 84//51
f 84//52 76//52 82//52
f 80//53 87//53 81//53
f 81//54 85//54 79//54
f 89//55 84//55 90//55
f 90//56 82//56 88//56
f 86//57 93//57 87//57
f 87//58 91//58 85//58
f 95//59 90//59 96//59
f 96//60 88//60 94//60
f 92//61 99//61 93//61
f 93//62 97//62 91//62
f 101//63 96//63 102//63
f 102//64 94//64 100//64
f 98//65 105//65 99//65
f 99//66 103//66 97//66
f 107//67 102//67 108//67
f 108//68 100//68 106//68
f 104//69 111//69 105//69
f 105//70 109//70 103//70
f 113//71 108//71 114//71
f 114//72 106//72 112//72
f 110//73 117//73 111//73
f 111//74 115//74 109//74
f 119//75 114//75 120//75
f 120//76 112//76 118//76
f 116//77 123//77 117//77
f 117//78 121//78 115//78
f 125//79 120//79 126//79
f 126//80 118//80 124//80
f 122//81 129//81 123//81
f 123//82 127//82 121//82
f 131//83 126//83 132//83
f 132//84 124//84 130//84
f 128//85 135//85 129//85
f 129//86 133//86 127//86
f 137//87 132//87 138//87
f 138//88 130//88 136//88
f 134//89 141//89 135//89
f 135//90 139//90 133//90
f 143//91 138//91 144//91
f 144//92 136//92 142//92
f 140//93 147//93 141//93
f 141//94 145//94 139//94
f 149//95 144//95 150//95
f 150//96 142//96 148//96
f 146//97 153//97 147//97
f 147//98 151//98 145//98
f 155//99 150//99 156//99
f 156//100 148//100 154//100
f 152//101 159//101 153//101
f 153//102 157//102 151//102
f 161//103 156//103 162//103
f 162//104 154//104 160//104
f 158//105 165//105 159//105
f 159//106 163//106 157//106
f 167//107 162//107 168//107
f 168//108 160//108 166//108
f 164//109 171//109 165//109
f 165//110 169//110 163//110
f 173//111 168//111 174//111
f 174//112 166//112 172//112
f 170//113 177//113 171//113
f 171//114 175//114 169//114
f 179//115 174//115 180//115
f 180//116 172//116 178//116
f 176//117 183//117 177//117
f 177//118 181//118 175//118
f 185//119 180//119 186//119
f 186//120 178//120 184//120
f 182//121 189//121 183//121
f 183//122 187//122 181//122
f 191//123 186//123 192//123
f 192//124 184//124 190//124
f 188//125 195//125 189//125
f 189//126 193//126 187//126
f 197//127 192//127 198//127
f 198//128 190//128 196//128
f 194//129 201//129 195//129
f 195//130 199//130 193//130
f 203//131 198//131 204//131
f 204//132 196//132 202//132
f 200//133 207//133 201//133
f 201//134 205//134 199//134
f 209//135 204//135 210//135
f 210//136 202//136 208//136
f 206//137 213//137 207//137
f 207//138 211//138 205//138
f 215//139 210//139 216//139
f 216//140 208//140 214//140
f 212//141 219//141 213//141
f 213//142 217//142 211//142
f 221//143 216//143 222//143
f 222//144 214//144 220//144
f 218//145 225//145 219//145
f 219//146 223//146 217//146
f 227//147 222//147 228//147
f 228//148 220//148 226//148
f 224//149 231//149 225//149
f 225//150 229//150 223//150
f 233//151 228//151 234//151
f 234//152 226//152 232//152
f 230//153 237//153 231//153
f 231//154 235//154 229//154
f 239//155 234//155 240//155
f 240//156 232//156 238//156
f 236//157 243//157 237//157
f 237//158 241//158 235//158
f 245//159 240//159 246//159
f 246//160 238//160 244//160
f 242//161 249//161 243//161
f 243//162 247//162 241//162
f 251//163 246//163 252//163
f 252//164 244//164 250//164
f 248//165 255//165 249//165
f 249//166 253//166 247//166
f 257//167 252//167 258//167
f 258//168 250//168 256//168
f 254//169 261//169 255//169
f 255//170 259//170 253//170
f 263//171 258//171 264//171
f 264//172 256//172 262//172
f 260//173 267//173 261//173
f 261//174 265//174 259//174
f 269//175 264//175 270//175
f 270//176 262//176 268//176
f 266//177 273//177 267//177
f 267//178 271//178 265//178
f 275//179 270//179 276//179
f 276//180 268//180 274//180
f 272//181 279//181 273//181
f 273//182 277//182 271//182
f 281//183 276//183 282//183
f 282//184 274//184 280//184
f 278//185 285//185 279//185
f 279//186 283//186 277//186
f 287//187 282//187 288//187
f 288//188 280//188 286//188
f 284//189 3//189 285//189
f 285//190 1//190 283//190
f 5//191 288//191 6//191
f 6//192 286//192 4//192
f 91//193 187//193 283//193
f 2//194 11//194 8//194
f 284//195 5//195 2//195
f 208//196 112//196 16//196
f 8//197 17//197 14//197
f 14//198 23//198 20//198
f 20//199 29//199 26//199
f 26//200 35//200 32//200
f 32//201 41//201 38//201
f 38//202 47//202 44//202
f 44//203 53//203 50//203
f 50//204 59//204 56//204
f 56//205 65//205 62//205
f 62//206 71//206 68//206
f 68//207 77//207 74//207
f 74//208 83//208 80//208
f 80//209 89//209 86//209
f 86//210 95//210 92//210
f 92//211 101//211 98//211
f 98//212 107//212 104//212
f 104//213 113//213 110//213
f 110//214 119//214 116//214
f 116//215 125//215 122//215
f 122//216 131//216 128//216
f 128//217 137//217 134//217
f 134//218 143//218 140//218
f 140//219 149//219 146//219
f 146//220 155//220 152//220
f 152//221 161//221 158//221
f 158//222 167//222 164//222
f 164//223 173//223 170//223
f 170//224 179//224 176//224
f 176//225 185//225 182//225
f 182//226 191//226 188//226
f 188//227 197//227 194//227
f 194//228 203//228 200//228
f 200//229 209//229 206//229
f 206//230 215//230 212//230
f 212//231 221//231 218//231
f 218//232 227//232 224//232
f 224//233 233//233 230//233
f 230//234 239//234 236//234
f 236//235 245//235 242//235
f 242//236 251//236 248//236
f 248//237 257//237 254//237
f 254//238 263//238 260//238
f 260//239 269//239 266//239
f 266//240 275//240 272//240
f 272//241 281//241 278//241
f 278//242 287//242 284//242
f 2//632 8//632 9//632
f 3//633 9//633 7//633
f 11//634 5//634 6//634
f 12//635 6//635 4//635
f 8//247 14//247 15//247
f 9//636 15//636 13//636
f 17//637 11//637 12//637
f 18//638 12//638 10//638
f 14//639 20//639 21//639
f 15//640 21//640 19//640
f 23//641 17//641 18//641
f 24//642 18//642 16//642
f 20//643 26//643 27//643
f 21//644 27//644 25//644
f 29//645 23//645 24//645
f 30//646 24//646 22//646
f 26//647 32//647 33//647
f 27//648 33//648 31//648
f 35//19 29//19 30//19
f 36//649 30//649 28//649
f 32//650 38//650 39//650
f 33//22 39//22 37//22
f 41//651 35//651 36//651
f 42//24 36//24 34//24
f 38//652 44//652 45//652
f 39//26 45//26 43//26
f 47//653 41//653 42//653
f 48//28 42//28 40//28
f 44//29 50//29 51//29
f 45//654 51//654 49//654
f 53//655 47//655 48//655
f 54//656 48//656 46//656
f 50//657 56//657 57//657
f 51//658 57//658 55//658
f 59//659 53//659 54//659
f 60//660 54//660 52//660
f 56//661 62//661 63//661
f 57//662 63//662 61//662
f 65//663 59//663 60//663
f 66//664 60//664 58//664
f 62//665 68//665 69//665
f 63//666 69//666 67//666
f 71//284 65//284 66//284
f 72//667 66//667 64//667
f 68//668 74//668 75//668
f 69//669 75//669 73//669
f 77//670 71//670 72//670
f 78//671 72//671 70//671
f 74//672 80//672 81//672
f 75//673 81//673 79//673
f 83//674 77//674 78//674
f 84//675 78//675 76//675
f 80//294 86//294 87//294
f 81//676 87//676 85//676
f 89//677 83//677 84//677
f 90//678 84//678 82//678
f 86//679 92//679 93//679
f 87//680 93//680 91//680
f 95//681 89//681 90//681
f 96//682 90//682 88//682
f 92//683 98//683 99//683
f 93//684 99//684 97//684
f 101//685 95//685 96//685
f 102//686 96//686 94//686
f 98//687 104//687 105//687
f 99//688 105//688 103//688
f 107//67 101//67 102//67
f 108//689 102//689 100//689
f 104//690 110//690 111//690
f 105//70 111//70 109//70
f 113//691 107//691 108//691
f 114//72 108//72 106//72
f 110//692 116//692 117//692
f 111//74 117//74 115//74
f 119//693 113//693 114//693
f 120//76 114//76 112//76
f 116//77 122//77 123//77
f 117//694 123//694 121//694
f 125//695 119//695 120//695
f 126//696 120//696 118//696
f 122//697 128//697 129//697
f 123//698 129//698 127//698
f 131//699 125//699 126//699
f 132//700 126//700 124//700
f 128//701 134//701 135//701
f 129//702 135//702 133//702
f 137//703 131//703 132//703
f 138//704 132//704 130//704
f 134//705 140//705 141//705
f 135//706 141//706 139//706
f 143//331 137//331 138//331
f 144//707 138//707 136//707
f 140//708 146//708 147//708
f 141//709 147//709 145//709
f 149//710 143//710 144//710
f 150//711 144//711 142//711
f 146//712 152//712 153//712
f 147//713 153//713 151//713
f 155//714 149//714 150//714
f 156//715 150//715 148//715
f 152//341 158//341 159//341
f 153//716 159//716 157//716
f 161//717 155//717 156//717
f 162//718 156//718 154//718
f 158//719 164//719 165//719
f 159//720 165//720 163//720
f 167//721 161//721 162//721
f 168//722 162//722 160//722
f 164//723 170//723 171//723
f 165//724 171//724 169//724
f 173//725 167//725 168//725
f 174//726 168//726 166//726
f 170//727 176//727 177//727
f 171//728 177//728 175//728
f 179//115 173//115 174//115
f 180//729 174//729 172//729
f 176//730 182//730 183//730
f 177//118 183//118 181//118
f 185//731 179//731 180//731
f 186//120 180//120 178//120
f 182//732 188//732 189//732
f 183//122 189//122 187//122
f 191//733 185//733 186//733
f 192//124 186//124 184//124
f 188//125 194//125 195//125
f 189//734 195//734 193//734
f 197//735 191//735 192//735
f 198//736 192//736 190//736
f 194//737 200//737 201//737
f 195//738 201//738 199//738
f 203//739 197//739 198//739
f 204//740 198//740 196//740
f 200//741 206//741 207//741
f 201//742 207//742 205//742
f 209//743 203//743 204//743
f 210//744 204//744 202//744
f 206//745 212//745 213//745
f 207//746 213//746 211//746
f 215//378 209//378 210//378
f 216//747 210//747 208//747
f 212//748 218//748 219//748
f 213//749 219//749 217//749
f 221//750 215//750 216//750
f 222//751 216//751 214//751
f 218//752 224//752 225//752
f 219//753 225//753 223//753
f 227//754 221//754 222//754
f 228//755 222//755 220//755
f 224//388 230//388 231//388
f 225//756 231//756 229//756
f 233//757 227//757 228//757
f 234//758 228//758 226//758
f 230//759 236//759 237//759
f 231//760 237//760 235//760
f 239//761 233//761 234//761
f 240//762 234//762 232//762
f 236//763 242//763 243//763
f 237//764 243//764 241//764
f 245//765 239//765 240//765
f 246//766 240//766 238//766
f 242//767 248//767 249//767
f 243//768 249//768 247//768
f 251//163 245//163 246//163
f 252//769 246//769 244//769
f 248//770 254//770 255//770
f 249//166 255//166 253//166
f 257//771 251//771 252//771
f 258//168 252//168 250//168
f 254//772 260//772 261//772
f 255//170 261//170 259//170
f 263//773 257//773 258//773
f 264//172 258//172 256//172
f 260//173 266//173 267//173
f 261//774 267//774 265//774
f 269//775 263//775 264//775
f 270//776 264//776 262//776
f 266//777 272//777 273//777
f 267//778 273//778 271//778
f 275//779 269//779 270//779
f 276//780 270//780 268//780
f 272//781 278//781 279//781
f 273//782 279//782 277//782
f 281//783 275//783 276//783
f 282//784 276//784 274//784
f 278//785 284//785 285//785
f 279//786 285//786 283//786
f 287//425 281//425 282//425
f 288//787 282//787 280//787
f 284//788 2//788 3//788
f 285//789 3//789 1//789
f 5//790 287//790 288//790
f 6//791 288//791 286//791
f 283//193 1//193 7//193
f 7//193 13//193 19//193
f 19//193 25//193 31//193
f 31//193 37//193 43//193
f 43//193 49//193 55//193
f 55//193 61//193 67//193
f 67//193 73//193 79//193
f 79//193 85//193 91//193
f 91//193 97//193 103//193
f 103//193 109//193 115//193
f 115//193 121//193 127//193
f 127//193 133//193 139//193
f 139//193 145//193 151//193
f 151//193 157//193 163//193
f 163//193 169//193 175//193
f 175//193 181//193 187//193
f 187//193 193//193 199//193
f 199//193 205//193 211//193
f 211//193 217//193 223//193
f 223//193 229//193 235//193
f 235//193 241//193 247//193
f 247//193 253//193 259//193
f 259//193 265//193 271//193
f 271//193 277//193 283//193
f 283//193 7//193 19//193
f 19//193 31//193 43//193
f 43//193 55//193 67//193
f 67//193 79//193 91//193
f 91//193 103//193 115//193
f 115//193 127//193 139//193
f 139//193 151//193 163//193
f 163//193 175//193 187//193
f 187//193 199//193 211//193
f 211//193 223//193 235//193
f 235//193 247//193 259//193
f 259//193 271//193 283//193
f 283//193 19//193 43//193
f 43//193 67//193 91//193
f 91//193 115//193 139//193
f 139//193 163//193 187//193
f 187//193 211//193 235//193
f 235//193 259//193 283//193
f 283//193 43//193 91//193
f 91//193 139//193 187//193
f 187//193 235//193 283//193
f 2//194 5//194 11//194
f 284//195 287//195 5//195
f 16//196 10//196 4//196
f 4//196 286//196 280//196
f 280//196 274//196 268//196
f 268//196 262//196 256//196
f 256//196 250//196 244//196
f 244//196 238//196 232//196
f 232//196 226//196 220//196
f 220//196 214//196 208//196
f 208//196 202//196 196//196
f 196//196 190//196 184//196
f 184//196 178//196 172//196
f 172//196 166//196 160//196
f 160//196 154//196 148//196
f 148//196 142//196 136//196
f 136//196 130//196 124//196
f 124//196 118//196 112//196
f 112//196 106//196 100//196
f 100//196 94//196 88//196
f 88//196 82//196 76//196
f 76//196 70//196 64//196
f 64//196 58//196 52//196
f 52//196 46//196 40//196
f 40//196 34//196 28//196
f 28//196 22//196 16//196
f 16//196 4//196 280//196
f 280//196 268//196 256//196
f 256//196 244//196 232//196
f 232//196 220//196 208//196
f 208//196 196//196 184//196
f 184//196 172//196 160//196
f 160//196 148//196 136//196
f 136//196 124//196 112//196
f 112//196 100//196 88//196
f 88//196 76//196 64//196
f 64//196 52//196 40//196
f 40//196 28//196 16//196
f 16//196 280//196 256//196
f 256//196 232//196 208//196
f 208//196 184//196 160//196
f 160//196 136//196 112//196
f 112//196 88//196 64//196
f 64//196 40//196 16//196
f 16//196 256//196 208//196
f 208//196 160//196 112//196
f 112//196 64//196 16//196
f 8//197 11//197 17//197
f 14//198 17//198 23//198
f 20//199 23//199 29//199
f 26//200 29//200 35//200
f 32//201 35//201 41//201
f 38//202 41//202 47//202
f 44//203 47//203 53//203
f 50//204 53//204 59//204
f 56//205 59//205 65//205
f 62//206 65//206 71//206
f 68//207 71//207 77//207
f 74//208 77//208 83//208
f 80//209 83//209 89//209
f 86//210 89//210 95//210
f 92//211 95//211 101//211
f 98//212 101//212 107//212
f 104//213 107//213 113//213
f 110//214 113//214 119//214
f 116//215 119//215 125//215
f 122//216 125//216 131//216
f 128//217 131//217 137//217
f 134//218 137//218 143//218
f 140//219 143//219 149//219
f 146//220 149//220 155//220
f 152//221 155//221 161//221
f 158//222 161//222 167//222
f 164//223 167//223 173//223
f 170//224 173//224 179//224
f 176//225 179//225 185//225
f 182//226 185//226 191//226
f 188//227 191//227 197//227
f 194//228 197//228 203//228
f 200//229 203//229 209//229
f 206//230 209//230 215//230
f 212//231 215//231 221//231
f 218//232 221//232 227//232
f 224//233 227//233 233//233
f 230//234 233//234 239//234
f 236//235 239//235 245//235
f 242//236 245//236 251//236
f 248//237 251//237 257//237
f 254//238 257//238 263//238
f 260//239 263//239 269//239
f 266//240 269//240 275//240
f 272//241 275//241 281//241
f 278//242 281//242 287//242
usemtl RimYellow
f 290//243 297//243 291//243
f 291//244 295//244 289//244
f 299//245 294//245 300//245
f 300//246 292//246 298//246
f 296//247 303//247 297//247
f 297//248 301//248 295//248
f 305//249 300//249 306//249
f 306//250 298//250 304//250
f 302//9 309//9 303//9
f 303//251 307//251 301//251
f 311//252 306//252 312//252
f 312//253 304//253 310//253
f 308//254 315//254 309//254
f 309//255 313//255 307//255
f 317//256 312//256 318//256
f 318//257 310//257 316//257
f 314//258 321//258 315//258
f 315//259 319//259 313//259
f 323//260 318//260 324//260
f 324//261 316//261 322//261
f 320//262 327//262 321//262
f 321//263 325//263 319//263
f 329//264 324//264 330//264
f 330//265 322//265 328//265
f 326//266 333//266 327//266
f 327//267 331//267 325//267
f 335//268 330//268 336//268
f 336//269 328//269 334//269
f 332//270 339//270 333//270
f 333//271 337//271 331//271
f 341//272 336//272 342//272
f 342//273 334//273 340//273
f 338//274 345//274 339//274
f 339//275 343//275 337//275
f 347//276 342//276 348//276
f 348//277 340//277 346//277
f 344//278 351//278 345//278
f 345//279 349//279 343//279
f 353//280 348//280 354//280
f 354//281 346//281 352//281
f 350//282 357//282 351//282
f 351//283 355//283 349//283
f 359//284 354//284 360//284
f 360//285 352//285 358//285
f 356//286 363//286 357//286
f 357//287 361//287 355//287
f 365//288 360//288 366//288
f 366//289 358//289 364//289
f 362//290 369//290 363//290
f 363//291 367//291 361//291
f 371//292 366//292 372//292
f 372//293 364//293 370//293
f 368//294 375//294 369//294
f 369//295 373//295 367//295
f 377//296 372//296 378//296
f 378//297 370//297 376//297
f 374//298 381//298 375//298
f 375//299 379//299 373//299
f 383//300 378//300 384//300
f 384//301 376//301 382//301
f 380//302 387//302 381//302
f 381//303 385//303 379//303
f 389//304 384//304 390//304
f 390//305 382//305 388//305
f 386//306 393//306 387//306
f 387//307 391//307 385//307
f 395//308 390//308 396//308
f 396//309 388//309 394//309
f 392//310 399//310 393//310
f 393//311 397//311 391//311
f 401//312 396//312 402//312
f 402//313 394//313 400//313
f 398//314 405//314 399//314
f 399//315 403//315 397//315
f 407//316 402//316 408//316
f 408//317 400//317 406//317
f 404//318 411//318 405//318
f 405//319 409//319 403//319
f 413//320 408//320 414//320
f 414//321 406//321 412//321
f 410//322 417//322 411//322
f 411//323 415//323 409//323
f 419//324 414//324 420//324
f 420//325 412//325 418//325
f 416//326 423//326 417//326
f 417//327 421//327 415//327
f 425//87 420//87 426//87
f 426//328 418//328 424//328
f 422//329 429//329 423//329
f 423//330 427//330 421//330
f 431//331 426//331 432//331
f 432//332 424//332 430//332
f 428//333 435//333 429//333
f 429//334 433//334 427//334
f 437//335 432//335 438//335
f 438//336 430//336 436//336
f 434//337 441//337 435//337
f 435//338 439//338 433//338
f 443//339 438//339 444//339
f 444//340 436//340 442//340
f 440//341 447//341 441//341
f 441//342 445//342 439//342
f 449//343 444//343 450//343
f 450//344 442//344 448//344
f 446//105 453//105 447//105
f 447//345 451//345 445//345
f 455//346 450//346 456//346
f 456//347 448//347 454//347
f 452//348 459//348 453//348
f 453//349 457//349 451//349
f 461//350 456//350 462//350
f 462//351 454//351 460//351
f 458//352 465//352 459//352
f 459//353 463//353 457//353
f 467//354 462//354 468//354
f 468//355 460//355 466//355
f 464//356 471//356 465//356
f 465//357 469//357 463//357
f 473//358 468//358 474//358
f 474//359 466//359 472//359
f 470//360 477//360 471//360
f 471//361 475//361 469//361
f 479//362 474//362 480//362
f 480//363 472//363 478//363
f 476//364 483//364 477//364
f 477//365 481//365 475//365
f 485//366 480//366 486//366
f 486//367 478//367 484//367
f 482//368 489//368 483//368
f 483//369 487//369 481//369
f 491//370 486//370 492//370
f 492//371 484//371 490//371
f 488//372 495//372 489//372
f 489//373 493//373 487//373
f 497//374 492//374 498//374
f 498//375 490//375 496//375
f 494//376 501//376 495//376
f 495//377 499//377 493//377
f 503//378 498//378 504//378
f 504//379 496//379 502//379
f 500//380 507//380 501//380
f 501//381 505//381 499//381
f 509//382 504//382 510//382
f 510//383 502//383 508//383
f 506//384 513//384 507//384
f 507//385 511//385 505//385
f 515//386 510//386 516//386
f 516//387 508//387 514//387
f 512//388 519//388 513//388
f 513//389 517//389 511//389
f 521//390 516//390 522//390
f 522//391 514//391 520//391
f 518//392 525//392 519//392
f 519//393 523//393 517//393
f 527//394 522//394 528//394
f 528//395 520//395 526//395
f 524//396 531//396 525//396
f 525//397 529//397 523//397
f 533//398 528//398 534//398
f 534//399 526//399 532//399
f 530//400 537//400 531//400
f 531//401 535//401 529//401
f 539//402 534//402 540//402
f 540//403 532//403 538//403
f 536//404 543//404 537//404
f 537//405 541//405 535//405
f 545//406 540//406 546//406
f 546//407 538//407 544//407
f 542//408 549//408 543//408
f 543//409 547//409 541//409
f 551//410 546//410 552//410
f 552//411 544//411 550//411
f 548//412 555//412 549//412
f 549//413 553//413 547//413
f 557//414 552//414 558//414
f 558//415 550//415 556//415
f 554//416 561//416 555//416
f 555//417 559//417 553//417
f 563//418 558//418 564//418
f 564//419 556//419 562//419
f 560//420 567//420 561//420
f 561//421 565//421 559//421
f 569//183 564//183 570//183
f 570//422 562//422 568//422
f 566//423 573//423 567//423
f 567//424 571//424 565//424
f 575//425 570//425 576//425
f 576//426 568//426 574//426
f 572//427 291//427 573//427
f 573//428 289//428 571//428
f 293//429 576//429 294//429
f 294//430 574//430 292//430
f 433//193 784//193 786//193
f 675//193 626//193 628//193
f 487//193 744//193 742//193
f 535//193 709//193 707//193
f 295//193 671//193 666//193
f 301//193 325//193 617//193
f 331//193 379//193 582//193
f 290//431 299//431 296//431
f 572//432 293//432 290//432
f 603//196 602//196 394//196
f 640//196 639//196 600//196
f 526//196 680//196 681//196
f 763//196 765//196 496//196
f 646//196 649//196 694//196
f 601//196 811//196 808//196
f 690//196 643//196 692//196
f 296//197 305//197 302//197
f 302//433 311//433 308//433
f 308//199 317//199 314//199
f 314//434 323//434 320//434
f 320//201 329//201 326//201
f 326//202 335//202 332//202
f 332//435 341//435 338//435
f 338//204 347//204 344//204
f 344//436 353//436 350//436
f 350//206 359//206 356//206
f 356//437 365//437 362//437
f 362//438 371//438 368//438
f 368//209 377//209 374//209
f 374//439 383//439 380//439
f 380//211 389//211 386//211
f 386//440 395//440 392//440
f 392//213 401//213 398//213
f 398//214 407//214 404//214
f 404//441 413//441 410//441
f 410//216 419//216 416//216
f 416//442 425//442 422//442
f 422//218 431//218 428//218
f 428//443 437//443 434//443
f 434//444 443//444 440//444
f 440//221 449//221 446//221
f 446//445 455//445 452//445
f 452//223 461//223 458//223
f 458//446 467//446 464//446
f 464//225 473//225 470//225
f 470//226 479//226 476//226
f 476//447 485//447 482//447
f 482//228 491//228 488//228
f 488//448 497//448 494//448
f 494//230 503//230 500//230
f 500//449 509//449 506//449
f 506//450 515//450 512//450
f 512//233 521//233 518//233
f 518//451 527//451 524//451
f 524//235 533//235 530//235
f 530//452 539//452 536//452
f 536//237 545//237 542//237
f 542//238 551//238 548//238
f 548//453 557//453 554//453
f 554//240 563//240 560//240
f 560//454 569//454 566//454
f 566//242 575//242 572//242
f 600//455 578//455 610//455
f 610//456 579//456 604//456
f 604//457 585//457 608//457
f 585//458 606//458 608//458
f 583//459 605//459 606//459
f 582//460 607//460 605//460
f 584//461 603//461 607//461
f 581//462 602//462 603//462
f 592//463 609//463 602//463
f 594//464 599//464 609//464
f 593//465 601//465 599//465
f 591//466 614//466 601//466
f 595//467 615//467 614//467
f 615//468 586//468 612//468
f 612//469 587//469 611//469
f 611//470 590//470 613//470
f 613//471 589//471 616//471
f 616//472 596//472 597//472
f 597//473 577//473 598//473
f 598//474 580//474 600//474
f 290//792 296//792 297//792
f 291//244 297//244 295//244
f 299//793 293//793 294//793
f 300//794 294//794 292//794
f 296//795 302//795 303//795
f 297//796 303//796 301//796
f 305//797 299//797 300//797
f 306//798 300//798 298//798
f 302//799 308//799 309//799
f 303//800 309//800 307//800
f 311//801 305//801 306//801
f 312//802 306//802 304//802
f 308//803 314//803 315//803
f 309//255 315//255 313//255
f 317//804 311//804 312//804
f 318//257 312//257 310//257
f 314//805 320//805 321//805
f 315//806 321//806 319//806
f 323//807 317//807 318//807
f 324//808 318//808 316//808
f 320//809 326//809 327//809
f 321//263 327//263 325//263
f 329//810 323//810 324//810
f 330//811 324//811 322//811
f 326//812 332//812 333//812
f 327//813 333//813 331//813
f 335//814 329//814 330//814
f 336//269 330//269 328//269
f 332//815 338//815 339//815
f 333//816 339//816 337//816
f 341//817 335//817 336//817
f 342//818 336//818 334//818
f 338//819 344//819 345//819
f 339//275 345//275 343//275
f 347//820 341//820 342//820
f 348//277 342//277 340//277
f 344//821 350//821 351//821
f 345//822 351//822 349//822
f 353//823 347//823 348//823
f 354//824 348//824 346//824
f 350//825 356//825 357//825
f 351//826 357//826 355//826
f 359//827 353//827 354//827
f 360//828 354//828 352//828
f 356//829 362//829 363//829
f 357//830 363//830 361//830
f 365//831 359//831 360//831
f 366//832 360//832 358//832
f 362//833 368//833 369//833
f 363//834 369//834 367//834
f 371//835 365//835 366//835
f 372//836 366//836 364//836
f 368//837 374//837 375//837
f 369//838 375//838 373//838
f 377//839 371//839 372//839
f 378//840 372//840 370//840
f 374//841 380//841 381//841
f 375//842 381//842 379//842
f 383//843 377//843 378//843
f 384//844 378//844 376//844
f 380//845 386//845 387//845
f 381//303 387//303 385//303
f 389//846 383//846 384//846
f 390//305 384//305 382//305
f 386//847 392//847 393//847
f 387//848 393//848 391//848
f 395//849 389//849 390//849
f 396//850 390//850 388//850
f 392//851 398//851 399//851
f 393//311 399//311 397//311
f 401//852 395//852 396//852
f 402//853 396//853 394//853
f 398//854 404//854 405//854
f 399//855 405//855 403//855
f 407//856 401//856 402//856
f 408//317 402//317 400//317
f 404//857 410//857 411//857
f 405//858 411//858 409//858
f 413//859 407//859 408//859
f 414//860 408//860 406//860
f 410//861 416//861 417//861
f 411//323 417//323 415//323
f 419//862 413//862 414//862
f 420//325 414//325 412//325
f 416//863 422//863 423//863
f 417//864 423//864 421//864
f 425//865 419//865 420//865
f 426//866 420//866 418//866
f 422//867 428//867 429//867
f 423//868 429//868 427//868
f 431//869 425//869 426//869
f 432//870 426//870 424//870
f 428//871 434//871 435//871
f 429//872 435//872 433//872
f 437//873 431//873 432//873
f 438//336 432//336 430//336
f 434//874 440//874 441//874
f 435//338 441//338 439//338
f 443//875 437//875 438//875
f 444//876 438//876 436//876
f 440//877 446//877 447//877
f 441//878 447//878 445//878
f 449//879 443//879 444//879
f 450//880 444//880 442//880
f 446//881 452//881 453//881
f 447//882 453//882 451//882
f 455//883 449//883 450//883
f 456//884 450//884 448//884
f 452//885 458//885 459//885
f 453//349 459//349 457//349
f 461//886 455//886 456//886
f 462//351 456//351 454//351
f 458//887 464//887 465//887
f 459//888 465//888 463//888
f 467//889 461//889 462//889
f 468//890 462//890 460//890
f 464//891 470//891 471//891
f 465//357 471//357 469//357
f 473//892 467//892 468//892
f 474//893 468//893 466//893
f 470//894 476//894 477//894
f 471//895 477//895 475//895
f 479//896 473//896 474//896
f 480//363 474//363 472//363
f 476//897 482//897 483//897
f 477//898 483//898 481//898
f 485//899 479//899 480//899
f 486//900 480//900 478//900
f 482//901 488//901 489//901
f 483//369 489//369 487//369
f 491//902 485//902 486//902
f 492//371 486//371 484//371
f 488//903 494//903 495//903
f 489//904 495//904 493//904
f 497//905 491//905 492//905
f 498//906 492//906 490//906
f 494//907 500//907 501//907
f 495//908 501//908 499//908
f 503//909 497//909 498//909
f 504//910 498//910 496//910
f 500//911 506//911 507//911
f 501//912 507//912 505//912
f 509//913 503//913 504//913
f 510//914 504//914 502//914
f 506//915 512//915 513//915
f 507//916 513//916 511//916
f 515//917 509//917 510//917
f 516//918 510//918 508//918
f 512//919 518//919 519//919
f 513//920 519//920 517//920
f 521//921 515//921 516//921
f 522//922 516//922 514//922
f 518//923 524//923 525//923
f 519//924 525//924 523//924
f 527//925 521//925 522//925
f 528//926 522//926 520//926
f 524//927 530//927 531//927
f 525//397 531//397 529//397
f 533//928 527//928 528//928
f 534//399 528//399 526//399
f 530//929 536//929 537//929
f 531//930 537//930 535//930
f 539//931 533//931 534//931
f 540//932 534//932 532//932
f 536//933 542//933 543//933
f 537//405 543//405 541//405
f 545//934 539//934 540//934
f 546//935 540//935 538//935
f 542//936 548//936 549//936
f 543//937 549//937 547//937
f 551//938 545//938 546//938
f 552//411 546//411 544//411
f 548//939 554//939 555//939
f 549//940 555//940 553//940
f 557//941 551//941 552//941
f 558//942 552//942 550//942
f 554//943 560//943 561//943
f 555//417 561//417 559//417
f 563//944 557//944 558//944
f 564//419 558//419 556//419
f 560//945 566//945 567//945
f 561//946 567//946 565//946
f 569//947 563//947 564//947
f 570//948 564//948 562//948
f 566//949 572//949 573//949
f 567//950 573//950 571//950
f 575//951 569//951 570//951
f 576//952 570//952 568//952
f 572//953 290//953 291//953
f 573//954 291//954 289//954
f 293//955 575//955 576//955
f 294//430 576//430 574//430
f 789//193 795//193 591//193
f 789//193 591//193 593//193
f 792//193 789//193 593//193
f 594//193 592//193 379//193
f 792//193 593//193 594//193
f 790//193 792//193 594//193
f 594//193 379//193 385//193
f 385//193 391//193 397//193
f 397//193 403//193 409//193
f 409//193 415//193 421//193
f 421//193 427//193 433//193
f 433//193 439//193 749//193
f 433//193 749//193 748//193
f 409//193 421//193 433//193
f 385//193 397//193 409//193
f 790//193 594//193 385//193
f 791//193 790//193 385//193
f 385//193 409//193 433//193
f 433//193 748//193 753//193
f 751//193 750//193 796//193
f 433//193 753//193 751//193
f 788//193 791//193 385//193
f 793//193 788//193 385//193
f 433//193 751//193 796//193
f 433//193 796//193 797//193
f 793//193 385//193 433//193
f 787//193 793//193 433//193
f 433//193 797//193 794//193
f 433//193 794//193 785//193
f 786//193 787//193 433//193
f 433//193 785//193 784//193
f 798//193 796//193 750//193
f 798//193 750//193 761//193
f 799//193 798//193 761//193
f 799//193 761//193 762//193
f 801//193 799//193 762//193
f 801//193 762//193 759//193
f 800//193 801//193 759//193
f 800//193 759//193 760//193
f 803//193 800//193 760//193
f 803//193 760//193 758//193
f 591//193 795//193 802//193
f 591//193 802//193 803//193
f 595//193 591//193 803//193
f 595//193 803//193 758//193
f 588//193 595//193 758//193
f 755//193 756//193 710//193
f 588//193 758//193 755//193
f 586//193 588//193 755//193
f 755//193 710//193 720//193
f 755//193 720//193 717//193
f 587//193 586//193 755//193
f 590//193 587//193 755//193
f 755//193 717//193 716//193
f 755//193 716//193 718//193
f 589//193 590//193 755//193
f 596//193 589//193 755//193
f 596//193 755//193 718//193
f 577//193 596//193 718//193
f 719//193 715//193 664//193
f 577//193 718//193 719//193
f 331//193 578//193 580//193
f 580//193 577//193 719//193
f 719//193 664//193 667//193
f 719//193 667//193 672//193
f 325//193 331//193 580//193
f 619//193 620//193 325//193
f 622//193 619//193 325//193
f 580//193 719//193 672//193
f 580//193 672//193 674//193
f 622//193 325//193 580//193
f 623//193 622//193 580//193
f 580//193 674//193 673//193
f 580//193 673//193 676//193
f 624//193 623//193 580//193
f 634//193 624//193 580//193
f 580//193 676//193 677//193
f 675//193 678//193 631//193
f 580//193 677//193 675//193
f 635//193 634//193 580//193
f 632//193 635//193 580//193
f 675//193 631//193 627//193
f 675//193 627//193 625//193
f 632//193 580//193 675//193
f 630//193 632//193 675//193
f 675//193 625//193 626//193
f 628//193 630//193 675//193
f 752//193 749//193 439//193
f 439//193 445//193 451//193
f 451//193 457//193 463//193
f 463//193 469//193 475//193
f 475//193 481//193 487//193
f 487//193 706//193 708//193
f 487//193 708//193 712//193
f 463//193 475//193 487//193
f 439//193 451//193 463//193
f 746//193 752//193 439//193
f 747//193 746//193 439//193
f 439//193 463//193 487//193
f 487//193 712//193 711//193
f 711//193 710//193 756//193
f 711//193 756//193 757//193
f 747//193 439//193 487//193
f 745//193 747//193 487//193
f 487//193 711//193 757//193
f 487//193 757//193 754//193
f 743//193 745//193 487//193
f 742//193 743//193 487//193
f 487//193 754//193 744//193
f 704//193 706//193 487//193
f 487//193 493//193 499//193
f 499//193 505//193 511//193
f 511//193 517//193 523//193
f 523//193 529//193 535//193
f 535//193 660//193 659//193
f 535//193 659//193 658//193
f 511//193 523//193 535//193
f 487//193 499//193 511//193
f 702//193 704//193 487//193
f 701//193 702//193 487//193
f 487//193 511//193 535//193
f 535//193 658//193 662//193
f 662//193 664//193 715//193
f 662//193 715//193 714//193
f 701//193 487//193 535//193
f 703//193 701//193 535//193
f 535//193 662//193 714//193
f 535//193 714//193 713//193
f 705//193 703//193 535//193
f 707//193 705//193 535//193
f 535//193 713//193 709//193
f 661//193 660//193 535//193
f 535//193 541//193 547//193
f 547//193 553//193 559//193
f 559//193 565//193 571//193
f 571//193 289//193 295//193
f 295//193 301//193 636//193
f 295//193 636//193 633//193
f 559//193 571//193 295//193
f 535//193 547//193 559//193
f 663//193 661//193 535//193
f 665//193 663//193 535//193
f 535//193 559//193 295//193
f 295//193 633//193 629//193
f 629//193 631//193 678//193
f 629//193 678//193 670//193
f 665//193 535//193 295//193
f 668//193 665//193 295//193
f 295//193 629//193 670//193
f 295//193 670//193 669//193
f 666//193 668//193 295//193
f 295//193 669//193 671//193
f 621//193 636//193 301//193
f 301//193 307//193 313//193
f 313//193 319//193 325//193
f 325//193 620//193 618//193
f 617//193 621//193 301//193
f 325//193 618//193 617//193
f 301//193 313//193 325//193
f 579//193 578//193 331//193
f 331//193 337//193 343//193
f 343//193 349//193 355//193
f 355//193 361//193 367//193
f 367//193 373//193 379//193
f 379//193 592//193 581//193
f 379//193 581//193 584//193
f 355//193 367//193 379//193
f 331//193 343//193 355//193
f 585//193 579//193 331//193
f 583//193 585//193 331//193
f 331//193 355//193 379//193
f 379//193 584//193 582//193
f 582//193 583//193 331//193
f 290//431 293//431 299//431
f 572//432 575//432 293//432
f 388//196 382//196 376//196
f 376//196 370//196 364//196
f 364//196 358//196 352//196
f 352//196 608//196 606//196
f 352//196 606//196 605//196
f 376//196 364//196 352//196
f 394//196 388//196 376//196
f 599//196 400//196 394//196
f 609//196 599//196 394//196
f 394//196 376//196 352//196
f 352//196 605//196 607//196
f 352//196 607//196 603//196
f 602//196 609//196 394//196
f 394//196 352//196 603//196
f 346//196 340//196 334//196
f 334//196 328//196 322//196
f 322//196 316//196 310//196
f 310//196 304//196 652//196
f 310//196 652//196 654//196
f 334//196 322//196 310//196
f 352//196 346//196 334//196
f 604//196 608//196 352//196
f 610//196 604//196 352//196
f 352//196 334//196 310//196
f 310//196 654//196 641//196
f 310//196 641//196 638//196
f 610//196 352//196 310//196
f 657//196 598//196 600//196
f 600//196 610//196 310//196
f 310//196 638//196 637//196
f 310//196 637//196 640//196
f 655//196 657//196 600//196
f 642//196 655//196 600//196
f 600//196 310//196 640//196
f 639//196 642//196 600//196
f 562//196 556//196 550//196
f 550//196 544//196 538//196
f 538//196 532//196 526//196
f 526//196 520//196 514//196
f 514//196 508//196 502//196
f 502//196 496//196 736//196
f 502//196 736//196 739//196
f 526//196 514//196 502//196
f 550//196 538//196 526//196
f 568//196 562//196 550//196
f 292//196 574//196 568//196
f 304//196 298//196 292//196
f 651//196 652//196 304//196
f 647//196 651//196 304//196
f 304//196 292//196 568//196
f 568//196 550//196 526//196
f 526//196 502//196 739//196
f 526//196 739//196 733//196
f 647//196 304//196 568//196
f 692//196 645//196 650//196
f 650//196 647//196 568//196
f 526//196 733//196 730//196
f 526//196 730//196 731//196
f 688//196 692//196 650//196
f 685//196 688//196 650//196
f 526//196 731//196 732//196
f 526//196 732//196 734//196
f 685//196 650//196 568//196
f 686//196 685//196 568//196
f 526//196 734//196 735//196
f 741//196 740//196 696//196
f 526//196 735//196 741//196
f 684//196 686//196 568//196
f 683//196 684//196 568//196
f 526//196 741//196 696//196
f 526//196 696//196 693//196
f 687//196 683//196 568//196
f 682//196 687//196 568//196
f 526//196 693//196 689//196
f 526//196 689//196 679//196
f 682//196 568//196 526//196
f 681//196 682//196 526//196
f 526//196 679//196 680//196
f 496//196 490//196 484//196
f 484//196 478//196 472//196
f 472//196 466//196 460//196
f 460//196 454//196 448//196
f 448//196 770//196 771//196
f 448//196 771//196 766//196
f 472//196 460//196 448//196
f 496//196 484//196 472//196
f 727//196 736//196 496//196
f 724//196 727//196 496//196
f 496//196 472//196 448//196
f 448//196 766//196 767//196
f 448//196 767//196 768//196
f 721//196 724//196 496//196
f 779//196 722//196 721//196
f 769//196 779//196 721//196
f 496//196 448//196 768//196
f 496//196 768//196 764//196
f 769//196 721//196 496//196
f 765//196 769//196 496//196
f 496//196 764//196 763//196
f 436//196 430//196 424//196
f 424//196 418//196 412//196
f 412//196 406//196 809//196
f 412//196 809//196 806//196
f 436//196 424//196 412//196
f 448//196 442//196 436//196
f 772//196 770//196 448//196
f 773//196 772//196 448//196
f 448//196 436//196 412//196
f 412//196 806//196 804//196
f 412//196 804//196 805//196
f 773//196 448//196 412//196
f 774//196 773//196 412//196
f 412//196 805//196 814//196
f 412//196 814//196 821//196
f 776//196 774//196 412//196
f 775//196 776//196 412//196
f 775//196 412//196 821//196
f 777//196 775//196 821//196
f 777//196 821//196 817//196
f 782//196 777//196 817//196
f 782//196 817//196 818//196
f 783//196 782//196 818//196
f 783//196 818//196 816//196
f 781//196 783//196 816//196
f 781//196 816//196 819//196
f 781//196 819//196 820//196
f 781//196 820//196 824//196
f 780//196 781//196 824//196
f 780//196 824//196 822//196
f 722//196 779//196 778//196
f 780//196 822//196 823//196
f 722//196 778//196 780//196
f 723//196 722//196 780//196
f 723//196 780//196 823//196
f 725//196 723//196 823//196
f 815//196 812//196 614//196
f 725//196 823//196 815//196
f 726//196 725//196 815//196
f 815//196 614//196 615//196
f 815//196 615//196 612//196
f 728//196 726//196 815//196
f 729//196 728//196 815//196
f 815//196 612//196 611//196
f 815//196 611//196 613//196
f 737//196 729//196 815//196
f 696//196 740//196 738//196
f 738//196 737//196 815//196
f 738//196 815//196 613//196
f 699//196 696//196 738//196
f 698//196 699//196 738//196
f 738//196 613//196 616//196
f 597//196 598//196 657//196
f 738//196 616//196 597//196
f 700//196 698//196 738//196
f 697//196 700//196 738//196
f 597//196 657//196 656//196
f 597//196 656//196 653//196
f 697//196 738//196 597//196
f 695//196 697//196 597//196
f 597//196 653//196 648//196
f 597//196 648//196 646//196
f 694//196 695//196 597//196
f 643//196 691//196 694//196
f 644//196 643//196 694//196
f 694//196 597//196 646//196
f 649//196 644//196 694//196
f 810//196 809//196 406//196
f 406//196 400//196 599//196
f 601//196 614//196 812//196
f 406//196 599//196 601//196
f 807//196 810//196 406//196
f 808//196 807//196 406//196
f 601//196 812//196 813//196
f 601//196 813//196 811//196
f 808//196 406//196 601//196
f 690//196 691//196 643//196
f 643//196 645//196 692//196
f 296//197 299//197 305//197
f 302//433 305//433 311//433
f 308//199 311//199 317//199
f 314//434 317//434 323//434
f 320//201 323//201 329//201
f 326//202 329//202 335//202
f 332//435 335//435 341//435
f 338//204 341//204 347//204
f 344//436 347//436 353//436
f 350//206 353//206 359//206
f 356//437 359//437 365//437
f 362//438 365//438 371//438
f 368//209 371//209 377//209
f 374//439 377//439 383//439
f 380//211 383//211 389//211
f 386//440 389//440 395//440
f 392//213 395//213 401//213
f 398//214 401//214 407//214
f 404//441 407//441 413//441
f 410//216 413//216 419//216
f 416//442 419//442 425//442
f 422//218 425//218 431//218
f 428//443 431//443 437//443
f 434//444 437//444 443//444
f 440//221 443//221 449//221
f 446//445 449//445 455//445
f 452//223 455//223 461//223
f 458//446 461//446 467//446
f 464//225 467//225 473//225
f 470//226 473//226 479//226
f 476//447 479//447 485//447
f 482//228 485//228 491//228
f 488//448 491//448 497//448
f 494//230 497//230 503//230
f 500//449 503//449 509//449
f 506//450 509//450 515//450
f 512//233 515//233 521//233
f 518//451 521//451 527//451
f 524//235 527//235 533//235
f 530//452 533//452 539//452
f 536//237 539//237 545//237
f 542//238 545//238 551//238
f 548//453 551//453 557//453
f 554//240 557//240 563//240
f 560//454 563//454 569//454
f 566//242 569//242 575//242
f 600//455 580//455 578//455
f 610//456 578//456 579//456
f 604//457 579//457 585//457
f 585//458 583//458 606//458
f 583//459 582//459 605//459
f 582//460 584//460 607//460
f 584//461 581//461 603//461
f 581//462 592//462 602//462
f 592//463 594//463 609//463
f 594//464 593//464 599//464
f 593//465 591//465 601//465
f 591//466 595//466 614//466
f 595//467 588//467 615//467
f 615//468 588//468 586//468
f 612//469 586//469 587//469
f 611//470 587//470 590//470
f 613//471 590//471 589//471
f 616//472 589//472 596//472
f 597//473 596//473 577//473
f 598//474 577//474 580//474
usemtl Temporary_cutter
f 654//455 621//455 641//455
f 641//456 617//456 638//456
f 638//457 618//457 637//457
f 618//458 640//458 637//458
f 620//459 639//459 640//459
f 619//475 642//475 639//475
f 622//476 655//476 642//476
f 623//477 657//477 655//477
f 624//463 656//463 657//463
f 634//478 653//478 656//478
f 635//479 648//479 653//479
f 632//466 646//466 648//466
f 630//480 649//480 646//480
f 649//481 626//481 644//481
f 644//482 625//482 643//482
f 643//470 627//470 645//470
f 645//471 631//471 650//471
f 650//472 629//472 647//472
f 647//473 633//473 651//473
f 652//483 633//483 654//483
f 683//455 671//455 684//455
f 684//456 669//456 686//456
f 686//457 670//457 685//457
f 670//458 688//458 685//458
f 692//484 678//484 690//484
f 691//485 675//485 694//485
f 677//476 695//476 694//476
f 676//477 697//477 695//477
f 673//463 700//463 697//463
f 674//478 698//478 700//478
f 672//479 699//479 698//479
f 667//466 696//466 699//466
f 664//480 693//480 696//480
f 693//481 658//481 689//481
f 689//482 659//482 679//482
f 679//486 660//486 661//486
f 680//471 663//471 681//471
f 681//472 665//472 682//472
f 682//473 668//473 687//473
f 687//474 666//474 683//474
f 735//455 714//455 741//455
f 740//487 714//487 738//487
f 738//457 719//457 737//457
f 719//458 729//458 737//458
f 718//459 728//459 729//459
f 716//460 726//460 728//460
f 717//461 725//461 726//461
f 720//462 723//462 725//462
f 710//463 722//463 723//463
f 711//464 721//464 722//464
f 712//465 724//465 721//465
f 708//466 727//466 724//466
f 706//467 736//467 727//467
f 702//468 736//468 704//468
f 739//469 701//469 733//469
f 733//470 703//470 730//470
f 730//471 705//471 731//471
f 731//472 707//472 732//472
f 732//473 709//473 734//473
f 734//474 713//474 735//474
f 780//488 760//488 781//488
f 781//456 759//456 783//456
f 783//489 762//489 782//489
f 762//490 777//490 782//490
f 761//491 775//491 777//491
f 750//460 776//460 775//460
f 751//461 774//461 776//461
f 753//462 773//462 774//462
f 748//463 772//463 773//463
f 749//492 771//492 770//492
f 752//465 766//465 771//465
f 746//466 767//466 766//466
f 747//467 768//467 767//467
f 768//468 743//468 764//468
f 764//469 742//469 763//469
f 763//493 744//493 765//493
f 765//494 754//494 769//494
f 769//495 757//495 779//495
f 779//496 756//496 755//496
f 778//497 758//497 780//497
f 802//488 823//488 803//488
f 802//498 813//498 812//498
f 813//489 789//489 811//489
f 789//490 808//490 811//490
f 792//491 807//491 808//491
f 790//460 810//460 807//460
f 791//461 809//461 810//461
f 788//462 806//462 809//462
f 793//463 804//463 806//463
f 787//464 805//464 804//464
f 786//465 814//465 805//465
f 784//466 821//466 814//466
f 785//467 817//467 821//467
f 817//468 797//468 818//468
f 818//469 796//469 816//469
f 816//493 798//493 819//493
f 819//494 799//494 820//494
f 820//495 801//495 824//495
f 824//473 800//473 822//473
f 822//497 803//497 823//497
f 654//455 636//455 621//455
f 641//456 621//456 617//456
f 638//457 617//457 618//457
f 618//458 620//458 640//458
f 620//459 619//459 639//459
f 619//475 622//475 642//475
f 622//476 623//476 655//476
f 623//477 624//477 657//477
f 624//463 634//463 656//463
f 634//478 635//478 653//478
f 635//479 632//479 648//479
f 632//466 630//466 646//466
f 630//480 628//480 649//480
f 649//481 628//481 626//481
f 644//482 626//482 625//482
f 643//470 625//470 627//470
f 645//471 627//471 631//471
f 650//472 631//472 629//472
f 647//473 629//473 633//473
f 652//956 651//956 633//956
f 633//474 636//474 654//474
f 683//455 666//455 671//455
f 684//456 671//456 669//456
f 686//457 669//457 670//457
f 670//458 678//458 688//458
f 692//957 688//957 678//957
f 678//459 675//459 690//459
f 691//958 690//958 675//958
f 675//475 677//475 694//475
f 677//476 676//476 695//476
f 676//477 673//477 697//477
f 673//463 674//463 700//463
f 674//478 672//478 698//478
f 672//479 667//479 699//479
f 667//466 664//466 696//466
f 664//480 662//480 693//480
f 693//481 662//481 658//481
f 689//482 658//482 659//482
f 661//470 680//470 679//470
f 679//959 659//959 660//959
f 680//471 661//471 663//471
f 681//472 663//472 665//472
f 682//473 665//473 668//473
f 687//474 668//474 666//474
f 735//455 713//455 714//455
f 740//960 741//960 714//960
f 714//456 715//456 738//456
f 738//457 715//457 719//457
f 719//458 718//458 729//458
f 718//459 716//459 728//459
f 716//460 717//460 726//460
f 717//461 720//461 725//461
f 720//462 710//462 723//462
f 710//463 711//463 722//463
f 711//464 712//464 721//464
f 712//465 708//465 724//465
f 708//466 706//466 727//466
f 706//467 704//467 736//467
f 702//468 739//468 736//468
f 739//469 702//469 701//469
f 733//470 701//470 703//470
f 730//471 703//471 705//471
f 731//472 705//472 707//472
f 732//473 707//473 709//473
f 734//474 709//474 713//474
f 780//488 758//488 760//488
f 781//456 760//456 759//456
f 783//489 759//489 762//489
f 762//490 761//490 777//490
f 761//491 750//491 775//491
f 750//460 751//460 776//460
f 751//461 753//461 774//461
f 753//462 748//462 773//462
f 748//463 749//463 772//463
f 770//961 772//961 749//961
f 749//464 752//464 771//464
f 752//465 746//465 766//465
f 746//466 747//466 767//466
f 747//467 745//467 768//467
f 768//468 745//468 743//468
f 764//469 743//469 742//469
f 763//493 742//493 744//493
f 765//494 744//494 754//494
f 769//495 754//495 757//495
f 755//473 778//473 779//473
f 779//962 757//962 756//962
f 778//497 755//497 758//497
f 802//488 815//488 823//488
f 812//963 815//963 802//963
f 802//456 795//456 813//456
f 813//489 795//489 789//489
f 789//490 792//490 808//490
f 792//491 790//491 807//491
f 790//460 791//460 810//460
f 791//461 788//461 809//461
f 788//462 793//462 806//462
f 793//463 787//463 804//463
f 787//464 786//464 805//464
f 786//465 784//465 814//465
f 784//466 785//466 821//466
f 785//467 794//467 817//467
f 817//468 794//468 797//468
f 818//469 797//469 796//469
f 816//493 796//493 798//493
f 819//494 798//494 799//494
f 820//495 799//495 801//495
f 824//473 801//473 800//473
f 822//497 800//497 803//497
usemtl Black
f 826//499 833//499 827//499
f 827//500 831//500 825//500
f 835//501 830//501 836//501
f 836//502 828//502 834//502
f 832//503 839//503 833//503
f 833//504 837//504 831//504
f 841//505 836//505 842//505
f 842//506 834//506 840//506
f 838//507 845//507 839//507
f 839//508 843//508 837//508
f 847//509 842//509 848//509
f 848//510 840//510 846//510
f 844//511 851//511 845//511
f 845//512 849//512 843//512
f 853//513 848//513 854//513
f 854//514 846//514 852//514
f 850//515 857//515 851//515
f 851//516 855//516 849//516
f 859//517 854//517 860//517
f 860//518 852//518 858//518
f 856//519 863//519 857//519
f 857//520 861//520 855//520
f 865//521 860//521 866//521
f 866//522 858//522 864//522
f 862//523 869//523 863//523
f 863//524 867//524 861//524
f 871//525 866//525 872//525
f 872//526 864//526 870//526
f 868//527 875//527 869//527
f 869//528 873//528 867//528
f 877//529 872//529 878//529
f 878//530 870//530 876//530
f 874//531 881//531 875//531
f 875//532 879//532 873//532
f 883//533 878//533 884//533
f 884//534 876//534 882//534
f 880//535 887//535 881//535
f 881//536 885//536 879//536
f 889//537 884//537 890//537
f 890//538 882//538 888//538
f 886//539 893//539 887//539
f 887//540 891//540 885//540
f 895//541 890//541 896//541
f 896//542 888//542 894//542
f 892//543 899//543 893//543
f 893//544 897//544 891//544
f 901//545 896//545 902//545
f 902//546 894//546 900//546
f 898//547 905//547 899//547
f 899//548 903//548 897//548
f 907//549 902//549 908//549
f 908//550 900//550 906//550
f 904//551 911//551 905//551
f 905//552 909//552 903//552
f 913//553 908//553 914//553
f 914//554 906//554 912//554
f 910//555 917//555 911//555
f 911//556 915//556 909//556
f 919//557 914//557 920//557
f 920//558 912//558 918//558
f 916//559 923//559 917//559
f 917//560 921//560 915//560
f 925//561 920//561 926//561
f 926//562 918//562 924//562
f 922//563 929//563 923//563
f 923//564 927//564 921//564
f 931//565 926//565 932//565
f 932//566 924//566 930//566
f 928//567 935//567 929//567
f 929//568 933//568 927//568
f 937//569 932//569 938//569
f 938//570 930//570 936//570
f 934//571 941//571 935//571
f 935//572 939//572 933//572
f 943//573 938//573 944//573
f 944//574 936//574 942//574
f 940//575 947//575 941//575
f 941//576 945//576 939//576
f 949//577 944//577 950//577
f 950//578 942//578 948//578
f 946//579 953//579 947//579
f 947//580 951//580 945//580
f 955//581 950//581 956//581
f 956//582 948//582 954//582
f 952//583 959//583 953//583
f 953//584 957//584 951//584
f 961//585 956//585 962//585
f 962//586 954//586 960//586
f 958//587 965//587 959//587
f 959//588 963//588 957//588
f 967//589 962//589 968//589
f 968//590 960//590 966//590
f 964//591 827//591 965//591
f 965//592 825//592 963//592
f 829//593 968//593 830//593
f 830//594 966//594 828//594
f 963//595 867//595 985//595
f 885//595 933//595 976//595
f 826//596 835//596 832//596
f 964//597 829//597 826//597
f 960//196 997//196 1008//196
f 888//196 999//196 1007//196
f 832//598 841//598 838//598
f 838//599 847//599 844//599
f 844//600 853//600 850//600
f 850//601 859//601 856//601
f 856//602 865//602 862//602
f 862//603 871//603 868//603
f 868//604 877//604 874//604
f 874//605 883//605 880//605
f 880//606 889//606 886//606
f 886//607 895//607 892//607
f 892//608 901//608 898//608
f 898//609 907//609 904//609
f 904//610 913//610 910//610
f 910//611 919//611 916//611
f 916//612 925//612 922//612
f 922//613 931//613 928//613
f 928//614 937//614 934//614
f 934//615 943//615 940//615
f 940//616 949//616 946//616
f 946//617 955//617 952//617
f 952//618 961//618 958//618
f 958//619 967//619 964//619
f 1008//620 980//620 1002//620
f 1002//621 978//621 1000//621
f 1000//457 985//457 1005//457
f 985//622 1004//622 1005//622
f 984//491 989//491 1004//491
f 982//475 1003//475 989//475
f 983//623 1006//623 1003//623
f 981//462 1001//462 1006//462
f 986//624 999//624 1001//624
f 979//625 1007//625 999//625
f 987//626 996//626 1007//626
f 974//627 998//627 996//627
f 976//467 992//467 998//467
f 992//628 969//628 990//628
f 990//482 970//482 991//482
f 991//493 972//493 993//493
f 993//629 977//629 994//629
f 994//472 973//472 995//472
f 995//630 975//630 997//630
f 997//631 988//631 1008//631
f 826//964 832//964 833//964
f 827//965 833//965 831//965
f 835//966 829//966 830//966
f 836//967 830//967 828//967
f 832//968 838//968 839//968
f 833//969 839//969 837//969
f 841//970 835//970 836//970
f 842//971 836//971 834//971
f 838//972 844//972 845//972
f 839//973 845//973 843//973
f 847//974 841//974 842//974
f 848//975 842//975 840//975
f 844//976 850//976 851//976
f 845//977 851//977 849//977
f 853//978 847//978 848//978
f 854//979 848//979 846//979
f 850//980 856//980 857//980
f 851//981 857//981 855//981
f 859//982 853//982 854//982
f 860//983 854//983 852//983
f 856//984 862//984 863//984
f 857//985 863//985 861//985
f 865//986 859//986 860//986
f 866//987 860//987 858//987
f 862//988 868//988 869//988
f 863//989 869//989 867//989
f 871//990 865//990 866//990
f 872//991 866//991 864//991
f 868//992 874//992 875//992
f 869//993 875//993 873//993
f 877//994 871//994 872//994
f 878//995 872//995 870//995
f 874//996 880//996 881//996
f 875//997 881//997 879//997
f 883//998 877//998 878//998
f 884//999 878//999 876//999
f 880//1000 886//1000 887//1000
f 881//1001 887//1001 885//1001
f 889//1002 883//1002 884//1002
f 890//1003 884//1003 882//1003
f 886//1004 892//1004 893//1004
f 887//1005 893//1005 891//1005
f 895//1006 889//1006 890//1006
f 896//1007 890//1007 888//1007
f 892//1008 898//1008 899//1008
f 893//1009 899//1009 897//1009
f 901//1010 895//1010 896//1010
f 902//1011 896//1011 894//1011
f 898//1012 904//1012 905//1012
f 899//1013 905//1013 903//1013
f 907//1014 901//1014 902//1014
f 908//1015 902//1015 900//1015
f 904//1016 910//1016 911//1016
f 905//1017 911//1017 909//1017
f 913//1018 907//1018 908//1018
f 914//1019 908//1019 906//1019
f 910//1020 916//1020 917//1020
f 911//1021 917//1021 915//1021
f 919//1022 913//1022 914//1022
f 920//1023 914//1023 912//1023
f 916//1024 922//1024 923//1024
f 917//1025 923//1025 921//1025
f 925//1026 919//1026 920//1026
f 926//1027 920//1027 918//1027
f 922//1028 928//1028 929//1028
f 923//1029 929//1029 927//1029
f 931//1030 925//1030 926//1030
f 932//1031 926//1031 924//1031
f 928//1032 934//1032 935//1032
f 929//1033 935//1033 933//1033
f 937//1034 931//1034 932//1034
f 938//1035 932//1035 930//1035
f 934//1036 940//1036 941//1036
f 935//1037 941//1037 939//1037
f 943//1038 937//1038 938//1038
f 944//1039 938//1039 936//1039
f 940//1040 946//1040 947//1040
f 941//1041 947//1041 945//1041
f 949//1042 943//1042 944//1042
f 950//1043 944//1043 942//1043
f 946//1044 952//1044 953//1044
f 947//1045 953//1045 951//1045
f 955//1046 949//1046 950//1046
f 956//1047 950//1047 948//1047
f 952//1048 958//1048 959//1048
f 953//1049 959//1049 957//1049
f 961//1050 955//1050 956//1050
f 962//1051 956//1051 954//1051
f 958//1052 964//1052 965//1052
f 959//1053 965//1053 963//1053
f 967//1054 961//1054 962//1054
f 968//1055 962//1055 960//1055
f 964//1056 826//1056 827//1056
f 965//1057 827//1057 825//1057
f 829//1058 967//1058 968//1058
f 830//1059 968//1059 966//1059
f 988//193 975//193 963//193
f 963//193 825//193 831//193
f 831//193 837//193 843//193
f 843//193 849//193 855//193
f 855//193 861//193 867//193
f 867//193 983//193 982//193
f 867//193 982//193 984//193
f 843//193 855//193 867//193
f 963//193 831//193 843//193
f 980//193 988//193 963//193
f 978//193 980//193 963//193
f 963//193 843//193 867//193
f 867//193 984//193 985//193
f 985//193 978//193 963//193
f 983//193 867//193 873//193
f 873//193 879//193 885//193
f 885//193 891//193 897//193
f 897//193 903//193 909//193
f 909//193 915//193 921//193
f 921//193 927//193 933//193
f 933//193 939//193 945//193
f 945//193 951//193 957//193
f 957//193 963//193 975//193
f 957//193 975//193 973//193
f 933//193 945//193 957//193
f 909//193 921//193 933//193
f 885//193 897//193 909//193
f 983//193 873//193 885//193
f 981//193 983//193 885//193
f 885//193 909//193 933//193
f 933//193 957//193 973//193
f 933//193 973//193 977//193
f 986//193 981//193 885//193
f 979//193 986//193 885//193
f 933//193 977//193 972//193
f 933//193 972//193 970//193
f 987//193 979//193 885//193
f 974//193 987//193 885//193
f 933//193 970//193 969//193
f 933//193 969//193 971//193
f 976//193 974//193 885//193
f 933//193 971//193 976//193
f 826//596 829//596 835//596
f 964//597 967//597 829//597
f 1004//196 989//196 864//196
f 864//196 858//196 852//196
f 852//196 846//196 840//196
f 840//196 834//196 828//196
f 828//196 966//196 960//196
f 960//196 954//196 948//196
f 948//196 942//196 936//196
f 936//196 991//196 993//196
f 936//196 993//196 994//196
f 960//196 948//196 936//196
f 840//196 828//196 960//196
f 864//196 852//196 840//196
f 1005//196 1004//196 864//196
f 1000//196 1005//196 864//196
f 864//196 840//196 960//196
f 960//196 936//196 994//196
f 960//196 994//196 995//196
f 1000//196 864//196 960//196
f 1002//196 1000//196 960//196
f 960//196 995//196 997//196
f 1008//196 1002//196 960//196
f 990//196 991//196 936//196
f 936//196 930//196 924//196
f 924//196 918//196 912//196
f 912//196 906//196 900//196
f 900//196 894//196 888//196
f 888//196 882//196 876//196
f 876//196 870//196 864//196
f 864//196 989//196 1003//196
f 864//196 1003//196 1006//196
f 888//196 876//196 864//196
f 912//196 900//196 888//196
f 936//196 924//196 912//196
f 992//196 990//196 936//196
f 998//196 992//196 936//196
f 936//196 912//196 888//196
f 888//196 864//196 1006//196
f 888//196 1006//196 1001//196
f 998//196 936//196 888//196
f 996//196 998//196 888//196
f 888//196 1001//196 999//196
f 1007//196 996//196 888//196
f 832//598 835//598 841//598
f 838//599 841//599 847//599
f 844//600 847//600 853//600
f 850//601 853//601 859//601
f 856//602 859//602 865//602
f 862//603 865//603 871//603
f 868//604 871//604 877//604
f 874//605 877//605 883//605
f 880//606 883//606 889//606
f 886//607 889//607 895//607
f 892//608 895//608 901//608
f 898//609 901//609 907//609
f 904//610 907//610 913//610
f 910//611 913//611 919//611
f 916//612 919//612 925//612
f 922//613 925//613 931//613
f 928//614 931//614 937//614
f 934//615 937//615 943//615
f 940//616 943//616 949//616
f 946//617 949//617 955//617
f 952//618 955//618 961//618
f 958//619 961//619 967//619
f 1008//620 988//620 980//620
f 1002//621 980//621 978//621
f 1000//457 978//457 985//457
f 985//1060 984//1060 1004//1060
f 984//491 982//491 989//491
f 982//475 983//475 1003//475
f 983//1061 981//1061 1006//1061
f 981//462 986//462 1001//462
f 986//624 979//624 999//624
f 979//625 987//625 1007//625
f 987//626 974//626 996//626
f 974//627 976//627 998//627
f 976//467 971//467 992//467
f 992//628 971//628 969//628
f 990//482 969//482 970//482
f 991//493 970//493 972//493
f 993//629 972//629 977//629
f 994//472 977//472 973//472
f 995//630 973//630 975//630
f 997//631 975//631 988//631
